{
"type": "FeatureCollection",
"name": "bacias_uepgrh",
"crs": { "type": "name", "properties": { "name": "urn:ogc:def:crs:OGC:1.3:CRS84" } },
"features": [
{ "type": "Feature", "properties": { "nome_bacia": null, "rio_principal": null, "area_km2": null }, "geometry": { "type": "MultiPolygon", "coordinates": [ [ [ [ -50.984134218999941, -19.585948359999975, 0.0 ], [ -50.961326, -19.581279988999938, 0.0 ], [ -50.955078, -19.583548988999951, 0.0 ], [ -50.946067, -19.591229988999942, 0.0 ], [ -50.930084111999975, -19.589824251999971, 0.0 ], [ -50.946542575999956, -19.591689796999958, 0.0 ], [ -50.961802185999943, -19.581739794999976, 0.0 ], [ -50.984134218999941, -19.585948359999975, 0.0 ] ] ], [ [ [ -50.935030955999935, -19.467065495999975, 0.0 ], [ -50.956792530999962, -19.475936852999951, 0.0 ], [ -50.948965, -19.470591988999956, 0.0 ], [ -50.938728, -19.467403988999934, 0.0 ], [ -50.935030955999935, -19.467065495999975, 0.0 ] ] ], [ [ [ -51.013181358999987, -19.654358644999945, 0.0 ], [ -51.020617579999964, -19.658939887999964, 0.0 ], [ -51.01305122499997, -19.654111434999948, 0.0 ], [ -51.013181358999987, -19.654358644999945, 0.0 ] ] ], [ [ [ -51.042808555999954, -19.725062256999934, 0.0 ], [ -51.044946559999971, -19.726987750999967, 0.0 ], [ -51.041285902999959, -19.723659565999981, 0.0 ], [ -51.042808555999954, -19.725062256999934, 0.0 ] ] ] ] } },
{ "type": "Feature", "properties": { "nome_bacia": null, "rio_principal": null, "area_km2": null }, "geometry": { "type": "MultiPolygon", "coordinates": [ [ [ [ -53.633934672999942, -23.003511054999933, 0.0 ], [ -53.634848793999936, -23.002502383999968, 0.0 ], [ -53.635605687999941, -22.997773311999936, 0.0 ], [ -53.616806845999974, -22.969397891999961, 0.0 ], [ -53.620786063999958, -22.95650046999998, 0.0 ], [ -53.604257419999954, -22.908420011999965, 0.0 ], [ -53.51063871499997, -22.850592726999935, 0.0 ], [ -53.498690262999958, -22.850516496999944, 0.0 ], [ -53.489959529999965, -22.829425339999943, 0.0 ], [ -53.398912941999981, -22.790490276999947, 0.0 ], [ -53.362789488999965, -22.782632486999944, 0.0 ], [ -53.377532201999941, -22.803234118999967, 0.0 ], [ -53.404146926999942, -22.808780704999947, 0.0 ], [ -53.42965075099994, -22.832955352999932, 0.0 ], [ -53.546826941999939, -22.890096688999961, 0.0 ], [ -53.570771229999934, -22.928491761999965, 0.0 ], [ -53.60742350299995, -22.951333468999962, 0.0 ], [ -53.633934672999942, -23.003511054999933, 0.0 ] ] ], [ [ [ -53.704140568999946, -23.254018579999979, 0.0 ], [ -53.712695688999986, -23.243234599999937, 0.0 ], [ -53.711599797999952, -23.227101266999966, 0.0 ], [ -53.643208344999948, -23.10453109599996, 0.0 ], [ -53.63198188299998, -23.050301777999948, 0.0 ], [ -53.636588727999936, -23.125030774999971, 0.0 ], [ -53.660330458999965, -23.15446047599994, 0.0 ], [ -53.704140568999946, -23.254018579999979, 0.0 ] ] ], [ [ [ -53.23662976199995, -22.731584398999928, 0.0 ], [ -53.207127700999933, -22.731314370999939, 0.0 ], [ -53.238375012999938, -22.732989010999972, 0.0 ], [ -53.283502935999934, -22.747949564999942, 0.0 ], [ -53.23662976199995, -22.731584398999928, 0.0 ] ] ], [ [ [ -53.300844879999943, -22.754252392999945, 0.0 ], [ -53.352034795999941, -22.775680287999933, 0.0 ], [ -53.327734568999972, -22.763674685999945, 0.0 ], [ -53.300844879999943, -22.754252392999945, 0.0 ] ] ], [ [ [ -53.631069795999963, -23.02240532299993, 0.0 ], [ -53.631820097999935, -23.043230384999958, 0.0 ], [ -53.63196557599997, -23.028899405999937, 0.0 ], [ -53.631069795999963, -23.02240532299993, 0.0 ] ] ], [ [ [ -53.193527608999943, -22.725346784999942, 0.0 ], [ -53.201358636999942, -22.729227583999943, 0.0 ], [ -53.185991166999941, -22.719303405999938, 0.0 ], [ -53.193527608999943, -22.725346784999942, 0.0 ] ] ], [ [ [ -53.718225998999969, -23.293297197999948, 0.0 ], [ -53.719152210999937, -23.296064770999976, 0.0 ], [ -53.71932250499998, -23.294717026999933, 0.0 ], [ -53.718225998999969, -23.293297197999948, 0.0 ] ] ], [ [ [ -53.712854403999984, -23.278196979999962, 0.0 ], [ -53.713641618999986, -23.280184834999943, 0.0 ], [ -53.712249171999986, -23.276669325999933, 0.0 ], [ -53.712854403999984, -23.278196979999962, 0.0 ] ] ], [ [ [ -53.630116631999954, -23.018025534999936, 0.0 ], [ -53.630291687999943, -23.018733428999951, 0.0 ], [ -53.630105979999939, -23.017807448999974, 0.0 ], [ -53.630116631999954, -23.018025534999936, 0.0 ] ] ] ] } },
{ "type": "Feature", "properties": { "nome_bacia": null, "rio_principal": null, "area_km2": null }, "geometry": { "type": "MultiPolygon", "coordinates": [ [ [ [ -54.167319453999937, -23.998108581999929, 0.0 ], [ -54.221758693999959, -24.039275635999957, 0.0 ], [ -54.184173692999934, -23.988902511999981, 0.0 ], [ -54.167319453999937, -23.998108581999929, 0.0 ] ] ], [ [ [ -54.227152550999961, -24.043158160999951, 0.0 ], [ -54.248695267999949, -24.055545415999973, 0.0 ], [ -54.239718283999935, -24.048473606999949, 0.0 ], [ -54.227152550999961, -24.043158160999951, 0.0 ] ] ] ] } },
{ "type": "Feature", "properties": { "nome_bacia": null, "rio_principal": null, "area_km2": null }, "geometry": { "type": "MultiPolygon", "coordinates": [ [ [ [ -53.766362998999966, -23.368132937999974, 0.0 ], [ -53.925115132999963, -23.443150097999933, 0.0 ], [ -53.963685224999949, -23.443999049999945, 0.0 ], [ -53.979325843999959, -23.45476223299994, 0.0 ], [ -53.896281319999957, -23.394969885999956, 0.0 ], [ -53.889725424999938, -23.37981962799995, 0.0 ], [ -53.860834912999962, -23.393825396999944, 0.0 ], [ -53.840564730999972, -23.361087795999936, 0.0 ], [ -53.780300196999974, -23.337255299999981, 0.0 ], [ -53.71932250499998, -23.294717026999933, 0.0 ], [ -53.766362998999966, -23.368132937999974, 0.0 ] ] ], [ [ [ -54.164191291999941, -23.996467842999948, 0.0 ], [ -54.184173692999934, -23.988902511999981, 0.0 ], [ -54.168796423999936, -23.947837706999962, 0.0 ], [ -54.131262862999961, -23.925969033999934, 0.0 ], [ -54.085477254999944, -23.858899796999935, 0.0 ], [ -54.079905708999945, -23.888978278999957, 0.0 ], [ -54.101764987999957, -23.951963549999959, 0.0 ], [ -54.129708648999951, -23.982108277999941, 0.0 ], [ -54.164191291999941, -23.996467842999948, 0.0 ] ] ], [ [ [ -54.080458612999962, -23.78089707099997, 0.0 ], [ -54.086602385999981, -23.853825011999959, 0.0 ], [ -54.095155913999974, -23.816971026999965, 0.0 ], [ -54.091514245999974, -23.785615055999983, 0.0 ], [ -54.052839793999965, -23.709811138999953, 0.0 ], [ -54.053679533999968, -23.727984540999955, 0.0 ], [ -54.080458612999962, -23.78089707099997, 0.0 ] ] ], [ [ [ -53.993299888999957, -23.486576799999966, 0.0 ], [ -54.002242649999971, -23.505254647999948, 0.0 ], [ -54.000402831999963, -23.497105351999949, 0.0 ], [ -53.993299888999957, -23.486576799999966, 0.0 ] ] ], [ [ [ -54.032229806999965, -23.651661710999974, 0.0 ], [ -54.041519009999945, -23.664222165999945, 0.0 ], [ -54.030922990999954, -23.642622702999972, 0.0 ], [ -54.032229806999965, -23.651661710999974, 0.0 ] ] ], [ [ [ -54.015265825999961, -23.566275464999933, 0.0 ], [ -54.02225802199996, -23.580863716999943, 0.0 ], [ -54.021797647999961, -23.576036690999956, 0.0 ], [ -54.015265825999961, -23.566275464999933, 0.0 ] ] ], [ [ [ -53.986596664999979, -23.464793595999936, 0.0 ], [ -53.989222851999955, -23.473715145999961, 0.0 ], [ -53.981898792999971, -23.457425771999965, 0.0 ], [ -53.986596664999979, -23.464793595999936, 0.0 ] ] ], [ [ [ -54.027205334999962, -23.608487516999958, 0.0 ], [ -54.027270947999966, -23.608756694999954, 0.0 ], [ -54.027232377999951, -23.608534938999981, 0.0 ], [ -54.027205334999962, -23.608487516999958, 0.0 ] ] ] ] } },
{ "type": "Feature", "properties": { "nome_bacia": null, "rio_principal": null, "area_km2": null }, "geometry": { "type": "MultiPolygon", "coordinates": [ [ [ [ -51.659646295999949, -20.968503523999971, 0.0 ], [ -51.679327718999957, -20.970439587999977, 0.0 ], [ -51.651263100999984, -20.961371405999955, 0.0 ], [ -51.659646295999949, -20.968503523999971, 0.0 ] ] ], [ [ [ -51.636311277999937, -20.952962483999954, 0.0 ], [ -51.626202388999957, -20.945886551999934, 0.0 ], [ -51.619155458999955, -20.933140707999939, 0.0 ], [ -51.62358725699994, -20.944432888999927, 0.0 ], [ -51.636311277999937, -20.952962483999954, 0.0 ] ] ], [ [ [ -51.626797953999983, -20.799622542999941, 0.0 ], [ -51.630604704999939, -20.812016784999969, 0.0 ], [ -51.626607942999954, -20.792791651999948, 0.0 ], [ -51.626797953999983, -20.799622542999941, 0.0 ] ] ], [ [ [ -51.56005784599995, -20.613393082999949, 0.0 ], [ -51.568082921999974, -20.618580403999943, 0.0 ], [ -51.560158797999975, -20.613164041999937, 0.0 ], [ -51.56005784599995, -20.613393082999949, 0.0 ] ] ], [ [ [ -51.615088321999963, -20.886085967999975, 0.0 ], [ -51.613924168999972, -20.88828945299997, 0.0 ], [ -51.61645440999996, -20.884677095999962, 0.0 ], [ -51.615088321999963, -20.886085967999975, 0.0 ] ] ], [ [ [ -51.623196506999932, -20.778652226999952, 0.0 ], [ -51.625225403999934, -20.781513371999949, 0.0 ], [ -51.622810667999943, -20.777791645999969, 0.0 ], [ -51.623196506999932, -20.778652226999952, 0.0 ] ] ], [ [ [ -51.613676961999943, -20.896319240999958, 0.0 ], [ -51.614040821999936, -20.897638633999975, 0.0 ], [ -51.613614347999942, -20.89435842499995, 0.0 ], [ -51.613676961999943, -20.896319240999958, 0.0 ] ] ], [ [ [ -51.62453224799998, -20.771797067999955, 0.0 ], [ -51.624529973999984, -20.771802476999937, 0.0 ], [ -51.624534445999984, -20.771794598999975, 0.0 ], [ -51.62453224799998, -20.771797067999955, 0.0 ] ] ] ] } },
{ "type": "Feature", "properties": { "nome_bacia": null, "rio_principal": null, "area_km2": null }, "geometry": { "type": "MultiPolygon", "coordinates": [ [ [ [ -51.160766396999975, -20.305224077999981, 0.0 ], [ -51.298963612999955, -20.32964996499993, 0.0 ], [ -51.295205370999952, -20.328023228999939, 0.0 ], [ -51.239496664999933, -20.316482548999943, 0.0 ], [ -51.166887380999981, -20.305904195999972, 0.0 ], [ -51.114053245999969, -20.283659973999931, 0.0 ], [ -51.160766396999975, -20.305224077999981, 0.0 ] ] ], [ [ [ -51.559833359999971, -20.613246905999972, 0.0 ], [ -51.52300424799995, -20.588179442999945, 0.0 ], [ -51.519455139999934, -20.58506347499997, 0.0 ], [ -51.533005097999933, -20.596993857999962, 0.0 ], [ -51.559833359999971, -20.613246905999972, 0.0 ] ] ], [ [ [ -51.396677685999975, -20.44149944399993, 0.0 ], [ -51.40324783799997, -20.451730985999973, 0.0 ], [ -51.381121330999974, -20.40868704899998, 0.0 ], [ -51.396677685999975, -20.44149944399993, 0.0 ] ] ], [ [ [ -51.455360858999939, -20.494015088999959, 0.0 ], [ -51.463287437999952, -20.500974651999968, 0.0 ], [ -51.449754256999938, -20.483644753999954, 0.0 ], [ -51.455360858999939, -20.494015088999959, 0.0 ] ] ], [ [ [ -51.466147435999972, -20.508246681999935, 0.0 ], [ -51.476605835999976, -20.523228102999951, 0.0 ], [ -51.464069258999984, -20.502276071999972, 0.0 ], [ -51.466147435999972, -20.508246681999935, 0.0 ] ] ], [ [ [ -51.034581073999959, -20.166988641999978, 0.0 ], [ -51.044769187999975, -20.189442048999979, 0.0 ], [ -51.031162030999951, -20.156337913999948, 0.0 ], [ -51.034581073999959, -20.166988641999978, 0.0 ] ] ], [ [ [ -51.078970825999932, -20.258253156999956, 0.0 ], [ -51.094566293999947, -20.269066333999945, 0.0 ], [ -51.068934853999963, -20.249776562999955, 0.0 ], [ -51.078970825999932, -20.258253156999956, 0.0 ] ] ], [ [ [ -51.053858979999973, -20.220222705999959, 0.0 ], [ -51.057041418999972, -20.229591145999962, 0.0 ], [ -51.050689771999942, -20.206630401999973, 0.0 ], [ -51.053858979999973, -20.220222705999959, 0.0 ] ] ], [ [ [ -51.05893274999994, -20.23516073199994, 0.0 ], [ -51.068360532999975, -20.249089786999946, 0.0 ], [ -51.058534428999963, -20.233987027999945, 0.0 ], [ -51.05893274999994, -20.23516073199994, 0.0 ] ] ], [ [ [ -51.423306479999951, -20.467966014999945, 0.0 ], [ -51.426286226999935, -20.469287451999946, 0.0 ], [ -51.409023687999934, -20.459240879999982, 0.0 ], [ -51.423306479999951, -20.467966014999945, 0.0 ] ] ], [ [ [ -51.358020411999973, -20.379384431999938, 0.0 ], [ -51.36005562899993, -20.382659485999966, 0.0 ], [ -51.356503936999957, -20.375333554999941, 0.0 ], [ -51.358020411999973, -20.379384431999938, 0.0 ] ] ], [ [ [ -51.497919457999956, -20.563671896999949, 0.0 ], [ -51.499131268999975, -20.566063300999929, 0.0 ], [ -51.496338757999979, -20.558313024999961, 0.0 ], [ -51.497919457999956, -20.563671896999949, 0.0 ] ] ], [ [ [ -51.321444983999982, -20.339619177999964, 0.0 ], [ -51.328027390999978, -20.344275867999954, 0.0 ], [ -51.316336855999964, -20.337169844999949, 0.0 ], [ -51.321444983999982, -20.339619177999964, 0.0 ] ] ], [ [ [ -51.101004752999984, -20.274042211999927, 0.0 ], [ -51.105251729999964, -20.277106590999949, 0.0 ], [ -51.097249570999963, -20.271085721999953, 0.0 ], [ -51.101004752999984, -20.274042211999927, 0.0 ] ] ], [ [ [ -51.003507838999951, -20.100478866999936, 0.0 ], [ -51.004090625999936, -20.101237525999977, 0.0 ], [ -51.00280132599994, -20.098664033999967, 0.0 ], [ -51.003507838999951, -20.100478866999936, 0.0 ] ] ], [ [ [ -51.448412502999986, -20.482160529999931, 0.0 ], [ -51.448901338999974, -20.482552550999969, 0.0 ], [ -51.448747323999953, -20.482355327999983, 0.0 ], [ -51.448412502999986, -20.482160529999931, 0.0 ] ] ], [ [ [ -51.500222274999942, -20.568216308999979, 0.0 ], [ -51.500970849999931, -20.568835060999959, 0.0 ], [ -51.500187142999948, -20.568146977999959, 0.0 ], [ -51.500222274999942, -20.568216308999979, 0.0 ] ] ], [ [ [ -51.361224448999963, -20.38454034199998, 0.0 ], [ -51.361779749999982, -20.38497283199996, 0.0 ], [ -51.361161779999975, -20.384439494999981, 0.0 ], [ -51.361224448999963, -20.38454034199998, 0.0 ] ] ] ] } },
{ "type": "Feature", "properties": { "nome_bacia": null, "rio_principal": null, "area_km2": null }, "geometry": { "type": "MultiPolygon", "coordinates": [ [ [ [ -51.001191134999942, -20.096334781999929, 0.0 ], [ -51.002095987999951, -20.097254806999956, 0.0 ], [ -51.001124428999958, -20.095314783999982, 0.0 ], [ -51.001191134999942, -20.096334781999929, 0.0 ] ] ], [ [ [ -51.002799816999982, -20.098660155999937, 0.0 ], [ -51.00280132599994, -20.098664033999967, 0.0 ], [ -51.002801743999953, -20.098664003999943, 0.0 ], [ -51.002799816999982, -20.098660155999937, 0.0 ] ] ] ] } },
{ "type": "Feature", "properties": { "nome_bacia": null, "rio_principal": null, "area_km2": null }, "geometry": { "type": "MultiPolygon", "coordinates": [ [ [ [ -52.339191816999971, -22.047826440999927, 0.0 ], [ -52.344364188999975, -22.059549, 0.0 ], [ -52.327088060999984, -22.000789081999983, 0.0 ], [ -52.339191816999971, -22.047826440999927, 0.0 ] ] ], [ [ [ -52.745835004999947, -22.343312983999965, 0.0 ], [ -52.798213066999949, -22.378194959999973, 0.0 ], [ -52.74533544999997, -22.342848242999935, 0.0 ], [ -52.694637009999951, -22.314144956999939, 0.0 ], [ -52.638764071999958, -22.291517203999945, 0.0 ], [ -52.745835004999947, -22.343312983999965, 0.0 ] ] ], [ [ [ -52.542079548999936, -22.240266310999971, 0.0 ], [ -52.557330297999954, -22.244761928999935, 0.0 ], [ -52.55004275899995, -22.242467322999971, 0.0 ], [ -52.522739362999971, -22.228556900999934, 0.0 ], [ -52.520433744999934, -22.228133419999949, 0.0 ], [ -52.542079548999936, -22.240266310999971, 0.0 ] ] ], [ [ [ -52.206728805999944, -21.862138947999938, 0.0 ], [ -52.225534919999973, -21.876791164999929, 0.0 ], [ -52.190499348999936, -21.846051168999963, 0.0 ], [ -52.206728805999944, -21.862138947999938, 0.0 ] ] ], [ [ [ -52.445741860999931, -22.176946941999972, 0.0 ], [ -52.479574333999949, -22.200635527999964, 0.0 ], [ -52.44319914099998, -22.173522128999934, 0.0 ], [ -52.445741860999931, -22.176946941999972, 0.0 ] ] ], [ [ [ -53.024470476999966, -22.52408627899996, 0.0 ], [ -53.013166610999974, -22.519291276999979, 0.0 ], [ -52.999069650999957, -22.494591678999939, 0.0 ], [ -53.007057442999951, -22.513047021999967, 0.0 ], [ -53.014361196999971, -22.520665767999958, 0.0 ], [ -53.024470476999966, -22.52408627899996, 0.0 ] ] ], [ [ [ -52.885836977999986, -22.452873618999945, 0.0 ], [ -52.95839138499997, -22.476600542999961, 0.0 ], [ -52.854663620999986, -22.438956195999936, 0.0 ], [ -52.885836977999986, -22.452873618999945, 0.0 ] ] ], [ [ [ -52.102548848999959, -21.744845023999972, 0.0 ], [ -52.112014416999955, -21.749599056999955, 0.0 ], [ -52.11703788799997, -21.748924699999975, 0.0 ], [ -52.102548848999959, -21.744845023999972, 0.0 ] ] ], [ [ [ -52.503093774999968, -22.22525031999993, 0.0 ], [ -52.486263862999976, -22.214729611999928, 0.0 ], [ -52.48198814999995, -22.205721165999933, 0.0 ], [ -52.484216429999947, -22.213254261999964, 0.0 ], [ -52.487714256999936, -22.217206042999976, 0.0 ], [ -52.503093774999968, -22.22525031999993, 0.0 ] ] ], [ [ [ -52.280272324999942, -21.922824831999947, 0.0 ], [ -52.286665636999942, -21.927794562999964, 0.0 ], [ -52.278419091999979, -21.918789596999943, 0.0 ], [ -52.280272324999942, -21.922824831999947, 0.0 ] ] ], [ [ [ -52.355131168999947, -22.077231436999966, 0.0 ], [ -52.359915476999959, -22.082571170999927, 0.0 ], [ -52.346794360999979, -22.064114503999974, 0.0 ], [ -52.355131168999947, -22.077231436999966, 0.0 ] ] ], [ [ [ -52.415018885999984, -22.148825950999935, 0.0 ], [ -52.424462304999963, -22.156449795999947, 0.0 ], [ -52.408180032999951, -22.141614009999955, 0.0 ], [ -52.415018885999984, -22.148825950999935, 0.0 ] ] ], [ [ [ -52.614969990999953, -22.27640615699994, 0.0 ], [ -52.601495093999972, -22.271486508999942, 0.0 ], [ -52.595548331999964, -22.266271332999963, 0.0 ], [ -52.601991382999984, -22.271951402999946, 0.0 ], [ -52.614969990999953, -22.27640615699994, 0.0 ] ] ], [ [ [ -52.263697050999951, -21.91229919899996, 0.0 ], [ -52.272641907999969, -21.914661093999939, 0.0 ], [ -52.263381506999963, -21.911888246999979, 0.0 ], [ -52.263697050999951, -21.91229919899996, 0.0 ] ] ], [ [ [ -53.097789045999946, -22.582476260999954, 0.0 ], [ -53.102695351999955, -22.58882525599995, 0.0 ], [ -53.095890946999987, -22.57886556099993, 0.0 ], [ -53.097789045999946, -22.582476260999954, 0.0 ] ] ], [ [ [ -52.248406092999971, -21.902280420999944, 0.0 ], [ -52.257890581999959, -21.90585301699997, 0.0 ], [ -52.248105158999977, -21.901894247999962, 0.0 ], [ -52.248406092999971, -21.902280420999944, 0.0 ] ] ], [ [ [ -52.189353738999955, -21.844324935999964, 0.0 ], [ -52.189872604999948, -21.845106776999955, 0.0 ], [ -52.184252889999982, -21.829143470999952, 0.0 ], [ -52.189353738999955, -21.844324935999964, 0.0 ] ] ], [ [ [ -52.125450951999937, -21.751829891999932, 0.0 ], [ -52.135466578999967, -21.754113750999977, 0.0 ], [ -52.124188724999954, -21.750938203999965, 0.0 ], [ -52.125450951999937, -21.751829891999932, 0.0 ] ] ], [ [ [ -52.315518621999956, -21.966751371999976, 0.0 ], [ -52.317666275999954, -21.970052229999965, 0.0 ], [ -52.31475059099995, -21.964243599999975, 0.0 ], [ -52.315518621999956, -21.966751371999976, 0.0 ] ] ], [ [ [ -52.37890564199995, -22.108176501999935, 0.0 ], [ -52.381576498999948, -22.109296440999969, 0.0 ], [ -52.377049853999949, -22.106420969999931, 0.0 ], [ -52.37890564199995, -22.108176501999935, 0.0 ] ] ], [ [ [ -52.80821035699995, -22.388284824999971, 0.0 ], [ -52.839439789999972, -22.414929547999975, 0.0 ], [ -52.807963136999945, -22.388034303999973, 0.0 ], [ -52.80821035699995, -22.388284824999971, 0.0 ] ] ], [ [ [ -53.050707763999981, -22.533366141999977, 0.0 ], [ -53.056227966999984, -22.536011049999956, 0.0 ], [ -53.053793746999986, -22.534523157999956, 0.0 ], [ -53.050707763999981, -22.533366141999977, 0.0 ] ] ], [ [ [ -52.138888149999957, -21.755292914999927, 0.0 ], [ -52.140602081999987, -21.756005921999929, 0.0 ], [ -52.136621759999969, -21.75443901999995, 0.0 ], [ -52.138888149999957, -21.755292914999927, 0.0 ] ] ], [ [ [ -52.579187166999986, -22.251952787999983, 0.0 ], [ -52.578691086999982, -22.25148788599995, 0.0 ], [ -52.576541632999977, -22.250811064999937, 0.0 ], [ -52.579187166999986, -22.251952787999983, 0.0 ] ] ], [ [ [ -52.307316526999955, -21.950495844999978, 0.0 ], [ -52.308338031999938, -21.951468443999943, 0.0 ], [ -52.306866188999948, -21.949852813999939, 0.0 ], [ -52.307316526999955, -21.950495844999978, 0.0 ] ] ], [ [ [ -52.325601376999941, -21.996098549999942, 0.0 ], [ -52.325802416999977, -21.996416196999974, 0.0 ], [ -52.325258034999933, -21.994564637999929, 0.0 ], [ -52.325601376999941, -21.996098549999942, 0.0 ] ] ], [ [ [ -52.997317106999958, -22.492411487999959, 0.0 ], [ -52.99820355199995, -22.492952187999947, 0.0 ], [ -52.998082042999954, -22.492722175999972, 0.0 ], [ -52.997317106999958, -22.492411487999959, 0.0 ] ] ], [ [ [ -52.25837342899996, -21.90604837099994, 0.0 ], [ -52.259159389999979, -21.906564532999937, 0.0 ], [ -52.25893892299996, -21.906277164999949, 0.0 ], [ -52.25837342899996, -21.90604837099994, 0.0 ] ] ], [ [ [ -52.101345576999961, -21.743147807999947, 0.0 ], [ -52.101710976999982, -21.743663203999972, 0.0 ], [ -52.101327085999969, -21.743037424999955, 0.0 ], [ -52.101345576999961, -21.743147807999947, 0.0 ] ] ], [ [ [ -52.160305742999981, -21.769979826999929, 0.0 ], [ -52.16082219499998, -21.770408669999938, 0.0 ], [ -52.160770603999936, -21.770309485999974, 0.0 ], [ -52.160305742999981, -21.769979826999929, 0.0 ] ] ] ] } },
{ "type": "Feature", "properties": { "nome_bacia": null, "rio_principal": null, "area_km2": null }, "geometry": { "type": "MultiPolygon", "coordinates": [ [ [ [ -51.967623702999958, -21.501395093999975, 0.0 ], [ -52.000367604999951, -21.516626480999946, 0.0 ], [ -52.059449111999982, -21.503446297999972, 0.0 ], [ -51.997680693999939, -21.51516509399994, 0.0 ], [ -51.967623702999958, -21.501395093999975, 0.0 ] ] ], [ [ [ -52.080322871999954, -21.521562078999978, 0.0 ], [ -52.09245928699994, -21.537151786999971, 0.0 ], [ -52.078044268999975, -21.515860294999982, 0.0 ], [ -52.080322871999954, -21.521562078999978, 0.0 ] ] ], [ [ [ -52.055825418999973, -21.677158812999949, 0.0 ], [ -52.065940413999954, -21.694848540999942, 0.0 ], [ -52.049417698999946, -21.661128746999964, 0.0 ], [ -52.055825418999973, -21.677158812999949, 0.0 ] ] ], [ [ [ -52.082824585999958, -21.58423875699998, 0.0 ], [ -52.070450602999983, -21.59588698999994, 0.0 ], [ -52.085776566999982, -21.582858420999969, 0.0 ], [ -52.082824585999958, -21.58423875699998, 0.0 ] ] ], [ [ [ -51.922407337999971, -21.440429151999979, 0.0 ], [ -51.926804816999947, -21.450992069999927, 0.0 ], [ -51.920852413999967, -21.432291994999957, 0.0 ], [ -51.922407337999971, -21.440429151999979, 0.0 ] ] ], [ [ [ -52.048322779999978, -21.650605802999962, 0.0 ], [ -52.049339975999942, -21.66078343199996, 0.0 ], [ -52.049080039999978, -21.645852778999938, 0.0 ], [ -52.048322779999978, -21.650605802999962, 0.0 ] ] ], [ [ [ -51.930521100999954, -21.457848300999956, 0.0 ], [ -51.938936560999934, -21.46341096499998, 0.0 ], [ -51.928631382999981, -21.455682797999941, 0.0 ], [ -51.930521100999954, -21.457848300999956, 0.0 ] ] ], [ [ [ -52.076492427999938, -21.714880190999963, 0.0 ], [ -52.085815998999976, -21.723231702999954, 0.0 ], [ -52.076449317999959, -21.714800755999931, 0.0 ], [ -52.076492427999938, -21.714880190999963, 0.0 ] ] ], [ [ [ -52.055567065999981, -21.631113593999942, 0.0 ], [ -52.051066914999979, -21.639183512999978, 0.0 ], [ -52.056668105999961, -21.629684675999954, 0.0 ], [ -52.055567065999981, -21.631113593999942, 0.0 ] ] ], [ [ [ -51.919173215999933, -21.423506370999974, 0.0 ], [ -51.920510862999947, -21.430504606999932, 0.0 ], [ -51.918772880999938, -21.418823632999931, 0.0 ], [ -51.919173215999933, -21.423506370999974, 0.0 ] ] ], [ [ [ -52.066452394999942, -21.504591562999963, 0.0 ], [ -52.065965608999932, -21.50412909299996, 0.0 ], [ -52.064344322999943, -21.503959187999953, 0.0 ], [ -52.066452394999942, -21.504591562999963, 0.0 ] ] ], [ [ [ -52.093021065999949, -21.729727581999953, 0.0 ], [ -52.093348779999985, -21.730032698999935, 0.0 ], [ -52.092678587999956, -21.729408716999956, 0.0 ], [ -52.093021065999949, -21.729727581999953, 0.0 ] ] ] ] } },
{ "type": "Feature", "properties": { "nome_bacia": null, "rio_principal": null, "area_km2": null }, "geometry": { "type": "MultiPolygon", "coordinates": [ [ [ [ -51.679327718999957, -20.970439587999977, 0.0 ], [ -51.685621867999942, -20.973019180999927, 0.0 ], [ -51.695093302999965, -20.970697930999961, 0.0 ], [ -51.679327718999957, -20.970439587999977, 0.0 ] ] ], [ [ [ -51.814308135999966, -21.121130768999933, 0.0 ], [ -51.844593181999983, -21.131462889999966, 0.0 ], [ -51.865473917999964, -21.130540061999966, 0.0 ], [ -51.875452006999978, -21.135926174999952, 0.0 ], [ -51.864988000999972, -21.130077597999957, 0.0 ], [ -51.814308135999966, -21.121130768999933, 0.0 ] ] ], [ [ [ -51.743879938999953, -21.005293484999982, 0.0 ], [ -51.752299983999933, -21.013210246999961, 0.0 ], [ -51.741021029999956, -20.999507656999981, 0.0 ], [ -51.743879938999953, -21.005293484999982, 0.0 ] ] ], [ [ [ -51.849372981999977, -21.276190915999962, 0.0 ], [ -51.852931673999933, -21.282778586999939, 0.0 ], [ -51.848668083999939, -21.268347655999946, 0.0 ], [ -51.849372981999977, -21.276190915999962, 0.0 ] ] ], [ [ [ -51.855200216999947, -21.25026541099993, 0.0 ], [ -51.854385814999944, -21.25837095299994, 0.0 ], [ -51.858380741999952, -21.244090833999962, 0.0 ], [ -51.855200216999947, -21.25026541099993, 0.0 ] ] ], [ [ [ -51.868762123999943, -21.353530224999929, 0.0 ], [ -51.867206202999967, -21.351196431999938, 0.0 ], [ -51.861412310999981, -21.338601218999941, 0.0 ], [ -51.86526108299995, -21.348942488999967, 0.0 ], [ -51.868762123999943, -21.353530224999929, 0.0 ] ] ], [ [ [ -51.798247597999932, -21.105816555999979, 0.0 ], [ -51.807709732999967, -21.109895292999965, 0.0 ], [ -51.789516516999981, -21.101799940999967, 0.0 ], [ -51.798247597999932, -21.105816555999979, 0.0 ] ] ], [ [ [ -51.710865794999961, -20.971068953999975, 0.0 ], [ -51.714264896999964, -20.971790786999975, 0.0 ], [ -51.709936293999931, -20.970941164999942, 0.0 ], [ -51.710865794999961, -20.971068953999975, 0.0 ] ] ], [ [ [ -51.861061845999984, -21.336671039999942, 0.0 ], [ -51.861306885999966, -21.338020587999949, 0.0 ], [ -51.861104887999943, -21.33396827699994, 0.0 ], [ -51.861061845999984, -21.336671039999942, 0.0 ] ] ], [ [ [ -51.85051890799997, -21.263645310999948, 0.0 ], [ -51.849272440999982, -21.264942739999981, 0.0 ], [ -51.850629750999985, -21.263600244999964, 0.0 ], [ -51.85051890799997, -21.263645310999948, 0.0 ] ] ] ] } },
{ "type": "Feature", "properties": { "nome_bacia": null, "rio_principal": null, "area_km2": null }, "geometry": { "type": "MultiPolygon", "coordinates": [ [ [ [ -53.081839741999943, -18.054761282999948, 0.0 ], [ -53.118413333999968, -18.057643592999966, 0.0 ], [ -53.137395098999946, -18.06417509299996, 0.0 ], [ -53.120784759999935, -18.05407142599995, 0.0 ], [ -53.079956054999968, -18.05060386599996, 0.0 ], [ -53.07227751399995, -18.033975303999966, 0.0 ], [ -53.081839741999943, -18.054761282999948, 0.0 ] ] ] ] } },
{ "type": "Feature", "properties": { "nome_bacia": null, "rio_principal": null, "area_km2": null }, "geometry": { "type": "MultiPolygon", "coordinates": [ [ [ [ -52.880957286999944, -18.46549274299997, 0.0 ], [ -52.906737107999959, -18.485459588999959, 0.0 ], [ -52.878662137999981, -18.440736247999951, 0.0 ], [ -52.880957286999944, -18.46549274299997, 0.0 ] ] ], [ [ [ -52.79451828699996, -18.410516411999936, 0.0 ], [ -52.802504074999945, -18.416897250999966, 0.0 ], [ -52.848630391999961, -18.422410304999971, 0.0 ], [ -52.832866668999941, -18.416814803999955, 0.0 ], [ -52.79451828699996, -18.410516411999936, 0.0 ] ] ], [ [ [ -53.143239996999966, -18.081836667999937, 0.0 ], [ -53.136889973999985, -18.117081840999958, 0.0 ], [ -53.140186308999944, -18.106086730999948, 0.0 ], [ -53.143474578999985, -18.085763930999974, 0.0 ], [ -53.143882750999978, -18.077764510999941, 0.0 ], [ -53.137395098999946, -18.06417509299996, 0.0 ], [ -53.131667723999954, -18.063660271999936, 0.0 ], [ -53.143239996999966, -18.081836667999937, 0.0 ] ] ], [ [ [ -52.947134861999984, -18.522435905999941, 0.0 ], [ -52.963351160999935, -18.544394238999928, 0.0 ], [ -52.961307524999938, -18.535865783999952, 0.0 ], [ -52.947134861999984, -18.522435905999941, 0.0 ] ] ], [ [ [ -52.762034068999981, -18.371474379999938, 0.0 ], [ -52.785298112999953, -18.389646220999964, 0.0 ], [ -52.782653807999964, -18.385032653999929, 0.0 ], [ -52.762034068999981, -18.371474379999938, 0.0 ] ] ], [ [ [ -52.014452105999965, -18.973410815999955, 0.0 ], [ -52.020782470999961, -18.975614546999964, 0.0 ], [ -52.014918086999955, -18.970125423999946, 0.0 ], [ -52.014452105999965, -18.973410815999955, 0.0 ] ] ], [ [ [ -51.018464501999972, -19.385182552999936, 0.0 ], [ -51.030439615999967, -19.395427044999963, 0.0 ], [ -51.028846740999938, -19.392066955999951, 0.0 ], [ -51.018464501999972, -19.385182552999936, 0.0 ] ] ], [ [ [ -50.984783336999953, -19.410981030999949, 0.0 ], [ -50.986053864999974, -19.428727171999981, 0.0 ], [ -50.98768234299996, -19.417705535999971, 0.0 ], [ -50.984783336999953, -19.410981030999949, 0.0 ] ] ], [ [ [ -51.747379302999946, -19.087043761999951, 0.0 ], [ -51.741864529999987, -19.090074079999965, 0.0 ], [ -51.747269641999935, -19.090875288999939, 0.0 ], [ -51.747379302999946, -19.087043761999951, 0.0 ] ] ], [ [ [ -51.837560841999959, -19.046928051999942, 0.0 ], [ -51.844024657999967, -19.049915313999975, 0.0 ], [ -51.835616069999958, -19.045972588999973, 0.0 ], [ -51.837560841999959, -19.046928051999942, 0.0 ] ] ], [ [ [ -51.406472125999983, -19.178230867999957, 0.0 ], [ -51.410629272999984, -19.176595687999964, 0.0 ], [ -51.406000147999976, -19.175642596999978, 0.0 ], [ -51.406472125999983, -19.178230867999957, 0.0 ] ] ], [ [ [ -52.10622782799993, -18.905902477999973, 0.0 ], [ -52.108787536999955, -18.915077208999946, 0.0 ], [ -52.107717907999984, -18.904710302999945, 0.0 ], [ -52.10622782799993, -18.905902477999973, 0.0 ] ] ], [ [ [ -51.710559844999977, -19.107482909999931, 0.0 ], [ -51.70567568499996, -19.106246277999958, 0.0 ], [ -51.705576654999959, -19.107875761999935, 0.0 ], [ -51.710559844999977, -19.107482909999931, 0.0 ] ] ], [ [ [ -52.102894632999948, -18.922004598999933, 0.0 ], [ -52.107616424999947, -18.921297072999948, 0.0 ], [ -52.104841653999983, -18.918453858999953, 0.0 ], [ -52.102894632999948, -18.922004598999933, 0.0 ] ] ], [ [ [ -52.924852179999959, -18.511874340999952, 0.0 ], [ -52.916023254999971, -18.507528304999937, 0.0 ], [ -52.912752947999934, -18.503694758999927, 0.0 ], [ -52.915760460999934, -18.508902908999971, 0.0 ], [ -52.924852179999959, -18.511874340999952, 0.0 ] ] ], [ [ [ -52.088955081999984, -18.935626372999934, 0.0 ], [ -52.092933654999968, -18.938198089999958, 0.0 ], [ -52.08983799799995, -18.935201409999934, 0.0 ], [ -52.088955081999984, -18.935626372999934, 0.0 ] ] ], [ [ [ -51.304675084999985, -19.229232022999952, 0.0 ], [ -51.308353423999961, -19.232675551999932, 0.0 ], [ -51.303313957999933, -19.224108514999955, 0.0 ], [ -51.304675084999985, -19.229232022999952, 0.0 ] ] ], [ [ [ -51.364557975999958, -19.212919310999951, 0.0 ], [ -51.36804669299994, -19.219201880999947, 0.0 ], [ -51.364739447999966, -19.21269343199998, 0.0 ], [ -51.364557975999958, -19.212919310999951, 0.0 ] ] ], [ [ [ -52.164009784999962, -18.870949899999971, 0.0 ], [ -52.166976928999986, -18.870183944999951, 0.0 ], [ -52.165474272999973, -18.866546795999966, 0.0 ], [ -52.164009784999962, -18.870949899999971, 0.0 ] ] ], [ [ [ -52.155124739999962, -18.882560137999974, 0.0 ], [ -52.157829283999945, -18.883790968999961, 0.0 ], [ -52.156261515999972, -18.88093779299993, 0.0 ], [ -52.155124739999962, -18.882560137999974, 0.0 ] ] ], [ [ [ -51.889391382999975, -19.008352526999943, 0.0 ], [ -51.890558631999966, -19.013834649999978, 0.0 ], [ -51.889794653999957, -19.007169860999966, 0.0 ], [ -51.889391382999975, -19.008352526999943, 0.0 ] ] ], [ [ [ -51.952306474999943, -18.974919757999942, 0.0 ], [ -51.950244903999931, -18.976957320999929, 0.0 ], [ -51.953276776999985, -18.976339985999971, 0.0 ], [ -51.952306474999943, -18.974919757999942, 0.0 ] ] ], [ [ [ -52.350977318999981, -18.810173948999932, 0.0 ], [ -52.35313034099994, -18.80799484299996, 0.0 ], [ -52.351500639999983, -18.806363623999971, 0.0 ], [ -52.350977318999981, -18.810173948999932, 0.0 ] ] ], [ [ [ -51.796418681999967, -19.066622020999944, 0.0 ], [ -51.797691344999976, -19.069828033999954, 0.0 ], [ -51.797097805999954, -19.066308477999939, 0.0 ], [ -51.796418681999967, -19.066622020999944, 0.0 ] ] ], [ [ [ -51.967365264999955, -18.970176696999943, 0.0 ], [ -51.969058846999985, -18.97235944199997, 0.0 ], [ -51.968534111999986, -18.968531809999945, 0.0 ], [ -51.967365264999955, -18.970176696999943, 0.0 ] ] ], [ [ [ -52.934453646999941, -18.599112203999937, 0.0 ], [ -52.937747955999953, -18.605005264999932, 0.0 ], [ -52.934648860999971, -18.598693539999942, 0.0 ], [ -52.934453646999941, -18.599112203999937, 0.0 ] ] ], [ [ [ -52.368377057999965, -18.793563965999965, 0.0 ], [ -52.368111838999937, -18.796508640999946, 0.0 ], [ -52.369274139999959, -18.795465468999964, 0.0 ], [ -52.368377057999965, -18.793563965999965, 0.0 ] ] ], [ [ [ -52.412598256999956, -18.740242359999968, 0.0 ], [ -52.413928985999974, -18.741201399999966, 0.0 ], [ -52.413831186999971, -18.73899500899995, 0.0 ], [ -52.412598256999956, -18.740242359999968, 0.0 ] ] ], [ [ [ -51.925223069999959, -18.976603190999981, 0.0 ], [ -51.926500655999973, -18.978596627999934, 0.0 ], [ -51.92725024799995, -18.975855103999947, 0.0 ], [ -51.925223069999959, -18.976603190999981, 0.0 ] ] ], [ [ [ -52.398010816999943, -18.759434372999976, 0.0 ], [ -52.398786789999974, -18.762544327999933, 0.0 ], [ -52.398435830999972, -18.757850682999958, 0.0 ], [ -52.398010816999943, -18.759434372999976, 0.0 ] ] ], [ [ [ -53.110187607999933, -18.219563265999966, 0.0 ], [ -53.109984547999943, -18.224197759999981, 0.0 ], [ -53.110998141999971, -18.217267057999948, 0.0 ], [ -53.110187607999933, -18.219563265999966, 0.0 ] ] ], [ [ [ -52.409730698999965, -18.748732970999981, 0.0 ], [ -52.411018370999955, -18.750408172999983, 0.0 ], [ -52.40996252399998, -18.748442024999974, 0.0 ], [ -52.409730698999965, -18.748732970999981, 0.0 ] ] ], [ [ [ -52.914223397999933, -18.628323832999968, 0.0 ], [ -52.916103103999944, -18.631517785999961, 0.0 ], [ -52.914059398999939, -18.626162330999932, 0.0 ], [ -52.914223397999933, -18.628323832999968, 0.0 ] ] ], [ [ [ -51.001973617999965, -19.404261316999964, 0.0 ], [ -51.003757697999959, -19.40881160999993, 0.0 ], [ -51.003921507999962, -19.407665252999948, 0.0 ], [ -51.001973617999965, -19.404261316999964, 0.0 ] ] ], [ [ [ -52.044758194999986, -18.953626971999938, 0.0 ], [ -52.044456259999947, -18.954586906999964, 0.0 ], [ -52.045175878999942, -18.950867586999948, 0.0 ], [ -52.044758194999986, -18.953626971999938, 0.0 ] ] ], [ [ [ -52.33796011499993, -18.821945401999926, 0.0 ], [ -52.337460963999945, -18.822586401999956, 0.0 ], [ -52.340080315999955, -18.821490129999972, 0.0 ], [ -52.33796011499993, -18.821945401999926, 0.0 ] ] ], [ [ [ -52.018643296999983, -18.96349577899997, 0.0 ], [ -52.018680162999942, -18.964831093999976, 0.0 ], [ -52.020043082999962, -18.963381606999974, 0.0 ], [ -52.018643296999983, -18.96349577899997, 0.0 ] ] ], [ [ [ -51.894669174999933, -19.000849757999958, 0.0 ], [ -51.894084828999951, -19.002907903999983, 0.0 ], [ -51.895087080999986, -19.00017683699997, 0.0 ], [ -51.894669174999933, -19.000849757999958, 0.0 ] ] ], [ [ [ -52.34568569299995, -18.817578325999932, 0.0 ], [ -52.344879343999935, -18.818944335999959, 0.0 ], [ -52.345603942999958, -18.818468093999968, 0.0 ], [ -52.34568569299995, -18.817578325999932, 0.0 ] ] ], [ [ [ -51.789564009999935, -19.073998660999962, 0.0 ], [ -51.789977800999964, -19.074964289999969, 0.0 ], [ -51.791091881999932, -19.073770778999972, 0.0 ], [ -51.789564009999935, -19.073998660999962, 0.0 ] ] ], [ [ [ -52.180593625999961, -18.848519081999939, 0.0 ], [ -52.180882619999977, -18.850494266999931, 0.0 ], [ -52.181022773999985, -18.848224521999953, 0.0 ], [ -52.180593625999961, -18.848519081999939, 0.0 ] ] ], [ [ [ -51.849954341999933, -19.043855503999964, 0.0 ], [ -51.849817067999936, -19.04500997699995, 0.0 ], [ -51.850892819999956, -19.044383052999933, 0.0 ], [ -51.849954341999933, -19.043855503999964, 0.0 ] ] ], [ [ [ -53.129370869999946, -18.137662219999982, 0.0 ], [ -53.128980104999982, -18.139085223999928, 0.0 ], [ -53.130252837999933, -18.135615981999933, 0.0 ], [ -53.129370869999946, -18.137662219999982, 0.0 ] ] ], [ [ [ -51.88275787799995, -19.019881045999966, 0.0 ], [ -51.882444765999935, -19.020953445999965, 0.0 ], [ -51.883397612999943, -19.019544331999953, 0.0 ], [ -51.88275787799995, -19.019881045999966, 0.0 ] ] ], [ [ [ -52.37837127399996, -18.783933005999927, 0.0 ], [ -52.378829955999947, -18.78445243799996, 0.0 ], [ -52.379054548999932, -18.783358074999967, 0.0 ], [ -52.37837127399996, -18.783933005999927, 0.0 ] ] ], [ [ [ -52.159479111999985, -18.876498650999963, 0.0 ], [ -52.158754759999965, -18.877645581999957, 0.0 ], [ -52.159320831999935, -18.877397536999979, 0.0 ], [ -52.159479111999985, -18.876498650999963, 0.0 ] ] ], [ [ [ -51.87206496899995, -19.029996448999952, 0.0 ], [ -51.871801559999938, -19.031584792999979, 0.0 ], [ -51.872504511999978, -19.030073555999934, 0.0 ], [ -51.87206496899995, -19.029996448999952, 0.0 ] ] ], [ [ [ -51.576669694999964, -19.126559382999972, 0.0 ], [ -51.576542273999962, -19.128293858999939, 0.0 ], [ -51.576869964999958, -19.127172469999948, 0.0 ], [ -51.576669694999964, -19.126559382999972, 0.0 ] ] ], [ [ [ -51.369664272999955, -19.205236455999966, 0.0 ], [ -51.36936107799994, -19.206032120999964, 0.0 ], [ -51.369806345999962, -19.204863619999969, 0.0 ], [ -51.369664272999955, -19.205236455999966, 0.0 ] ] ], [ [ [ -51.731364852999945, -19.099805725999943, 0.0 ], [ -51.730608410999935, -19.102157333999969, 0.0 ], [ -51.731469638999954, -19.099714038999934, 0.0 ], [ -51.731364852999945, -19.099805725999943, 0.0 ] ] ], [ [ [ -52.848625882999954, -18.661615038999969, 0.0 ], [ -52.848074972999939, -18.663051297999971, 0.0 ], [ -52.848590849999937, -18.662134169999945, 0.0 ], [ -52.848625882999954, -18.661615038999969, 0.0 ] ] ], [ [ [ -53.110035547999985, -18.224926914999969, 0.0 ], [ -53.110275820999959, -18.226207992999946, 0.0 ], [ -53.110016592999955, -18.224655915999961, 0.0 ], [ -53.110035547999985, -18.224926914999969, 0.0 ] ] ], [ [ [ -53.132533986999931, -18.130323531999977, 0.0 ], [ -53.132129557999974, -18.131261840999969, 0.0 ], [ -53.132446288999972, -18.130847930999948, 0.0 ], [ -53.132533986999931, -18.130323531999977, 0.0 ] ] ], [ [ [ -52.173558247999949, -18.856758383999932, 0.0 ], [ -52.17345746899997, -18.857243044999962, 0.0 ], [ -52.173843072999944, -18.856532002999927, 0.0 ], [ -52.173558247999949, -18.856758383999932, 0.0 ] ] ], [ [ [ -52.521317977999956, -18.66620876199994, 0.0 ], [ -52.521350577999954, -18.666421997999976, 0.0 ], [ -52.521592462999934, -18.66585711099998, 0.0 ], [ -52.521317977999956, -18.66620876199994, 0.0 ] ] ], [ [ [ -52.553104400999985, -18.657161712999937, 0.0 ], [ -52.553210753999963, -18.657312867999963, 0.0 ], [ -52.553009961999976, -18.656996231999926, 0.0 ], [ -52.553104400999985, -18.657161712999937, 0.0 ] ] ], [ [ [ -51.228244837999966, -19.260998382999958, 0.0 ], [ -51.228346859999931, -19.261239622999938, 0.0 ], [ -51.228359386999955, -19.261147367999968, 0.0 ], [ -51.228244837999966, -19.260998382999958, 0.0 ] ] ], [ [ [ -50.935149759999945, -19.465590235999969, 0.0 ], [ -50.935145791999958, -19.465639513999974, 0.0 ], [ -50.935157775999983, -19.465639113999941, 0.0 ], [ -50.935149759999945, -19.465590235999969, 0.0 ] ] ], [ [ [ -51.457050962999972, -19.162993244999939, 0.0 ], [ -51.45705217699998, -19.162999123999953, 0.0 ], [ -51.457052162999958, -19.162993770999947, 0.0 ], [ -51.457050962999972, -19.162993244999939, 0.0 ] ] ] ] } },
{ "type": "Feature", "properties": { "nome_bacia": null, "rio_principal": null, "area_km2": null }, "geometry": { "type": "MultiPolygon", "coordinates": [ [ [ [ -57.481736330999979, -19.675570382999979, 0.0 ], [ -57.429623214999935, -19.711623257999975, 0.0 ], [ -57.390755608999939, -19.721381344999941, 0.0 ], [ -57.102594045999979, -19.699358636999932, 0.0 ], [ -57.054888382999934, -19.734733539999979, 0.0 ], [ -56.992770542999949, -19.798328039999944, 0.0 ], [ -56.942178500999944, -19.865868970999941, 0.0 ], [ -56.919054893999942, -19.916818795999973, 0.0 ], [ -56.912660234999976, -19.972580509999943, 0.0 ], [ -56.930418528999951, -20.095613335999928, 0.0 ], [ -56.943226369999934, -20.105181852999976, 0.0 ], [ -56.992087178999952, -20.108609237999929, 0.0 ], [ -56.996571091999954, -20.145536622999941, 0.0 ], [ -56.994358274999968, -20.167348679999975, 0.0 ], [ -56.960058302999983, -20.212085277999961, 0.0 ], [ -56.978425858999969, -20.265832735999936, 0.0 ], [ -56.970049139999958, -20.317259824999951, 0.0 ], [ -56.972973149999973, -20.385547883999948, 0.0 ], [ -56.907747591999964, -20.486126355999943, 0.0 ], [ -56.914627315999951, -20.536756284999967, 0.0 ], [ -56.872659930999987, -20.605334169999935, 0.0 ], [ -56.890705734999983, -20.695154546999959, 0.0 ], [ -56.888363522999953, -20.731088657999976, 0.0 ], [ -56.870971322999935, -20.765264263999939, 0.0 ], [ -56.833579173999965, -20.778702066999927, 0.0 ], [ -56.838837444999967, -20.801780033999933, 0.0 ], [ -56.871555574999945, -20.851733607999961, 0.0 ], [ -56.86454454699998, -20.883867485999929, 0.0 ], [ -56.856365013999948, -20.891170639999928, 0.0 ], [ -56.871555574999945, -20.95280926099997, 0.0 ], [ -56.855780761999938, -20.979392741999959, 0.0 ], [ -56.873086114999978, -21.013794421999933, 0.0 ], [ -56.86287127099996, -21.030332740999938, 0.0 ], [ -56.86481695599997, -21.042006847999971, 0.0 ], [ -56.844566129999976, -21.05356080599995, 0.0 ], [ -56.837084687999948, -21.073457365999957, 0.0 ], [ -56.861953305999975, -21.118279739999934, 0.0 ], [ -56.852293762999977, -21.136632869999971, 0.0 ], [ -56.826649570999962, -21.153848825999944, 0.0 ], [ -56.813134439999942, -21.211770816999945, 0.0 ], [ -56.792620400999965, -21.25014413699995, 0.0 ], [ -56.809031631999972, -21.32616675099996, 0.0 ], [ -56.809272973999953, -21.367194827999981, 0.0 ], [ -56.840647385999944, -21.344750055999953, 0.0 ], [ -56.877331313999946, -21.345474080999963, 0.0 ], [ -56.892535835999979, -21.351990304999958, 0.0 ], [ -56.91546329199997, -21.389398257999972, 0.0 ], [ -56.964938325999981, -21.394466431999945, 0.0 ], [ -56.99027919699995, -21.47821197899998, 0.0 ], [ -57.031548615999952, -21.503070166999976, 0.0 ], [ -57.050373263999973, -21.501380774999973, 0.0 ], [ -57.068956568999965, -21.489072351999937, 0.0 ], [ -57.076438159999952, -21.456008547999943, 0.0 ], [ -57.13846295899998, -21.460594038999943, 0.0 ], [ -57.260340482999936, -21.405326805999948, 0.0 ], [ -57.26782207399998, -21.37033226899996, 0.0 ], [ -57.25358291799995, -21.328580166999927, 0.0 ], [ -57.268787439999983, -21.296481729999982, 0.0 ], [ -57.248514742999987, -21.284897331999957, 0.0 ], [ -57.246342668999944, -21.268486100999951, 0.0 ], [ -57.298955143999933, -21.24507596199993, 0.0 ], [ -57.326709431999973, -21.219976432999943, 0.0 ], [ -57.373288366999986, -21.221907165999937, 0.0 ], [ -57.509163705999981, -21.264624634999961, 0.0 ], [ -57.555259956999976, -21.271864882999978, 0.0 ], [ -57.612216581999974, -21.253040235999947, 0.0 ], [ -57.667242473999977, -21.204771909999977, 0.0 ], [ -57.848617761999947, -21.211279560999969, 0.0 ], [ -57.846199685999977, -21.192437666999979, 0.0 ], [ -57.861898821999944, -21.139531579999982, 0.0 ], [ -57.844629771999962, -21.097928870999965, 0.0 ], [ -57.864096700999937, -21.067158564999943, 0.0 ], [ -57.867236527999978, -21.040941007999947, 0.0 ], [ -57.816685310999958, -20.97940039599996, 0.0 ], [ -57.824220895999986, -20.963387277999971, 0.0 ], [ -57.819781255999942, -20.937995559999933, 0.0 ], [ -57.828718567999942, -20.933878939999943, 0.0 ], [ -57.861270855999976, -20.947688141999947, 0.0 ], [ -57.886531142999957, -20.908646450999981, 0.0 ], [ -57.927835190999986, -20.897764890999952, 0.0 ], [ -57.871964976999948, -20.853808345999937, 0.0 ], [ -57.857896399999959, -20.850928015999955, 0.0 ], [ -57.854733001999932, -20.835737780999978, 0.0 ], [ -57.863468734999969, -20.816600358999949, 0.0 ], [ -57.898873748999961, -20.788700963999929, 0.0 ], [ -57.947930084999939, -20.799959275999981, 0.0 ], [ -57.960276453999938, -20.789451708999934, 0.0 ], [ -57.933246555999972, -20.74568964599996, 0.0 ], [ -57.87351608299997, -20.750798329999952, 0.0 ], [ -57.862683777999962, -20.741715481999961, 0.0 ], [ -57.92061358899997, -20.663062812999954, 0.0 ], [ -57.936794625999937, -20.670012706999955, 0.0 ], [ -57.953630243999953, -20.702354489999948, 0.0 ], [ -57.984980044999986, -20.701368703999947, 0.0 ], [ -57.98822873499995, -20.686729094999976, 0.0 ], [ -57.969908874999987, -20.643124909999983, 0.0 ], [ -58.012296540999955, -20.612197612999978, 0.0 ], [ -57.997068379999973, -20.572949773999937, 0.0 ], [ -58.01841920399994, -20.513293057999931, 0.0 ], [ -57.99487050099998, -20.440606059999936, 0.0 ], [ -58.020146108999938, -20.402771142999939, 0.0 ], [ -58.064417671999934, -20.391467764999959, 0.0 ], [ -58.083727608999936, -20.372314819999929, 0.0 ], [ -58.101781614999936, -20.324275464999971, 0.0 ], [ -58.088751331999958, -20.273881238999934, 0.0 ], [ -58.093304080999985, -20.255984224999963, 0.0 ], [ -58.119523500999946, -20.249581595999928, 0.0 ], [ -58.144550344999971, -20.271777413999928, 0.0 ], [ -58.162081083999965, -20.257292958999983, 0.0 ], [ -58.161831939999956, -20.225012318999973, 0.0 ], [ -58.121719516999974, -20.194600603999959, 0.0 ], [ -58.136319712999978, -20.179843416999972, 0.0 ], [ -58.165677096999957, -20.177331554999967, 0.0 ], [ -58.153745753999942, -20.153939842999932, 0.0 ], [ -58.114654905999942, -20.14342142199996, 0.0 ], [ -58.088621683999975, -20.107697401999928, 0.0 ], [ -58.048415741999975, -20.104775051999979, 0.0 ], [ -58.032504619999941, -20.06469513899998, 0.0 ], [ -57.983292699999936, -20.056958690999977, 0.0 ], [ -57.958692460999941, -20.021907314999964, 0.0 ], [ -57.935210452999968, -20.020295948999944, 0.0 ], [ -57.901590329999976, -20.04193619299997, 0.0 ], [ -57.856475251999939, -19.967617157999939, 0.0 ], [ -57.807985490999954, -19.933528637999927, 0.0 ], [ -57.759645948999946, -19.916209826999932, 0.0 ], [ -57.759035630999961, -19.905479105999973, 0.0 ], [ -57.775133610999944, -19.890868889999979, 0.0 ], [ -57.753424351999968, -19.866368995999949, 0.0 ], [ -57.727045915999952, -19.845939362999957, 0.0 ], [ -57.656085370999961, -19.816989509999928, 0.0 ], [ -57.640594032999957, -19.793168647999948, 0.0 ], [ -57.635265018999974, -19.761319798999978, 0.0 ], [ -57.639384906999965, -19.748628340999971, 0.0 ], [ -57.655765129999963, -19.749118569999951, 0.0 ], [ -57.655345530999966, -19.74354912299998, 0.0 ], [ -57.64024705099996, -19.739028678999944, 0.0 ], [ -57.610048738999978, -19.746674768999981, 0.0 ], [ -57.601234363999936, -19.732528350999928, 0.0 ], [ -57.556186872999945, -19.720918231999974, 0.0 ], [ -57.545635502999971, -19.711188841999956, 0.0 ], [ -57.544327138999961, -19.686259849999942, 0.0 ], [ -57.536125606999974, -19.677678686999968, 0.0 ], [ -57.502747148999958, -19.688909045999935, 0.0 ], [ -57.481736330999979, -19.675570382999979, 0.0 ] ] ] ] } },
{ "type": "Feature", "properties": { "nome_bacia": null, "rio_principal": null, "area_km2": null }, "geometry": { "type": "MultiPolygon", "coordinates": [ [ [ [ -56.103449981999972, -17.175482531999933, 0.0 ], [ -56.06251087399994, -17.173472102999938, 0.0 ], [ -56.051089698999931, -17.187552085999982, 0.0 ], [ -56.04682110899995, -17.173351905999937, 0.0 ], [ -56.039878374999944, -17.175948624999933, 0.0 ], [ -56.009540202999972, -17.202732540999932, 0.0 ], [ -56.022021798999958, -17.214241476999973, 0.0 ], [ -56.013270621999936, -17.215119689999938, 0.0 ], [ -56.012511752999956, -17.238161448999961, 0.0 ], [ -56.005271505999985, -17.233822226999962, 0.0 ], [ -56.004539057999978, -17.246610961999977, 0.0 ], [ -55.989890712999966, -17.240942305999965, 0.0 ], [ -55.994090644999972, -17.252130790999956, 0.0 ], [ -55.986958268999956, -17.258480257999963, 0.0 ], [ -55.980270082999937, -17.247082022999962, 0.0 ], [ -55.972362240999985, -17.254461516999982, 0.0 ], [ -55.956567481999969, -17.249894182999981, 0.0 ], [ -55.942149945999972, -17.277872181999953, 0.0 ], [ -55.920272796999939, -17.268251494999959, 0.0 ], [ -55.930732637999938, -17.269352053999967, 0.0 ], [ -55.927703044999987, -17.258724228999938, 0.0 ], [ -55.894525912999939, -17.263466697999945, 0.0 ], [ -55.904590652999957, -17.271862060999979, 0.0 ], [ -55.88656217099998, -17.284764697999947, 0.0 ], [ -55.875505034999946, -17.280604411999946, 0.0 ], [ -55.875972950999937, -17.270462008999971, 0.0 ], [ -55.862240090999933, -17.280450734999931, 0.0 ], [ -55.865432945999942, -17.29313075999994, 0.0 ], [ -55.854356988999939, -17.280555613999979, 0.0 ], [ -55.843880003999971, -17.300700957999936, 0.0 ], [ -55.828247075999968, -17.288545986999964, 0.0 ], [ -55.833710075999932, -17.300670418999971, 0.0 ], [ -55.828039375999936, -17.306604009999944, 0.0 ], [ -55.820954018999942, -17.297698881999963, 0.0 ], [ -55.808348535999983, -17.297845178999978, 0.0 ], [ -55.789490278999949, -17.328271485999949, 0.0 ], [ -55.778331062999939, -17.323116520999974, 0.0 ], [ -55.772539844999983, -17.332049616999939, 0.0 ], [ -55.762402265999981, -17.325431392999974, 0.0 ], [ -55.721560457999942, -17.349495633999936, 0.0 ], [ -55.708283416999961, -17.338660606999952, 0.0 ], [ -55.704293228999973, -17.354060487999959, 0.0 ], [ -55.693471013999954, -17.344559986999968, 0.0 ], [ -55.684617946999936, -17.351316586999928, 0.0 ], [ -55.680012845999954, -17.339829746999953, 0.0 ], [ -55.668320835999964, -17.350770241999953, 0.0 ], [ -55.658613833999937, -17.339788752999937, 0.0 ], [ -55.650162958999942, -17.358040994999953, 0.0 ], [ -55.639185594999958, -17.352674109999953, 0.0 ], [ -55.617772514999956, -17.36849125699996, 0.0 ], [ -55.613421476999974, -17.359851986999956, 0.0 ], [ -55.587792959999945, -17.373391155999968, 0.0 ], [ -55.583059092999974, -17.399449254999979, 0.0 ], [ -55.588853331999985, -17.418829795999955, 0.0 ], [ -55.577981504999968, -17.41852290199995, 0.0 ], [ -55.572213657999953, -17.441929592999941, 0.0 ], [ -55.552996526999948, -17.445360470999958, 0.0 ], [ -55.558633390999944, -17.449810705999937, 0.0 ], [ -55.550959288999934, -17.453901447999954, 0.0 ], [ -55.543954448999955, -17.509601652999947, 0.0 ], [ -55.519687910999949, -17.536513722999928, 0.0 ], [ -55.285383998999976, -17.924139752999963, 0.0 ], [ -55.072438014999932, -18.180123784999978, 0.0 ], [ -55.013690284999939, -18.227273136999941, 0.0 ], [ -54.998351194999941, -18.255130105999967, 0.0 ], [ -54.985563795999951, -18.309895813999958, 0.0 ], [ -54.942311374999974, -18.331149438999944, 0.0 ], [ -54.886518341999931, -18.33640382599998, 0.0 ], [ -54.829690003999985, -18.318192817999943, 0.0 ], [ -54.810629568999957, -18.203771840999934, 0.0 ], [ -54.74298056799995, -18.129244298999936, 0.0 ], [ -54.695763715999931, -18.097438626999974, 0.0 ], [ -54.677060880999932, -18.09515967699997, 0.0 ], [ -54.65056885599995, -18.113968043999932, 0.0 ], [ -54.614201397999977, -18.090012276999971, 0.0 ], [ -54.442813382999987, -18.115540449999969, 0.0 ], [ -54.395166139999958, -18.114196270999969, 0.0 ], [ -54.368927364999934, -18.101787212999966, 0.0 ], [ -54.351433382999971, -18.058101604999933, 0.0 ], [ -54.307822930999976, -18.011913336999953, 0.0 ], [ -54.282185677999962, -17.927207707999969, 0.0 ], [ -54.198203325999941, -17.853452564999941, 0.0 ], [ -54.194861567999965, -17.826850905999947, 0.0 ], [ -54.176158740999938, -17.79158164699993, 0.0 ], [ -54.176777797999932, -17.739314113999967, 0.0 ], [ -54.165821081999979, -17.703987707999943, 0.0 ], [ -54.140589011999964, -17.699687317999974, 0.0 ], [ -54.111445010999944, -17.683043470999962, 0.0 ], [ -54.111050869999985, -17.663152306999962, 0.0 ], [ -54.100227448999931, -17.643927057999974, 0.0 ], [ -54.076124351999965, -17.644813200999977, 0.0 ], [ -54.053616311999974, -17.63063490899998, 0.0 ], [ -54.008245775999967, -17.641268627999978, 0.0 ], [ -53.993713025999966, -17.632938880999973, 0.0 ], [ -53.953482120999979, -17.631166594999968, 0.0 ], [ -53.916973017999965, -17.657573664999973, 0.0 ], [ -53.897832322999932, -17.649421145999952, 0.0 ], [ -53.87390645399995, -17.652079575999949, 0.0 ], [ -53.828890374999958, -17.631343822999952, 0.0 ], [ -53.816976051999973, -17.659512802999927, 0.0 ], [ -53.786532725999962, -17.649066688999937, 0.0 ], [ -53.775899006999964, -17.66023209399998, 0.0 ], [ -53.734250272999986, -17.646585487999971, 0.0 ], [ -53.703160820999983, -17.650207647999935, 0.0 ], [ -53.703944171999979, -17.660763779999968, 0.0 ], [ -53.717542669999943, -17.668269103999933, 0.0 ], [ -53.73300967199998, -17.662890523999977, 0.0 ], [ -53.757248352999966, -17.672753797999974, 0.0 ], [ -53.805830594999975, -17.671696271999963, 0.0 ], [ -53.855909099999963, -17.702717167999936, 0.0 ], [ -53.954437105999943, -17.868616261999932, 0.0 ], [ -53.951129948999949, -17.903193830999953, 0.0 ], [ -53.944685393999976, -17.907210346999932, 0.0 ], [ -53.952296156999978, -17.914687689999937, 0.0 ], [ -53.948914882999986, -17.923423777999972, 0.0 ], [ -53.932307865999974, -17.91319477899998, 0.0 ], [ -53.924244452999972, -17.919963421999967, 0.0 ], [ -53.90251826399998, -17.917289296999968, 0.0 ], [ -53.898550617999945, -17.908802403999971, 0.0 ], [ -53.876937793999957, -17.923528886999975, 0.0 ], [ -53.872488969999949, -17.917146994999939, 0.0 ], [ -53.870160106999947, -17.927398723999943, 0.0 ], [ -53.860055339999974, -17.921159315999944, 0.0 ], [ -53.84273933299994, -17.940003180999952, 0.0 ], [ -53.837620329999936, -17.935023586999932, 0.0 ], [ -53.835609126999941, -17.946936201999961, 0.0 ], [ -53.824162784999942, -17.948704275999944, 0.0 ], [ -53.821469450999984, -17.962056509999968, 0.0 ], [ -53.809912354999938, -17.960193148999963, 0.0 ], [ -53.810103203999972, -17.970872942999961, 0.0 ], [ -53.79352959299996, -17.975333048999971, 0.0 ], [ -53.783941230999972, -17.995967382999936, 0.0 ], [ -53.73424287499995, -17.995270238999979, 0.0 ], [ -53.726802298999985, -18.003472876999979, 0.0 ], [ -53.719295457999976, -17.998070091999978, 0.0 ], [ -53.715714030999948, -18.006285762999937, 0.0 ], [ -53.700577092999936, -18.005820246999974, 0.0 ], [ -53.694823036999935, -18.01329218099994, 0.0 ], [ -53.660667319999959, -17.97748173399998, 0.0 ], [ -53.615820174999953, -17.976348307999956, 0.0 ], [ -53.589544698999987, -18.01261158899996, 0.0 ], [ -53.557430420999935, -18.005627691999962, 0.0 ], [ -53.556490790999931, -18.016430904999936, 0.0 ], [ -53.517876831999956, -18.020648187999939, 0.0 ], [ -53.499126916999955, -18.035907216999931, 0.0 ], [ -53.472578535999958, -18.039148773999955, 0.0 ], [ -53.460155394999958, -18.02203263499996, 0.0 ], [ -53.456582508999986, -17.999633708999966, 0.0 ], [ -53.430361092999931, -17.984060697999951, 0.0 ], [ -53.380771188999972, -18.008757163999974, 0.0 ], [ -53.342595037999956, -18.008290761999945, 0.0 ], [ -53.299174121999954, -17.995482133999928, 0.0 ], [ -53.23849007299998, -18.007063252999956, 0.0 ], [ -53.198791634999964, -18.02030614499995, 0.0 ], [ -53.190539437999973, -18.036298617999933, 0.0 ], [ -53.164616328999955, -18.041526011999963, 0.0 ], [ -53.181956920999937, -18.101146472999972, 0.0 ], [ -53.244305114999975, -18.200124230999961, 0.0 ], [ -53.252117211999973, -18.230896185999939, 0.0 ], [ -53.241772219999973, -18.262667263999958, 0.0 ], [ -53.245863819999954, -18.284683969999946, 0.0 ], [ -53.264957953999954, -18.314299361999929, 0.0 ], [ -53.265067418999934, -18.34575878499993, 0.0 ], [ -53.278944904999946, -18.352555920999976, 0.0 ], [ -53.302734880999935, -18.338395220999928, 0.0 ], [ -53.315479511999968, -18.371531258999937, 0.0 ], [ -53.336437347999947, -18.391073024999969, 0.0 ], [ -53.337286989999939, -18.404384082999968, 0.0 ], [ -53.297353814999951, -18.452247248999981, 0.0 ], [ -53.305283806999967, -18.523900391999973, 0.0 ], [ -53.283476328999939, -18.579127121999932, 0.0 ], [ -53.308682375999979, -18.639168489999975, 0.0 ], [ -53.336720561999982, -18.648797765999973, 0.0 ], [ -53.376936949999958, -18.634637065999982, 0.0 ], [ -53.395062645999985, -18.643133485999954, 0.0 ], [ -53.435279033999961, -18.639168489999975, 0.0 ], [ -53.480876487999979, -18.668056317999969, 0.0 ], [ -53.491355405999968, -18.690996651999967, 0.0 ], [ -53.491638619999947, -18.718751624999982, 0.0 ], [ -53.526757155999974, -18.737443748999965, 0.0 ], [ -53.504100035999954, -18.766048362999982, 0.0 ], [ -53.508348245999969, -18.777943350999976, 0.0 ], [ -53.543466781999939, -18.789555124999936, 0.0 ], [ -53.580284602999939, -18.770579786999974, 0.0 ], [ -53.639476328999933, -18.817310096999961, 0.0 ], [ -53.664965588999962, -18.813345100999982, 0.0 ], [ -53.674028436999947, -18.778509778999933, 0.0 ], [ -53.70773090299997, -18.754436588999965, 0.0 ], [ -53.732653734999985, -18.742824814999949, 0.0 ], [ -53.74568157899995, -18.751038020999943, 0.0 ], [ -53.747380862999933, -18.838551146999976, 0.0 ], [ -53.735769088999973, -18.894061090999969, 0.0 ], [ -53.756160496999939, -18.928896412999961, 0.0 ], [ -53.741433368999935, -18.947588536999945, 0.0 ], [ -53.69441984499997, -18.947022108999931, 0.0 ], [ -53.688755564999951, -18.971944941999936, 0.0 ], [ -53.711917251999978, -19.00077719899997, 0.0 ], [ -53.708092945999965, -19.037053527999944, 0.0 ], [ -53.714812434999942, -19.064113329999941, 0.0 ], [ -53.758936485999982, -19.102912686999957, 0.0 ], [ -53.811070900999937, -19.104434859999969, 0.0 ], [ -53.822487196999987, -19.113948438999955, 0.0 ], [ -53.838089466999975, -19.143630806999965, 0.0 ], [ -53.840372725999941, -19.184729469999979, 0.0 ], [ -53.878046500999972, -19.266165709999939, 0.0 ], [ -53.903542892999951, -19.286334498999963, 0.0 ], [ -53.897834745999944, -19.295467534999943, 0.0 ], [ -53.844939243999931, -19.308406002999959, 0.0 ], [ -53.843417070999976, -19.352549010999951, 0.0 ], [ -53.874241068999936, -19.374620515999936, 0.0 ], [ -53.871196722999969, -19.417241351999962, 0.0 ], [ -53.858258254999953, -19.431321448999938, 0.0 ], [ -53.822487196999987, -19.431701991999944, 0.0 ], [ -53.814115246999961, -19.439312855999958, 0.0 ], [ -53.805362753999987, -19.49144727099997, 0.0 ], [ -53.816398505999985, -19.506288454999947, 0.0 ], [ -53.879188129999932, -19.518846379999957, 0.0 ], [ -53.876904870999965, -19.53482919299995, 0.0 ], [ -53.853311193999957, -19.564131017999955, 0.0 ], [ -53.849277435999966, -19.586397359999978, 0.0 ], [ -53.856291607999935, -19.602179246999981, 0.0 ], [ -53.877528961999985, -19.611921151999979, 0.0 ], [ -53.888245057999939, -19.643679763999955, 0.0 ], [ -53.978098689999968, -19.608685684999955, 0.0 ], [ -54.060221005999949, -19.615417022999964, 0.0 ], [ -54.111109915999975, -19.635072527999966, 0.0 ], [ -54.145843616999969, -19.618378810999957, 0.0 ], [ -54.204540878999978, -19.611647473999938, 0.0 ], [ -54.241159353999933, -19.620263585999965, 0.0 ], [ -54.295548559999986, -19.619455824999932, 0.0 ], [ -54.357750084999964, -19.597051078999982, 0.0 ], [ -54.400092844999961, -19.592992324999955, 0.0 ], [ -54.430985989999954, -19.550688197999932, 0.0 ], [ -54.453529635999985, -19.540112165999972, 0.0 ], [ -54.46883705099998, -19.540668798999945, 0.0 ], [ -54.488597530999982, -19.560707595999929, 0.0 ], [ -54.503626628999939, -19.555976213999941, 0.0 ], [ -54.514202659999967, -19.537885632999973, 0.0 ], [ -54.551287375999948, -19.535737290999975, 0.0 ], [ -54.593061292999948, -19.462924749999956, 0.0 ], [ -54.660643639999932, -19.38974473899998, 0.0 ], [ -54.684737967999979, -19.314479178999932, 0.0 ], [ -54.756342770999936, -19.278758584999935, 0.0 ], [ -54.779694479999932, -19.218230112999947, 0.0 ], [ -54.877230382999983, -19.130935722999936, 0.0 ], [ -54.868614867999952, -19.064076144999945, 0.0 ], [ -54.812502787999961, -19.00197710599997, 0.0 ], [ -54.822322093999958, -18.977735924999934, 0.0 ], [ -54.857114274999958, -18.960270991999948, 0.0 ], [ -54.941233702999966, -18.986677016999977, 0.0 ], [ -55.055115400999966, -19.00211328599994, 0.0 ], [ -55.073072021999963, -18.982394173999978, 0.0 ], [ -55.072350322999966, -18.967566614999953, 0.0 ], [ -55.012542891999942, -18.959895121999978, 0.0 ], [ -54.995941152999933, -18.948637504999965, 0.0 ], [ -54.983037669999931, -18.885783566999976, 0.0 ], [ -54.935715452999943, -18.821090166999966, 0.0 ], [ -54.915880376999951, -18.764366322999933, 0.0 ], [ -54.889930658999958, -18.719005809999942, 0.0 ], [ -54.882735017999948, -18.582687687999965, 0.0 ], [ -54.932807, -18.569371288999946, 0.0 ], [ -54.977192290999938, -18.535129803999951, 0.0 ], [ -55.022483122999972, -18.489229746999968, 0.0 ], [ -55.046277017999955, -18.421699829999966, 0.0 ], [ -55.150123288999964, -18.338810218999981, 0.0 ], [ -55.279262629999948, -18.284897495999928, 0.0 ], [ -55.376174128999935, -18.258142953999936, 0.0 ], [ -55.416118134999977, -18.255615429999978, 0.0 ], [ -55.49645611699998, -18.263319102999958, 0.0 ], [ -55.520888382999942, -18.289551392999954, 0.0 ], [ -55.67153157499996, -18.344110759999978, 0.0 ], [ -55.952210365999974, -18.39144744999993, 0.0 ], [ -56.085399085999939, -18.435824234999927, 0.0 ], [ -56.279651360999935, -18.531693473999951, 0.0 ], [ -56.365796073999945, -18.563735221999934, 0.0 ], [ -56.475172259999965, -18.645332355999926, 0.0 ], [ -56.540193679999959, -18.710521384999936, 0.0 ], [ -56.801993009999933, -18.888913773999946, 0.0 ], [ -56.863999697999986, -18.951693859999978, 0.0 ], [ -56.979939805999948, -19.095361797999942, 0.0 ], [ -57.041327355999954, -19.153264748999959, 0.0 ], [ -57.091657651999981, -19.185612380999942, 0.0 ], [ -57.222487851999972, -19.246929021999961, 0.0 ], [ -57.250437893999958, -19.282638386999963, 0.0 ], [ -57.258578302999979, -19.323718783999936, 0.0 ], [ -57.288206852999963, -19.340989857999944, 0.0 ], [ -57.271509913999978, -19.37617840799993, 0.0 ], [ -57.275309303999961, -19.386678346999929, 0.0 ], [ -57.307058796999968, -19.410188348999952, 0.0 ], [ -57.34752868299995, -19.419099561999928, 0.0 ], [ -57.404466466999963, -19.451289950999978, 0.0 ], [ -57.407827516999987, -19.507254978999981, 0.0 ], [ -57.434388560999935, -19.535779650999928, 0.0 ], [ -57.425836024999967, -19.546458848999976, 0.0 ], [ -57.406888531999982, -19.543208686999947, 0.0 ], [ -57.40191796299996, -19.559209384999974, 0.0 ], [ -57.414788612999985, -19.584329140999955, 0.0 ], [ -57.425706213999945, -19.586318527999936, 0.0 ], [ -57.437237934999985, -19.603738331999978, 0.0 ], [ -57.49309616499994, -19.635558695999975, 0.0 ], [ -57.48376534099998, -19.679318870999964, 0.0 ], [ -57.502747148999958, -19.688909045999935, 0.0 ], [ -57.536125606999974, -19.677678686999968, 0.0 ], [ -57.544327138999961, -19.686259849999942, 0.0 ], [ -57.545635502999971, -19.711188841999956, 0.0 ], [ -57.556186872999945, -19.720918231999974, 0.0 ], [ -57.601234363999936, -19.732528350999928, 0.0 ], [ -57.610062124999956, -19.746612036999977, 0.0 ], [ -57.64024705099996, -19.739028678999944, 0.0 ], [ -57.655345530999966, -19.74354912299998, 0.0 ], [ -57.655765129999963, -19.749118569999951, 0.0 ], [ -57.639384906999965, -19.748628340999971, 0.0 ], [ -57.635345134999966, -19.758609462999971, 0.0 ], [ -57.645705671999963, -19.803239438999981, 0.0 ], [ -57.661425904999987, -19.821729274999939, 0.0 ], [ -57.714213359999974, -19.839439100999982, 0.0 ], [ -57.753424351999968, -19.866368995999949, 0.0 ], [ -57.775133610999944, -19.890868889999979, 0.0 ], [ -57.759035630999961, -19.905479105999973, 0.0 ], [ -57.759645948999946, -19.916209826999932, 0.0 ], [ -57.807985490999954, -19.933528637999927, 0.0 ], [ -57.859008371999948, -19.970150840999963, 0.0 ], [ -58.131263467999986, -19.758362681999927, 0.0 ], [ -57.784445732999984, -19.033901312999944, 0.0 ], [ -57.710203333999971, -19.032593229999975, 0.0 ], [ -57.693197355999985, -19.010753363999982, 0.0 ], [ -57.701934731999984, -18.989564712999936, 0.0 ], [ -57.718159363999973, -18.975836177999952, 0.0 ], [ -57.719407412999942, -18.898457161999943, 0.0 ], [ -57.764337163999983, -18.897209112999974, 0.0 ], [ -57.557834424999953, -18.240348521999977, 0.0 ], [ -57.453919022999969, -18.231194094999978, 0.0 ], [ -57.47428, -18.216970697999955, 0.0 ], [ -57.483115316999942, -18.197196505999955, 0.0 ], [ -57.505140605999941, -18.200341555999955, 0.0 ], [ -57.574481092999974, -18.132263813999941, 0.0 ], [ -57.599584332999939, -18.045950246999951, 0.0 ], [ -57.718982481999944, -17.827872398999943, 0.0 ], [ -57.683167265999941, -17.828137112999968, 0.0 ], [ -57.68266762899998, -17.808753894999938, 0.0 ], [ -57.719594670999982, -17.771296358999962, 0.0 ], [ -57.709061559999952, -17.729488011999933, 0.0 ], [ -57.73045187699995, -17.717982613999936, 0.0 ], [ -57.76224740899994, -17.660612553999954, 0.0 ], [ -57.775177085999985, -17.656404426999927, 0.0 ], [ -57.782793335999941, -17.638903257999971, 0.0 ], [ -57.771612033999986, -17.612489456999981, 0.0 ], [ -57.779763234999962, -17.614376834999973, 0.0 ], [ -57.783441526999979, -17.606979829999943, 0.0 ], [ -57.773880703999964, -17.597581053999932, 0.0 ], [ -57.786520436999979, -17.592395521999947, 0.0 ], [ -57.777445755999963, -17.584131080999953, 0.0 ], [ -57.790085489999967, -17.586075655999934, 0.0 ], [ -57.78036261799997, -17.575866639999958, 0.0 ], [ -57.793440808999947, -17.556344599999932, 0.0 ], [ -57.752294742999936, -17.564463113999977, 0.0 ], [ -57.740051465999954, -17.53630515499998, 0.0 ], [ -57.728385098999979, -17.52975915199994, 0.0 ], [ -57.712139024999942, -17.543133807999936, 0.0 ], [ -57.699834276999979, -17.611117748999959, 0.0 ], [ -57.686756766999963, -17.62932077399995, 0.0 ], [ -57.690881016999981, -17.638894249999964, 0.0 ], [ -57.668843730999981, -17.67190452799997, 0.0 ], [ -57.671384970999952, -17.681447479999974, 0.0 ], [ -57.68169134599998, -17.684414894999975, 0.0 ], [ -57.685360987999957, -17.715634306999959, 0.0 ], [ -57.663554178999959, -17.729853773999935, 0.0 ], [ -57.639882392999937, -17.719073143999935, 0.0 ], [ -57.612382302999947, -17.750944794999953, 0.0 ], [ -57.620028768999987, -17.754763477999973, 0.0 ], [ -57.613671612999951, -17.771294248999936, 0.0 ], [ -57.601712591999956, -17.77411327599998, 0.0 ], [ -57.612931542999945, -17.780344593999928, 0.0 ], [ -57.605561527999953, -17.803743869999948, 0.0 ], [ -57.576157614999943, -17.800870135999958, 0.0 ], [ -57.573602127999948, -17.816393300999948, 0.0 ], [ -57.558732514999974, -17.816273103999947, 0.0 ], [ -57.551061165999954, -17.829372723999938, 0.0 ], [ -57.531027929999937, -17.839113474999976, 0.0 ], [ -57.534776860999955, -17.853633846999969, 0.0 ], [ -57.51911103599997, -17.861657661999971, 0.0 ], [ -57.477585806999969, -17.85905327699993, 0.0 ], [ -57.477668998999945, -17.878882119999957, 0.0 ], [ -57.45246892199998, -17.902643452999939, 0.0 ], [ -57.446166620999975, -17.874255155999947, 0.0 ], [ -57.421374918999959, -17.854188851999936, 0.0 ], [ -57.41074998299996, -17.858093144999941, 0.0 ], [ -57.398277163999978, -17.839458544999957, 0.0 ], [ -57.385686380999971, -17.844272906999947, 0.0 ], [ -57.376497761999985, -17.825763606999942, 0.0 ], [ -57.353456397999935, -17.837858429999926, 0.0 ], [ -57.32522634299994, -17.829150751999975, 0.0 ], [ -57.305663005999975, -17.812553203999983, 0.0 ], [ -57.298891939999976, -17.818103558999951, 0.0 ], [ -57.289954162999948, -17.813422916999968, 0.0 ], [ -57.290953583999965, -17.823013042999946, 0.0 ], [ -57.281702992999953, -17.822292045999973, 0.0 ], [ -57.282610904999956, -17.814882017999935, 0.0 ], [ -57.259142996999969, -17.820102363999979, 0.0 ], [ -57.249152377999962, -17.811711935999938, 0.0 ], [ -57.230922034999935, -17.811633693999966, 0.0 ], [ -57.249003646999938, -17.795062732999952, 0.0 ], [ -57.239634792999937, -17.797622366999974, 0.0 ], [ -57.224784286999977, -17.784223242999929, 0.0 ], [ -57.20485258399998, -17.78977356799993, 0.0 ], [ -57.172874172999968, -17.778003276999982, 0.0 ], [ -57.155605122999987, -17.780313030999935, 0.0 ], [ -57.146503329999973, -17.769393467999976, 0.0 ], [ -57.115585340999985, -17.781302850999964, 0.0 ], [ -57.112094931999934, -17.772752220999962, 0.0 ], [ -57.099022035999951, -17.771613506999927, 0.0 ], [ -57.09042379899995, -17.75310271799998, 0.0 ], [ -57.078224468999963, -17.750003255999957, 0.0 ], [ -57.073303567999972, -17.736712874999967, 0.0 ], [ -57.045975231999932, -17.731862437999951, 0.0 ], [ -57.032005976999983, -17.69411226099993, 0.0 ], [ -57.018925450999973, -17.693421772999955, 0.0 ], [ -57.009884719999945, -17.671271770999965, 0.0 ], [ -56.996094662999951, -17.671012340999937, 0.0 ], [ -56.984223413999985, -17.659892500999945, 0.0 ], [ -56.982155900999942, -17.642981987999974, 0.0 ], [ -56.958165460999965, -17.616403100999946, 0.0 ], [ -56.958955126999967, -17.604793101999974, 0.0 ], [ -56.978615956999931, -17.611602362999975, 0.0 ], [ -56.972726134999959, -17.595353688999978, 0.0 ], [ -56.978455812999982, -17.58217205099993, 0.0 ], [ -56.947755318999953, -17.570472335999966, 0.0 ], [ -56.937944020999964, -17.549262653999961, 0.0 ], [ -56.906003760999965, -17.535873029999948, 0.0 ], [ -56.894334649999962, -17.541272693999929, 0.0 ], [ -56.873216613999944, -17.53430321299993, 0.0 ], [ -56.859933963999936, -17.511592443999973, 0.0 ], [ -56.861517117999938, -17.485482820999948, 0.0 ], [ -56.84561754899994, -17.483111957999938, 0.0 ], [ -56.845175095999934, -17.462852153999961, 0.0 ], [ -56.822256530999937, -17.456512092999958, 0.0 ], [ -56.823935017999986, -17.444272672999944, 0.0 ], [ -56.837385574999985, -17.442083072999935, 0.0 ], [ -56.816797785999938, -17.432262114999958, 0.0 ], [ -56.824537795999959, -17.419933063999963, 0.0 ], [ -56.838285897999981, -17.41785218299998, 0.0 ], [ -56.829355755999984, -17.410333414999968, 0.0 ], [ -56.827177616999961, -17.393132985999955, 0.0 ], [ -56.783045627999968, -17.388643001999981, 0.0 ], [ -56.786055444999931, -17.373332761999961, 0.0 ], [ -56.760584871999981, -17.362312074999977, 0.0 ], [ -56.758345682999959, -17.351283809999927, 0.0 ], [ -56.766345077999972, -17.34404355199996, 0.0 ], [ -56.755496149999942, -17.338222315999928, 0.0 ], [ -56.754668389999949, -17.328042821999929, 0.0 ], [ -56.733767783999951, -17.323602479999977, 0.0 ], [ -56.731166203999976, -17.311393567999971, 0.0 ], [ -56.693877718999943, -17.318153110999958, 0.0 ], [ -56.69591006099995, -17.326938776999953, 0.0 ], [ -56.682246764999945, -17.319192587999964, 0.0 ], [ -56.675166711999964, -17.324502615999961, 0.0 ], [ -56.680846729999985, -17.339803337999967, 0.0 ], [ -56.695327255999985, -17.334613487999945, 0.0 ], [ -56.695735382999942, -17.352723715999957, 0.0 ], [ -56.692405207999968, -17.33712354599993, 0.0 ], [ -56.679626025999937, -17.342582334999975, 0.0 ], [ -56.673637002999953, -17.334243415999936, 0.0 ], [ -56.659797341999933, -17.33937223199996, 0.0 ], [ -56.653808316999971, -17.332112868999957, 0.0 ], [ -56.657817562999981, -17.323533646999977, 0.0 ], [ -56.644626371999948, -17.339122335999946, 0.0 ], [ -56.647216585999956, -17.319022756999971, 0.0 ], [ -56.629318083999976, -17.334413070999972, 0.0 ], [ -56.621726901999978, -17.32393220199998, 0.0 ], [ -56.612197816999981, -17.332883343999981, 0.0 ], [ -56.593738591999966, -17.333842696999966, 0.0 ], [ -56.574218891999976, -17.33265247199995, 0.0 ], [ -56.571617316999948, -17.318063195999969, 0.0 ], [ -56.548366846999954, -17.323983538999983, 0.0 ], [ -56.531387740999946, -17.314563131999932, 0.0 ], [ -56.524136023999972, -17.321341814999982, 0.0 ], [ -56.504898643999979, -17.30606204399993, 0.0 ], [ -56.511719314999937, -17.294362414999966, 0.0 ], [ -56.500046417999954, -17.288312295999958, 0.0 ], [ -56.498210240999981, -17.29871084499996, 0.0 ], [ -56.472767608999959, -17.310363032999931, 0.0 ], [ -56.467181475999951, -17.302621644999931, 0.0 ], [ -56.463962400999947, -17.315667572999928, 0.0 ], [ -56.451439744999959, -17.312352344999965, 0.0 ], [ -56.450877607999985, -17.326391599999965, 0.0 ], [ -56.441487205999977, -17.332152454999971, 0.0 ], [ -56.420529414999976, -17.313653084999942, 0.0 ], [ -56.411489685999982, -17.317389720999927, 0.0 ], [ -56.389569520999942, -17.303391508999937, 0.0 ], [ -56.379002702999969, -17.28652680099998, 0.0 ], [ -56.360654858999965, -17.28084430399997, 0.0 ], [ -56.356038592999937, -17.268582418999927, 0.0 ], [ -56.34445605999997, -17.271939516999964, 0.0 ], [ -56.351707503999933, -17.277537027999927, 0.0 ], [ -56.335873647999961, -17.289948513999946, 0.0 ], [ -56.334474668999974, -17.282287595999946, 0.0 ], [ -56.322710721999954, -17.285319552999965, 0.0 ], [ -56.313540993999936, -17.269429054999932, 0.0 ], [ -56.297849826999936, -17.276588066999977, 0.0 ], [ -56.281706062999945, -17.263434158999928, 0.0 ], [ -56.282228446999966, -17.252343135999979, 0.0 ], [ -56.268126440999936, -17.248127794999959, 0.0 ], [ -56.269319606999943, -17.240912398999967, 0.0 ], [ -56.256338253999957, -17.244421881999926, 0.0 ], [ -56.261110447999954, -17.230311366999956, 0.0 ], [ -56.24946039799994, -17.241452133999928, 0.0 ], [ -56.240988006999942, -17.238711262999971, 0.0 ], [ -56.242425081999954, -17.230106536999926, 0.0 ], [ -56.248678398999971, -17.237152979999962, 0.0 ], [ -56.249208677999945, -17.220791789999964, 0.0 ], [ -56.208765611999979, -17.227269239999941, 0.0 ], [ -56.21129080999998, -17.212462338999956, 0.0 ], [ -56.187838179999972, -17.210923061999949, 0.0 ], [ -56.184130360999973, -17.191012296999929, 0.0 ], [ -56.137671410999985, -17.19119148599998, 0.0 ], [ -56.138819651999938, -17.181002460999935, 0.0 ], [ -56.111769806999973, -17.16916161499995, 0.0 ], [ -56.103449981999972, -17.175482531999933, 0.0 ] ], [ [ -55.815792528999964, -17.305011492999938, 0.0 ], [ -55.815262294999968, -17.302520500999947, 0.0 ], [ -55.818321656999956, -17.306190235999964, 0.0 ], [ -55.815792528999964, -17.305011492999938, 0.0 ] ] ] ] } },
{ "type": "Feature", "properties": { "nome_bacia": null, "rio_principal": null, "area_km2": null }, "geometry": { "type": "MultiPolygon", "coordinates": [ [ [ [ -55.059032563999949, -19.001755924999941, 0.0 ], [ -54.941233702999966, -18.986677016999977, 0.0 ], [ -54.857114274999958, -18.960270991999948, 0.0 ], [ -54.822322093999958, -18.977735924999934, 0.0 ], [ -54.812502787999961, -19.00197710599997, 0.0 ], [ -54.868614867999952, -19.064076144999945, 0.0 ], [ -54.877230382999983, -19.130935722999936, 0.0 ], [ -54.779694479999932, -19.218230112999947, 0.0 ], [ -54.76707179899995, -19.238615625999955, 0.0 ], [ -54.756342770999936, -19.278758584999935, 0.0 ], [ -54.754660803999968, -19.38619754299998, 0.0 ], [ -54.78000336499997, -19.422762604999946, 0.0 ], [ -54.796372340999937, -19.474192159999973, 0.0 ], [ -54.817021039999986, -19.490742270999931, 0.0 ], [ -54.811942337999938, -19.538513819999935, 0.0 ], [ -54.819084263999969, -19.583587307999949, 0.0 ], [ -54.835034564999944, -19.605876068999976, 0.0 ], [ -54.837266416999967, -19.646297385999958, 0.0 ], [ -54.881159502999935, -19.649273188999928, 0.0 ], [ -54.896415174999959, -19.657479262999971, 0.0 ], [ -54.914506421999931, -19.718519687999958, 0.0 ], [ -54.898470315999987, -19.762363377999975, 0.0 ], [ -54.910837450999963, -19.803928288999941, 0.0 ], [ -54.926007978999962, -19.816639330999976, 0.0 ], [ -54.968407629999945, -19.810961883999937, 0.0 ], [ -54.982693316999985, -19.838319971999965, 0.0 ], [ -55.002128746999972, -19.852117423999971, 0.0 ], [ -55.112679391999961, -19.868523959999948, 0.0 ], [ -55.115385723999964, -19.895716234999952, 0.0 ], [ -55.103413229999944, -19.925268819999928, 0.0 ], [ -55.139058621999936, -19.954603327999962, 0.0 ], [ -55.11935555599996, -20.023382970999933, 0.0 ], [ -55.148636236999948, -20.04006246299997, 0.0 ], [ -55.14169945499998, -20.064723068999967, 0.0 ], [ -55.211979706999955, -20.079465489999961, 0.0 ], [ -55.25094934699996, -20.113742384999966, 0.0 ], [ -55.276894048999964, -20.123922010999934, 0.0 ], [ -55.289512925999986, -20.14424175399995, 0.0 ], [ -55.335436223999977, -20.182764070999951, 0.0 ], [ -55.35511318999994, -20.234794099999931, 0.0 ], [ -55.373998838999967, -20.229588146999959, 0.0 ], [ -55.423774452999965, -20.243881774999977, 0.0 ], [ -55.477602959999956, -20.212387859999978, 0.0 ], [ -55.610148631999948, -20.268165795999948, 0.0 ], [ -55.665873630999954, -20.246756255999969, 0.0 ], [ -55.81814, -20.242090400999928, 0.0 ], [ -55.856000017999975, -20.231274350999968, 0.0 ], [ -55.88051218399994, -20.204978453999956, 0.0 ], [ -55.90358228499997, -20.16168732999995, 0.0 ], [ -55.923843961999978, -20.056980330999977, 0.0 ], [ -56.007616753999969, -19.831623081999965, 0.0 ], [ -56.028419665999934, -19.729632213999935, 0.0 ], [ -56.073710460999962, -19.696864155999947, 0.0 ], [ -56.120420936999949, -19.686568807999947, 0.0 ], [ -56.272880845999964, -19.694527450999942, 0.0 ], [ -56.415451098999938, -19.654419553999958, 0.0 ], [ -56.635414078999986, -19.636972256999968, 0.0 ], [ -56.864313031999984, -19.550969634999944, 0.0 ], [ -56.970754285999931, -19.531357471999968, 0.0 ], [ -57.204307490999952, -19.460976301999949, 0.0 ], [ -57.290679972999953, -19.397887392999962, 0.0 ], [ -57.271380209999961, -19.378219265999974, 0.0 ], [ -57.288206852999963, -19.340989857999944, 0.0 ], [ -57.258578302999979, -19.323718783999936, 0.0 ], [ -57.250437893999958, -19.282638386999963, 0.0 ], [ -57.222487851999972, -19.246929021999961, 0.0 ], [ -57.091657651999981, -19.185612380999942, 0.0 ], [ -57.041327355999954, -19.153264748999959, 0.0 ], [ -56.979939805999948, -19.095361797999942, 0.0 ], [ -56.863999697999986, -18.951693859999978, 0.0 ], [ -56.801993009999933, -18.888913773999946, 0.0 ], [ -56.540193679999959, -18.710521384999936, 0.0 ], [ -56.475172259999965, -18.645332355999926, 0.0 ], [ -56.36247848499994, -18.561584453999956, 0.0 ], [ -56.279651360999935, -18.531693473999951, 0.0 ], [ -56.070454001999963, -18.430116260999966, 0.0 ], [ -55.925163718999954, -18.384228803999974, 0.0 ], [ -55.663842781999961, -18.342012485999931, 0.0 ], [ -55.520888382999942, -18.289551392999954, 0.0 ], [ -55.492639124999982, -18.26224085299998, 0.0 ], [ -55.376174128999935, -18.258142953999936, 0.0 ], [ -55.256202394999946, -18.29244652999995, 0.0 ], [ -55.163886804999947, -18.33088982299995, 0.0 ], [ -55.046277017999955, -18.421699829999966, 0.0 ], [ -55.022483122999972, -18.489229746999968, 0.0 ], [ -54.974182416999952, -18.537861002999932, 0.0 ], [ -54.932807, -18.569371288999946, 0.0 ], [ -54.880894320999971, -18.585633983999969, 0.0 ], [ -54.892593986999941, -18.726375344999951, 0.0 ], [ -54.915880376999951, -18.764366322999933, 0.0 ], [ -54.935715452999943, -18.821090166999966, 0.0 ], [ -54.981391060999954, -18.882227643999954, 0.0 ], [ -54.998357278999947, -18.951979218999952, 0.0 ], [ -55.075076988999967, -18.970300884999972, 0.0 ], [ -55.059032563999949, -19.001755924999941, 0.0 ] ] ] ] } },
{ "type": "Feature", "properties": { "nome_bacia": null, "rio_principal": null, "area_km2": null }, "geometry": { "type": "MultiPolygon", "coordinates": [ [ [ [ -57.434285570999975, -19.533458411999959, 0.0 ], [ -57.40718656599995, -19.505318970999951, 0.0 ], [ -57.409257563999972, -19.500989629999935, 0.0 ], [ -57.405736664999949, -19.483529791999956, 0.0 ], [ -57.40779665499997, -19.460288808999962, 0.0 ], [ -57.396448041999975, -19.441739858999938, 0.0 ], [ -57.34752868299995, -19.419099561999928, 0.0 ], [ -57.307058796999968, -19.410188348999952, 0.0 ], [ -57.292677500999957, -19.396869329999959, 0.0 ], [ -57.204307490999952, -19.460976301999949, 0.0 ], [ -56.970754285999931, -19.531357471999968, 0.0 ], [ -56.864313031999984, -19.550969634999944, 0.0 ], [ -56.635414078999986, -19.636972256999968, 0.0 ], [ -56.415451098999938, -19.654419553999958, 0.0 ], [ -56.272880845999964, -19.694527450999942, 0.0 ], [ -56.120420936999949, -19.686568807999947, 0.0 ], [ -56.073710460999962, -19.696864155999947, 0.0 ], [ -56.028419665999934, -19.729632213999935, 0.0 ], [ -56.007616753999969, -19.831623081999965, 0.0 ], [ -55.923843961999978, -20.056980330999977, 0.0 ], [ -55.90358228499997, -20.16168732999995, 0.0 ], [ -55.875859640999977, -20.211512246999973, 0.0 ], [ -55.838063115999944, -20.239807689999964, 0.0 ], [ -55.665873630999954, -20.246756255999969, 0.0 ], [ -55.61413810199997, -20.267781419999949, 0.0 ], [ -55.477602959999956, -20.212387859999978, 0.0 ], [ -55.423774452999965, -20.243881774999977, 0.0 ], [ -55.373998838999967, -20.229588146999959, 0.0 ], [ -55.35511318999994, -20.234794099999931, 0.0 ], [ -55.335436223999977, -20.182764070999951, 0.0 ], [ -55.289512925999986, -20.14424175399995, 0.0 ], [ -55.276894048999964, -20.123922010999934, 0.0 ], [ -55.25094934699996, -20.113742384999966, 0.0 ], [ -55.211979706999955, -20.079465489999961, 0.0 ], [ -55.14169945499998, -20.064723068999967, 0.0 ], [ -55.148636236999948, -20.04006246299997, 0.0 ], [ -55.11935555599996, -20.023382970999933, 0.0 ], [ -55.139058621999936, -19.954603327999962, 0.0 ], [ -55.103413229999944, -19.925268819999928, 0.0 ], [ -55.115385723999964, -19.895716234999952, 0.0 ], [ -55.112679391999961, -19.868523959999948, 0.0 ], [ -55.005959805999964, -19.853303646999962, 0.0 ], [ -54.982693316999985, -19.838319971999965, 0.0 ], [ -54.968407629999945, -19.810961883999937, 0.0 ], [ -54.929975070999944, -19.817107940999961, 0.0 ], [ -54.913343599999962, -19.807060618999969, 0.0 ], [ -54.898470315999987, -19.762363377999975, 0.0 ], [ -54.914506421999931, -19.718519687999958, 0.0 ], [ -54.896420537999973, -19.657453148999934, 0.0 ], [ -54.87757363299994, -19.64861469799996, 0.0 ], [ -54.836961866999957, -19.64647204299996, 0.0 ], [ -54.834699392999937, -19.602956414999937, 0.0 ], [ -54.819108759999949, -19.583468123999978, 0.0 ], [ -54.811870250999959, -19.537809840999955, 0.0 ], [ -54.816881525999975, -19.491037941999934, 0.0 ], [ -54.798137553999936, -19.47695544499993, 0.0 ], [ -54.778462902999934, -19.41947460199998, 0.0 ], [ -54.755705568999986, -19.39007019099995, 0.0 ], [ -54.756342770999936, -19.278758584999935, 0.0 ], [ -54.684737967999979, -19.314479178999932, 0.0 ], [ -54.662713548999932, -19.38630894299996, 0.0 ], [ -54.634463757999981, -19.42519505599995, 0.0 ], [ -54.587888835999934, -19.46923989499993, 0.0 ], [ -54.553554640999948, -19.534436286999949, 0.0 ], [ -54.513048006999952, -19.538294060999931, 0.0 ], [ -54.503403570999978, -19.556425601999933, 0.0 ], [ -54.489129804999948, -19.560669153999982, 0.0 ], [ -54.469840930999965, -19.541380280999931, 0.0 ], [ -54.453638277999971, -19.54022294899994, 0.0 ], [ -54.432034739999949, -19.550253162999979, 0.0 ], [ -54.400015209999935, -19.593074460999958, 0.0 ], [ -54.355650801999957, -19.60001845599993, 0.0 ], [ -54.345620587999974, -19.623165103999952, 0.0 ], [ -54.344741861999978, -19.696630267999979, 0.0 ], [ -54.335640096999953, -19.727727963999939, 0.0 ], [ -54.341328699999963, -19.794474235999928, 0.0 ], [ -54.312127205999957, -19.855152665999981, 0.0 ], [ -54.316678087999946, -19.867667591999975, 0.0 ], [ -54.378873477999946, -19.902178448999962, 0.0 ], [ -54.387975242999971, -19.931000703999928, 0.0 ], [ -54.382286639999961, -19.959822957999961, 0.0 ], [ -54.398973207999973, -20.006090259999951, 0.0 ], [ -54.399731688999964, -20.030740872999957, 0.0 ], [ -54.412765929999978, -20.029656965999948, 0.0 ], [ -54.388938225999937, -20.065745527999979, 0.0 ], [ -54.362797152999974, -20.085177829999964, 0.0 ], [ -54.366035869999962, -20.098826708999979, 0.0 ], [ -54.424101439999959, -20.127512488999969, 0.0 ], [ -54.428638199999966, -20.153652395999927, 0.0 ], [ -54.514162024999962, -20.251483820999965, 0.0 ], [ -54.604898486999957, -20.270270664999941, 0.0 ], [ -54.616490369999951, -20.337823361999938, 0.0 ], [ -54.646869097999968, -20.395782776999965, 0.0 ], [ -54.696434389999979, -20.418566821999946, 0.0 ], [ -54.718418994999979, -20.455740790999982, 0.0 ], [ -54.76878372799996, -20.480523437999977, 0.0 ], [ -54.782374210999933, -20.496512241999937, 0.0 ], [ -54.791567773999986, -20.52209432799998, 0.0 ], [ -54.785971691999976, -20.54487837399995, 0.0 ], [ -54.793566373999965, -20.56766241899993, 0.0 ], [ -54.764386806999937, -20.622424072999934, 0.0 ], [ -54.77557896999997, -20.642410077999955, 0.0 ], [ -54.853524388999972, -20.68837788899998, 0.0 ], [ -54.830340622999984, -20.726751018999948, 0.0 ], [ -54.823945101999982, -20.773917990999962, 0.0 ], [ -54.804358816999979, -20.783910992999949, 0.0 ], [ -54.803441959999986, -20.809794241999953, 0.0 ], [ -54.809954897999944, -20.830278524999983, 0.0 ], [ -54.856722149999939, -20.86225613299996, 0.0 ], [ -54.848727747999931, -20.889836819999971, 0.0 ], [ -54.857121869999958, -20.900229541999977, 0.0 ], [ -54.911084082999935, -20.898230941999941, 0.0 ], [ -54.941063090999933, -20.90542590299998, 0.0 ], [ -54.973840138999947, -20.930608269999937, 0.0 ], [ -54.978237059999969, -20.966183358999956, 0.0 ], [ -55.029001512999969, -20.974177760999964, 0.0 ], [ -55.139324259999967, -20.968981398999972, 0.0 ], [ -55.161708585999975, -20.974577480999983, 0.0 ], [ -55.178896549999934, -20.987768243999938, 0.0 ], [ -55.198694566999961, -21.036217353999973, 0.0 ], [ -55.251782035999952, -21.000204800999938, 0.0 ], [ -55.27351374899996, -21.00113615999993, 0.0 ], [ -55.314493549999952, -21.057638613999927, 0.0 ], [ -55.351127008999981, -21.08309576299996, 0.0 ], [ -55.365097394999964, -21.11010517699998, 0.0 ], [ -55.404835383999966, -21.137735497999927, 0.0 ], [ -55.429050720999953, -21.197652933999962, 0.0 ], [ -55.453886963999935, -21.188960248999933, 0.0 ], [ -55.510078963999945, -21.198584292999954, 0.0 ], [ -55.566933085999949, -21.246381171999928, 0.0 ], [ -55.569734488999984, -21.276574064999977, 0.0 ], [ -55.591834440999946, -21.290269810999973, 0.0 ], [ -55.597748512999942, -21.308323292999944, 0.0 ], [ -55.594947110999954, -21.324197906999927, 0.0 ], [ -55.580940098999974, -21.339449986999966, 0.0 ], [ -55.579383763999942, -21.405127310999944, 0.0 ], [ -55.593079508999949, -21.492904586999941, 0.0 ], [ -55.627630138999962, -21.538660826999944, 0.0 ], [ -55.629497740999966, -21.558581910999976, 0.0 ], [ -55.613623126999983, -21.584105799999975, 0.0 ], [ -55.632610409999984, -21.615855027999942, 0.0 ], [ -55.627630138999962, -21.666591538999967, 0.0 ], [ -55.640703350999956, -21.719506917999979, 0.0 ], [ -55.658134298999983, -21.747520942999927, 0.0 ], [ -55.688015924999945, -21.738182934999941, 0.0 ], [ -55.737507368999957, -21.76028288699996, 0.0 ], [ -55.725679224999965, -21.802926457999945, 0.0 ], [ -55.776727002999962, -21.827205278999941, 0.0 ], [ -55.784508675999973, -21.86051084099995, 0.0 ], [ -55.774236866999956, -21.896306538999966, 0.0 ], [ -55.804741026999977, -21.898796674999971, 0.0 ], [ -55.809721297999943, -21.906578347999982, 0.0 ], [ -55.797581887999968, -21.946420515999932, 0.0 ], [ -55.829642381999975, -21.937705041999948, 0.0 ], [ -55.848007131999964, -21.941128977999938, 0.0 ], [ -55.845516995999958, -21.977858476999927, 0.0 ], [ -55.879756358999941, -22.018011911999963, 0.0 ], [ -55.932049204999942, -22.008051369999976, 0.0 ], [ -55.975626575999968, -21.987507751999942, 0.0 ], [ -56.033210959999963, -21.951400786999955, 0.0 ], [ -56.059357382999963, -21.906267080999953, 0.0 ], [ -56.073986928999943, -21.894438936999961, 0.0 ], [ -56.116941765999968, -21.872338984999942, 0.0 ], [ -56.147757192999961, -21.873584052999945, 0.0 ], [ -56.160207870999955, -21.806350393999935, 0.0 ], [ -56.224640126999986, -21.796389851999947, 0.0 ], [ -56.246740078999949, -21.771177229999978, 0.0 ], [ -56.260747091999974, -21.767442026999959, 0.0 ], [ -56.281913242999963, -21.666902805999939, 0.0 ], [ -56.353193371999964, -21.628928238999947, 0.0 ], [ -56.375915858999974, -21.643869051999957, 0.0 ], [ -56.462136800999986, -21.637643713999978, 0.0 ], [ -56.494819828999937, -21.627683170999944, 0.0 ], [ -56.528125390999946, -21.601536748999933, 0.0 ], [ -56.547423941999966, -21.551734038999939, 0.0 ], [ -56.568278825999982, -21.541462229999979, 0.0 ], [ -56.583530905999964, -21.543329830999937, 0.0 ], [ -56.604054210999948, -21.569601366999962, 0.0 ], [ -56.622439273999987, -21.563562181999941, 0.0 ], [ -56.681579991999968, -21.579748062999954, 0.0 ], [ -56.700567274999969, -21.560138245999951, 0.0 ], [ -56.769668534999937, -21.528389017999928, 0.0 ], [ -56.768734734999953, -21.506600332999938, 0.0 ], [ -56.751926319999939, -21.476096172999974, 0.0 ], [ -56.661347640999963, -21.348165460999951, 0.0 ], [ -56.660102572999961, -21.318906368999933, 0.0 ], [ -56.673798317999967, -21.290892343999928, 0.0 ], [ -56.676910987999975, -21.257275514999947, 0.0 ], [ -56.662592708999966, -21.19222072499997, 0.0 ], [ -56.676288453999973, -21.176968644999931, 0.0 ], [ -56.68189125899994, -21.123741998999947, 0.0 ], [ -56.719865824999943, -21.03503092099993, 0.0 ], [ -56.726654443999962, -20.97388342499994, 0.0 ], [ -56.749330469999961, -20.956098306999934, 0.0 ], [ -56.775785832999986, -20.953652852999937, 0.0 ], [ -56.809577556999955, -20.958988388999956, 0.0 ], [ -56.855715302999954, -20.97963630299995, 0.0 ], [ -56.871887600999969, -20.952169067999932, 0.0 ], [ -56.856485412999973, -20.89081701899994, 0.0 ], [ -56.864699912999981, -20.883629330999952, 0.0 ], [ -56.871630897999978, -20.851541438999959, 0.0 ], [ -56.847244099999955, -20.817656624999927, 0.0 ], [ -56.833166990999985, -20.778858230999958, 0.0 ], [ -56.870860787999959, -20.765802590999954, 0.0 ], [ -56.888363522999953, -20.731088657999976, 0.0 ], [ -56.890705734999983, -20.695154546999959, 0.0 ], [ -56.872659930999987, -20.605334169999935, 0.0 ], [ -56.914627315999951, -20.536756284999967, 0.0 ], [ -56.907747591999964, -20.486126355999943, 0.0 ], [ -56.972973149999973, -20.385547883999948, 0.0 ], [ -56.970049139999958, -20.317259824999951, 0.0 ], [ -56.978425858999969, -20.265832735999936, 0.0 ], [ -56.960058302999983, -20.212085277999961, 0.0 ], [ -56.99440326499996, -20.16690743099997, 0.0 ], [ -56.996893399999976, -20.148231413999952, 0.0 ], [ -56.996270865999975, -20.115548385999944, 0.0 ], [ -56.989291297999955, -20.106294547999937, 0.0 ], [ -56.943226369999934, -20.105181852999976, 0.0 ], [ -56.930418528999951, -20.095613335999928, 0.0 ], [ -56.912460660999955, -19.968586470999981, 0.0 ], [ -56.921189527999957, -19.909016406999967, 0.0 ], [ -56.946559485999956, -19.859099173999937, 0.0 ], [ -56.997981050999954, -19.792208294999966, 0.0 ], [ -57.057925774999944, -19.732005793999974, 0.0 ], [ -57.102594045999979, -19.699358636999932, 0.0 ], [ -57.290465213999937, -19.718535221999957, 0.0 ], [ -57.394727348999936, -19.721210893999967, 0.0 ], [ -57.433196237999937, -19.709851630999935, 0.0 ], [ -57.479538480999963, -19.678141720999974, 0.0 ], [ -57.49309616499994, -19.635558695999975, 0.0 ], [ -57.439278782999963, -19.605159307999941, 0.0 ], [ -57.411087599999973, -19.579321092999976, 0.0 ], [ -57.401307646999953, -19.547458235999954, 0.0 ], [ -57.42831556799996, -19.54540981599996, 0.0 ], [ -57.434285570999975, -19.533458411999959, 0.0 ] ], [ [ -56.085524574999965, -20.765552309999975, 0.0 ], [ -56.085074931999941, -20.76571686799997, 0.0 ], [ -56.084573941999963, -20.765050659999929, 0.0 ], [ -56.085524574999965, -20.765552309999975, 0.0 ] ] ], [ [ [ -57.407192742999939, -19.505337501999975, 0.0 ], [ -57.407571917999974, -19.506410800999959, 0.0 ], [ -57.407192960999964, -19.505337091999934, 0.0 ], [ -57.407192742999939, -19.505337501999975, 0.0 ] ] ], [ [ [ -57.407823868999969, -19.507244141999934, 0.0 ], [ -57.407828818999974, -19.507245729999966, 0.0 ], [ -57.407780748999983, -19.507101520999981, 0.0 ], [ -57.407823868999969, -19.507244141999934, 0.0 ] ] ] ] } },
{ "type": "Feature", "properties": { "nome_bacia": null, "rio_principal": null, "area_km2": null }, "geometry": { "type": "MultiPolygon", "coordinates": [ [ [ [ -53.703979111999956, -17.228590670999949, 0.0 ], [ -53.680074905999959, -17.253569711999944, 0.0 ], [ -53.703168697999956, -17.650328738999974, 0.0 ], [ -53.734855074999984, -17.646435641999972, 0.0 ], [ -53.776129630999947, -17.660396740999943, 0.0 ], [ -53.786445562999972, -17.64927171599993, 0.0 ], [ -53.807077428999946, -17.650687627999957, 0.0 ], [ -53.816786541999932, -17.659789921999959, 0.0 ], [ -53.829125205999958, -17.631067128999973, 0.0 ], [ -53.873827580999944, -17.652103539999928, 0.0 ], [ -53.897898090999945, -17.649473988999944, 0.0 ], [ -53.912260538999931, -17.657337402999929, 0.0 ], [ -53.942398192999974, -17.644417158999943, 0.0 ], [ -53.953523217999987, -17.631067128999973, 0.0 ], [ -53.993573309999931, -17.632685313999957, 0.0 ], [ -54.008541525999931, -17.640978514999972, 0.0 ], [ -54.053446173999987, -17.630662581999957, 0.0 ], [ -54.076303043999985, -17.645023978999973, 0.0 ], [ -54.100171279999984, -17.644012612999973, 0.0 ], [ -54.110891758999969, -17.663026292999973, 0.0 ], [ -54.111445010999944, -17.683043470999962, 0.0 ], [ -54.140589011999964, -17.699687317999974, 0.0 ], [ -54.165821081999979, -17.703987707999943, 0.0 ], [ -54.176777797999932, -17.739314113999967, 0.0 ], [ -54.176158740999938, -17.79158164699993, 0.0 ], [ -54.194861567999965, -17.826850905999947, 0.0 ], [ -54.198203325999941, -17.853452564999941, 0.0 ], [ -54.282185677999962, -17.927207707999969, 0.0 ], [ -54.306046862999949, -18.008309814999961, 0.0 ], [ -54.351433382999971, -18.058101604999933, 0.0 ], [ -54.366035466999961, -18.099223077999966, 0.0 ], [ -54.391111712999987, -18.113154517999931, 0.0 ], [ -54.426823347999971, -18.116034576999937, 0.0 ], [ -54.527217546999964, -18.107467288999942, 0.0 ], [ -54.610431833999939, -18.089930472999981, 0.0 ], [ -54.65056885599995, -18.113968043999932, 0.0 ], [ -54.677060880999932, -18.09515967699997, 0.0 ], [ -54.695763715999931, -18.097438626999974, 0.0 ], [ -54.74298056799995, -18.129244298999936, 0.0 ], [ -54.810629568999957, -18.203771840999934, 0.0 ], [ -54.827389558999982, -18.315261516999954, 0.0 ], [ -54.878347461999965, -18.335348873999976, 0.0 ], [ -54.934586683999953, -18.333182741999963, 0.0 ], [ -54.985563795999951, -18.309895813999958, 0.0 ], [ -54.998351194999941, -18.255130105999967, 0.0 ], [ -55.013690284999939, -18.227273136999941, 0.0 ], [ -55.072438014999932, -18.180123784999978, 0.0 ], [ -55.280870409999977, -17.930758941999954, 0.0 ], [ -55.548003876999985, -17.494658624999943, 0.0 ], [ -55.548955655999976, -17.453433338999957, 0.0 ], [ -55.525330330999964, -17.471620750999932, 0.0 ], [ -55.525632548999965, -17.481119671999977, 0.0 ], [ -55.482084182999984, -17.48907891999994, 0.0 ], [ -55.483613891999937, -17.479219865999937, 0.0 ], [ -55.466672896999967, -17.486278905999939, 0.0 ], [ -55.452562351999973, -17.509779249999951, 0.0 ], [ -55.405714301999978, -17.513399284999934, 0.0 ], [ -55.382335044999934, -17.525475909999955, 0.0 ], [ -55.37665648899997, -17.516935265999962, 0.0 ], [ -55.357084767999936, -17.529680258999974, 0.0 ], [ -55.350672829999951, -17.548558439999965, 0.0 ], [ -55.337269250999952, -17.546353335999981, 0.0 ], [ -55.326944950999973, -17.554078926999978, 0.0 ], [ -55.32136410399994, -17.543809778999957, 0.0 ], [ -55.294302792999986, -17.542209458999935, 0.0 ], [ -55.296534668999982, -17.551115247999974, 0.0 ], [ -55.285624380999934, -17.551999831999979, 0.0 ], [ -55.289561809999952, -17.56031265699994, 0.0 ], [ -55.275674891999984, -17.565072068999939, 0.0 ], [ -55.267962414999943, -17.558059422999975, 0.0 ], [ -55.262843066999949, -17.579848899999945, 0.0 ], [ -55.256224609999947, -17.577298766999945, 0.0 ], [ -55.242533785999967, -17.602123955999957, 0.0 ], [ -55.226950517999967, -17.599543672999971, 0.0 ], [ -55.221499687999938, -17.61709928099998, 0.0 ], [ -55.209589455999946, -17.615763431999937, 0.0 ], [ -55.20450511599995, -17.623729107999964, 0.0 ], [ -55.204863710999973, -17.617518799999971, 0.0 ], [ -55.196925365999959, -17.618789072999959, 0.0 ], [ -55.192254817999981, -17.628245929999935, 0.0 ], [ -55.185233375999985, -17.621678671999973, 0.0 ], [ -55.170614020999949, -17.640834024999947, 0.0 ], [ -55.143091844999958, -17.639967148999972, 0.0 ], [ -55.127255961999936, -17.652722300999926, 0.0 ], [ -55.108215040999937, -17.630038386999956, 0.0 ], [ -55.096721908999939, -17.627733633999981, 0.0 ], [ -55.093366265999975, -17.636036769999976, 0.0 ], [ -55.072648209999954, -17.631632574999969, 0.0 ], [ -55.063815283999986, -17.642459869999982, 0.0 ], [ -55.031437044999961, -17.640573968999945, 0.0 ], [ -55.009904723999966, -17.630114403999983, 0.0 ], [ -54.991834137999945, -17.638399221999975, 0.0 ], [ -54.973754579999934, -17.617597585999931, 0.0 ], [ -54.966390818999969, -17.620934803999944, 0.0 ], [ -54.941425475999949, -17.609423896999942, 0.0 ], [ -54.913494215999947, -17.608629012999927, 0.0 ], [ -54.894776295999975, -17.621618904999934, 0.0 ], [ -54.879947234999975, -17.61714103199995, 0.0 ], [ -54.859707106999963, -17.623785293999958, 0.0 ], [ -54.849593446999961, -17.613064814999973, 0.0 ], [ -54.824107025999979, -17.609221623999929, 0.0 ], [ -54.820263834999935, -17.597489778999943, 0.0 ], [ -54.800238788999934, -17.58292610999996, 0.0 ], [ -54.757559145999949, -17.565126068999973, 0.0 ], [ -54.761200063999979, -17.554001043999961, 0.0 ], [ -54.746838666999963, -17.522041879999961, 0.0 ], [ -54.718318146999934, -17.518198688999973, 0.0 ], [ -54.698899920999963, -17.498780462999946, 0.0 ], [ -54.68069533399995, -17.507073663999961, 0.0 ], [ -54.653809918999968, -17.49017577199993, 0.0 ], [ -54.636080758999981, -17.495724369999948, 0.0 ], [ -54.613540634999936, -17.489475895999931, 0.0 ], [ -54.581394247999981, -17.468052495999927, 0.0 ], [ -54.554188444999966, -17.488668439999969, 0.0 ], [ -54.53599042999997, -17.477902312999959, 0.0 ], [ -54.48112845199995, -17.488092101999939, 0.0 ], [ -54.477609533999953, -17.513526235999962, 0.0 ], [ -54.46691487399994, -17.529074206999951, 0.0 ], [ -54.421101205999946, -17.537873354999931, 0.0 ], [ -54.403714411999943, -17.564542649999964, 0.0 ], [ -54.382940984999948, -17.571532951999927, 0.0 ], [ -54.384604513999932, -17.601364110999953, 0.0 ], [ -54.374416824999969, -17.608577536999974, 0.0 ], [ -54.386693135999963, -17.635362262999934, 0.0 ], [ -54.334739793999972, -17.662387133999971, 0.0 ], [ -54.301635376999968, -17.661610379999956, 0.0 ], [ -54.269861920999972, -17.652084037999941, 0.0 ], [ -54.243004621999944, -17.628694393999979, 0.0 ], [ -54.178832796999984, -17.60285108599993, 0.0 ], [ -54.154294433999951, -17.605876864999971, 0.0 ], [ -54.133546356999943, -17.618930736999971, 0.0 ], [ -54.076409712999975, -17.615749305999941, 0.0 ], [ -54.072055306999971, -17.587173846999974, 0.0 ], [ -54.052949915999932, -17.567135720999943, 0.0 ], [ -54.04578220999997, -17.537587148999933, 0.0 ], [ -54.057491636999941, -17.513546405999932, 0.0 ], [ -54.040861364999955, -17.500556075999953, 0.0 ], [ -54.036657498999944, -17.48644179799993, 0.0 ], [ -53.994989221999958, -17.468844030999946, 0.0 ], [ -53.973050115999968, -17.472244029999956, 0.0 ], [ -53.950893666999946, -17.459134917999961, 0.0 ], [ -53.877127368999936, -17.374693437999952, 0.0 ], [ -53.831323329999975, -17.355020413999966, 0.0 ], [ -53.833372942999972, -17.331905080999945, 0.0 ], [ -53.819416092999973, -17.294484540999974, 0.0 ], [ -53.78571326399998, -17.287515131999953, 0.0 ], [ -53.76001408999997, -17.244166637999967, 0.0 ], [ -53.734809497999947, -17.231520406999948, 0.0 ], [ -53.703979111999956, -17.228590670999949, 0.0 ] ] ] ] } },
{ "type": "Feature", "properties": { "nome_bacia": null, "rio_principal": null, "area_km2": null }, "geometry": { "type": "MultiPolygon", "coordinates": [ [ [ [ -56.770006537999961, -20.954067520999956, 0.0 ], [ -56.74057511999996, -20.960104734999959, 0.0 ], [ -56.726236736999965, -20.974443117999954, 0.0 ], [ -56.719135308999967, -21.037212503999967, 0.0 ], [ -56.681139268999971, -21.126217925999981, 0.0 ], [ -56.67609951299994, -21.177080043999979, 0.0 ], [ -56.663055722999957, -21.190772018999951, 0.0 ], [ -56.677083204999974, -21.258223315999942, 0.0 ], [ -56.659659984999962, -21.333462428999951, 0.0 ], [ -56.66244846799998, -21.350503157999981, 0.0 ], [ -56.761494200999948, -21.492220373999942, 0.0 ], [ -56.769421055999942, -21.528397422999944, 0.0 ], [ -56.700841352999987, -21.559840885999961, 0.0 ], [ -56.681625887999985, -21.579816925999978, 0.0 ], [ -56.623599931999934, -21.563672971999949, 0.0 ], [ -56.604138801999966, -21.569678094999972, 0.0 ], [ -56.581397113999969, -21.542015413999934, 0.0 ], [ -56.565373699999952, -21.542315491999943, 0.0 ], [ -56.545054953999966, -21.555213120999952, 0.0 ], [ -56.526188915999967, -21.603352994999966, 0.0 ], [ -56.494141809999974, -21.627570121999952, 0.0 ], [ -56.463428464999936, -21.637534760999927, 0.0 ], [ -56.376997983999956, -21.643947750999928, 0.0 ], [ -56.354227280999964, -21.629012430999978, 0.0 ], [ -56.281538170999966, -21.66680716999997, 0.0 ], [ -56.260819928999979, -21.767808598999977, 0.0 ], [ -56.244171341999959, -21.772988159999954, 0.0 ], [ -56.224193036999964, -21.796296181999935, 0.0 ], [ -56.160188468999934, -21.807025270999929, 0.0 ], [ -56.146637813999973, -21.874099808999972, 0.0 ], [ -56.116975314999934, -21.872732396999936, 0.0 ], [ -56.080982998999957, -21.890405818999966, 0.0 ], [ -56.059143589999962, -21.906708119999962, 0.0 ], [ -56.029256718999932, -21.953944796999963, 0.0 ], [ -55.945777336999981, -22.002355765999937, 0.0 ], [ -55.875312643999962, -22.022809458999973, 0.0 ], [ -55.881324633999952, -22.048244800999953, 0.0 ], [ -55.933582698999942, -22.120388677999927, 0.0 ], [ -55.954855893999934, -22.174959046999959, 0.0 ], [ -55.933120238999948, -22.210106064999934, 0.0 ], [ -55.89889814299994, -22.221667582999942, 0.0 ], [ -55.879937251999934, -22.265138893999961, 0.0 ], [ -55.880957836999983, -22.28247823099997, 0.0 ], [ -55.929450059999965, -22.277701369999932, 0.0 ], [ -55.945998239999938, -22.283583269999951, 0.0 ], [ -55.948842273999958, -22.292039598999963, 0.0 ], [ -55.967873474999976, -22.289824264999936, 0.0 ], [ -55.982462043999931, -22.278523260999975, 0.0 ], [ -56.009584453999935, -22.293522775999975, 0.0 ], [ -56.012458123999977, -22.28624423499997, 0.0 ], [ -56.060791105999954, -22.275550626999973, 0.0 ], [ -56.07004507399995, -22.285523526999953, 0.0 ], [ -56.087446946999933, -22.285563731999957, 0.0 ], [ -56.116635785999961, -22.270304348999957, 0.0 ], [ -56.136772120999979, -22.285509336999951, 0.0 ], [ -56.160692894999954, -22.282073457999957, 0.0 ], [ -56.165538312999956, -22.288180482999962, 0.0 ], [ -56.174373643999957, -22.278728733999969, 0.0 ], [ -56.187523903999931, -22.281399879999981, 0.0 ], [ -56.193285032999938, -22.271009650999929, 0.0 ], [ -56.210125911999967, -22.276879478999945, 0.0 ], [ -56.232727920999935, -22.256332197999939, 0.0 ], [ -56.23868663199994, -22.235579444999928, 0.0 ], [ -56.27608268299997, -22.235990390999973, 0.0 ], [ -56.301150364999955, -22.215032163999979, 0.0 ], [ -56.315533460999973, -22.21770331099998, 0.0 ], [ -56.343477762999953, -22.179074422999975, 0.0 ], [ -56.362997678999932, -22.169828146999976, 0.0 ], [ -56.372449427999982, -22.149691811999958, 0.0 ], [ -56.366901662999965, -22.135925133999933, 0.0 ], [ -56.381079285999931, -22.103665903999968, 0.0 ], [ -56.394024072999969, -22.095652464999944, 0.0 ], [ -56.387654415999975, -22.090104698999937, 0.0 ], [ -56.393655773999967, -22.074438569999927, 0.0 ], [ -56.430009057999939, -22.084929707999947, 0.0 ], [ -56.446214164999958, -22.084351459999937, 0.0 ], [ -56.447685019999938, -22.076625075999971, 0.0 ], [ -56.470890821999944, -22.079851545999929, 0.0 ], [ -56.476042211999982, -22.093225891999964, 0.0 ], [ -56.506589305999967, -22.095490832999928, 0.0 ], [ -56.525180665999983, -22.120847562999927, 0.0 ], [ -56.519552763999968, -22.13948775199998, 0.0 ], [ -56.540949287999979, -22.148105174999955, 0.0 ], [ -56.53308059699998, -22.15880606199994, 0.0 ], [ -56.557052136999971, -22.169091363999939, 0.0 ], [ -56.556143906999978, -22.195718231999933, 0.0 ], [ -56.569310365999968, -22.206809653999983, 0.0 ], [ -56.579976961999932, -22.203114741999968, 0.0 ], [ -56.593191440999931, -22.217568735999976, 0.0 ], [ -56.599737580999943, -22.211350178999965, 0.0 ], [ -56.598904732999983, -22.218517607999956, 0.0 ], [ -56.609740232999968, -22.221424535999972, 0.0 ], [ -56.605592123999941, -22.231981703999963, 0.0 ], [ -56.626437843999952, -22.245357629999944, 0.0 ], [ -56.641885979999984, -22.243909248999955, 0.0 ], [ -56.636846900999956, -22.262733648999927, 0.0 ], [ -56.679749859999959, -22.243347866999954, 0.0 ], [ -56.68242436099996, -22.221501241999931, 0.0 ], [ -56.703278806999947, -22.217054379999979, 0.0 ], [ -56.694032164999953, -22.228627647999929, 0.0 ], [ -56.720314887999962, -22.262907327999983, 0.0 ], [ -56.746881687999974, -22.235666893999962, 0.0 ], [ -56.767066344999932, -22.244213854999941, 0.0 ], [ -56.762807287999976, -22.251496514999928, 0.0 ], [ -56.774565010999936, -22.25941163899995, 0.0 ], [ -56.785655239999983, -22.253866524999978, 0.0 ], [ -56.785737495999967, -22.241302593999933, 0.0 ], [ -56.793257733999951, -22.241949101999978, 0.0 ], [ -56.805874762999963, -22.257595048999974, 0.0 ], [ -56.802498035999974, -22.283159827999953, 0.0 ], [ -56.841924191999965, -22.301526774999957, 0.0 ], [ -56.878323474999945, -22.277084951999939, 0.0 ], [ -56.874419491999959, -22.263318273999971, 0.0 ], [ -56.884487658999944, -22.246264030999953, 0.0 ], [ -56.899868832999971, -22.251927034999937, 0.0 ], [ -56.905539619999956, -22.266627337999978, 0.0 ], [ -56.926815788999932, -22.249886088999972, 0.0 ], [ -56.946390201999975, -22.256204392999962, 0.0 ], [ -56.959097321999934, -22.237983953999958, 0.0 ], [ -56.984925295999972, -22.242627822999964, 0.0 ], [ -56.996712512999977, -22.222517355999969, 0.0 ], [ -57.009772078999958, -22.235810701999981, 0.0 ], [ -57.018779584999947, -22.231265353999959, 0.0 ], [ -57.044550973999947, -22.241743628999927, 0.0 ], [ -57.059488525999939, -22.229387480999947, 0.0 ], [ -57.058991179999964, -22.241547155999967, 0.0 ], [ -57.080303242999946, -22.249962540999945, 0.0 ], [ -57.089438302999952, -22.241314692999936, 0.0 ], [ -57.094275392999975, -22.24872970399997, 0.0 ], [ -57.111813193999978, -22.241586003999942, 0.0 ], [ -57.104386215999966, -22.227684882999938, 0.0 ], [ -57.10987722699997, -22.225610565999943, 0.0 ], [ -57.148463581999977, -22.233836206999968, 0.0 ], [ -57.157132357999956, -22.226320255999951, 0.0 ], [ -57.183920092999983, -22.236368567999932, 0.0 ], [ -57.190772559999971, -22.216165080999929, 0.0 ], [ -57.201427617999968, -22.210864509999965, 0.0 ], [ -57.207968319999964, -22.220715076999966, 0.0 ], [ -57.208193715999982, -22.213701773999958, 0.0 ], [ -57.214824320999981, -22.218548276999968, 0.0 ], [ -57.208274155999959, -22.227365217999932, 0.0 ], [ -57.215183519999982, -22.227052009999966, 0.0 ], [ -57.217502629999956, -22.239546836999978, 0.0 ], [ -57.237761212999942, -22.251280065999936, 0.0 ], [ -57.25610577599997, -22.23752877499993, 0.0 ], [ -57.270435675999977, -22.237128347999942, 0.0 ], [ -57.271843781999962, -22.229411429999971, 0.0 ], [ -57.278368141999977, -22.234704960999977, 0.0 ], [ -57.292547506999938, -22.218742376999955, 0.0 ], [ -57.310457680999946, -22.228427635999935, 0.0 ], [ -57.32028891799996, -22.24456568599993, 0.0 ], [ -57.334998764999966, -22.229185110999936, 0.0 ], [ -57.374726127999963, -22.231758444999969, 0.0 ], [ -57.372454648999963, -22.225801426999965, 0.0 ], [ -57.381491702999938, -22.225732709999932, 0.0 ], [ -57.377866340999958, -22.212933219999968, 0.0 ], [ -57.40770820399996, -22.197686115999943, 0.0 ], [ -57.419417136999982, -22.197094757999935, 0.0 ], [ -57.425096962999987, -22.205058393999934, 0.0 ], [ -57.425054754999962, -22.19696176399998, 0.0 ], [ -57.433561113999986, -22.200481141999944, 0.0 ], [ -57.446567220999952, -22.187304182999981, 0.0 ], [ -57.455340922999937, -22.195365471999935, 0.0 ], [ -57.459707290999972, -22.187390310999945, 0.0 ], [ -57.48926118299994, -22.191412811999953, 0.0 ], [ -57.493441363999978, -22.181603428999949, 0.0 ], [ -57.505872378999982, -22.185239944999978, 0.0 ], [ -57.522707107999963, -22.168474671999945, 0.0 ], [ -57.543588577999969, -22.181703119999952, 0.0 ], [ -57.580766271999948, -22.175336991999927, 0.0 ], [ -57.588386887999945, -22.165178165999976, 0.0 ], [ -57.584480054999972, -22.140741639999931, 0.0 ], [ -57.593767613999944, -22.14400386799997, 0.0 ], [ -57.592920581999977, -22.136629631999938, 0.0 ], [ -57.600787959999934, -22.13871162199996, 0.0 ], [ -57.598098534999963, -22.130492173999983, 0.0 ], [ -57.611672147999968, -22.123843678999947, 0.0 ], [ -57.612594828999931, -22.094561344999931, 0.0 ], [ -57.637495416999968, -22.105774503999953, 0.0 ], [ -57.662891855999987, -22.105916780999962, 0.0 ], [ -57.689231728999971, -22.088592011999935, 0.0 ], [ -57.706925506999937, -22.091050735999943, 0.0 ], [ -57.704381721999937, -22.099011797999935, 0.0 ], [ -57.716290111999967, -22.112560884999937, 0.0 ], [ -57.72993583899995, -22.10013683699998, 0.0 ], [ -57.737597745999949, -22.102670266999951, 0.0 ], [ -57.738827498999967, -22.134569213999953, 0.0 ], [ -57.76206869799995, -22.135764034999966, 0.0 ], [ -57.779273477999936, -22.125174515999959, 0.0 ], [ -57.803105807999941, -22.150307194999982, 0.0 ], [ -57.827933138999981, -22.11964650799996, 0.0 ], [ -57.865351980999947, -22.132735988999968, 0.0 ], [ -57.888329710999983, -22.122634323999932, 0.0 ], [ -57.927609834999942, -22.120240854999963, 0.0 ], [ -57.920697720999954, -22.108264350999946, 0.0 ], [ -57.932435570999985, -22.104138318999958, 0.0 ], [ -57.941998854999952, -22.082915665999963, 0.0 ], [ -57.952140930999974, -22.086709389999953, 0.0 ], [ -57.96255027899997, -22.078946060999954, 0.0 ], [ -57.969052078999937, -22.089920226999936, 0.0 ], [ -57.991551650999952, -22.090337452999961, 0.0 ], [ -57.984722356999953, -22.061739781999961, 0.0 ], [ -58.005443801999945, -22.04973085599994, 0.0 ], [ -58.007831873999976, -22.038007594999954, 0.0 ], [ -57.967451752999978, -22.00913363799998, 0.0 ], [ -57.96289270699998, -21.978957095999931, 0.0 ], [ -57.936995331999981, -21.927920579999977, 0.0 ], [ -57.937926503999961, -21.911005601999932, 0.0 ], [ -57.948347179999985, -21.901453314999969, 0.0 ], [ -57.932796290999931, -21.888489104999962, 0.0 ], [ -57.916891343999964, -21.889321020999944, 0.0 ], [ -57.912526104999984, -21.879092280999942, 0.0 ], [ -57.970056921999969, -21.845876374999932, 0.0 ], [ -57.931738683999981, -21.826190147999966, 0.0 ], [ -57.908493099999987, -21.773968612999965, 0.0 ], [ -57.939011990999973, -21.756866430999935, 0.0 ], [ -57.945959107999954, -21.743840585999976, 0.0 ], [ -57.882132465999973, -21.68826364499995, 0.0 ], [ -57.932933262999939, -21.651574180999944, 0.0 ], [ -57.941400061999957, -21.624437002999969, 0.0 ], [ -57.912526104999984, -21.58991851199994, 0.0 ], [ -57.958116563999965, -21.563432626999941, 0.0 ], [ -57.965497875999972, -21.544762247999927, 0.0 ], [ -57.966800460999934, -21.525440576999927, 0.0 ], [ -57.928374216999941, -21.47507397499993, 0.0 ], [ -57.926203242999975, -21.45141035599994, 0.0 ], [ -57.90362511099994, -21.399306973999956, 0.0 ], [ -57.861348624999948, -21.351983211999936, 0.0 ], [ -57.85189554599998, -21.329532147999942, 0.0 ], [ -57.852604526999983, -21.316297836999979, 0.0 ], [ -57.895852364999939, -21.305663122999931, 0.0 ], [ -57.919996972999968, -21.276922828999943, 0.0 ], [ -57.857174971999939, -21.233168904999957, 0.0 ], [ -57.848823294999931, -21.21136865699998, 0.0 ], [ -57.668351555999948, -21.204447424999955, 0.0 ], [ -57.610435061999965, -21.253926305999983, 0.0 ], [ -57.552361133999966, -21.271865586999979, 0.0 ], [ -57.378476095999986, -21.223175218999927, 0.0 ], [ -57.32722563599998, -21.21968678099995, 0.0 ], [ -57.300114012999984, -21.244399054999974, 0.0 ], [ -57.246119485999941, -21.268981642999961, 0.0 ], [ -57.248354000999939, -21.284716668999977, 0.0 ], [ -57.269288579999966, -21.296730336999929, 0.0 ], [ -57.253658360999964, -21.32919355699994, 0.0 ], [ -57.268087751999985, -21.37498187999995, 0.0 ], [ -57.260171319999984, -21.405357692999928, 0.0 ], [ -57.139508798999941, -21.46002473599998, 0.0 ], [ -57.07737831999998, -21.455435141999942, 0.0 ], [ -57.070866717999934, -21.460225025999932, 0.0 ], [ -57.076413460999959, -21.470978371999934, 0.0 ], [ -57.068653825999945, -21.489390815999968, 0.0 ], [ -57.047627843999976, -21.502343838999934, 0.0 ], [ -57.028646993999985, -21.502110563999963, 0.0 ], [ -56.990436883999962, -21.478244742999948, 0.0 ], [ -56.964994522999973, -21.394770326999947, 0.0 ], [ -56.916093448999959, -21.389713097999959, 0.0 ], [ -56.892747537999981, -21.352399336999952, 0.0 ], [ -56.878412185999935, -21.345778079999945, 0.0 ], [ -56.841916841999932, -21.344549461999975, 0.0 ], [ -56.808612257999982, -21.366111267999941, 0.0 ], [ -56.809207499999957, -21.327322755999944, 0.0 ], [ -56.793073556999957, -21.240920563999964, 0.0 ], [ -56.812256128999934, -21.214519740999947, 0.0 ], [ -56.827292479999983, -21.152164891999973, 0.0 ], [ -56.852657205999947, -21.136220782999942, 0.0 ], [ -56.862818348999951, -21.118090115999962, 0.0 ], [ -56.838312062999933, -21.07166763999993, 0.0 ], [ -56.845471711999949, -21.055190853999932, 0.0 ], [ -56.865092656999934, -21.041607122999949, 0.0 ], [ -56.872639173999971, -21.008402445999934, 0.0 ], [ -56.844717059999937, -20.972179162999964, 0.0 ], [ -56.770006537999961, -20.954067520999956, 0.0 ] ] ] ] } },
{ "type": "Feature", "properties": { "nome_bacia": null, "rio_principal": null, "area_km2": null }, "geometry": { "type": "MultiPolygon", "coordinates": [ [ [ [ -53.660762803999944, -18.815622745999974, 0.0 ], [ -53.639223469999934, -18.817027484999983, 0.0 ], [ -53.577883191999945, -18.769734598999946, 0.0 ], [ -53.553066131999969, -18.787527961999956, 0.0 ], [ -53.515138173999958, -18.782377250999957, 0.0 ], [ -53.519820637999942, -18.817963977999966, 0.0 ], [ -53.505773245999933, -18.848399993999976, 0.0 ], [ -53.461758084999985, -18.875090037999939, 0.0 ], [ -53.452216482999972, -18.896157142999982, 0.0 ], [ -53.438252582999951, -18.894162299999948, 0.0 ], [ -53.415644363999945, -18.914775675999977, 0.0 ], [ -53.405005202999973, -18.936718947999964, 0.0 ], [ -53.383726878999937, -18.943368423999971, 0.0 ], [ -53.387716564999948, -18.989914756999951, 0.0 ], [ -53.40168046499997, -19.005208551999942, 0.0 ], [ -53.401015516999962, -19.030476560999944, 0.0 ], [ -53.347819707999975, -19.033136350999939, 0.0 ], [ -53.323881593999943, -19.021167293999952, 0.0 ], [ -53.315902222999966, -19.044440460999965, 0.0 ], [ -53.28331978999995, -19.07835278899995, 0.0 ], [ -53.270685784999955, -19.116254802999947, 0.0 ], [ -53.252732198999979, -19.132213545999946, 0.0 ], [ -53.239433246999965, -19.192723777999959, 0.0 ], [ -53.202861127999938, -19.222646420999979, 0.0 ], [ -53.152325109999936, -19.242594848999943, 0.0 ], [ -53.105778776999955, -19.273182438999982, 0.0 ], [ -53.090484981999964, -19.297785500999964, 0.0 ], [ -53.075856133999935, -19.354306047999955, 0.0 ], [ -53.076521081999942, -19.378909109999938, 0.0 ], [ -53.089155086999938, -19.400187432999928, 0.0 ], [ -53.093809719999967, -19.429445127999941, 0.0 ], [ -53.079180871999938, -19.448063661999981, 0.0 ], [ -53.009048194999934, -19.488292620999971, 0.0 ], [ -52.978435371999979, -19.518905443999927, 0.0 ], [ -52.965448113999969, -19.543952297999965, 0.0 ], [ -52.971014081999954, -19.581058749999954, 0.0 ], [ -52.998843919999956, -19.616309878999971, 0.0 ], [ -52.983073678999972, -19.657126975999972, 0.0 ], [ -52.989567307999948, -19.69145044399994, 0.0 ], [ -52.977507710999987, -19.724846249999928, 0.0 ], [ -52.880103274999954, -19.795348507999961, 0.0 ], [ -52.865260694999961, -19.81946770199994, 0.0 ], [ -52.824443597999959, -19.846369878999951, 0.0 ], [ -52.778060533999962, -19.893680604999929, 0.0 ], [ -52.743737065999937, -19.879765684999938, 0.0 ], [ -52.73631577499998, -19.888114636999944, 0.0 ], [ -52.704775291999965, -20.01149358899994, 0.0 ], [ -52.715907226999946, -20.036540442999978, 0.0 ], [ -52.702919968999936, -20.049527700999931, 0.0 ], [ -52.69920932399998, -20.079212862999952, 0.0 ], [ -52.742809404999946, -20.098693749999939, 0.0 ], [ -52.748375371999941, -20.115391652999961, 0.0 ], [ -52.743737065999937, -20.126523587999941, 0.0 ], [ -52.725183839999943, -20.133017216999974, 0.0 ], [ -52.700136984999972, -20.189604555999949, 0.0 ], [ -52.660247549999951, -20.228566329999978, 0.0 ], [ -52.565626097999939, -20.283298345999981, 0.0 ], [ -52.537796258999947, -20.323187781999934, 0.0 ], [ -52.481208920999961, -20.367715523999948, 0.0 ], [ -52.432042871999954, -20.385341087999961, 0.0 ], [ -52.385659807999957, -20.434507136999969, 0.0 ], [ -52.357829968999965, -20.445639071999949, 0.0 ], [ -52.313302226999951, -20.489239152999971, 0.0 ], [ -52.239089323999963, -20.530056249999973, 0.0 ], [ -52.230944368999985, -20.579554086999963, 0.0 ], [ -52.257642549999957, -20.604269152999962, 0.0 ], [ -52.23537867899995, -20.626533023999968, 0.0 ], [ -52.225174404999962, -20.675699071999929, 0.0 ], [ -52.214970130999973, -20.681265039999971, 0.0 ], [ -52.18435730799996, -20.671060765999982, 0.0 ], [ -52.172297710999942, -20.687758668999948, 0.0 ], [ -52.170442388999959, -20.710950200999946, 0.0 ], [ -52.142612549999967, -20.745273668999971, 0.0 ], [ -52.099012468999945, -20.758260926999981, 0.0 ], [ -52.067471985999987, -20.804643990999978, 0.0 ], [ -52.019233597999971, -20.81948657199996, 0.0 ], [ -51.986765452999975, -20.818558910999968, 0.0 ], [ -51.945020694999982, -20.785163103999935, 0.0 ], [ -51.900492952999969, -20.772175845999982, 0.0 ], [ -51.813285225999948, -20.780437421999977, 0.0 ], [ -51.743718194999985, -20.799078023999982, 0.0 ], [ -51.626832872999955, -20.797222700999953, 0.0 ], [ -51.632977168999957, -20.82155815599998, 0.0 ], [ -51.629701485999931, -20.861452939999936, 0.0 ], [ -51.613477676999935, -20.890078402999961, 0.0 ], [ -51.625905211999964, -20.94564850699993, 0.0 ], [ -51.667649969999957, -20.970695361999958, 0.0 ], [ -51.722230385999978, -20.976767993999943, 0.0 ], [ -51.768482334999931, -21.036522075999983, 0.0 ], [ -51.789427988999932, -21.101616742999965, 0.0 ], [ -51.814220644999978, -21.120976558999928, 0.0 ], [ -51.844593181999983, -21.131462889999966, 0.0 ], [ -51.865241823999952, -21.127470119999941, 0.0 ], [ -51.87586185899994, -21.136147410999968, 0.0 ], [ -51.879573659999949, -21.199430750999966, 0.0 ], [ -51.84930028499997, -21.275382033999961, 0.0 ], [ -51.862407484999949, -21.342610505999971, 0.0 ], [ -51.907535695999968, -21.386455762999958, 0.0 ], [ -51.924612146999948, -21.441947296999956, 0.0 ], [ -51.923099088999948, -21.32846927199995, 0.0 ], [ -51.95082918199995, -21.288062563999972, 0.0 ], [ -52.024512002999984, -21.266670776999945, 0.0 ], [ -52.076728342999957, -21.233160944999952, 0.0 ], [ -52.146524415999977, -21.249240431999965, 0.0 ], [ -52.175046797999983, -21.233394663999945, 0.0 ], [ -52.25031419499993, -21.232602375999932, 0.0 ], [ -52.302605228999937, -21.194572532999928, 0.0 ], [ -52.378664914999945, -21.214379742999938, 0.0 ], [ -52.424284414999931, -21.202938677999953, 0.0 ], [ -52.480951164999965, -21.159871946999942, 0.0 ], [ -52.510184787999947, -21.115343693999932, 0.0 ], [ -52.592773553999962, -21.058627351999974, 0.0 ], [ -52.682111368999983, -21.028191970999956, 0.0 ], [ -52.826307856999961, -20.950547707999931, 0.0 ], [ -52.878373977999956, -20.944538293999983, 0.0 ], [ -52.930097635999971, -20.910933287999967, 0.0 ], [ -52.950697133999938, -20.881618617999948, 0.0 ], [ -52.984151911999959, -20.859915945999944, 0.0 ], [ -53.020418632999963, -20.816849214999934, 0.0 ], [ -53.024379954999972, -20.769113665999953, 0.0 ], [ -53.075574269999947, -20.717115733999947, 0.0 ], [ -53.105040980999945, -20.711071280999931, 0.0 ], [ -53.120246850999933, -20.696223133999979, 0.0 ], [ -53.15114609799997, -20.641555234999942, 0.0 ], [ -53.190760517999934, -20.606694545999972, 0.0 ], [ -53.224036629999944, -20.594810219999943, 0.0 ], [ -53.269197067999983, -20.556780376999939, 0.0 ], [ -53.336996880999948, -20.533515461999968, 0.0 ], [ -53.369817693999948, -20.482305267999948, 0.0 ], [ -53.395170922999966, -20.460913480999977, 0.0 ], [ -53.439752588999966, -20.445115329999965, 0.0 ], [ -53.475263752999979, -20.405826382999976, 0.0 ], [ -53.484330432999968, -20.381648568999935, 0.0 ], [ -53.482063762999985, -20.280403974999956, 0.0 ], [ -53.586904713999957, -20.165389910999977, 0.0 ], [ -53.643949477999968, -20.031493171999955, 0.0 ], [ -53.803950248999968, -19.806921386999932, 0.0 ], [ -53.861203311999986, -19.759262080999974, 0.0 ], [ -53.881938204999983, -19.708198538999966, 0.0 ], [ -53.881856719999973, -19.658063612999968, 0.0 ], [ -53.890429607999977, -19.643943561999947, 0.0 ], [ -53.876624393999975, -19.609768638999981, 0.0 ], [ -53.856021552999948, -19.602276695999933, 0.0 ], [ -53.849466102999941, -19.589165796999964, 0.0 ], [ -53.851339088999964, -19.567158215999939, 0.0 ], [ -53.879902118999951, -19.520801822999942, 0.0 ], [ -53.812942883999938, -19.505349691999982, 0.0 ], [ -53.805919187999962, -19.486619835999932, 0.0 ], [ -53.817625347999979, -19.435580977999962, 0.0 ], [ -53.858831030999966, -19.430898513999978, 0.0 ], [ -53.870537190999983, -19.416382875999943, 0.0 ], [ -53.874283161999983, -19.374708945999942, 0.0 ], [ -53.843847145999973, -19.353169611999931, 0.0 ], [ -53.844315392999931, -19.309154449999937, 0.0 ], [ -53.894417756999985, -19.296511797999926, 0.0 ], [ -53.903314438999985, -19.286210376999975, 0.0 ], [ -53.878497379999942, -19.268417013999965, 0.0 ], [ -53.839164681999932, -19.181323182999961, 0.0 ], [ -53.838228189999938, -19.143863470999975, 0.0 ], [ -53.820903072999954, -19.112490962999971, 0.0 ], [ -53.811069897999971, -19.104530773999954, 0.0 ], [ -53.758158054999967, -19.102657787999931, 0.0 ], [ -53.730531517999964, -19.084396178999953, 0.0 ], [ -53.708523936999939, -19.049745944999927, 0.0 ], [ -53.711801661999971, -19.000580072999981, 0.0 ], [ -53.690730573999986, -18.978572492999945, 0.0 ], [ -53.687921094999979, -18.956564911999976, 0.0 ], [ -53.698690762999945, -18.945326997999928, 0.0 ], [ -53.744110662999958, -18.946263490999968, 0.0 ], [ -53.756285069999933, -18.929406620999941, 0.0 ], [ -53.735682227999973, -18.893351647999964, 0.0 ], [ -53.747856633999959, -18.831074876999935, 0.0 ], [ -53.743174170999964, -18.747727017999978, 0.0 ], [ -53.726317299999948, -18.743981046999977, 0.0 ], [ -53.679960906999952, -18.773480569999947, 0.0 ], [ -53.669659485999944, -18.784250236999981, 0.0 ], [ -53.670595978999984, -18.806257817999949, 0.0 ], [ -53.660762803999944, -18.815622745999974, 0.0 ] ] ] ] } },
{ "type": "Feature", "properties": { "nome_bacia": null, "rio_principal": null, "area_km2": null }, "geometry": { "type": "MultiPolygon", "coordinates": [ [ [ [ -53.081246006999947, -18.054192034999971, 0.0 ], [ -53.130128896999963, -18.062408881999943, 0.0 ], [ -53.143152599999951, -18.084077648999937, 0.0 ], [ -53.111236319999932, -18.218365845999926, 0.0 ], [ -53.101152387999946, -18.310831119999932, 0.0 ], [ -53.070023753999976, -18.343400581999958, 0.0 ], [ -53.027414150999959, -18.352481316999956, 0.0 ], [ -53.012951939999937, -18.32573856099998, 0.0 ], [ -52.979216402999953, -18.304982087999974, 0.0 ], [ -52.943848714999945, -18.296259780999947, 0.0 ], [ -52.874438690999966, -18.314761340999951, 0.0 ], [ -52.822313927999971, -18.310591359999933, 0.0 ], [ -52.788711190999948, -18.319905052999957, 0.0 ], [ -52.759311680999986, -18.348161735999952, 0.0 ], [ -52.761723945999961, -18.370947386999944, 0.0 ], [ -52.787822449999965, -18.391598329999965, 0.0 ], [ -52.798300220999977, -18.413252389999968, 0.0 ], [ -52.876534245999949, -18.428619787999935, 0.0 ], [ -52.880725353999935, -18.464244209999947, 0.0 ], [ -52.90726904099995, -18.484501233999936, 0.0 ], [ -52.915415598999971, -18.508393266999974, 0.0 ], [ -52.942511019999984, -18.517030716999955, 0.0 ], [ -52.962451968999972, -18.538985644999968, 0.0 ], [ -52.964927169999953, -18.550028862999966, 0.0 ], [ -52.934630204999962, -18.598733549999963, 0.0 ], [ -52.939871069999981, -18.613262585999962, 0.0 ], [ -52.900283859999945, -18.678689260999931, 0.0 ], [ -52.866754992999972, -18.705232947999946, 0.0 ], [ -52.803888364999978, -18.73177663499996, 0.0 ], [ -52.669772893999948, -18.758320321999975, 0.0 ], [ -52.574075916999959, -18.82677509399997, 0.0 ], [ -52.529370759999949, -18.83306175599995, 0.0 ], [ -52.504875897999966, -18.821672228999944, 0.0 ], [ -52.474886349999963, -18.820488430999944, 0.0 ], [ -52.434254765999981, -18.828722607999964, 0.0 ], [ -52.364520492999986, -18.874274322999952, 0.0 ], [ -52.272913363999976, -18.90421852299994, 0.0 ], [ -52.249963527999967, -18.929457250999974, 0.0 ], [ -52.234596129999943, -18.972765371999969, 0.0 ], [ -52.20735392499995, -19.006294239999932, 0.0 ], [ -52.185001346999968, -19.009786829999939, 0.0 ], [ -52.134708044999968, -18.993022396999947, 0.0 ], [ -52.052981428999942, -19.03423496299996, 0.0 ], [ -52.046694766999963, -19.05938161399996, 0.0 ], [ -52.031327368999939, -19.065668276999929, 0.0 ], [ -52.023643669999956, -19.099895662999927, 0.0 ], [ -51.976144440999974, -19.12923342199997, 0.0 ], [ -51.973350367999956, -19.143203783999979, 0.0 ], [ -51.982431102999954, -19.163460807999968, 0.0 ], [ -51.968460741999934, -19.180923759999928, 0.0 ], [ -51.855300812999985, -19.24728297799993, 0.0 ], [ -51.847617113999945, -19.261951856999929, 0.0 ], [ -51.861587475999954, -19.278017772999931, 0.0 ], [ -51.861587475999954, -19.294083688999933, 0.0 ], [ -51.843426005999959, -19.312245158999929, 0.0 ], [ -51.826661571999978, -19.393971773999965, 0.0 ], [ -51.82945564399995, -19.413530280999964, 0.0 ], [ -51.798459907999984, -19.457582416999969, 0.0 ], [ -51.820753606999972, -19.479876116999947, 0.0 ], [ -51.876211033999937, -19.494556061999958, 0.0 ], [ -51.900186045999931, -19.52077873199994, 0.0 ], [ -51.903182921999985, -19.539509209999949, 0.0 ], [ -51.889696977999961, -19.604691273999947, 0.0 ], [ -51.895596741999952, -19.729884033999951, 0.0 ], [ -51.879207909999934, -19.73805227899993, 0.0 ], [ -51.865341006999984, -19.729884033999951, 0.0 ], [ -51.848489925999957, -19.76277651099997, 0.0 ], [ -51.819270379999978, -19.778510111999935, 0.0 ], [ -51.817771941999979, -19.815221849999944, 0.0 ], [ -51.779561765999972, -19.850435148999964, 0.0 ], [ -51.766075821999948, -19.88265157099994, 0.0 ], [ -51.840248514999985, -20.000278974999958, 0.0 ], [ -51.843245391999972, -20.024253986999952, 0.0 ], [ -51.83615109699997, -20.035615726999936, 0.0 ], [ -51.858229774999984, -20.076699325999982, 0.0 ], [ -51.850737582999955, -20.10741730999996, 0.0 ], [ -51.791549271999941, -20.211558768999964, 0.0 ], [ -51.640207007999948, -20.218301740999948, 0.0 ], [ -51.581018696999934, -20.26100723199994, 0.0 ], [ -51.516384579999965, -20.292172582999967, 0.0 ], [ -51.478375675999985, -20.335929144999966, 0.0 ], [ -51.363745148999953, -20.386126825999952, 0.0 ], [ -51.409279632999983, -20.459570635999967, 0.0 ], [ -51.448645340999974, -20.481012561999933, 0.0 ], [ -51.461949779999941, -20.498118268999974, 0.0 ], [ -51.499871365999979, -20.567523819999963, 0.0 ], [ -51.594148149999967, -20.643847679999965, 0.0 ], [ -51.633996895999985, -20.747479348999946, 0.0 ], [ -51.622458596999934, -20.776728727999966, 0.0 ], [ -51.627079502999948, -20.796999422999932, 0.0 ], [ -51.743545931999961, -20.798949817999983, 0.0 ], [ -51.812924258999942, -20.780560381999976, 0.0 ], [ -51.90013476699994, -20.772480174999941, 0.0 ], [ -51.944715217999942, -20.785297053999955, 0.0 ], [ -51.98678801899996, -20.818453764999958, 0.0 ], [ -52.019666101999974, -20.819289648999927, 0.0 ], [ -52.067868714999975, -20.804243745999941, 0.0 ], [ -52.098796402999938, -20.75827015599998, 0.0 ], [ -52.141983714999981, -20.745453275999978, 0.0 ], [ -52.158701383999983, -20.729850117999945, 0.0 ], [ -52.184335143999931, -20.671338275999972, 0.0 ], [ -52.214705575999972, -20.681368877999944, 0.0 ], [ -52.225293432999933, -20.67579632099995, 0.0 ], [ -52.235324034999962, -20.626200568999934, 0.0 ], [ -52.257057004999979, -20.604188970999928, 0.0 ], [ -52.230587361999937, -20.579948350999928, 0.0 ], [ -52.239503451999951, -20.529795342999932, 0.0 ], [ -52.248698169999955, -20.520600624999929, 0.0 ], [ -52.313618451999957, -20.48911568099993, 0.0 ], [ -52.357084391999933, -20.446206996999933, 0.0 ], [ -52.387558594999973, -20.43349670899994, 0.0 ], [ -52.432035275999965, -20.385466131999976, 0.0 ], [ -52.481352399999935, -20.367355323999959, 0.0 ], [ -52.53819247499996, -20.322774872999958, 0.0 ], [ -52.56549800199997, -20.283209721999981, 0.0 ], [ -52.659952832999977, -20.22915592499993, 0.0 ], [ -52.700075238999943, -20.189590774999942, 0.0 ], [ -52.725151742999969, -20.133307954999964, 0.0 ], [ -52.743541178999976, -20.126620886999945, 0.0 ], [ -52.748556479999934, -20.115475773999947, 0.0 ], [ -52.736171010999954, -20.09327351099995, 0.0 ], [ -52.699517982999964, -20.07897552999998, 0.0 ], [ -52.703140144999963, -20.049440980999975, 0.0 ], [ -52.715678396999976, -20.036066845999983, 0.0 ], [ -52.704833066999981, -20.010805235999953, 0.0 ], [ -52.711498979999931, -20.005139157999963, 0.0 ], [ -52.722365464999939, -19.923779833999959, 0.0 ], [ -52.736296855999967, -19.888115472999971, 0.0 ], [ -52.743819806999966, -19.879756637999947, 0.0 ], [ -52.778648283999985, -19.893130773999928, 0.0 ], [ -52.824621874999934, -19.845764043999964, 0.0 ], [ -52.865580163999937, -19.819015773999979, 0.0 ], [ -52.880068810999944, -19.795053780999979, 0.0 ], [ -52.977867175999961, -19.724560942999972, 0.0 ], [ -52.989569543999949, -19.689453836999974, 0.0 ], [ -52.982951903999947, -19.655978957999935, 0.0 ], [ -52.998832662999973, -19.617738399999951, 0.0 ], [ -52.970367673999931, -19.579926435999937, 0.0 ], [ -52.964896268999951, -19.544909447999942, 0.0 ], [ -52.979121920999944, -19.518099566999979, 0.0 ], [ -53.009214644999986, -19.489101123999944, 0.0 ], [ -53.079795760999957, -19.447518449999961, 0.0 ], [ -53.09402141299995, -19.428915674999928, 0.0 ], [ -53.075965777999954, -19.378031613999951, 0.0 ], [ -53.075965777999954, -19.352863153999976, 0.0 ], [ -53.105511361999959, -19.272433509999928, 0.0 ], [ -53.146465340999953, -19.245002431999978, 0.0 ], [ -53.203996640999947, -19.222096588999932, 0.0 ], [ -53.240107909999949, -19.191456724999966, 0.0 ], [ -53.252145, -19.135101258999953, 0.0 ], [ -53.271294914999942, -19.115404203999958, 0.0 ], [ -53.28278486399995, -19.077651512999978, 0.0 ], [ -53.316707571999984, -19.043728805999933, 0.0 ], [ -53.323820396999963, -19.020748907999973, 0.0 ], [ -53.347894576999977, -19.033333137999932, 0.0 ], [ -53.400967198999979, -19.030597434999947, 0.0 ], [ -53.400967198999979, -19.005976115999943, 0.0 ], [ -53.387647437999931, -18.99066494799996, 0.0 ], [ -53.38400584599998, -18.943054964999931, 0.0 ], [ -53.402608620999956, -18.93758356099994, 0.0 ], [ -53.416287131999979, -18.913509380999926, 0.0 ], [ -53.438719889999959, -18.894359465999969, 0.0 ], [ -53.453412679999985, -18.895981240999959, 0.0 ], [ -53.460148237999931, -18.875774566999951, 0.0 ], [ -53.490832447999935, -18.86080665999998, 0.0 ], [ -53.513284308999971, -18.839103193999961, 0.0 ], [ -53.518523075999951, -18.799438239999972, 0.0 ], [ -53.503555168999981, -18.771747611999956, 0.0 ], [ -53.527503819999936, -18.737321425999937, 0.0 ], [ -53.490832447999935, -18.71711475099994, 0.0 ], [ -53.492329238999957, -18.691669308999963, 0.0 ], [ -53.480354912999985, -18.666223866999928, 0.0 ], [ -53.436199586999976, -18.640030029999934, 0.0 ], [ -53.394971648999956, -18.642663330999937, 0.0 ], [ -53.374972423999964, -18.635063625999976, 0.0 ], [ -53.337373881999952, -18.648663097999929, 0.0 ], [ -53.308175013999971, -18.638663485999928, 0.0 ], [ -53.283375974999956, -18.580665733999979, 0.0 ], [ -53.305496506999987, -18.523711591999927, 0.0 ], [ -53.297185594999974, -18.454599801999962, 0.0 ], [ -53.33699048699998, -18.403422084999931, 0.0 ], [ -53.336553069999979, -18.391174425999964, 0.0 ], [ -53.315119666999976, -18.371928104999938, 0.0 ], [ -53.308558420999987, -18.342183789999979, 0.0 ], [ -53.295873345999951, -18.339996707999944, 0.0 ], [ -53.279688939999971, -18.352244366999969, 0.0 ], [ -53.264130873999932, -18.343860005999943, 0.0 ], [ -53.262626886999954, -18.306260320999968, 0.0 ], [ -53.246985417999952, -18.28821247299993, 0.0 ], [ -53.241871860999936, -18.261742294999976, 0.0 ], [ -53.251798177999945, -18.231963343999951, 0.0 ], [ -53.244278240999961, -18.200078811999958, 0.0 ], [ -53.182313959999931, -18.101718035999966, 0.0 ], [ -53.164867705999939, -18.041558540999972, 0.0 ], [ -53.072542733999967, -18.039164589999928, 0.0 ], [ -53.081246006999947, -18.054192034999971, 0.0 ] ] ] ] } },
{ "type": "Feature", "properties": { "nome_bacia": null, "rio_principal": null, "area_km2": null }, "geometry": { "type": "MultiPolygon", "coordinates": [ [ [ [ -51.603175478999958, -19.684294048999959, 0.0 ], [ -51.556827974999976, -19.687662136999961, 0.0 ], [ -51.534932005999963, -19.738997149999932, 0.0 ], [ -51.466688532999967, -19.789367331999927, 0.0 ], [ -51.460189154999966, -19.806157392999978, 0.0 ], [ -51.435274870999933, -19.813198385999954, 0.0 ], [ -51.424984187999939, -19.846778507999943, 0.0 ], [ -51.391404066999939, -19.866276642999935, 0.0 ], [ -51.343741958999942, -19.866276642999935, 0.0 ], [ -51.321535748999963, -19.84948658199994, 0.0 ], [ -51.303120843999977, -19.853277885999944, 0.0 ], [ -51.274415255999941, -19.846236892999968, 0.0 ], [ -51.21485090699997, -19.869262363999951, 0.0 ], [ -51.196738554999968, -19.900228643999981, 0.0 ], [ -51.157884637999985, -19.902857855999969, 0.0 ], [ -51.145614806999959, -19.926571426999942, 0.0 ], [ -51.080468939999946, -19.954857833999938, 0.0 ], [ -51.014052639999932, -19.94477281199994, 0.0 ], [ -51.020824475999973, -19.967870542999947, 0.0 ], [ -51.005486097999949, -19.996064941999975, 0.0 ], [ -51.004990582999937, -20.014123134999977, 0.0 ], [ -51.017888441999958, -20.048392527999965, 0.0 ], [ -51.001191134999942, -20.096334781999929, 0.0 ], [ -51.069561806999957, -20.25023278499998, 0.0 ], [ -51.126037654999948, -20.29177823699996, 0.0 ], [ -51.16044248299994, -20.304761190999955, 0.0 ], [ -51.296114349999982, -20.327481359999979, 0.0 ], [ -51.34350213099998, -20.354745562999938, 0.0 ], [ -51.362976561999972, -20.385255503999929, 0.0 ], [ -51.477875701999949, -20.335920279999982, 0.0 ], [ -51.516824563999933, -20.29177823699996, 0.0 ], [ -51.578493593999951, -20.262566590999938, 0.0 ], [ -51.63951347699998, -20.218424547999973, 0.0 ], [ -51.694691029999944, -20.211283923999929, 0.0 ], [ -51.781676819999973, -20.217775399999937, 0.0 ], [ -51.800502102999985, -20.203494150999973, 0.0 ], [ -51.823222271999953, -20.147667449999972, 0.0 ], [ -51.850486474999968, -20.107420293999951, 0.0 ], [ -51.857627099999945, -20.07691035199997, 0.0 ], [ -51.836205225999947, -20.03601404799997, 0.0 ], [ -51.843345850999981, -20.023031093999975, 0.0 ], [ -51.840749259999939, -20.003556662999927, 0.0 ], [ -51.791414035999935, -19.932799564999982, 0.0 ], [ -51.766097275999982, -19.884113488999958, 0.0 ], [ -51.768044718999931, -19.865937353999982, 0.0 ], [ -51.818678238999951, -19.814005537999947, 0.0 ], [ -51.819327385999941, -19.778302415999974, 0.0 ], [ -51.847889884999972, -19.763372018999974, 0.0 ], [ -51.865416871999969, -19.729616338999961, 0.0 ], [ -51.879698120999933, -19.737406110999927, 0.0 ], [ -51.89592681299996, -19.726370600999928, 0.0 ], [ -51.890084483999942, -19.603681687999938, 0.0 ], [ -51.901769142999967, -19.553048167999975, 0.0 ], [ -51.900470846999951, -19.519941635999942, 0.0 ], [ -51.865416871999969, -19.488133398999935, 0.0 ], [ -51.820625681999957, -19.479694478999932, 0.0 ], [ -51.796531985999934, -19.457899034999969, 0.0 ], [ -51.781366768999931, -19.484438162999936, 0.0 ], [ -51.727746897999964, -19.526142507999964, 0.0 ], [ -51.710956836999969, -19.571638156999938, 0.0 ], [ -51.689292241999965, -19.600343744999975, 0.0 ], [ -51.633505910999986, -19.63446548099995, 0.0 ], [ -51.637297214999933, -19.648005852999972, 0.0 ], [ -51.629714606999983, -19.661546223999949, 0.0 ], [ -51.603175478999958, -19.684294048999959, 0.0 ] ] ] ] } },
{ "type": "Feature", "properties": { "nome_bacia": null, "rio_principal": null, "area_km2": null }, "geometry": { "type": "MultiPolygon", "coordinates": [ [ [ [ -54.294389904999946, -19.619631387999959, 0.0 ], [ -54.199981598999955, -19.612121635999927, 0.0 ], [ -54.145267693999983, -19.618558565999933, 0.0 ], [ -54.108076542999981, -19.635008497999934, 0.0 ], [ -54.060157175999962, -19.615340100999958, 0.0 ], [ -53.980768372999933, -19.608187956999927, 0.0 ], [ -53.898518711999941, -19.637154141999929, 0.0 ], [ -53.880638350999959, -19.658610574999955, 0.0 ], [ -53.880848144999959, -19.713535240999931, 0.0 ], [ -53.860676642999977, -19.759929693999936, 0.0 ], [ -53.804196439999942, -19.806828434999943, 0.0 ], [ -53.645850154999948, -20.028210660999946, 0.0 ], [ -53.587352800999952, -20.164872582999976, 0.0 ], [ -53.481956706999938, -20.279850139999951, 0.0 ], [ -53.484982431999981, -20.381716220999976, 0.0 ], [ -53.462289492999957, -20.424076373999981, 0.0 ], [ -53.439092266999978, -20.445256449999931, 0.0 ], [ -53.394714963999945, -20.460889363999968, 0.0 ], [ -53.369500586999948, -20.482069439999975, 0.0 ], [ -53.337226184999963, -20.533002480999983, 0.0 ], [ -53.269651655999951, -20.556199706999962, 0.0 ], [ -53.222752914999944, -20.596542709999937, 0.0 ], [ -53.190982800999961, -20.606628460999957, 0.0 ], [ -53.151144085999931, -20.641424299999983, 0.0 ], [ -53.120382545999973, -20.696895928999936, 0.0 ], [ -53.104749632999983, -20.711015979999956, 0.0 ], [ -53.074996667999983, -20.717571717999931, 0.0 ], [ -53.025072202999979, -20.768000470999937, 0.0 ], [ -53.021037901999932, -20.815907786999958, 0.0 ], [ -52.927744708999967, -20.912226704999966, 0.0 ], [ -52.88084596799996, -20.942483956999979, 0.0 ], [ -52.825374339999939, -20.951056844999982, 0.0 ], [ -52.681652392999979, -21.028717124999957, 0.0 ], [ -52.593402074999972, -21.057965801999956, 0.0 ], [ -52.51019463199998, -21.114950292999936, 0.0 ], [ -52.482963105999943, -21.15731044599994, 0.0 ], [ -52.423457176999932, -21.203200610999943, 0.0 ], [ -52.378071298999942, -21.214294936999977, 0.0 ], [ -52.30293245699994, -21.19462772299994, 0.0 ], [ -52.251495127999931, -21.231440712999927, 0.0 ], [ -52.175347710999972, -21.232953575999943, 0.0 ], [ -52.148116183999946, -21.249090776999935, 0.0 ], [ -52.076507354999933, -21.233457862999956, 0.0 ], [ -52.024565738999968, -21.267245127999956, 0.0 ], [ -51.950939758999937, -21.287416628999949, 0.0 ], [ -51.937323995999975, -21.304562404999956, 0.0 ], [ -51.923203944999955, -21.327759631999982, 0.0 ], [ -51.928275175999943, -21.45474162599993, 0.0 ], [ -51.952399298999978, -21.473603657999945, 0.0 ], [ -51.967474890999938, -21.501199785999972, 0.0 ], [ -51.999096882999936, -21.515565272999936, 0.0 ], [ -52.062041740999973, -21.503268464999962, 0.0 ], [ -52.077789403999986, -21.515222541999947, 0.0 ], [ -52.103401881999957, -21.564557173999958, 0.0 ], [ -52.068875606999939, -21.598107510999967, 0.0 ], [ -52.048322779999978, -21.650605802999962, 0.0 ], [ -52.07499033299996, -21.711804050999945, 0.0 ], [ -52.103179327999953, -21.744329814999958, 0.0 ], [ -52.161261817999957, -21.77077371699994, 0.0 ], [ -52.183984368999973, -21.814460509999947, 0.0 ], [ -52.189732202999949, -21.844895214999951, 0.0 ], [ -52.309545983999953, -21.952327381999964, 0.0 ], [ -52.344265866999933, -22.059326164999959, 0.0 ], [ -52.377981692999981, -22.107356243999959, 0.0 ], [ -52.39189694199996, -22.11467313299994, 0.0 ], [ -52.396123565999972, -22.10877043399995, 0.0 ], [ -52.379648323999959, -22.07717680199994, 0.0 ], [ -52.434942122999985, -22.051156189999972, 0.0 ], [ -52.466383694999934, -22.014293657999929, 0.0 ], [ -52.498909458999947, -22.004535927999939, 0.0 ], [ -52.527098454999987, -21.974178547999941, 0.0 ], [ -52.608412865999981, -21.914547980999942, 0.0 ], [ -52.608412865999981, -21.893948329999944, 0.0 ], [ -52.621423170999947, -21.876601255999958, 0.0 ], [ -52.632265092999944, -21.831065185999933, 0.0 ], [ -52.879107912999984, -21.880580177999946, 0.0 ], [ -52.987880114999939, -21.854917412999953, 0.0 ], [ -53.025826839999979, -21.85600160499996, 0.0 ], [ -53.100699186999975, -21.827610417999949, 0.0 ], [ -53.248484074999965, -21.806130055999972, 0.0 ], [ -53.312065944999972, -21.756295616999978, 0.0 ], [ -53.350730595999948, -21.701305890999947, 0.0 ], [ -53.450399474999983, -21.654049095999937, 0.0 ], [ -53.512262915999941, -21.652330666999944, 0.0 ], [ -53.65489251799994, -21.623117374999936, 0.0 ], [ -53.730503390999957, -21.622258159999944, 0.0 ], [ -53.813847193999948, -21.598200154999972, 0.0 ], [ -53.964209725999979, -21.575001364999935, 0.0 ], [ -54.044975884999985, -21.600777798999957, 0.0 ], [ -54.113713042999962, -21.581015865999973, 0.0 ], [ -54.119727543999943, -21.561253932999932, 0.0 ], [ -54.138630261999936, -21.554380217999949, 0.0 ], [ -54.181590985999946, -21.553521002999958, 0.0 ], [ -54.307036297999957, -21.477910129999941, 0.0 ], [ -54.322502157999963, -21.461585054999944, 0.0 ], [ -54.330235087999938, -21.430653333999942, 0.0 ], [ -54.35085623599997, -21.409172972999954, 0.0 ], [ -54.385224813999969, -21.388551825999969, 0.0 ], [ -54.409282818999941, -21.384255752999934, 0.0 ], [ -54.466850188999956, -21.344731887999956, 0.0 ], [ -54.484034477999955, -21.318955453999934, 0.0 ], [ -54.524417557999982, -21.305208021999931, 0.0 ], [ -54.527647144999946, -21.292654216999949, 0.0 ], [ -54.551053205999949, -21.276853944999971, 0.0 ], [ -54.565659851999953, -21.224441861999935, 0.0 ], [ -54.614635076999946, -21.129928270999983, 0.0 ], [ -54.657595799999967, -21.092982048999943, 0.0 ], [ -54.698452853999981, -21.029773167999963, 0.0 ], [ -54.779504541999984, -20.995878825999966, 0.0 ], [ -54.855398394999952, -20.936932142999979, 0.0 ], [ -54.879713901999935, -20.901564133999955, 0.0 ], [ -54.852451060999954, -20.896406298999977, 0.0 ], [ -54.849503726999956, -20.88166962899993, 0.0 ], [ -54.857608895999931, -20.863248790999933, 0.0 ], [ -54.806767381999975, -20.827143947999957, 0.0 ], [ -54.803083214999958, -20.811670442999969, 0.0 ], [ -54.806030548999956, -20.781460268999979, 0.0 ], [ -54.824451386999954, -20.770407765999948, 0.0 ], [ -54.83034605499995, -20.726197753999941, 0.0 ], [ -54.852451060999954, -20.689356077999946, 0.0 ], [ -54.848030059999985, -20.681250908999971, 0.0 ], [ -54.827398720999952, -20.677566740999964, 0.0 ], [ -54.81339888399998, -20.659145902999967, 0.0 ], [ -54.777294040999948, -20.643672398999968, 0.0 ], [ -54.764330105999932, -20.622815675999959, 0.0 ], [ -54.793890132999934, -20.561008345999937, 0.0 ], [ -54.785828306999974, -20.546497058999933, 0.0 ], [ -54.790774041999953, -20.521604428999979, 0.0 ], [ -54.778745039999933, -20.491531921999979, 0.0 ], [ -54.716022383999984, -20.453726485999937, 0.0 ], [ -54.697978879999937, -20.419357906999949, 0.0 ], [ -54.645566797999948, -20.395299901999977, 0.0 ], [ -54.622368006999977, -20.35491682199995, 0.0 ], [ -54.605183717999978, -20.269854589999966, 0.0 ], [ -54.584562569999946, -20.260403230999941, 0.0 ], [ -54.515825412999959, -20.253529514999968, 0.0 ], [ -54.428419058999964, -20.154323378999948, 0.0 ], [ -54.42223947399998, -20.125668856999937, 0.0 ], [ -54.362959700999966, -20.094754135999949, 0.0 ], [ -54.36200357499996, -20.085192881999944, 0.0 ], [ -54.389731210999969, -20.064795539999977, 0.0 ], [ -54.412359511999966, -20.029737608999937, 0.0 ], [ -54.399929881999981, -20.03133115199995, 0.0 ], [ -54.399292464999974, -20.007746725999937, 0.0 ], [ -54.383038333999934, -19.962808831999951, 0.0 ], [ -54.386225417999981, -19.914683854999964, 0.0 ], [ -54.371564828999965, -19.897154888999978, 0.0 ], [ -54.316428264999956, -19.867515001999948, 0.0 ], [ -54.31260376299997, -19.857635039999934, 0.0 ], [ -54.314197305999983, -19.839787365999939, 0.0 ], [ -54.340650107999977, -19.79835526599993, 0.0 ], [ -54.335869480999975, -19.725689736999982, 0.0 ], [ -54.344941963999986, -19.696258343999943, 0.0 ], [ -54.34564697899998, -19.622968840999931, 0.0 ], [ -54.358116844999984, -19.597051078999982, 0.0 ], [ -54.294389904999946, -19.619631387999959, 0.0 ] ] ] ] } },
{ "type": "Feature", "properties": { "nome_bacia": null, "rio_principal": null, "area_km2": null }, "geometry": { "type": "MultiPolygon", "coordinates": [ [ [ [ -54.819502113999931, -20.970608740999978, 0.0 ], [ -54.777795577999939, -20.996809000999974, 0.0 ], [ -54.697056001999954, -21.03102974899997, 0.0 ], [ -54.683153822999941, -21.045466626999939, 0.0 ], [ -54.656418863999932, -21.093054852999956, 0.0 ], [ -54.614712327999939, -21.129949096999951, 0.0 ], [ -54.56552000399995, -21.225660249999976, 0.0 ], [ -54.551444979999985, -21.276668714999971, 0.0 ], [ -54.527610306999975, -21.293320335999965, 0.0 ], [ -54.524345283999935, -21.305400922999979, 0.0 ], [ -54.485818003999952, -21.31813451599993, 0.0 ], [ -54.465574856999979, -21.345560714999976, 0.0 ], [ -54.410395955999945, -21.383108487999948, 0.0 ], [ -54.350646021999978, -21.409881681999934, 0.0 ], [ -54.326811348999968, -21.437634383999978, 0.0 ], [ -54.322240315999977, -21.462448563999942, 0.0 ], [ -54.308200713999952, -21.476814667999975, 0.0 ], [ -54.180211784999983, -21.553216222999936, 0.0 ], [ -54.129930418999948, -21.557460753999976, 0.0 ], [ -54.118829338999944, -21.561378781999963, 0.0 ], [ -54.11360530099995, -21.581948431999933, 0.0 ], [ -54.043733793999934, -21.600559066999949, 0.0 ], [ -53.963414209999939, -21.576071388999935, 0.0 ], [ -53.814202626999986, -21.598273549999931, 0.0 ], [ -53.731789714999934, -21.622129680999933, 0.0 ], [ -53.654720275999978, -21.624157823999951, 0.0 ], [ -53.514102351999952, -21.651199732999942, 0.0 ], [ -53.448525723999978, -21.655932066999981, 0.0 ], [ -53.349822758999949, -21.701227262999964, 0.0 ], [ -53.313402587999974, -21.753475327999979, 0.0 ], [ -53.248964808999972, -21.806082025999956, 0.0 ], [ -53.099685105999981, -21.82764818499993, 0.0 ], [ -53.029665338999962, -21.855043513999931, 0.0 ], [ -52.984789284999977, -21.855043513999931, 0.0 ], [ -52.879760222999948, -21.881778183999927, 0.0 ], [ -52.632464520999974, -21.831173271999944, 0.0 ], [ -52.607639469999981, -21.912332092999975, 0.0 ], [ -52.498791168999958, -22.004948629999944, 0.0 ], [ -52.46728245099996, -22.013541916999941, 0.0 ], [ -52.434818921999977, -22.050779492999936, 0.0 ], [ -52.379439961999935, -22.076559353999983, 0.0 ], [ -52.391852487999984, -22.113796930999968, 0.0 ], [ -52.408084251999981, -22.140531600999964, 0.0 ], [ -52.479328228999975, -22.199605199999951, 0.0 ], [ -52.492926702999966, -22.219874121999965, 0.0 ], [ -52.578857918999972, -22.251390019999974, 0.0 ], [ -52.646068004999961, -22.298033085999975, 0.0 ], [ -52.694547411999963, -22.31419288799998, 0.0 ], [ -52.797382515999971, -22.37736302299993, 0.0 ], [ -52.839886870999976, -22.415310987999931, 0.0 ], [ -52.854676359999985, -22.438696817999983, 0.0 ], [ -52.988245851999977, -22.486878340999965, 0.0 ], [ -53.014070772999958, -22.520230364999975, 0.0 ], [ -53.057004448999976, -22.535331501999963, 0.0 ], [ -53.107862306999948, -22.59551154299993, 0.0 ], [ -53.105274401999964, -22.621758859999943, 0.0 ], [ -53.191916313999968, -22.723390606999942, 0.0 ], [ -53.327350572999933, -22.763729201999979, 0.0 ], [ -53.359507918999952, -22.77955646199996, 0.0 ], [ -53.377299052999945, -22.802659634999941, 0.0 ], [ -53.404146926999942, -22.808780704999947, 0.0 ], [ -53.428716604999977, -22.83204109299993, 0.0 ], [ -53.546826941999939, -22.890096688999961, 0.0 ], [ -53.570120279999969, -22.927688502999956, 0.0 ], [ -53.60742350299995, -22.951333468999962, 0.0 ], [ -53.634125063999932, -22.998494583999957, 0.0 ], [ -53.636590423999962, -23.124753872999975, 0.0 ], [ -53.660330458999965, -23.15446047599994, 0.0 ], [ -53.704646533999949, -23.256520311999964, 0.0 ], [ -53.829853650999951, -23.177177120999943, 0.0 ], [ -53.937014248999958, -23.132791074999943, 0.0 ], [ -53.978229862999967, -23.095379978999972, 0.0 ], [ -54.012470526999948, -23.078893732999973, 0.0 ], [ -54.108217569999965, -23.061139314999934, 0.0 ], [ -54.203330525999945, -23.019289613999945, 0.0 ], [ -54.237571189999983, -22.989487553999936, 0.0 ], [ -54.245814312999983, -22.943833334999965, 0.0 ], [ -54.262934644999973, -22.913397188999966, 0.0 ], [ -54.344097700999953, -22.874717919999966, 0.0 ], [ -54.434772052999961, -22.791018518999977, 0.0 ], [ -54.45950142099997, -22.755509681999968, 0.0 ], [ -54.46837863099995, -22.721903103999978, 0.0 ], [ -54.49310799899996, -22.709221376999949, 0.0 ], [ -54.500717035999969, -22.671176193999941, 0.0 ], [ -54.458233248999932, -22.618547024999941, 0.0 ], [ -54.472183148999932, -22.591281310999932, 0.0 ], [ -54.499448862999941, -22.603963037999961, 0.0 ], [ -54.529885008999941, -22.605231210999932, 0.0 ], [ -54.594561818999978, -22.62869240699996, 0.0 ], [ -54.644654642999967, -22.636301442999979, 0.0 ], [ -54.727719957999966, -22.621083369999951, 0.0 ], [ -54.767667399999937, -22.63186283899995, 0.0 ], [ -54.813955704999955, -22.629326492999951, 0.0 ], [ -54.844391850999955, -22.64010596199995, 0.0 ], [ -54.883071119999954, -22.598890346999951, 0.0 ], [ -54.994670321999934, -22.585574533999932, 0.0 ], [ -55.027642812999943, -22.588744964999933, 0.0 ], [ -55.061883476999981, -22.57796549699998, 0.0 ], [ -55.11451264699997, -22.59762217499997, 0.0 ], [ -55.177921283999979, -22.594451742999979, 0.0 ], [ -55.195041615999969, -22.609669815999951, 0.0 ], [ -55.22357550299995, -22.60903572899997, 0.0 ], [ -55.245768525999949, -22.627424233999932, 0.0 ], [ -55.311079422999967, -22.603963037999961, 0.0 ], [ -55.335808790999977, -22.587476792999951, 0.0 ], [ -55.399217428999975, -22.588110878999942, 0.0 ], [ -55.451212511999984, -22.531677191999961, 0.0 ], [ -55.481648656999937, -22.545627091999961, 0.0 ], [ -55.505109852999965, -22.543090745999962, 0.0 ], [ -55.508280284999955, -22.585574533999932, 0.0 ], [ -55.538082344999964, -22.600158519999979, 0.0 ], [ -55.557104935999973, -22.621083369999951, 0.0 ], [ -55.574957707999943, -22.624587929999961, 0.0 ], [ -55.602048194999952, -22.612033801999928, 0.0 ], [ -55.622531245999937, -22.635159826999939, 0.0 ], [ -55.641367991999971, -22.612705535999964, 0.0 ], [ -55.680676680999966, -22.589568519999943, 0.0 ], [ -55.693230808999942, -22.577014391999967, 0.0 ], [ -55.694552296999973, -22.563138776999949, 0.0 ], [ -55.721642782999936, -22.550584648999973, 0.0 ], [ -55.747403793999979, -22.502581266999982, 0.0 ], [ -55.750715500999945, -22.475259879999953, 0.0 ], [ -55.747079294999935, -22.464351263999959, 0.0 ], [ -55.735813913999948, -22.460087123999983, 0.0 ], [ -55.733915269999954, -22.441531668999971, 0.0 ], [ -55.746721642999944, -22.384058506999963, 0.0 ], [ -55.789038628999947, -22.387380983999947, 0.0 ], [ -55.802462005999985, -22.372323556999959, 0.0 ], [ -55.800008387999981, -22.355211144999942, 0.0 ], [ -55.823663780999937, -22.341244397999958, 0.0 ], [ -55.831842506999976, -22.325201511999978, 0.0 ], [ -55.835301757999957, -22.296062473999939, 0.0 ], [ -55.853044280999939, -22.279841037999972, 0.0 ], [ -55.880931880999981, -22.282477376999964, 0.0 ], [ -55.879908250999961, -22.265182244999949, 0.0 ], [ -55.898908060999986, -22.221709168999951, 0.0 ], [ -55.933069970999952, -22.21013312599996, 0.0 ], [ -55.954839226999979, -22.17491186899997, 0.0 ], [ -55.932419985999957, -22.117797602999929, 0.0 ], [ -55.875596037999969, -22.036526141999957, 0.0 ], [ -55.878899755999953, -22.018025321999971, 0.0 ], [ -55.845201832999976, -21.977719963999959, 0.0 ], [ -55.849166294999975, -21.943361296999967, 0.0 ], [ -55.830665473999943, -21.936753861999932, 0.0 ], [ -55.797628294999981, -21.947325758999966, 0.0 ], [ -55.809521679999932, -21.906359656999939, 0.0 ], [ -55.803574986999934, -21.89843073399993, 0.0 ], [ -55.772520038999971, -21.893144784999947, 0.0 ], [ -55.784413423999979, -21.871340246999978, 0.0 ], [ -55.77846673099998, -21.831034888999966, 0.0 ], [ -55.771198551999987, -21.820462990999943, 0.0 ], [ -55.726267987999961, -21.802622914999972, 0.0 ], [ -55.739482859999953, -21.762978299999929, 0.0 ], [ -55.693891552999958, -21.738530786999945, 0.0 ], [ -55.65688991199994, -21.746459709999954, 0.0 ], [ -55.63904983599997, -21.71606550499996, 0.0 ], [ -55.627817194999977, -21.67179568499995, 0.0 ], [ -55.633630833999973, -21.619156658999941, 0.0 ], [ -55.613179418999948, -21.578253826999969, 0.0 ], [ -55.630104727999935, -21.551455419999968, 0.0 ], [ -55.62234729499994, -21.525362233999942, 0.0 ], [ -55.592728002999934, -21.492922057999976, 0.0 ], [ -55.580034019999971, -21.412526836999973, 0.0 ], [ -55.580739241999936, -21.342004712999938, 0.0 ], [ -55.59766455099998, -21.310269756999958, 0.0 ], [ -55.592728002999934, -21.290523562999965, 0.0 ], [ -55.573687028999984, -21.282060907999949, 0.0 ], [ -55.567780468999956, -21.247235431999968, 0.0 ], [ -55.520689799999957, -21.20293827699993, 0.0 ], [ -55.468810247999954, -21.189768851999929, 0.0 ], [ -55.428104753999946, -21.196952174999979, 0.0 ], [ -55.405357565999964, -21.138687447999928, 0.0 ], [ -55.364652071999956, -21.109954157999937, 0.0 ], [ -55.353478014999951, -21.085610675999931, 0.0 ], [ -55.315314352999962, -21.058576455999969, 0.0 ], [ -55.294545029999938, -21.021830731999955, 0.0 ], [ -55.27217806799996, -21.000262589999977, 0.0 ], [ -55.247814054999935, -21.002259639999977, 0.0 ], [ -55.200683669999933, -21.037008313999934, 0.0 ], [ -55.171001389999958, -20.978855726999939, 0.0 ], [ -55.141280637999955, -20.968847718999939, 0.0 ], [ -55.038471099999981, -20.97430663199998, 0.0 ], [ -54.977773070999945, -20.965796448999981, 0.0 ], [ -54.974030176999975, -20.931041001999972, 0.0 ], [ -54.963336192999975, -20.920881717999976, 0.0 ], [ -54.931788940999979, -20.901097847999949, 0.0 ], [ -54.902915185999973, -20.89842435199995, 0.0 ], [ -54.878853722999963, -20.901097847999949, 0.0 ], [ -54.819502113999931, -20.970608740999978, 0.0 ] ] ] ] } },
{ "type": "Feature", "properties": { "nome_bacia": null, "rio_principal": null, "area_km2": null }, "geometry": { "type": "MultiPolygon", "coordinates": [ [ [ [ -55.014046489999942, -23.178466188999948, 0.0 ], [ -54.984621834999984, -23.169595507999929, 0.0 ], [ -54.966837005999935, -23.177598680999949, 0.0 ], [ -54.954029810999941, -23.199397617999978, 0.0 ], [ -54.942774314999951, -23.202860846999954, 0.0 ], [ -54.918292412999961, -23.193232121999927, 0.0 ], [ -54.896020718999978, -23.201995039999929, 0.0 ], [ -54.866065749999962, -23.236943825999958, 0.0 ], [ -54.861906516999966, -23.262076616999934, 0.0 ], [ -54.753419062999967, -23.350111518999938, 0.0 ], [ -54.756086786999958, -23.393684348999955, 0.0 ], [ -54.740080440999975, -23.393684348999955, 0.0 ], [ -54.664494918999935, -23.438146419999953, 0.0 ], [ -54.63337146899994, -23.423029315999941, 0.0 ], [ -54.623589813999956, -23.425697039999932, 0.0 ], [ -54.611140433999935, -23.457709731999955, 0.0 ], [ -54.57557077599995, -23.486165457999959, 0.0 ], [ -54.578238500999987, -23.497725595999952, 0.0 ], [ -54.568456844999957, -23.512842700999954, 0.0 ], [ -54.526662497999951, -23.495947113999932, 0.0 ], [ -54.477887041999963, -23.463840280999932, 0.0 ], [ -54.435070629999984, -23.472826835999967, 0.0 ], [ -54.310576829999945, -23.473716077999939, 0.0 ], [ -54.241215997999973, -23.461266697999974, 0.0 ], [ -54.186083028999974, -23.480830008999931, 0.0 ], [ -54.120279162999964, -23.452374282999983, 0.0 ], [ -54.034022743999969, -23.435478695999961, 0.0 ], [ -53.973554326999931, -23.437257178999971, 0.0 ], [ -53.967329636999978, -23.445260351999934, 0.0 ], [ -53.986596664999979, -23.464793595999936, 0.0 ], [ -54.004342460999965, -23.511079978999931, 0.0 ], [ -54.032229806999965, -23.651661710999974, 0.0 ], [ -54.051096923999978, -23.685353516999953, 0.0 ], [ -54.052973132999966, -23.726004707999948, 0.0 ], [ -54.080458612999962, -23.78089707099997, 0.0 ], [ -54.088105301999974, -23.844530311999961, 0.0 ], [ -54.079900984999938, -23.88889996499995, 0.0 ], [ -54.100305194999976, -23.948807820999946, 0.0 ], [ -54.131728591999945, -23.983537118999948, 0.0 ], [ -54.174686713999961, -24.001972751999972, 0.0 ], [ -54.244138545999931, -24.053051171999982, 0.0 ], [ -54.288642330999949, -24.067238504999978, 0.0 ], [ -54.310649262999959, -24.041347996999946, 0.0 ], [ -54.324188033999974, -24.003822198999956, 0.0 ], [ -54.354267890999949, -24.005676371999982, 0.0 ], [ -54.382455208999943, -23.986786495999979, 0.0 ], [ -54.39430804899996, -23.965255587999934, 0.0 ], [ -54.414515559999984, -23.958250733999932, 0.0 ], [ -54.42622099099998, -23.915711786999964, 0.0 ], [ -54.440139529999954, -23.904276081999967, 0.0 ], [ -54.482173875999933, -23.894419365999966, 0.0 ], [ -54.500297230999934, -23.875648747999946, 0.0 ], [ -54.504112926999937, -23.883825238999975, 0.0 ], [ -54.515341528999954, -23.884457699999928, 0.0 ], [ -54.523157375999972, -23.873592225999971, 0.0 ], [ -54.543436878999955, -23.868101972999966, 0.0 ], [ -54.568625851999968, -23.874297977999959, 0.0 ], [ -54.564394881999931, -23.854213487999971, 0.0 ], [ -54.584441380999976, -23.836165723999954, 0.0 ], [ -54.60985689599994, -23.85108930399997, 0.0 ], [ -54.616804514999956, -23.834223935999944, 0.0 ], [ -54.630710379999982, -23.828099183999939, 0.0 ], [ -54.647225860999981, -23.832282147999933, 0.0 ], [ -54.653051225999945, -23.819336893999946, 0.0 ], [ -54.670527317999984, -23.81221700499998, 0.0 ], [ -54.698359613999969, -23.840049299999976, 0.0 ], [ -54.705479503999982, -23.862703494999948, 0.0 ], [ -54.743668001999936, -23.866587070999969, 0.0 ], [ -54.757907780999972, -23.855583604999936, 0.0 ], [ -54.763733145999936, -23.86399801999994, 0.0 ], [ -54.791565440999932, -23.866587070999969, 0.0 ], [ -54.814219635999962, -23.887946738999972, 0.0 ], [ -54.836226566999983, -23.88212137499994, 0.0 ], [ -54.850466345999962, -23.895713891999947, 0.0 ], [ -54.849529625999935, -23.905161937999935, 0.0 ], [ -54.872473277999973, -23.907364619999953, 0.0 ], [ -54.882829480999931, -23.895713891999947, 0.0 ], [ -54.893216628999937, -23.909306407999964, 0.0 ], [ -54.908072725999943, -23.909306407999964, 0.0 ], [ -54.926877120999961, -23.924813972999971, 0.0 ], [ -54.925311730999965, -23.959792897999932, 0.0 ], [ -54.965679104999936, -23.963676473999953, 0.0 ], [ -54.974740782999959, -23.955909321999968, 0.0 ], [ -54.997394976999942, -23.955262058999949, 0.0 ], [ -55.060826719999966, -23.991508769999939, 0.0 ], [ -55.071830185999943, -23.979858040999943, 0.0 ], [ -55.089662253999961, -23.982519316999969, 0.0 ], [ -55.106198726999935, -23.958962075999978, 0.0 ], [ -55.119727624999939, -23.976621727999941, 0.0 ], [ -55.148207183999943, -23.988919718999966, 0.0 ], [ -55.155327072999967, -23.983094354999935, 0.0 ], [ -55.177623205999964, -23.991048221999961, 0.0 ], [ -55.198420277999958, -23.986693610999964, 0.0 ], [ -55.204519037999944, -24.000570447999962, 0.0 ], [ -55.220700604999934, -24.001864972999954, 0.0 ], [ -55.243354798999974, -24.001864972999954, 0.0 ], [ -55.309266556999944, -23.961538669999982, 0.0 ], [ -55.323856452999962, -23.967670700999975, 0.0 ], [ -55.341215533999957, -23.994574202999956, 0.0 ], [ -55.374984889999951, -23.979667199999938, 0.0 ], [ -55.378129744999967, -23.970582061999949, 0.0 ], [ -55.387599210999952, -23.967500661999964, 0.0 ], [ -55.396302792999961, -23.976064483999949, 0.0 ], [ -55.413046931999986, -23.965258981999966, 0.0 ], [ -55.419467482999949, -23.943257116999973, 0.0 ], [ -55.431378355999982, -23.940104238999936, 0.0 ], [ -55.426824198999952, -23.926441765999982, 0.0 ], [ -55.443639549999943, -23.917333450999934, 0.0 ], [ -55.434531234999952, -23.873543473999973, 0.0 ], [ -55.439786031999972, -23.830103817999941, 0.0 ], [ -55.448544026999969, -23.819944542999963, 0.0 ], [ -55.429626756999937, -23.790517678999947, 0.0 ], [ -55.433129955999959, -23.77054944899993, 0.0 ], [ -55.443289229999948, -23.760390174999941, 0.0 ], [ -55.434682446999943, -23.717724061999945, 0.0 ], [ -55.438034432999984, -23.710644761999959, 0.0 ], [ -55.460454900999935, -23.712396360999946, 0.0 ], [ -55.460104580999939, -23.685071414999982, 0.0 ], [ -55.473416733999954, -23.675262460999932, 0.0 ], [ -55.472365773999968, -23.650389753999946, 0.0 ], [ -55.481123769999954, -23.640580798999963, 0.0 ], [ -55.506697115999941, -23.633224082999959, 0.0 ], [ -55.508799034999981, -23.623765447999972, 0.0 ], [ -55.536824619999948, -23.624115767999967, 0.0 ], [ -55.535773659999961, -23.592937304999964, 0.0 ], [ -55.523512466999932, -23.56736395799993, 0.0 ], [ -55.560978008999939, -23.476148393999949, 0.0 ], [ -55.543249469999978, -23.474245093999969, 0.0 ], [ -55.544536447999974, -23.449075746999938, 0.0 ], [ -55.515589668999951, -23.40957536999997, 0.0 ], [ -55.504457610999964, -23.374963005999973, 0.0 ], [ -55.519603910999933, -23.363216265999938, 0.0 ], [ -55.534120723999933, -23.332731946999957, 0.0 ], [ -55.554900099999941, -23.318879029999948, 0.0 ], [ -55.549177611999937, -23.303706556999941, 0.0 ], [ -55.554856800999971, -23.282962809999958, 0.0 ], [ -55.513341347999983, -23.253077671999961, 0.0 ], [ -55.476372345999948, -23.253184202999932, 0.0 ], [ -55.461392907999937, -23.239224754999952, 0.0 ], [ -55.438134964999961, -23.193605026999933, 0.0 ], [ -55.400219583999956, -23.171810262999941, 0.0 ], [ -55.338448266999933, -23.201129231999971, 0.0 ], [ -55.254464955999936, -23.168228553999938, 0.0 ], [ -55.224161698999978, -23.169960167999932, 0.0 ], [ -55.167018414999973, -23.19680019599997, 0.0 ], [ -55.148836460999973, -23.186410507999938, 0.0 ], [ -55.131520313999943, -23.132730452999965, 0.0 ], [ -55.014046489999942, -23.178466188999948, 0.0 ] ] ] ] } },
{ "type": "Feature", "properties": { "nome_bacia": null, "rio_principal": null, "area_km2": null }, "geometry": { "type": "MultiPolygon", "coordinates": [ [ [ [ -52.938630734999947, -18.613715430999946, 0.0 ], [ -52.914322238999944, -18.619819617999951, 0.0 ], [ -52.916759638999963, -18.640294629999971, 0.0 ], [ -52.873457325999937, -18.646192639999981, 0.0 ], [ -52.84651282699997, -18.667123913999944, 0.0 ], [ -52.808908153999937, -18.66744487099993, 0.0 ], [ -52.747482637999951, -18.692025073999957, 0.0 ], [ -52.714350396999976, -18.690689084999974, 0.0 ], [ -52.681346720999954, -18.678679926999962, 0.0 ], [ -52.633682447999945, -18.695556555999929, 0.0 ], [ -52.592867929999954, -18.689891574999933, 0.0 ], [ -52.55260560499994, -18.657119514999977, 0.0 ], [ -52.530517987999986, -18.659155815999952, 0.0 ], [ -52.52179341599998, -18.669318605999933, 0.0 ], [ -52.44911867999997, -18.690964315999963, 0.0 ], [ -52.426395428999967, -18.730911746999936, 0.0 ], [ -52.412598256999956, -18.740242359999968, 0.0 ], [ -52.40984001399994, -18.754982821999931, 0.0 ], [ -52.398010816999943, -18.759434372999976, 0.0 ], [ -52.369791134999957, -18.799248704999968, 0.0 ], [ -52.354035207999971, -18.80020510099996, 0.0 ], [ -52.346425386999954, -18.821431785999948, 0.0 ], [ -52.307834562999972, -18.840072861999943, 0.0 ], [ -52.29413428099997, -18.829385872999978, 0.0 ], [ -52.262011666999967, -18.828617138999959, 0.0 ], [ -52.251478536999969, -18.83957888499998, 0.0 ], [ -52.20795422599997, -18.850130677999971, 0.0 ], [ -52.186488143999952, -18.846158643999956, 0.0 ], [ -52.165711987999941, -18.866206232999957, 0.0 ], [ -52.157176104999962, -18.888432210999952, 0.0 ], [ -52.111577633999957, -18.899467247999951, 0.0 ], [ -52.104391814999985, -18.928060199999948, 0.0 ], [ -52.088955081999984, -18.935626372999934, 0.0 ], [ -52.091650881999954, -18.944032283999945, 0.0 ], [ -52.066894229999946, -18.953339760999938, 0.0 ], [ -52.056138061999945, -18.94676022699997, 0.0 ], [ -52.045230371999935, -18.950507585999958, 0.0 ], [ -52.041669874999968, -18.960414698999955, 0.0 ], [ -52.018684005999944, -18.964970320999953, 0.0 ], [ -52.015595643999973, -18.98277883999998, 0.0 ], [ -52.000318682999932, -18.968049982999958, 0.0 ], [ -51.981391522999957, -18.97123419899998, 0.0 ], [ -51.978200094999977, -18.980810560999942, 0.0 ], [ -51.967026775999955, -18.975393600999951, 0.0 ], [ -51.968080773999986, -18.966961621999928, 0.0 ], [ -51.951506355999982, -18.980708768999932, 0.0 ], [ -51.939461440999935, -18.968233773999941, 0.0 ], [ -51.92564054199994, -18.98430362199997, 0.0 ], [ -51.898808565999957, -18.994184434999966, 0.0 ], [ -51.89122701399998, -19.01697378199998, 0.0 ], [ -51.854388064999966, -19.051849137999966, 0.0 ], [ -51.842760564999935, -19.042301908999946, 0.0 ], [ -51.836001933999967, -19.045917901999928, 0.0 ], [ -51.841315480999981, -19.057140366999931, 0.0 ], [ -51.817824110999936, -19.054037584999946, 0.0 ], [ -51.791334637999967, -19.07813062699995, 0.0 ], [ -51.742886970999962, -19.087444900999969, 0.0 ], [ -51.747914631999947, -19.092300457999954, 0.0 ], [ -51.741487049999932, -19.100597311999934, 0.0 ], [ -51.731903804999945, -19.099334142999965, 0.0 ], [ -51.728604521999955, -19.10785040899998, 0.0 ], [ -51.711905535999961, -19.103023319999977, 0.0 ], [ -51.699971210999934, -19.119678960999977, 0.0 ], [ -51.657950694999954, -19.137919461999957, 0.0 ], [ -51.639591088999964, -19.127466889999937, 0.0 ], [ -51.609197706999964, -19.140876526999932, 0.0 ], [ -51.58533097399993, -19.128270163999957, 0.0 ], [ -51.554287193999983, -19.133209721999947, 0.0 ], [ -51.548002586999985, -19.141771085999949, 0.0 ], [ -51.527444854999942, -19.139606567999977, 0.0 ], [ -51.511472540999932, -19.151066149999963, 0.0 ], [ -51.501475048999964, -19.147780135999938, 0.0 ], [ -51.493922982999948, -19.162995498999976, 0.0 ], [ -51.47424601299997, -19.154061188999947, 0.0 ], [ -51.458247185999937, -19.167587838999964, 0.0 ], [ -51.446149328999979, -19.160117149999962, 0.0 ], [ -51.438084747999937, -19.17169582799994, 0.0 ], [ -51.420474037999952, -19.166537148999964, 0.0 ], [ -51.40758931299996, -19.174537985999962, 0.0 ], [ -51.411244133999958, -19.181782450999947, 0.0 ], [ -51.398227093999935, -19.194632874999968, 0.0 ], [ -51.374650569999972, -19.195614854999974, 0.0 ], [ -51.365499373999967, -19.211747550999974, 0.0 ], [ -51.368747566999957, -19.22151116799995, 0.0 ], [ -51.343892486999948, -19.214057082999943, 0.0 ], [ -51.335664193999946, -19.222261931999981, 0.0 ], [ -51.307811430999948, -19.218530849999979, 0.0 ], [ -51.30791351299996, -19.237940953999953, 0.0 ], [ -51.278738706999945, -19.250365012999964, 0.0 ], [ -51.275029452999945, -19.262502681999933, 0.0 ], [ -51.252215912999986, -19.274076107999974, 0.0 ], [ -51.216384224999956, -19.258976471999972, 0.0 ], [ -51.188037548999944, -19.268588535999982, 0.0 ], [ -51.180498685999964, -19.283535504999975, 0.0 ], [ -51.143831063999983, -19.28721012699998, 0.0 ], [ -51.126077434999956, -19.303456493999931, 0.0 ], [ -51.087964684999974, -19.308332, 0.0 ], [ -51.06704917199994, -19.330098375999967, 0.0 ], [ -51.050799729999937, -19.335070694999956, 0.0 ], [ -51.04233506099996, -19.361308300999951, 0.0 ], [ -51.033027284999946, -19.362024283999972, 0.0 ], [ -51.017997978999972, -19.383877090999931, 0.0 ], [ -51.030521344999954, -19.401761325999928, 0.0 ], [ -51.006129863999945, -19.399089096999944, 0.0 ], [ -51.004824539999959, -19.413115288999961, 0.0 ], [ -50.984992023999951, -19.410546674999978, 0.0 ], [ -50.985302194999974, -19.431382843999927, 0.0 ], [ -50.952677492999953, -19.442447514999969, 0.0 ], [ -50.93783117299995, -19.457469498999956, 0.0 ], [ -50.934997777999968, -19.46747748599995, 0.0 ], [ -50.948374600999955, -19.469762830999969, 0.0 ], [ -50.964405326999952, -19.486943087999975, 0.0 ], [ -50.960363021999967, -19.504922783999973, 0.0 ], [ -50.929209786999934, -19.546031848999974, 0.0 ], [ -50.965366915999937, -19.546747831999937, 0.0 ], [ -50.982908492999968, -19.538514030999977, 0.0 ], [ -51.006535922999944, -19.52240441899994, 0.0 ], [ -51.040690706999953, -19.476686538999957, 0.0 ], [ -51.104625559999931, -19.475507548999929, 0.0 ], [ -51.116439274999948, -19.459039945999962, 0.0 ], [ -51.121093162999955, -19.433264566999981, 0.0 ], [ -51.131116920999943, -19.42825268799993, 0.0 ], [ -51.190704378999953, -19.428989883999975, 0.0 ], [ -51.221476413999937, -19.419758272999957, 0.0 ], [ -51.246390142999985, -19.386009705999982, 0.0 ], [ -51.291139064999982, -19.35880236099996, 0.0 ], [ -51.32156833099998, -19.348778602999971, 0.0 ], [ -51.36547190899995, -19.352540608999959, 0.0 ], [ -51.391376648999938, -19.342334757999936, 0.0 ], [ -51.481590474999962, -19.280760241999928, 0.0 ], [ -51.532783240999947, -19.297585836999929, 0.0 ], [ -51.765477633999978, -19.209877949999964, 0.0 ], [ -51.866431200999955, -19.204508079999982, 0.0 ], [ -51.879318889999979, -19.208087993999982, 0.0 ], [ -51.891848587999959, -19.22527157899998, 0.0 ], [ -51.968816732999983, -19.180522657999973, 0.0 ], [ -51.982420404999971, -19.163339071999928, 0.0 ], [ -51.975783941999964, -19.129395271999954, 0.0 ], [ -52.023464569999931, -19.099833282999953, 0.0 ], [ -52.031823214999974, -19.065965418999951, 0.0 ], [ -52.04650086099997, -19.059163582999929, 0.0 ], [ -52.053026558999932, -19.034034016999954, 0.0 ], [ -52.134566738999979, -18.992577186999938, 0.0 ], [ -52.196499245999973, -19.012266712999974, 0.0 ], [ -52.234212943999978, -18.973002812999937, 0.0 ], [ -52.249839960999964, -18.92992869699998, 0.0 ], [ -52.272751408999966, -18.903795326999955, 0.0 ], [ -52.365811475999976, -18.873827107999944, 0.0 ], [ -52.434563508999986, -18.828617138999959, 0.0 ], [ -52.473584568999968, -18.820383336999953, 0.0 ], [ -52.505445800999951, -18.822173293999981, 0.0 ], [ -52.52943122299996, -18.832913034999933, 0.0 ], [ -52.574180143999968, -18.827185172999975, 0.0 ], [ -52.67012183199995, -18.758092837999982, 0.0 ], [ -52.804473249999944, -18.731738837999956, 0.0 ], [ -52.865504452999971, -18.705991298999948, 0.0 ], [ -52.899952293999945, -18.678618752999967, 0.0 ], [ -52.925011689999963, -18.642103632999977, 0.0 ], [ -52.938630734999947, -18.613715430999946, 0.0 ] ] ] ] } },
{ "type": "Feature", "properties": { "nome_bacia": null, "rio_principal": null, "area_km2": null }, "geometry": { "type": "MultiPolygon", "coordinates": [ [ [ [ -55.449343721999981, -22.531809124999938, 0.0 ], [ -55.400748788999977, -22.587169735999964, 0.0 ], [ -55.336310405999939, -22.587711234999972, 0.0 ], [ -55.245880068999952, -22.627240663999942, 0.0 ], [ -55.223678609999979, -22.608829696999976, 0.0 ], [ -55.194437661999984, -22.609912694999935, 0.0 ], [ -55.178734190999933, -22.59420922299995, 0.0 ], [ -55.10942231599995, -22.596375218999981, 0.0 ], [ -55.062853399999938, -22.577964252999948, 0.0 ], [ -55.025489967999931, -22.588794232999931, 0.0 ], [ -54.982711544999972, -22.586628236999957, 0.0 ], [ -54.883617224999966, -22.599624213999959, 0.0 ], [ -54.844629294999947, -22.640236639999955, 0.0 ], [ -54.835965310999939, -22.640778138999963, 0.0 ], [ -54.805641365999975, -22.627782162999949, 0.0 ], [ -54.766653435999956, -22.631572655999946, 0.0 ], [ -54.716835525999954, -22.620742674999974, 0.0 ], [ -54.645357655999931, -22.636446146999958, 0.0 ], [ -54.500235917999987, -22.604497704999972, 0.0 ], [ -54.472619467999948, -22.591501727999969, 0.0 ], [ -54.458540492999987, -22.619118177999951, 0.0 ], [ -54.498611420999964, -22.665145594999956, 0.0 ], [ -54.50098146199997, -22.688762056999963, 0.0 ], [ -54.492697126999985, -22.708954858999959, 0.0 ], [ -54.469002850999971, -22.721366146999969, 0.0 ], [ -54.459412310999937, -22.755215111999973, 0.0 ], [ -54.435153884999977, -22.790192376999983, 0.0 ], [ -54.345454125999936, -22.87340441799995, 0.0 ], [ -54.302437731999987, -22.900906702999976, 0.0 ], [ -54.262242084999968, -22.914305251999963, 0.0 ], [ -54.246022788999937, -22.943923096999981, 0.0 ], [ -54.236855360999982, -22.98905505099998, 0.0 ], [ -54.205121954999981, -23.017967708999947, 0.0 ], [ -54.160695187999977, -23.042649246999929, 0.0 ], [ -54.107806178999965, -23.061689289999947, 0.0 ], [ -54.002739598999938, -23.082267689999981, 0.0 ], [ -53.935740602999942, -23.132913154999983, 0.0 ], [ -53.771432081999933, -23.209778514999982, 0.0 ], [ -53.704713524999931, -23.25685154699994, 0.0 ], [ -53.726720622999949, -23.31294447199997, 0.0 ], [ -53.771016739999936, -23.372054288999948, 0.0 ], [ -53.815153661999943, -23.384664837999935, 0.0 ], [ -53.931802362999974, -23.445509772999969, 0.0 ], [ -53.967364859999975, -23.445695692999948, 0.0 ], [ -53.982082806999983, -23.432562018999931, 0.0 ], [ -54.033873822999965, -23.435367364999934, 0.0 ], [ -54.120192181999982, -23.452199445999952, 0.0 ], [ -54.18579413599997, -23.480900299999973, 0.0 ], [ -54.241685273999963, -23.461262872999953, 0.0 ], [ -54.309876777999932, -23.47377903499995, 0.0 ], [ -54.436117378999938, -23.472700055999951, 0.0 ], [ -54.477887041999963, -23.463840280999932, 0.0 ], [ -54.56840026499998, -23.512838092999971, 0.0 ], [ -54.578326875999949, -23.497732379999945, 0.0 ], [ -54.575521528999957, -23.486079401999973, 0.0 ], [ -54.611127852999971, -23.457810138999946, 0.0 ], [ -54.623644014999968, -23.425656549999928, 0.0 ], [ -54.633354829999973, -23.423066998999957, 0.0 ], [ -54.664645235999956, -23.438172711999982, 0.0 ], [ -54.74017379999998, -23.393718756999931, 0.0 ], [ -54.756142696999973, -23.393718756999931, 0.0 ], [ -54.753337349999981, -23.350127984999972, 0.0 ], [ -54.861882686999934, -23.262083258999951, 0.0 ], [ -54.865418204999969, -23.237773803999971, 0.0 ], [ -54.895546847999981, -23.202307794999967, 0.0 ], [ -54.918292412999961, -23.193232121999927, 0.0 ], [ -54.943021945999931, -23.202955181999982, 0.0 ], [ -54.954027535999955, -23.199718243999939, 0.0 ], [ -54.973233370999935, -23.172096368999973, 0.0 ], [ -54.99481296099998, -23.169291021999982, 0.0 ], [ -55.01423459199998, -23.178570245999936, 0.0 ], [ -55.131627560999959, -23.132821514999932, 0.0 ], [ -55.156444089999979, -23.19497073399998, 0.0 ], [ -55.187087106999968, -23.18957583599996, 0.0 ], [ -55.224204001999965, -23.169938409999929, 0.0 ], [ -55.255710202999978, -23.168427837999957, 0.0 ], [ -55.338144236999938, -23.201228814999979, 0.0 ], [ -55.378713865999941, -23.176628082999969, 0.0 ], [ -55.401563340999985, -23.172120120999978, 0.0 ], [ -55.438915470999973, -23.194970835999982, 0.0 ], [ -55.460887311999954, -23.238914516999955, 0.0 ], [ -55.477146473999937, -23.252976494999928, 0.0 ], [ -55.502633808999974, -23.249461000999929, 0.0 ], [ -55.522847902999956, -23.259128610999937, 0.0 ], [ -55.536909880999985, -23.250339874999952, 0.0 ], [ -55.545272659999966, -23.219946935999928, 0.0 ], [ -55.534161733999952, -23.216861264999977, 0.0 ], [ -55.522847902999956, -23.19628914599997, 0.0 ], [ -55.542183121999983, -23.18002998399993, 0.0 ], [ -55.542183121999983, -23.155421521999983, 0.0 ], [ -55.566352146999975, -23.143556727999965, 0.0 ], [ -55.596673287999977, -23.151906027999928, 0.0 ], [ -55.594915539999931, -23.119827139999927, 0.0 ], [ -55.616447943999958, -23.081596136999963, 0.0 ], [ -55.609416954999972, -23.076322895999965, 0.0 ], [ -55.613371886999971, -23.040289076999954, 0.0 ], [ -55.63841978499994, -23.025348224999959, 0.0 ], [ -55.628442044999986, -22.998326444999975, 0.0 ], [ -55.633146542999953, -22.992829900999936, 0.0 ], [ -55.621927445999972, -22.98449425299998, 0.0 ], [ -55.637540910999974, -22.961629886999958, 0.0 ], [ -55.634580165999978, -22.955126818999929, 0.0 ], [ -55.64676908499996, -22.949765092999939, 0.0 ], [ -55.647539206999966, -22.89884766199998, 0.0 ], [ -55.660831062999932, -22.881652385999928, 0.0 ], [ -55.665225430999953, -22.852210118999949, 0.0 ], [ -55.651957428999935, -22.792520703999969, 0.0 ], [ -55.637980347999985, -22.782779102999939, 0.0 ], [ -55.634988143999976, -22.770454512999947, 0.0 ], [ -55.617326817999981, -22.767398813999932, 0.0 ], [ -55.624797243999978, -22.758610077999947, 0.0 ], [ -55.61293244999996, -22.738835420999976, 0.0 ], [ -55.608977517999961, -22.69005793499997, 0.0 ], [ -55.622600059999968, -22.636886079999954, 0.0 ], [ -55.616008506999947, -22.624581848999981, 0.0 ], [ -55.590960608999978, -22.613595928999928, 0.0 ], [ -55.56898876799994, -22.625021285999935, 0.0 ], [ -55.540864811999938, -22.602170570999931, 0.0 ], [ -55.512740855999937, -22.59250296099998, 0.0 ], [ -55.504830992999985, -22.575364925999963, 0.0 ], [ -55.507965594999973, -22.548723305999943, 0.0 ], [ -55.499301610999964, -22.538976322999929, 0.0 ], [ -55.480349144999934, -22.546557309999969, 0.0 ], [ -55.449343721999981, -22.531809124999938, 0.0 ] ] ] ] } },
{ "type": "Feature", "properties": { "nome_bacia": null, "rio_principal": null, "area_km2": null }, "geometry": { "type": "MultiPolygon", "coordinates": [ [ [ [ -51.879462381999986, -19.207936358999973, 0.0 ], [ -51.765578675999961, -19.209574973999963, 0.0 ], [ -51.53322590199997, -19.297504648999961, 0.0 ], [ -51.489553220999937, -19.282250541999929, 0.0 ], [ -51.473387449999962, -19.28420721599997, 0.0 ], [ -51.379355595999982, -19.347844933999966, 0.0 ], [ -51.321416777999957, -19.348794750999957, 0.0 ], [ -51.291250700999967, -19.359174911999958, 0.0 ], [ -51.246410364999974, -19.386233734999962, 0.0 ], [ -51.211620448999952, -19.424116087999948, 0.0 ], [ -51.121005453999942, -19.433328436999943, 0.0 ], [ -51.116528012999936, -19.459292558999948, 0.0 ], [ -51.104931373999932, -19.47552785299996, 0.0 ], [ -51.043120484999974, -19.476070188999927, 0.0 ], [ -50.987805323999964, -19.535830372999953, 0.0 ], [ -50.963838937999981, -19.546267347999958, 0.0 ], [ -50.929142480999985, -19.54635662499993, 0.0 ], [ -50.923443579999969, -19.566103596999938, 0.0 ], [ -50.928113941999982, -19.587912394999933, 0.0 ], [ -50.944339547999959, -19.590998009999964, 0.0 ], [ -50.965235514999961, -19.579600208999977, 0.0 ], [ -50.986881848999985, -19.586844865999979, 0.0 ], [ -51.012112710999986, -19.652328586999943, 0.0 ], [ -51.038180813999986, -19.691767494999965, 0.0 ], [ -51.046081811999954, -19.735582921999935, 0.0 ], [ -51.028228054999943, -19.755879008999955, 0.0 ], [ -51.040076387999932, -19.782254279999961, 0.0 ], [ -51.022548427999936, -19.809759102999976, 0.0 ], [ -51.019306932999939, -19.87045024899993, 0.0 ], [ -50.99947130299995, -19.906375501999946, 0.0 ], [ -51.013946791999956, -19.944540084999971, 0.0 ], [ -51.07992388599996, -19.954969364999954, 0.0 ], [ -51.145617088999984, -19.926596158999928, 0.0 ], [ -51.157677956999976, -19.902817244999937, 0.0 ], [ -51.197503211999958, -19.900920803999952, 0.0 ], [ -51.214571178999961, -19.869155421999949, 0.0 ], [ -51.274783171999957, -19.84639813299998, 0.0 ], [ -51.303620448999936, -19.853191716999959, 0.0 ], [ -51.32062885199997, -19.848939615999939, 0.0 ], [ -51.341158597999936, -19.865362539999978, 0.0 ], [ -51.37956152299995, -19.868681311999978, 0.0 ], [ -51.424612044999947, -19.847006842999974, 0.0 ], [ -51.432661863999954, -19.813210419999962, 0.0 ], [ -51.459212033999961, -19.805150546999982, 0.0 ], [ -51.463953135999986, -19.790453130999936, 0.0 ], [ -51.495718517999933, -19.773385164999979, 0.0 ], [ -51.538388434999945, -19.735930459999963, 0.0 ], [ -51.557200279999961, -19.687359784999956, 0.0 ], [ -51.598561623999956, -19.686586674999944, 0.0 ], [ -51.626393556999972, -19.665712725999981, 0.0 ], [ -51.641469186999984, -19.626284154999951, 0.0 ], [ -51.688207252999973, -19.602705497999978, 0.0 ], [ -51.712386872999957, -19.570940115999974, 0.0 ], [ -51.727670867999962, -19.526553062999938, 0.0 ], [ -51.781401959999982, -19.484805163999965, 0.0 ], [ -51.820443975999979, -19.429914406999956, 0.0 ], [ -51.829548455999941, -19.414293207999947, 0.0 ], [ -51.826242295999975, -19.393578272999946, 0.0 ], [ -51.843637253999987, -19.312015247999966, 0.0 ], [ -51.861791613999969, -19.293239950999975, 0.0 ], [ -51.862357282999938, -19.277174938999963, 0.0 ], [ -51.847876145999976, -19.262331772999971, 0.0 ], [ -51.862357282999938, -19.24097209599995, 0.0 ], [ -51.890796916999932, -19.225427012999944, 0.0 ], [ -51.879462381999986, -19.207936358999973, 0.0 ] ] ] ] } },
{ "type": "Feature", "properties": { "nome_bacia": null, "rio_principal": null, "area_km2": null }, "geometry": { "type": "MultiPolygon", "coordinates": [ [ [ [ -53.073344017999943, -18.039541926999959, 0.0 ], [ -53.153219236999973, -18.043109867999931, 0.0 ], [ -53.155242757999986, -18.040260596999929, 0.0 ], [ -53.07227751399995, -18.033975303999966, 0.0 ], [ -53.073344017999943, -18.039541926999959, 0.0 ] ] ] ] } },
{ "type": "Feature", "properties": { "nome_bacia": null, "rio_principal": null, "area_km2": null }, "geometry": { "type": "MultiPolygon", "coordinates": [ [ [ [ -56.049513495999975, -17.172474173999944, 0.0 ], [ -56.037868444999958, -17.177428693999957, 0.0 ], [ -56.032430333999969, -17.185357680999971, 0.0 ], [ -56.01606749299998, -17.190228798999954, 0.0 ], [ -56.005510236999953, -17.204196840999941, 0.0 ], [ -56.00640019399998, -17.205293927999946, 0.0 ], [ -56.016109008999933, -17.191225736999968, 0.0 ], [ -56.03268821599994, -17.186054930999944, 0.0 ], [ -56.049513495999975, -17.172474173999944, 0.0 ] ] ], [ [ [ -57.522440323999945, -17.859216065999931, 0.0 ], [ -57.477585806999969, -17.85905327699993, 0.0 ], [ -57.47735596299998, -17.860771467999939, 0.0 ], [ -57.516201807999948, -17.86332448099995, 0.0 ], [ -57.517447894999975, -17.862751396999954, 0.0 ], [ -57.522080001999939, -17.859925224999927, 0.0 ], [ -57.531682130999968, -17.855730374999951, 0.0 ], [ -57.535767673999942, -17.853434055999969, 0.0 ], [ -57.535605627999985, -17.836634225999944, 0.0 ], [ -57.534776860999955, -17.853633846999969, 0.0 ], [ -57.522440323999945, -17.859216065999931, 0.0 ] ] ], [ [ [ -57.200139960999934, -17.788974181999947, 0.0 ], [ -57.208550050999975, -17.789655767999932, 0.0 ], [ -57.214094909999972, -17.789630496999962, 0.0 ], [ -57.228493402999959, -17.784695570999929, 0.0 ], [ -57.204248322999945, -17.789251927999942, 0.0 ], [ -57.180624056999932, -17.77974340399993, 0.0 ], [ -57.200139960999934, -17.788974181999947, 0.0 ] ] ], [ [ [ -57.148357853999983, -17.768851717999951, 0.0 ], [ -57.13471246499995, -17.774212210999963, 0.0 ], [ -57.12800307699996, -17.774127101999966, 0.0 ], [ -57.116711016999943, -17.781071958999974, 0.0 ], [ -57.137198901999966, -17.774867014999927, 0.0 ], [ -57.148357853999983, -17.768851717999951, 0.0 ] ] ], [ [ [ -57.640303895999978, -17.717359335999959, 0.0 ], [ -57.623110860999986, -17.736358983999935, 0.0 ], [ -57.618643359999965, -17.747781865999968, 0.0 ], [ -57.612864531999946, -17.749304434999942, 0.0 ], [ -57.611529941999947, -17.751834887999962, 0.0 ], [ -57.618533291999938, -17.748867250999979, 0.0 ], [ -57.639028250999957, -17.719498508999948, 0.0 ], [ -57.644977447999963, -17.720697191999932, 0.0 ], [ -57.640303895999978, -17.717359335999959, 0.0 ] ] ], [ [ [ -57.064985720999971, -17.735446196999931, 0.0 ], [ -57.074516840999934, -17.737554533999969, 0.0 ], [ -57.078071164999983, -17.747362772999963, 0.0 ], [ -57.081578616999934, -17.751807498999938, 0.0 ], [ -57.093496182999957, -17.754504499999939, 0.0 ], [ -57.079824605999931, -17.749134272999981, 0.0 ], [ -57.073912118999942, -17.735463451999976, 0.0 ], [ -57.064985720999971, -17.735446196999931, 0.0 ] ] ], [ [ [ -56.116728355999953, -17.169707484999947, 0.0 ], [ -56.084462018999943, -17.177663848999941, 0.0 ], [ -56.074501341999962, -17.171882570999969, 0.0 ], [ -56.085387366999953, -17.178462226999955, 0.0 ], [ -56.116728355999953, -17.169707484999947, 0.0 ] ] ], [ [ [ -57.477199510999981, -17.879382762999967, 0.0 ], [ -57.45063698499996, -17.900157709999974, 0.0 ], [ -57.454010155999981, -17.903961194999965, 0.0 ], [ -57.462397292999981, -17.900526878999926, 0.0 ], [ -57.477199510999981, -17.879382762999967, 0.0 ] ] ], [ [ [ -57.53919768999998, -17.833696594999935, 0.0 ], [ -57.552221673999952, -17.830002039999954, 0.0 ], [ -57.559847177999984, -17.815332234999971, 0.0 ], [ -57.552003780999939, -17.828205281999942, 0.0 ], [ -57.53919768999998, -17.833696594999935, 0.0 ] ] ], [ [ [ -57.277491463999979, -17.814550125999972, 0.0 ], [ -57.274802960999978, -17.817142345999969, 0.0 ], [ -57.26594588599994, -17.82013558899996, 0.0 ], [ -57.271387876999938, -17.819135499999959, 0.0 ], [ -57.280950663999931, -17.814698204999956, 0.0 ], [ -57.283331738999948, -17.820110439999951, 0.0 ], [ -57.285077800999943, -17.814108985999951, 0.0 ], [ -57.277491463999979, -17.814550125999972, 0.0 ] ] ], [ [ [ -57.576331490999962, -17.800528376999978, 0.0 ], [ -57.574534072999938, -17.804061257999933, 0.0 ], [ -57.573549329999935, -17.812774417999947, 0.0 ], [ -57.568415862999984, -17.816762138999934, 0.0 ], [ -57.574699332999955, -17.81275319699995, 0.0 ], [ -57.576732352999954, -17.801241952999931, 0.0 ], [ -57.591694500999949, -17.80263188999993, 0.0 ], [ -57.576331490999962, -17.800528376999978, 0.0 ] ] ], [ [ [ -57.368815040999948, -17.82586131599993, 0.0 ], [ -57.368080729999974, -17.826199168999949, 0.0 ], [ -57.363153498999964, -17.833560535999936, 0.0 ], [ -57.350571172999935, -17.837205343999926, 0.0 ], [ -57.363284031999967, -17.834887283999933, 0.0 ], [ -57.369152333999978, -17.826227822999954, 0.0 ], [ -57.378486287999976, -17.826643013999956, 0.0 ], [ -57.368815040999948, -17.82586131599993, 0.0 ] ] ], [ [ [ -57.179039245999945, -17.778287955999929, 0.0 ], [ -57.160078625999972, -17.77883428399997, 0.0 ], [ -57.154228922999948, -17.777444014999958, 0.0 ], [ -57.159011847999977, -17.779887326999926, 0.0 ], [ -57.179039245999945, -17.778287955999929, 0.0 ] ] ], [ [ [ -56.975524479999933, -17.59509131599998, 0.0 ], [ -56.982273968999948, -17.609566567999934, 0.0 ], [ -56.982829015999982, -17.605497696999976, 0.0 ], [ -56.981324920999953, -17.602042909999966, 0.0 ], [ -56.975962668999955, -17.595961125999963, 0.0 ], [ -56.982355748999964, -17.580232955999975, 0.0 ], [ -56.98184157299994, -17.579926394999973, 0.0 ], [ -56.975524479999933, -17.59509131599998, 0.0 ] ] ], [ [ [ -57.645002831999932, -17.720900933999928, 0.0 ], [ -57.663374813999951, -17.731385324999962, 0.0 ], [ -57.671627287999968, -17.729450795999981, 0.0 ], [ -57.671868305999965, -17.726138046999949, 0.0 ], [ -57.663554178999959, -17.729853773999935, 0.0 ], [ -57.645002831999932, -17.720900933999928, 0.0 ] ] ], [ [ [ -56.989100649999955, -17.660934408999935, 0.0 ], [ -57.013352660999942, -17.672789253999952, 0.0 ], [ -56.987479490999931, -17.657508051999969, 0.0 ], [ -56.989100649999955, -17.660934408999935, 0.0 ] ] ], [ [ [ -56.647744741999986, -17.339249534999965, 0.0 ], [ -56.653685014999951, -17.323034350999933, 0.0 ], [ -56.651459638999938, -17.326547556999969, 0.0 ], [ -56.647744741999986, -17.339249534999965, 0.0 ] ] ], [ [ [ -56.152729515999965, -17.185475146999977, 0.0 ], [ -56.135331895999968, -17.188057723999975, 0.0 ], [ -56.157256576999941, -17.18722483099998, 0.0 ], [ -56.152729515999965, -17.185475146999977, 0.0 ] ] ], [ [ [ -56.620018121999976, -17.32203261799998, 0.0 ], [ -56.616772100999981, -17.323807447999968, 0.0 ], [ -56.61039797899997, -17.333109947999958, 0.0 ], [ -56.618548615999941, -17.323591853999972, 0.0 ], [ -56.628538892999984, -17.324571428999946, 0.0 ], [ -56.620018121999976, -17.32203261799998, 0.0 ] ] ], [ [ [ -56.061680432999935, -17.170710911999947, 0.0 ], [ -56.058065161999934, -17.175307501999953, 0.0 ], [ -56.053929801999971, -17.185611479999977, 0.0 ], [ -56.047180329999946, -17.180585252999947, 0.0 ], [ -56.048210134999977, -17.186682235999967, 0.0 ], [ -56.051376619999985, -17.187425357999928, 0.0 ], [ -56.055116190999968, -17.185178183999938, 0.0 ], [ -56.061680432999935, -17.170710911999947, 0.0 ] ] ], [ [ [ -56.189161011999943, -17.211178244999928, 0.0 ], [ -56.192626238999935, -17.211777278999932, 0.0 ], [ -56.20099111199994, -17.206986383999947, 0.0 ], [ -56.189149534999956, -17.210368292999931, 0.0 ], [ -56.185274939999942, -17.19260195499993, 0.0 ], [ -56.189161011999943, -17.211178244999928, 0.0 ] ] ], [ [ [ -57.601336488999948, -17.777353673999983, 0.0 ], [ -57.613983944999973, -17.769857375999948, 0.0 ], [ -57.619846614999972, -17.756556561999957, 0.0 ], [ -57.620184818999974, -17.754677408999953, 0.0 ], [ -57.619560725999975, -17.753378960999953, 0.0 ], [ -57.601336488999948, -17.777353673999983, 0.0 ] ] ], [ [ [ -56.571162800999957, -17.315301662999957, 0.0 ], [ -56.554151803999957, -17.321826107999982, 0.0 ], [ -56.552358993999974, -17.322426441999937, 0.0 ], [ -56.572034482999982, -17.315864846999943, 0.0 ], [ -56.579383138999958, -17.321084842999937, 0.0 ], [ -56.57704397699996, -17.317290917999969, 0.0 ], [ -56.571162800999957, -17.315301662999957, 0.0 ] ] ], [ [ [ -57.252612093999971, -17.810761965999973, 0.0 ], [ -57.236701810999932, -17.812531598999954, 0.0 ], [ -57.232699520999972, -17.812386461999949, 0.0 ], [ -57.234829092999973, -17.813460478999957, 0.0 ], [ -57.250559364999958, -17.811672633999933, 0.0 ], [ -57.255490508999969, -17.813065163999966, 0.0 ], [ -57.252612093999971, -17.810761965999973, 0.0 ] ] ], [ [ [ -57.106955979999952, -17.774480349999976, 0.0 ], [ -57.108657706999963, -17.772830112999941, 0.0 ], [ -57.10100307099998, -17.771887534999962, 0.0 ], [ -57.106955979999952, -17.774480349999976, 0.0 ] ] ], [ [ [ -57.421736873999976, -17.854198425999982, 0.0 ], [ -57.411772257999985, -17.857861626999977, 0.0 ], [ -57.428254581999965, -17.858691306999958, 0.0 ], [ -57.421736873999976, -17.854198425999982, 0.0 ] ] ], [ [ [ -57.284623785999941, -17.823181409999961, 0.0 ], [ -57.291979491999939, -17.82328666799998, 0.0 ], [ -57.294639115999985, -17.820878439999944, 0.0 ], [ -57.293294906999961, -17.819594715999926, 0.0 ], [ -57.284623785999941, -17.823181409999961, 0.0 ] ] ], [ [ [ -56.828711941999984, -17.389960268999971, 0.0 ], [ -56.798139405999962, -17.389472484999942, 0.0 ], [ -56.829849812999953, -17.391659584999957, 0.0 ], [ -56.828711941999984, -17.389960268999971, 0.0 ] ] ], [ [ [ -56.128001991999952, -17.178679174999957, 0.0 ], [ -56.132634768999935, -17.18127670299998, 0.0 ], [ -56.140929472999971, -17.18108086999996, 0.0 ], [ -56.128001991999952, -17.178679174999957, 0.0 ] ] ], [ [ [ -55.926340489999973, -17.257859853999946, 0.0 ], [ -55.930183159999956, -17.273338231999958, 0.0 ], [ -55.937990850999938, -17.278333042999975, 0.0 ], [ -55.93148156899997, -17.273812462999956, 0.0 ], [ -55.926340489999973, -17.257859853999946, 0.0 ] ] ], [ [ [ -57.056716642999959, -17.729496472999926, 0.0 ], [ -57.05015827699998, -17.732657752999955, 0.0 ], [ -57.046824082999933, -17.731784369999957, 0.0 ], [ -57.051626058999943, -17.733699082999976, 0.0 ], [ -57.056716642999959, -17.729496472999926, 0.0 ] ] ], [ [ [ -55.98270470999995, -17.249509072999956, 0.0 ], [ -55.978607173999933, -17.246630308999954, 0.0 ], [ -55.985461550999958, -17.257775409999965, 0.0 ], [ -55.98270470999995, -17.249509072999956, 0.0 ] ] ], [ [ [ -57.397046201999956, -17.839979543999959, 0.0 ], [ -57.391362952999941, -17.845518847999926, 0.0 ], [ -57.38562733699996, -17.844225000999927, 0.0 ], [ -57.392356320999966, -17.846107246999964, 0.0 ], [ -57.397046201999956, -17.839979543999959, 0.0 ] ] ], [ [ [ -57.306493680999949, -17.810509283999977, 0.0 ], [ -57.299768960999984, -17.816848551999954, 0.0 ], [ -57.296622730999957, -17.815843340999947, 0.0 ], [ -57.299182886999972, -17.817803456999968, 0.0 ], [ -57.301656746999981, -17.817368630999965, 0.0 ], [ -57.306493680999949, -17.810509283999977, 0.0 ] ] ], [ [ [ -56.002598493999983, -17.23842443999996, 0.0 ], [ -56.000510701999985, -17.246243253999978, 0.0 ], [ -55.996569239999985, -17.241053349999959, 0.0 ], [ -55.994652425999959, -17.240143044999968, 0.0 ], [ -55.993474148999951, -17.239878362999946, 0.0 ], [ -55.993235367999944, -17.239879211999948, 0.0 ], [ -55.999352004999935, -17.246392994999951, 0.0 ], [ -56.001897695999958, -17.246684220999953, 0.0 ], [ -56.004322134999938, -17.244762173999959, 0.0 ], [ -56.002598493999983, -17.23842443999996, 0.0 ] ] ], [ [ [ -57.325739646999978, -17.829213362999951, 0.0 ], [ -57.337704293999934, -17.832242329999929, 0.0 ], [ -57.342572681999968, -17.831438455999944, 0.0 ], [ -57.325739646999978, -17.829213362999951, 0.0 ] ] ], [ [ [ -57.611684797999942, -17.778078017999974, 0.0 ], [ -57.612165285999936, -17.788124650999976, 0.0 ], [ -57.609556786999974, -17.796724089999941, 0.0 ], [ -57.612790226999948, -17.787164234999977, 0.0 ], [ -57.613258532999964, -17.783662116999949, 0.0 ], [ -57.611684797999942, -17.778078017999974, 0.0 ] ] ], [ [ [ -57.690206928999942, -17.63961785999993, 0.0 ], [ -57.68272157499996, -17.642737563999958, 0.0 ], [ -57.681585397999982, -17.647999398999957, 0.0 ], [ -57.682883663999974, -17.644916577999936, 0.0 ], [ -57.686822642999971, -17.643489939999938, 0.0 ], [ -57.68962965999998, -17.641184322999948, 0.0 ], [ -57.690206928999942, -17.63961785999993, 0.0 ] ] ], [ [ [ -56.233441211999946, -17.227835376999963, 0.0 ], [ -56.228567419999933, -17.227123388999928, 0.0 ], [ -56.221042510999951, -17.22876625899994, 0.0 ], [ -56.233441211999946, -17.227835376999963, 0.0 ] ] ], [ [ [ -56.072127745999978, -17.170850540999936, 0.0 ], [ -56.066288422999946, -17.174813808999943, 0.0 ], [ -56.067367468999976, -17.176937993999957, 0.0 ], [ -56.072127745999978, -17.170850540999936, 0.0 ] ] ], [ [ [ -57.237009187999945, -17.792183894999937, 0.0 ], [ -57.243796454999938, -17.797942856999953, 0.0 ], [ -57.245731494999973, -17.797628506999956, 0.0 ], [ -57.251120660999959, -17.793176268999957, 0.0 ], [ -57.244471723999936, -17.797785143999931, 0.0 ], [ -57.237009187999945, -17.792183894999937, 0.0 ] ] ], [ [ [ -57.67239185699998, -17.719720846999962, 0.0 ], [ -57.684696695999946, -17.71840504599993, 0.0 ], [ -57.685505854999974, -17.714954594999938, 0.0 ], [ -57.685479929999985, -17.713433222999981, 0.0 ], [ -57.685399311999959, -17.712916714999949, 0.0 ], [ -57.684577465999951, -17.710381436999967, 0.0 ], [ -57.67239185699998, -17.719720846999962, 0.0 ] ] ], [ [ [ -57.236175633999949, -17.789570466999976, 0.0 ], [ -57.230157996999935, -17.790089985999941, 0.0 ], [ -57.228556893999951, -17.790253204999942, 0.0 ], [ -57.236175633999949, -17.789570466999976, 0.0 ] ] ], [ [ [ -57.439991887999952, -17.873137479999968, 0.0 ], [ -57.445417089999978, -17.873761250999962, 0.0 ], [ -57.43651168599996, -17.869766145999961, 0.0 ], [ -57.439991887999952, -17.873137479999968, 0.0 ] ] ], [ [ [ -56.678707100999986, -17.320136952999974, 0.0 ], [ -56.674003567999932, -17.326424150999969, 0.0 ], [ -56.683872817999941, -17.316979887999935, 0.0 ], [ -56.678707100999986, -17.320136952999974, 0.0 ] ] ], [ [ [ -56.768615557999965, -17.365365910999969, 0.0 ], [ -56.784312168999975, -17.368653140999982, 0.0 ], [ -56.765950740999983, -17.363624741999956, 0.0 ], [ -56.768615557999965, -17.365365910999969, 0.0 ] ] ], [ [ [ -57.686736602999986, -17.635002191999945, 0.0 ], [ -57.687697931999935, -17.628237951999949, 0.0 ], [ -57.686756766999963, -17.62932077399995, 0.0 ], [ -57.686466530999951, -17.632379466999964, 0.0 ], [ -57.686736602999986, -17.635002191999945, 0.0 ] ] ], [ [ [ -56.965694438999947, -17.624036432999958, 0.0 ], [ -56.964747135999971, -17.621737429999939, 0.0 ], [ -56.959549086999971, -17.613535010999954, 0.0 ], [ -56.965694438999947, -17.624036432999958, 0.0 ] ] ], [ [ [ -56.694409279999945, -17.31686723599995, 0.0 ], [ -56.691932440999949, -17.318110161999982, 0.0 ], [ -56.692197804999978, -17.319444751999981, 0.0 ], [ -56.695520317999978, -17.317352391999975, 0.0 ], [ -56.700433223999937, -17.319811514999969, 0.0 ], [ -56.701806898999962, -17.32010233799997, 0.0 ], [ -56.702979511999956, -17.319984017999957, 0.0 ], [ -56.708906075999948, -17.317296333999934, 0.0 ], [ -56.694409279999945, -17.31686723599995, 0.0 ] ] ], [ [ [ -56.117662893999977, -17.172156472999973, 0.0 ], [ -56.121017379999955, -17.17606507499994, 0.0 ], [ -56.127020805999962, -17.175195482999982, 0.0 ], [ -56.117662893999977, -17.172156472999973, 0.0 ] ] ], [ [ [ -56.530312891999984, -17.320060204999947, 0.0 ], [ -56.531045587999984, -17.313495203999935, 0.0 ], [ -56.529851373999975, -17.319100633999938, 0.0 ], [ -56.527387694999959, -17.32126673099998, 0.0 ], [ -56.530312891999984, -17.320060204999947, 0.0 ] ] ], [ [ [ -56.332232806999968, -17.281683702999942, 0.0 ], [ -56.326181482999971, -17.28590473099996, 0.0 ], [ -56.324053181999943, -17.285766705999947, 0.0 ], [ -56.327064792999977, -17.286210548999975, 0.0 ], [ -56.331731424999987, -17.282523741999967, 0.0 ], [ -56.335089090999986, -17.283064520999972, 0.0 ], [ -56.332232806999968, -17.281683702999942, 0.0 ] ] ], [ [ [ -56.586518441999942, -17.329445283999974, 0.0 ], [ -56.577275007999958, -17.330970867999952, 0.0 ], [ -56.595541433999983, -17.332408537999981, 0.0 ], [ -56.586518441999942, -17.329445283999974, 0.0 ] ] ], [ [ [ -56.603292101999955, -17.329274187999943, 0.0 ], [ -56.597886863999975, -17.33249789499996, 0.0 ], [ -56.607010412999955, -17.329747982999947, 0.0 ], [ -56.603292101999955, -17.329274187999943, 0.0 ] ] ], [ [ [ -56.981479066999952, -17.639411363999955, 0.0 ], [ -56.975745846999985, -17.63507315499993, 0.0 ], [ -56.973606549999943, -17.628011430999948, 0.0 ], [ -56.972366652999938, -17.627233933999946, 0.0 ], [ -56.976219807999939, -17.636701387999949, 0.0 ], [ -56.981479066999952, -17.639411363999955, 0.0 ] ] ], [ [ [ -56.523132002999944, -17.311574956999948, 0.0 ], [ -56.515294411999946, -17.312583723999978, 0.0 ], [ -56.514450752999949, -17.31272562099997, 0.0 ], [ -56.523132002999944, -17.311574956999948, 0.0 ] ] ], [ [ [ -56.951769922999972, -17.569755783999938, 0.0 ], [ -56.966799917999936, -17.571404173999952, 0.0 ], [ -56.960023289999981, -17.569838536999953, 0.0 ], [ -56.951994468999942, -17.569359038999949, 0.0 ], [ -56.948220935999984, -17.566291920999959, 0.0 ], [ -56.951769922999972, -17.569755783999938, 0.0 ] ] ], [ [ [ -56.674112732999959, -17.328324429999952, 0.0 ], [ -56.661774704999971, -17.338747472999955, 0.0 ], [ -56.664099636999936, -17.339429307999978, 0.0 ], [ -56.672617205999984, -17.334908904999963, 0.0 ], [ -56.674340132999987, -17.33290077099997, 0.0 ], [ -56.674532638999949, -17.332055675999982, 0.0 ], [ -56.674112732999959, -17.328324429999952, 0.0 ] ] ], [ [ [ -56.160755505999987, -17.191271031999975, 0.0 ], [ -56.169323529999986, -17.189486705999968, 0.0 ], [ -56.16747940099998, -17.192828804999976, 0.0 ], [ -56.164651674999959, -17.194620991999955, 0.0 ], [ -56.160755505999987, -17.191271031999975, 0.0 ] ] ], [ [ [ -56.759389075999934, -17.339222266999968, 0.0 ], [ -56.768035539999971, -17.341494306999948, 0.0 ], [ -56.769492514999968, -17.343855219999966, 0.0 ], [ -56.768874513999947, -17.34085870399997, 0.0 ], [ -56.759389075999934, -17.339222266999968, 0.0 ] ] ], [ [ [ -57.680876211999987, -17.702087793999965, 0.0 ], [ -57.683372505999955, -17.696162891999961, 0.0 ], [ -57.681167185999982, -17.684772352999971, 0.0 ], [ -57.679801170999951, -17.683348013999932, 0.0 ], [ -57.678575139999964, -17.683006018999947, 0.0 ], [ -57.680876211999987, -17.702087793999965, 0.0 ] ] ], [ [ [ -57.676948513999946, -17.652154759999974, 0.0 ], [ -57.681773533999944, -17.652076835999935, 0.0 ], [ -57.683137990999967, -17.650118808999935, 0.0 ], [ -57.676948513999946, -17.652154759999974, 0.0 ] ] ], [ [ [ -56.204363737999984, -17.214067236999938, 0.0 ], [ -56.207001610999953, -17.214237081999954, 0.0 ], [ -56.21274852199997, -17.210263634999933, 0.0 ], [ -56.205459406999978, -17.214101518999939, 0.0 ], [ -56.203850086999978, -17.213099609999972, 0.0 ], [ -56.202740289999952, -17.209101422999936, 0.0 ], [ -56.20176123799996, -17.207917590999955, 0.0 ], [ -56.202392292999946, -17.208848218999947, 0.0 ], [ -56.203871364999941, -17.213358685999935, 0.0 ], [ -56.204363737999984, -17.214067236999938, 0.0 ] ] ], [ [ [ -57.71886107499995, -17.536523648999946, 0.0 ], [ -57.723719117999963, -17.53395682699994, 0.0 ], [ -57.726781069999959, -17.53028127999994, 0.0 ], [ -57.725031496999975, -17.531012373999943, 0.0 ], [ -57.71886107499995, -17.536523648999946, 0.0 ] ] ], [ [ [ -57.671779876999949, -17.664112430999978, 0.0 ], [ -57.679035608999982, -17.65956956399998, 0.0 ], [ -57.679548347999969, -17.658374125999956, 0.0 ], [ -57.679301728999974, -17.657243358999949, 0.0 ], [ -57.671779876999949, -17.664112430999978, 0.0 ] ] ], [ [ [ -57.71090402599998, -17.566453527999954, 0.0 ], [ -57.703750973999945, -17.577343020999933, 0.0 ], [ -57.708074655999951, -17.574232334999977, 0.0 ], [ -57.710257240999965, -17.570410652999954, 0.0 ], [ -57.711138120999976, -17.567864838999981, 0.0 ], [ -57.71090402599998, -17.566453527999954, 0.0 ] ] ], [ [ [ -56.829730449999943, -17.421481441999958, 0.0 ], [ -56.824679054999933, -17.422990839999954, 0.0 ], [ -56.83027033999997, -17.421785419999935, 0.0 ], [ -56.832996120999951, -17.423351644999968, 0.0 ], [ -56.835205736999967, -17.42297274699996, 0.0 ], [ -56.829730449999943, -17.421481441999958, 0.0 ] ] ], [ [ [ -56.983394717999943, -17.641391337999949, 0.0 ], [ -56.987036043999979, -17.65295475399995, 0.0 ], [ -56.98713156499997, -17.65159080899997, 0.0 ], [ -56.985249557999964, -17.644802488999972, 0.0 ], [ -56.983850085999961, -17.64189313299994, 0.0 ], [ -56.983394717999943, -17.641391337999949, 0.0 ] ] ], [ [ [ -57.294200682999985, -17.812839208999947, 0.0 ], [ -57.288193785999965, -17.814155934999974, 0.0 ], [ -57.28892880899997, -17.814914691999945, 0.0 ], [ -57.294200682999985, -17.812839208999947, 0.0 ] ] ], [ [ [ -56.439001623999957, -17.329302033999966, 0.0 ], [ -56.44406446499994, -17.331601416999945, 0.0 ], [ -56.436337008999942, -17.323347478999949, 0.0 ], [ -56.439001623999957, -17.329302033999966, 0.0 ] ] ], [ [ [ -56.713815394999983, -17.318675651999968, 0.0 ], [ -56.715840846999981, -17.318108423999945, 0.0 ], [ -56.716363908999938, -17.317358820999971, 0.0 ], [ -56.717790501999957, -17.309342079999965, 0.0 ], [ -56.720967997999935, -17.307651, 0.0 ], [ -56.718019645999959, -17.308332109999981, 0.0 ], [ -56.713815394999983, -17.318675651999968, 0.0 ] ] ], [ [ [ -55.916314769999985, -17.264956937999955, 0.0 ], [ -55.902008294999973, -17.263879804999931, 0.0 ], [ -55.897210947999952, -17.263614940999958, 0.0 ], [ -55.916314769999985, -17.264956937999955, 0.0 ] ] ], [ [ [ -57.716775846999951, -17.540972482999962, 0.0 ], [ -57.716672182999957, -17.542184668999937, 0.0 ], [ -57.717938932999971, -17.53849103999994, 0.0 ], [ -57.716775846999951, -17.540972482999962, 0.0 ] ] ], [ [ [ -56.349332611999955, -17.27922386299997, 0.0 ], [ -56.343153659999984, -17.285927231999949, 0.0 ], [ -56.345182056999931, -17.285126585999933, 0.0 ], [ -56.349332611999955, -17.27922386299997, 0.0 ] ] ], [ [ [ -57.348354324999946, -17.835600377999981, 0.0 ], [ -57.342959660999952, -17.836068024999975, 0.0 ], [ -57.343240621999939, -17.837178826999946, 0.0 ], [ -57.348354324999946, -17.835600377999981, 0.0 ] ] ], [ [ [ -57.402878056999953, -17.85170037599994, 0.0 ], [ -57.408133463999945, -17.853442635999954, 0.0 ], [ -57.400927334999949, -17.848268834999942, 0.0 ], [ -57.402878056999953, -17.85170037599994, 0.0 ] ] ], [ [ [ -56.355614035999963, -17.266828579999981, 0.0 ], [ -56.34351389699998, -17.275943344999973, 0.0 ], [ -56.344819529999938, -17.275955203999956, 0.0 ], [ -56.345350747999987, -17.275728557999969, 0.0 ], [ -56.355614035999963, -17.266828579999981, 0.0 ] ] ], [ [ [ -56.471587024999963, -17.30992152999994, 0.0 ], [ -56.472952043999953, -17.309944912999981, 0.0 ], [ -56.471431441999982, -17.30936212599994, 0.0 ], [ -56.471655561999967, -17.305649469999935, 0.0 ], [ -56.471182184999975, -17.303381869999953, 0.0 ], [ -56.470915151999975, -17.303234868999937, 0.0 ], [ -56.470653108999954, -17.308739615999968, 0.0 ], [ -56.471587024999963, -17.30992152999994, 0.0 ] ] ], [ [ [ -56.00862405099997, -17.235956511999973, 0.0 ], [ -56.009905438999965, -17.240994637999961, 0.0 ], [ -56.011764186999983, -17.237197569999978, 0.0 ], [ -56.00862405099997, -17.235956511999973, 0.0 ] ] ], [ [ [ -56.639023549999933, -17.328214626999966, 0.0 ], [ -56.631280186999959, -17.333614248999936, 0.0 ], [ -56.644325798999944, -17.322972799999945, 0.0 ], [ -56.639023549999933, -17.328214626999966, 0.0 ] ] ], [ [ [ -57.712500126999942, -17.552110828999957, 0.0 ], [ -57.713864670999953, -17.552473655999961, 0.0 ], [ -57.712323696999931, -17.55029940299994, 0.0 ], [ -57.712500126999942, -17.552110828999957, 0.0 ] ] ], [ [ [ -56.219567015999985, -17.220464123999932, 0.0 ], [ -56.214061279999953, -17.225677216999941, 0.0 ], [ -56.215712347999954, -17.224658193999971, 0.0 ], [ -56.219567015999985, -17.220464123999932, 0.0 ] ] ], [ [ [ -56.020982074999949, -17.213839896999957, 0.0 ], [ -56.020412932999932, -17.218087171999969, 0.0 ], [ -56.021180349999952, -17.216165273999934, 0.0 ], [ -56.020982074999949, -17.213839896999957, 0.0 ] ] ], [ [ [ -56.869115262999969, -17.520695195999963, 0.0 ], [ -56.869801152999969, -17.520542196999941, 0.0 ], [ -56.870007498999939, -17.517751086999965, 0.0 ], [ -56.869115262999969, -17.520695195999963, 0.0 ] ] ], [ [ [ -56.299516891999986, -17.277218672999936, 0.0 ], [ -56.297240876999979, -17.274599869999975, 0.0 ], [ -56.297464028999968, -17.27699711799994, 0.0 ], [ -56.299516891999986, -17.277218672999936, 0.0 ] ] ], [ [ [ -57.73003487699998, -17.530521029999932, 0.0 ], [ -57.734726465999984, -17.532296862999942, 0.0 ], [ -57.727366807999942, -17.530036517999974, 0.0 ], [ -57.73003487699998, -17.530521029999932, 0.0 ] ] ], [ [ [ -57.697351798999932, -17.600908564999941, 0.0 ], [ -57.702808832999949, -17.594454111999937, 0.0 ], [ -57.702925278999942, -17.593845745999943, 0.0 ], [ -57.702376570999945, -17.592953424999962, 0.0 ], [ -57.697351798999932, -17.600908564999941, 0.0 ] ] ], [ [ [ -56.82700859299996, -17.451497656999948, 0.0 ], [ -56.831878995999944, -17.447998865999978, 0.0 ], [ -56.837574231999952, -17.446017266999945, 0.0 ], [ -56.831780779999974, -17.447646013999929, 0.0 ], [ -56.82700859299996, -17.451497656999948, 0.0 ] ] ], [ [ [ -56.237929842999961, -17.222195757999941, 0.0 ], [ -56.235178005999956, -17.225918306999972, 0.0 ], [ -56.243906110999944, -17.220817629999942, 0.0 ], [ -56.237929842999961, -17.222195757999941, 0.0 ] ] ], [ [ [ -56.01270472799996, -17.222648, 0.0 ], [ -56.012055990999954, -17.236297221999962, 0.0 ], [ -56.012489608999942, -17.221850298999982, 0.0 ], [ -56.01270472799996, -17.222648, 0.0 ] ] ], [ [ [ -56.01339937399996, -17.21420894299996, 0.0 ], [ -56.008627599999954, -17.214190386999974, 0.0 ], [ -56.008287267999947, -17.215768381999965, 0.0 ], [ -56.01339937399996, -17.21420894299996, 0.0 ] ] ], [ [ [ -56.181670452999981, -17.191550057999962, 0.0 ], [ -56.174933254999985, -17.195053152999947, 0.0 ], [ -56.172807541999987, -17.191760366999972, 0.0 ], [ -56.181670452999981, -17.191550057999962, 0.0 ] ] ], [ [ [ -56.261651322999967, -17.229870895999966, 0.0 ], [ -56.25909967399997, -17.236532430999944, 0.0 ], [ -56.261816808999981, -17.233036724999977, 0.0 ], [ -56.262401354999952, -17.23123321099996, 0.0 ], [ -56.261651322999967, -17.229870895999966, 0.0 ] ] ], [ [ [ -56.431154463999974, -17.318240872999979, 0.0 ], [ -56.429793212999982, -17.317032462999975, 0.0 ], [ -56.426249247999976, -17.316536971999938, 0.0 ], [ -56.431154463999974, -17.318240872999979, 0.0 ] ] ], [ [ [ -56.741684203999966, -17.326769770999931, 0.0 ], [ -56.748293385999943, -17.328041224999936, 0.0 ], [ -56.739025766999987, -17.324656295999944, 0.0 ], [ -56.741684203999966, -17.326769770999931, 0.0 ] ] ], [ [ [ -56.509823637999943, -17.305907057999946, 0.0 ], [ -56.507169919999967, -17.306840787999931, 0.0 ], [ -56.511685710999984, -17.306476889999942, 0.0 ], [ -56.509823637999943, -17.305907057999946, 0.0 ] ] ], [ [ [ -56.537378471999943, -17.316479547999961, 0.0 ], [ -56.542992180999931, -17.318257525999968, 0.0 ], [ -56.534978334999948, -17.314582363999932, 0.0 ], [ -56.537378471999943, -17.316479547999961, 0.0 ] ] ], [ [ [ -57.712014631999978, -17.556959964999976, 0.0 ], [ -57.711995419999937, -17.560085123999954, 0.0 ], [ -57.712286439999957, -17.558638916999939, 0.0 ], [ -57.712014631999978, -17.556959964999976, 0.0 ] ] ], [ [ [ -57.67261177599994, -17.670969294999963, 0.0 ], [ -57.668919063999965, -17.673266980999927, 0.0 ], [ -57.66925654299996, -17.67324757199998, 0.0 ], [ -57.67261177599994, -17.670969294999963, 0.0 ] ] ], [ [ [ -57.258486316999949, -17.818282087999933, 0.0 ], [ -57.262264100999971, -17.819721287999982, 0.0 ], [ -57.256985967999981, -17.81630281899993, 0.0 ], [ -57.258486316999949, -17.818282087999933, 0.0 ] ] ], [ [ [ -56.757868701999939, -17.327141813999958, 0.0 ], [ -56.750718885999959, -17.327164568999933, 0.0 ], [ -56.74924486599997, -17.327819858999931, 0.0 ], [ -56.757868701999939, -17.327141813999958, 0.0 ] ] ], [ [ [ -56.970754403999933, -17.579109099999982, 0.0 ], [ -56.977629539999953, -17.580643728999974, 0.0 ], [ -56.96958400799997, -17.575851231999934, 0.0 ], [ -56.970754403999933, -17.579109099999982, 0.0 ] ] ], [ [ [ -56.351983168999936, -17.276358174999928, 0.0 ], [ -56.350792782999974, -17.278470548999962, 0.0 ], [ -56.350353602999974, -17.274572312999965, 0.0 ], [ -56.351983168999936, -17.276358174999928, 0.0 ] ] ], [ [ [ -56.833241571999963, -17.435041010999953, 0.0 ], [ -56.829098887999976, -17.437893594999935, 0.0 ], [ -56.83471465699995, -17.435622655999964, 0.0 ], [ -56.833241571999963, -17.435041010999953, 0.0 ] ] ], [ [ [ -56.864888861999987, -17.512034674999938, 0.0 ], [ -56.866456104999941, -17.515799191999974, 0.0 ], [ -56.869480197999962, -17.515159645999972, 0.0 ], [ -56.864888861999987, -17.512034674999938, 0.0 ] ] ], [ [ [ -56.31267335299998, -17.269497693999938, 0.0 ], [ -56.319948097999941, -17.272921533999977, 0.0 ], [ -56.319569193999939, -17.272545217999948, 0.0 ], [ -56.313540993999936, -17.269429054999932, 0.0 ], [ -56.31267335299998, -17.269497693999938, 0.0 ] ] ], [ [ [ -57.605883806999941, -17.802339447999941, 0.0 ], [ -57.602429007999945, -17.804843107999943, 0.0 ], [ -57.608781569999962, -17.798280122999927, 0.0 ], [ -57.605883806999941, -17.802339447999941, 0.0 ] ] ], [ [ [ -56.383357570999976, -17.289010572999928, 0.0 ], [ -56.385293178999973, -17.292424385999936, 0.0 ], [ -56.381647025999939, -17.287458400999981, 0.0 ], [ -56.383357570999976, -17.289010572999928, 0.0 ] ] ], [ [ [ -57.314162794999959, -17.818889623999951, 0.0 ], [ -57.31525170599997, -17.818239065999933, 0.0 ], [ -57.312945206999984, -17.818529920999936, 0.0 ], [ -57.314162794999959, -17.818889623999951, 0.0 ] ] ], [ [ [ -56.257015067999987, -17.231375814999979, 0.0 ], [ -56.253041423999946, -17.23437106199998, 0.0 ], [ -56.25831663799994, -17.230084380999926, 0.0 ], [ -56.257015067999987, -17.231375814999979, 0.0 ] ] ], [ [ [ -56.879460903999984, -17.532337007999956, 0.0 ], [ -56.883288344999983, -17.536472254999978, 0.0 ], [ -56.879658386999949, -17.532350925999935, 0.0 ], [ -56.879460903999984, -17.532337007999956, 0.0 ] ] ], [ [ [ -56.515458388999946, -17.292824684999971, 0.0 ], [ -56.511185735999959, -17.294054572999983, 0.0 ], [ -56.508205046999933, -17.295231772999955, 0.0 ], [ -56.515458388999946, -17.292824684999971, 0.0 ] ] ], [ [ [ -56.207786789999943, -17.22380107999993, 0.0 ], [ -56.20821181599996, -17.224186088999943, 0.0 ], [ -56.210182044999954, -17.221145594999939, 0.0 ], [ -56.207786789999943, -17.22380107999993, 0.0 ] ] ], [ [ [ -56.957603541999958, -17.607252924999955, 0.0 ], [ -56.958812182999964, -17.611562791999972, 0.0 ], [ -56.958835568999973, -17.60572347699997, 0.0 ], [ -56.957603541999958, -17.607252924999955, 0.0 ] ] ], [ [ [ -57.321280322999939, -17.823086835999959, 0.0 ], [ -57.32317201099994, -17.824495248999938, 0.0 ], [ -57.324759640999957, -17.824508204999972, 0.0 ], [ -57.321280322999939, -17.823086835999959, 0.0 ] ] ], [ [ [ -57.593524463999984, -17.803303096999969, 0.0 ], [ -57.602295591999962, -17.804860851999933, 0.0 ], [ -57.591776451999976, -17.802657097999941, 0.0 ], [ -57.593524463999984, -17.803303096999969, 0.0 ] ] ], [ [ [ -56.253111580999985, -17.220797178999931, 0.0 ], [ -56.254462718999946, -17.22404658499994, 0.0 ], [ -56.250075337999931, -17.218836729999964, 0.0 ], [ -56.253111580999985, -17.220797178999931, 0.0 ] ] ], [ [ [ -55.960695803999954, -17.251002106999977, 0.0 ], [ -55.960154656999975, -17.250190637999935, 0.0 ], [ -55.958217335999962, -17.250030531999982, 0.0 ], [ -55.960695803999954, -17.251002106999977, 0.0 ] ] ], [ [ [ -57.700670844999934, -17.583281942999974, 0.0 ], [ -57.701143677999937, -17.58411573799998, 0.0 ], [ -57.701157107999961, -17.580509518999975, 0.0 ], [ -57.700670844999934, -17.583281942999974, 0.0 ] ] ], [ [ [ -56.849845305999963, -17.470352119999973, 0.0 ], [ -56.846763282999973, -17.478764870999953, 0.0 ], [ -56.849941710999985, -17.470736822999982, 0.0 ], [ -56.849845305999963, -17.470352119999973, 0.0 ] ] ], [ [ [ -56.45949754999998, -17.314847778999933, 0.0 ], [ -56.46286226899997, -17.315631930999928, 0.0 ], [ -56.457035513999983, -17.311360053999977, 0.0 ], [ -56.45949754999998, -17.314847778999933, 0.0 ] ] ], [ [ [ -56.40723221099995, -17.315732788999981, 0.0 ], [ -56.410968479999951, -17.317192027999965, 0.0 ], [ -56.406046526999944, -17.313671724999949, 0.0 ], [ -56.40723221099995, -17.315732788999981, 0.0 ] ] ], [ [ [ -56.267351, -17.247341232999929, 0.0 ], [ -56.269332116999976, -17.24819507899997, 0.0 ], [ -56.269315389999974, -17.24625061699993, 0.0 ], [ -56.267351, -17.247341232999929, 0.0 ] ] ], [ [ [ -57.703797876999943, -17.589089096999942, 0.0 ], [ -57.70374504199998, -17.590802769999982, 0.0 ], [ -57.703921990999959, -17.590470487999937, 0.0 ], [ -57.703919443999951, -17.589807148999967, 0.0 ], [ -57.703797876999943, -17.589089096999942, 0.0 ] ] ], [ [ [ -57.151184331999957, -17.773861357999976, 0.0 ], [ -57.153735405999953, -17.776944662999938, 0.0 ], [ -57.150182120999943, -17.771597147999955, 0.0 ], [ -57.151184331999957, -17.773861357999976, 0.0 ] ] ], [ [ [ -57.672116467999956, -17.675161861999982, 0.0 ], [ -57.673033877999956, -17.67858952399996, 0.0 ], [ -57.672776354999939, -17.676995673999954, 0.0 ], [ -57.672116467999956, -17.675161861999982, 0.0 ] ] ], [ [ [ -56.22029598599994, -17.226705960999936, 0.0 ], [ -56.223316341999976, -17.220559640999966, 0.0 ], [ -56.222952350999947, -17.219292217999964, 0.0 ], [ -56.221676849999938, -17.21963956299993, 0.0 ], [ -56.22029598599994, -17.226705960999936, 0.0 ] ] ], [ [ [ -56.912083363999955, -17.536091638999949, 0.0 ], [ -56.914361122999935, -17.538489519999928, 0.0 ], [ -56.910880476999978, -17.533820277999951, 0.0 ], [ -56.912083363999955, -17.536091638999949, 0.0 ] ] ], [ [ [ -56.946504952999987, -17.557303744999956, 0.0 ], [ -56.946549855999933, -17.562016412999981, 0.0 ], [ -56.945348378999938, -17.553520376999927, 0.0 ], [ -56.946504952999987, -17.557303744999956, 0.0 ] ] ], [ [ [ -57.032756712999969, -17.694347298999958, 0.0 ], [ -57.027931907999971, -17.694283908999978, 0.0 ], [ -57.026893078999933, -17.694418858999938, 0.0 ], [ -57.032756712999969, -17.694347298999958, 0.0 ] ] ], [ [ [ -56.501768809999987, -17.286325407999982, 0.0 ], [ -56.501945904999957, -17.286975544999962, 0.0 ], [ -56.504141396999955, -17.292006638999965, 0.0 ], [ -56.502602014999979, -17.287425540999948, 0.0 ], [ -56.501768809999987, -17.286325407999982, 0.0 ] ] ], [ [ [ -56.649070418999941, -17.318840831999978, 0.0 ], [ -56.645238502999973, -17.318505720999951, 0.0 ], [ -56.645195996999973, -17.318996776999938, 0.0 ], [ -56.649070418999941, -17.318840831999978, 0.0 ] ] ], [ [ [ -56.841341071999977, -17.416346096999973, 0.0 ], [ -56.84202275399997, -17.416735115999927, 0.0 ], [ -56.841259153999943, -17.416061456999955, 0.0 ], [ -56.841341071999977, -17.416346096999973, 0.0 ] ] ], [ [ [ -55.97392737399997, -17.253605265999965, 0.0 ], [ -55.974013303999982, -17.253761974999975, 0.0 ], [ -55.975545372999932, -17.252363251999952, 0.0 ], [ -55.97392737399997, -17.253605265999965, 0.0 ] ] ], [ [ [ -55.950083215999939, -17.263004688999956, 0.0 ], [ -55.949366722999969, -17.264922119999937, 0.0 ], [ -55.953179948999946, -17.260073766999938, 0.0 ], [ -55.950083215999939, -17.263004688999956, 0.0 ] ] ], [ [ [ -56.256811879999987, -17.240886799999942, 0.0 ], [ -56.256640887999936, -17.243434709999974, 0.0 ], [ -56.257794495999974, -17.238993511999979, 0.0 ], [ -56.256811879999987, -17.240886799999942, 0.0 ] ] ], [ [ [ -56.336782060999951, -17.289958088999981, 0.0 ], [ -56.335388209999962, -17.289363527999967, 0.0 ], [ -56.335511872999973, -17.290117176999956, 0.0 ], [ -56.336782060999951, -17.289958088999981, 0.0 ] ] ], [ [ [ -56.864211386999955, -17.510735268999952, 0.0 ], [ -56.861470405999967, -17.505209557999933, 0.0 ], [ -56.861844327999961, -17.503992018999952, 0.0 ], [ -56.861440069999958, -17.504770062999967, 0.0 ], [ -56.861341108999966, -17.505665656999952, 0.0 ], [ -56.864211386999955, -17.510735268999952, 0.0 ] ] ], [ [ [ -56.395726942999943, -17.305254440999931, 0.0 ], [ -56.402851202999955, -17.306287409999982, 0.0 ], [ -56.400515711999958, -17.305367306999926, 0.0 ], [ -56.395726942999943, -17.305254440999931, 0.0 ] ] ], [ [ [ -56.392459374999987, -17.304142466999963, 0.0 ], [ -56.395151700999975, -17.305117202999952, 0.0 ], [ -56.390647376999937, -17.302821524999956, 0.0 ], [ -56.392459374999987, -17.304142466999963, 0.0 ] ] ], [ [ [ -56.905682324999987, -17.534074665999981, 0.0 ], [ -56.901582406999978, -17.537806761999946, 0.0 ], [ -56.904710966999971, -17.535385467999959, 0.0 ], [ -56.905682324999987, -17.534074665999981, 0.0 ] ] ], [ [ [ -57.096140108999975, -17.761160849999953, 0.0 ], [ -57.096809620999977, -17.763792217999935, 0.0 ], [ -57.095483911999963, -17.758710624999935, 0.0 ], [ -57.096140108999975, -17.761160849999953, 0.0 ] ] ], [ [ [ -57.43401993699996, -17.86654613099995, 0.0 ], [ -57.436201322999977, -17.86938781799995, 0.0 ], [ -57.432618293999951, -17.863998554999966, 0.0 ], [ -57.43401993699996, -17.86654613099995, 0.0 ] ] ], [ [ [ -57.71175180299997, -17.544427732999964, 0.0 ], [ -57.712125605999972, -17.548265590999961, 0.0 ], [ -57.712410944999931, -17.54666119999996, 0.0 ], [ -57.71175180299997, -17.544427732999964, 0.0 ] ] ], [ [ [ -56.263619011999936, -17.241786143999946, 0.0 ], [ -56.258206529999939, -17.244374443999959, 0.0 ], [ -56.259738137999932, -17.243932835999942, 0.0 ], [ -56.263619011999936, -17.241786143999946, 0.0 ] ] ], [ [ [ -56.924120579999965, -17.542131712999947, 0.0 ], [ -56.921464860999947, -17.542051593999929, 0.0 ], [ -56.923353994999957, -17.542008836999969, 0.0 ], [ -56.924120579999965, -17.542131712999947, 0.0 ] ] ], [ [ [ -56.943488847999959, -17.551762310999948, 0.0 ], [ -56.941678194999952, -17.550221079999972, 0.0 ], [ -56.940094632999944, -17.549764766999942, 0.0 ], [ -56.943488847999959, -17.551762310999948, 0.0 ] ] ], [ [ [ -56.283428658999981, -17.246672516999979, 0.0 ], [ -56.273787484999957, -17.24837914799997, 0.0 ], [ -56.283691483999974, -17.246771861999946, 0.0 ], [ -56.283428658999981, -17.246672516999979, 0.0 ] ] ], [ [ [ -56.415305660999934, -17.313907848999975, 0.0 ], [ -56.412790303999941, -17.316841416999978, 0.0 ], [ -56.413751959999956, -17.316218908999929, 0.0 ], [ -56.415305660999934, -17.313907848999975, 0.0 ] ] ], [ [ [ -56.005650324999976, -17.23374718599996, 0.0 ], [ -56.003364514999987, -17.234543043999963, 0.0 ], [ -56.005851082999982, -17.233896338999955, 0.0 ], [ -56.005650324999976, -17.23374718599996, 0.0 ] ] ], [ [ [ -56.696448185999941, -17.326697061999937, 0.0 ], [ -56.69591006099995, -17.326938776999953, 0.0 ], [ -56.695092905999957, -17.326832862999936, 0.0 ], [ -56.695898200999977, -17.32694644999998, 0.0 ], [ -56.696448185999941, -17.326697061999937, 0.0 ] ] ], [ [ [ -57.019137090999948, -17.684922241999971, 0.0 ], [ -57.019326559999968, -17.687000533999935, 0.0 ], [ -57.018526066999982, -17.683634875999928, 0.0 ], [ -57.019137090999948, -17.684922241999971, 0.0 ] ] ], [ [ [ -56.185432012999968, -17.189232552999954, 0.0 ], [ -56.182741521999958, -17.189886080999941, 0.0 ], [ -56.185919657999932, -17.190005635999967, 0.0 ], [ -56.185432012999968, -17.189232552999954, 0.0 ] ] ], [ [ [ -56.366041120999967, -17.283629455999971, 0.0 ], [ -56.373407370999985, -17.284555552999961, 0.0 ], [ -56.372599865999973, -17.284271066999963, 0.0 ], [ -56.366041120999967, -17.283629455999971, 0.0 ] ] ], [ [ [ -56.272155746999942, -17.241401930999928, 0.0 ], [ -56.271224040999982, -17.244930232999934, 0.0 ], [ -56.271816627999954, -17.244520287999933, 0.0 ], [ -56.272682892999967, -17.24307476599995, 0.0 ], [ -56.27223977999995, -17.241445367999972, 0.0 ], [ -56.272155746999942, -17.241401930999928, 0.0 ] ] ], [ [ [ -57.037435185999982, -17.706617373999961, 0.0 ], [ -57.03742675899997, -17.707582490999982, 0.0 ], [ -57.037462605999963, -17.704548578999947, 0.0 ], [ -57.037435185999982, -17.706617373999961, 0.0 ] ] ], [ [ [ -57.702054680999936, -17.601243606999958, 0.0 ], [ -57.701152906999937, -17.603581903999952, 0.0 ], [ -57.701493357999937, -17.600469638999982, 0.0 ], [ -57.702054680999936, -17.601243606999958, 0.0 ] ] ], [ [ [ -56.418682484999977, -17.311904665999975, 0.0 ], [ -56.416975286999957, -17.311960626999962, 0.0 ], [ -56.419446807999975, -17.312552055999959, 0.0 ], [ -56.418682484999977, -17.311904665999975, 0.0 ] ] ], [ [ [ -55.916918869999961, -17.265000131999955, 0.0 ], [ -55.918742541999961, -17.264958212999943, 0.0 ], [ -55.919782500999986, -17.264551143999938, 0.0 ], [ -55.916918869999961, -17.265000131999955, 0.0 ] ] ], [ [ [ -56.464616790999969, -17.309388536999961, 0.0 ], [ -56.465344432999984, -17.31302035799996, 0.0 ], [ -56.464945962999934, -17.310221923999961, 0.0 ], [ -56.464616790999969, -17.309388536999961, 0.0 ] ] ], [ [ [ -57.01416489099995, -17.677722897999956, 0.0 ], [ -57.014773280999975, -17.679352177999931, 0.0 ], [ -57.014269252999952, -17.67702352699996, 0.0 ], [ -57.01416489099995, -17.677722897999956, 0.0 ] ] ], [ [ [ -56.286709713999983, -17.249148656999978, 0.0 ], [ -56.28664899599994, -17.25019032199998, 0.0 ], [ -56.286679861999971, -17.248533165999959, 0.0 ], [ -56.286709713999983, -17.249148656999978, 0.0 ] ] ], [ [ [ -56.855828839999958, -17.483487800999967, 0.0 ], [ -56.854152607999936, -17.485144131999959, 0.0 ], [ -56.856436973999962, -17.483284260999937, 0.0 ], [ -56.855828839999958, -17.483487800999967, 0.0 ] ] ], [ [ [ -56.506218583999953, -17.294387031999975, 0.0 ], [ -56.507618218999937, -17.29507565199998, 0.0 ], [ -56.504793524999968, -17.293098707999945, 0.0 ], [ -56.506218583999953, -17.294387031999975, 0.0 ] ] ], [ [ [ -56.251827225999932, -17.231388175999939, 0.0 ], [ -56.251755139999943, -17.232276364999962, 0.0 ], [ -56.252459883999961, -17.230134268999961, 0.0 ], [ -56.251827225999932, -17.231388175999939, 0.0 ] ] ], [ [ [ -55.951924378999934, -17.25019840799996, 0.0 ], [ -55.953235990999985, -17.250167018999946, 0.0 ], [ -55.954386614999976, -17.249804053999981, 0.0 ], [ -55.951924378999934, -17.25019840799996, 0.0 ] ] ], [ [ [ -57.682738411999935, -17.708015902999932, 0.0 ], [ -57.684272308999937, -17.709901212999966, 0.0 ], [ -57.682297967999943, -17.70747455399993, 0.0 ], [ -57.682738411999935, -17.708015902999932, 0.0 ] ] ], [ [ [ -56.875225880999949, -17.531991496999979, 0.0 ], [ -56.875809877999984, -17.532665054999939, 0.0 ], [ -56.874939753999968, -17.530969193999965, 0.0 ], [ -56.875225880999949, -17.531991496999979, 0.0 ] ] ], [ [ [ -57.699981736999973, -17.600411552999958, 0.0 ], [ -57.698739791999969, -17.601142501999959, 0.0 ], [ -57.700577478999946, -17.600340119999942, 0.0 ], [ -57.699981736999973, -17.600411552999958, 0.0 ] ] ], [ [ [ -56.323168431999932, -17.283695712999929, 0.0 ], [ -56.323315334999961, -17.284502816999975, 0.0 ], [ -56.323404704999973, -17.282422047999944, 0.0 ], [ -56.323168431999932, -17.283695712999929, 0.0 ] ] ], [ [ [ -56.909576283999968, -17.532546396999976, 0.0 ], [ -56.907951103999949, -17.532757930999935, 0.0 ], [ -56.909945063999942, -17.532906606999973, 0.0 ], [ -56.909576283999968, -17.532546396999976, 0.0 ] ] ], [ [ [ -56.454848800999969, -17.309833777999927, 0.0 ], [ -56.452373707999982, -17.310175622999964, 0.0 ], [ -56.452371519999986, -17.310178286999928, 0.0 ], [ -56.454848800999969, -17.309833777999927, 0.0 ] ] ], [ [ [ -56.878245849999985, -17.532251369999926, 0.0 ], [ -56.877350740999987, -17.533090521999952, 0.0 ], [ -56.878742039999963, -17.532286341999963, 0.0 ], [ -56.878245849999985, -17.532251369999926, 0.0 ] ] ], [ [ [ -56.446905039999933, -17.330688462999944, 0.0 ], [ -56.444343677999939, -17.331539373999931, 0.0 ], [ -56.447115231999987, -17.330618634999951, 0.0 ], [ -56.446905039999933, -17.330688462999944, 0.0 ] ] ], [ [ [ -56.363375214999962, -17.282559840999966, 0.0 ], [ -56.364866916999972, -17.283281693999982, 0.0 ], [ -56.362321574999953, -17.281808781999928, 0.0 ], [ -56.363375214999962, -17.282559840999966, 0.0 ] ] ], [ [ [ -56.259096270999976, -17.229310818999977, 0.0 ], [ -56.258437409999942, -17.229964548999931, 0.0 ], [ -56.259852298999931, -17.229476542999976, 0.0 ], [ -56.259096270999976, -17.229310818999977, 0.0 ] ] ], [ [ [ -57.699834276999979, -17.611117748999959, 0.0 ], [ -57.69963566399997, -17.611693248999927, 0.0 ], [ -57.699959501999956, -17.609777016999942, 0.0 ], [ -57.699834276999979, -17.611117748999959, 0.0 ] ] ], [ [ [ -57.700341653999942, -17.605685481999956, 0.0 ], [ -57.700177702999952, -17.607440839999981, 0.0 ], [ -57.700853171999938, -17.604359116999944, 0.0 ], [ -57.700341653999942, -17.605685481999956, 0.0 ] ] ], [ [ [ -57.697274116999949, -17.615476244999968, 0.0 ], [ -57.697068236999939, -17.618248144999939, 0.0 ], [ -57.697356204999949, -17.615358698999955, 0.0 ], [ -57.697274116999949, -17.615476244999968, 0.0 ] ] ], [ [ [ -57.021590767999953, -17.693101267999964, 0.0 ], [ -57.022913487999972, -17.693439196999975, 0.0 ], [ -57.021410592999985, -17.693017405999967, 0.0 ], [ -57.021590767999953, -17.693101267999964, 0.0 ] ] ], [ [ [ -56.220539060999954, -17.228142147999961, 0.0 ], [ -56.220874628999979, -17.228632047999952, 0.0 ], [ -56.220343426999932, -17.227124300999947, 0.0 ], [ -56.220539060999954, -17.228142147999961, 0.0 ] ] ], [ [ [ -56.932576900999948, -17.548487362999936, 0.0 ], [ -56.933473076999974, -17.548827049999943, 0.0 ], [ -56.931619140999942, -17.547907137999971, 0.0 ], [ -56.932576900999948, -17.548487362999936, 0.0 ] ] ], [ [ [ -56.889141772999949, -17.536951410999961, 0.0 ], [ -56.890645898999935, -17.537254046999976, 0.0 ], [ -56.888412156999948, -17.536868639999966, 0.0 ], [ -56.889141772999949, -17.536951410999961, 0.0 ] ] ], [ [ [ -56.840673639999977, -17.441590718999976, 0.0 ], [ -56.840909857999975, -17.442008606999934, 0.0 ], [ -56.840662433999967, -17.441522304999978, 0.0 ], [ -56.840673639999977, -17.441590718999976, 0.0 ] ] ], [ [ [ -56.865089507999983, -17.500890821999974, 0.0 ], [ -56.864434693999954, -17.501499658999933, 0.0 ], [ -56.866069526999979, -17.499744526999962, 0.0 ], [ -56.865089507999983, -17.500890821999974, 0.0 ] ] ], [ [ [ -56.844685474999949, -17.462569492999933, 0.0 ], [ -56.845776133999948, -17.462682280999957, 0.0 ], [ -56.845408101999965, -17.462444190999975, 0.0 ], [ -56.844685474999949, -17.462569492999933, 0.0 ] ] ], [ [ [ -56.474277359999974, -17.308770080999977, 0.0 ], [ -56.473316275999935, -17.309805151999967, 0.0 ], [ -56.473989943999982, -17.309253275999936, 0.0 ], [ -56.474277359999974, -17.308770080999977, 0.0 ] ] ], [ [ [ -55.945769286999962, -17.272982534999926, 0.0 ], [ -55.94391429999996, -17.275023274999967, 0.0 ], [ -55.945529018999935, -17.273317736999957, 0.0 ], [ -55.945769286999962, -17.272982534999926, 0.0 ] ] ], [ [ [ -56.829317294999953, -17.40160033899997, 0.0 ], [ -56.829775608999967, -17.404377138999962, 0.0 ], [ -56.829313751999962, -17.401434285999926, 0.0 ], [ -56.829317294999953, -17.40160033899997, 0.0 ] ] ], [ [ [ -56.251862855999946, -17.233143398999971, 0.0 ], [ -56.252118902999939, -17.233604910999929, 0.0 ], [ -56.251786817999971, -17.232525457999941, 0.0 ], [ -56.251862855999946, -17.233143398999971, 0.0 ] ] ], [ [ [ -56.835292901999935, -17.412201671999981, 0.0 ], [ -56.836162883999975, -17.41264422699993, 0.0 ], [ -56.834765491999974, -17.411799318999954, 0.0 ], [ -56.835292901999935, -17.412201671999981, 0.0 ] ] ], [ [ [ -56.829525501999967, -17.398129991999951, 0.0 ], [ -56.829283449999934, -17.40001403399998, 0.0 ], [ -56.829597637999939, -17.397855001999972, 0.0 ], [ -56.829525501999967, -17.398129991999951, 0.0 ] ] ], [ [ [ -57.409499783999934, -17.853910008999947, 0.0 ], [ -57.409917138999958, -17.854179281999961, 0.0 ], [ -57.40912026899997, -17.853730781999957, 0.0 ], [ -57.409499783999934, -17.853910008999947, 0.0 ] ] ], [ [ [ -56.257015142999933, -17.244127542999934, 0.0 ], [ -56.257659851999961, -17.24441393099994, 0.0 ], [ -56.256917074999933, -17.24399823899995, 0.0 ], [ -56.257015142999933, -17.244127542999934, 0.0 ] ] ], [ [ [ -56.456186896999952, -17.310471724999957, 0.0 ], [ -56.456637437999973, -17.310929898999973, 0.0 ], [ -56.455541006999965, -17.31005971899998, 0.0 ], [ -56.456186896999952, -17.310471724999957, 0.0 ] ] ], [ [ [ -55.921891118999952, -17.262733733999937, 0.0 ], [ -55.921484625999938, -17.263282655999944, 0.0 ], [ -55.922538707999934, -17.261859237999943, 0.0 ], [ -55.921891118999952, -17.262733733999937, 0.0 ] ] ], [ [ [ -56.738206792999961, -17.323801824999975, 0.0 ], [ -56.73847927099996, -17.324086112999964, 0.0 ], [ -56.737586251999971, -17.322801365999965, 0.0 ], [ -56.738206792999961, -17.323801824999975, 0.0 ] ] ], [ [ [ -56.976459438999939, -17.614036708999947, 0.0 ], [ -56.976768494999988, -17.614072865999958, 0.0 ], [ -56.977357941999969, -17.613853186999961, 0.0 ], [ -56.976459438999939, -17.614036708999947, 0.0 ] ] ], [ [ [ -56.979636566999943, -17.579765763999944, 0.0 ], [ -56.97886501399995, -17.580196627999953, 0.0 ], [ -56.979877772999941, -17.579723219999948, 0.0 ], [ -56.979636566999943, -17.579765763999944, 0.0 ] ] ], [ [ [ -56.546410697999931, -17.320883146999961, 0.0 ], [ -56.547311086999969, -17.321523602999946, 0.0 ], [ -56.545998564999934, -17.320531036999967, 0.0 ], [ -56.546410697999931, -17.320883146999961, 0.0 ] ] ], [ [ [ -57.478619521999974, -17.876230823999947, 0.0 ], [ -57.478190438999945, -17.877427667999939, 0.0 ], [ -57.478414894999958, -17.876893460999952, 0.0 ], [ -57.478619521999974, -17.876230823999947, 0.0 ] ] ], [ [ [ -56.272609244999956, -17.248377959999971, 0.0 ], [ -56.273076075999938, -17.248443982999959, 0.0 ], [ -56.27334809599995, -17.248419191999972, 0.0 ], [ -56.272609244999956, -17.248377959999971, 0.0 ] ] ], [ [ [ -56.838366689999987, -17.437423381999963, 0.0 ], [ -56.838751701999968, -17.437766841999974, 0.0 ], [ -56.838684379999961, -17.437634522999929, 0.0 ], [ -56.838366689999987, -17.437423381999963, 0.0 ] ] ], [ [ [ -56.733796371999972, -17.309892167999976, 0.0 ], [ -56.73398763299997, -17.310036192999974, 0.0 ], [ -56.733573791999959, -17.309793136999929, 0.0 ], [ -56.733796371999972, -17.309892167999976, 0.0 ] ] ], [ [ [ -56.213790981999978, -17.212831743999971, 0.0 ], [ -56.213803681999934, -17.213284246999933, 0.0 ], [ -56.213843245999954, -17.212981082999931, 0.0 ], [ -56.213790981999978, -17.212831743999971, 0.0 ] ] ], [ [ [ -56.874628662999953, -17.525114526999971, 0.0 ], [ -56.874654923999969, -17.525461962999941, 0.0 ], [ -56.874683225999945, -17.525177796999969, 0.0 ], [ -56.874628662999953, -17.525114526999971, 0.0 ] ] ], [ [ [ -55.939417591999984, -17.278271166999957, 0.0 ], [ -55.938808150999932, -17.27839561899998, 0.0 ], [ -55.938965240999948, -17.278391738999971, 0.0 ], [ -55.939417591999984, -17.278271166999957, 0.0 ] ] ], [ [ [ -56.29486090499995, -17.271307767999929, 0.0 ], [ -56.295022083999982, -17.271399173999953, 0.0 ], [ -56.294611534999945, -17.271214502999953, 0.0 ], [ -56.29486090499995, -17.271307767999929, 0.0 ] ] ], [ [ [ -56.824098178999975, -17.438118588999941, 0.0 ], [ -56.824266208999973, -17.438142849999963, 0.0 ], [ -56.82387848999997, -17.437997537999934, 0.0 ], [ -56.824098178999975, -17.438118588999941, 0.0 ] ] ], [ [ [ -56.020629768999981, -17.212855670999943, 0.0 ], [ -56.020870352999964, -17.213389131999975, 0.0 ], [ -56.020836702999986, -17.213253365999947, 0.0 ], [ -56.020629768999981, -17.212855670999943, 0.0 ] ] ], [ [ [ -56.287502907999965, -17.270945099999949, 0.0 ], [ -56.287688646999982, -17.270993340999951, 0.0 ], [ -56.287363659999983, -17.270832614999961, 0.0 ], [ -56.287502907999965, -17.270945099999949, 0.0 ] ] ], [ [ [ -57.695291599999962, -17.623510500999942, 0.0 ], [ -57.694813136999983, -17.624368705999927, 0.0 ], [ -57.695026258999974, -17.624008749999973, 0.0 ], [ -57.695291599999962, -17.623510500999942, 0.0 ] ] ], [ [ [ -55.978265330999932, -17.246707025999967, 0.0 ], [ -55.978251416999967, -17.246742819999952, 0.0 ], [ -55.978562372999932, -17.246640362999926, 0.0 ], [ -55.978265330999932, -17.246707025999967, 0.0 ] ] ], [ [ [ -57.680115120999972, -17.704044955999962, 0.0 ], [ -57.680124015999979, -17.704074593999962, 0.0 ], [ -57.680188588999954, -17.70385603099993, 0.0 ], [ -57.680115120999972, -17.704044955999962, 0.0 ] ] ], [ [ [ -56.86616375899996, -17.499565141999938, 0.0 ], [ -56.866100717999984, -17.499701768999955, 0.0 ], [ -56.86615655199995, -17.499625228999946, 0.0 ], [ -56.86616375899996, -17.499565141999938, 0.0 ] ] ], [ [ [ -56.186130502999958, -17.190339895999955, 0.0 ], [ -56.186165679999931, -17.190445961999956, 0.0 ], [ -56.186178236999979, -17.190415569999971, 0.0 ], [ -56.186130502999958, -17.190339895999955, 0.0 ] ] ], [ [ [ -55.920845534999955, -17.263922412999932, 0.0 ], [ -55.920714114999953, -17.264029925999978, 0.0 ], [ -55.920775764999973, -17.263992255999938, 0.0 ], [ -55.920845534999955, -17.263922412999932, 0.0 ] ] ], [ [ [ -56.293628951999949, -17.270946725999977, 0.0 ], [ -56.293709468999964, -17.270961445999944, 0.0 ], [ -56.293539276999979, -17.270943573999944, 0.0 ], [ -56.293628951999949, -17.270946725999977, 0.0 ] ] ], [ [ [ -56.736238623999952, -17.316555917999949, 0.0 ], [ -56.736263317999942, -17.316885904999936, 0.0 ], [ -56.736239554999941, -17.316514022999968, 0.0 ], [ -56.736238623999952, -17.316555917999949, 0.0 ] ] ], [ [ [ -57.696503815999961, -17.621336183999972, 0.0 ], [ -57.696390722999979, -17.621539036999934, 0.0 ], [ -57.696501254999987, -17.621350448999976, 0.0 ], [ -57.696503815999961, -17.621336183999972, 0.0 ] ] ], [ [ [ -56.350084959999947, -17.27454685899994, 0.0 ], [ -56.34999062199995, -17.27455948599993, 0.0 ], [ -56.350126659999944, -17.274550809999937, 0.0 ], [ -56.350084959999947, -17.27454685899994, 0.0 ] ] ], [ [ [ -56.449910141999965, -17.32801981199998, 0.0 ], [ -56.449868489999972, -17.32808991099995, 0.0 ], [ -56.449890628999981, -17.328064420999965, 0.0 ], [ -56.449910141999965, -17.32801981199998, 0.0 ] ] ], [ [ [ -57.410653503999981, -17.855357273999971, 0.0 ], [ -57.410661489999939, -17.855393475999961, 0.0 ], [ -57.410667046999947, -17.85537893999998, 0.0 ], [ -57.410653503999981, -17.855357273999971, 0.0 ] ] ], [ [ [ -56.693408228999942, -17.322476760999962, 0.0 ], [ -56.693441960999962, -17.322505063999927, 0.0 ], [ -56.693400899999972, -17.32246430999993, 0.0 ], [ -56.693408228999942, -17.322476760999962, 0.0 ] ] ], [ [ [ -56.659368162999954, -17.335512414999982, 0.0 ], [ -56.659395348999965, -17.335535653999955, 0.0 ], [ -56.659380777999957, -17.335517181999933, 0.0 ], [ -56.659368162999954, -17.335512414999982, 0.0 ] ] ], [ [ [ -56.280554276999965, -17.260341646999962, 0.0 ], [ -56.280565872999944, -17.260362624999971, 0.0 ], [ -56.280553372999975, -17.260328951999952, 0.0 ], [ -56.280554276999965, -17.260341646999962, 0.0 ] ] ], [ [ [ -56.735993452999935, -17.31268181799993, 0.0 ], [ -56.735995163999974, -17.312689537999972, 0.0 ], [ -56.735994782999967, -17.312683571999969, 0.0 ], [ -56.735993452999935, -17.31268181799993, 0.0 ] ] ] ] } },
{ "type": "Feature", "properties": { "nome_bacia": null, "rio_principal": null, "area_km2": null }, "geometry": { "type": "MultiPolygon", "coordinates": [ [ [ [ -53.989468752999983, -17.470167407999952, 0.0 ], [ -54.030746979999947, -17.486772560999952, 0.0 ], [ -54.036972661999982, -17.497574831999941, 0.0 ], [ -54.040723912999965, -17.500817022999968, 0.0 ], [ -54.043701806999934, -17.500263583999981, 0.0 ], [ -54.02738312699995, -17.478820017999965, 0.0 ], [ -53.989468752999983, -17.470167407999952, 0.0 ] ] ], [ [ [ -53.693402538999976, -17.50020174399998, 0.0 ], [ -53.705555527999934, -17.66393831299996, 0.0 ], [ -53.686321251999971, -17.369186386999957, 0.0 ], [ -53.693402538999976, -17.50020174399998, 0.0 ] ] ], [ [ [ -53.893843905999972, -17.761986282999942, 0.0 ], [ -53.893963665999934, -17.767429359999937, 0.0 ], [ -53.896470060999945, -17.76930912499995, 0.0 ], [ -53.895494261999943, -17.777024693999977, 0.0 ], [ -53.910353002999955, -17.803885629999968, 0.0 ], [ -53.920751109999969, -17.81838619499996, 0.0 ], [ -53.925606966999965, -17.821051677999947, 0.0 ], [ -53.927247389999934, -17.823302961999957, 0.0 ], [ -53.928775304999931, -17.82391791799995, 0.0 ], [ -53.929746903999956, -17.826355963999958, 0.0 ], [ -53.930972671999939, -17.827794801999971, 0.0 ], [ -53.932499691999965, -17.828418763999935, 0.0 ], [ -53.932133126999986, -17.829875108999943, 0.0 ], [ -53.934683304999965, -17.831363687999954, 0.0 ], [ -53.932389582999974, -17.829973586999927, 0.0 ], [ -53.932907205999982, -17.828060577999963, 0.0 ], [ -53.926704889999939, -17.821268333999967, 0.0 ], [ -53.922261717999959, -17.819062729999928, 0.0 ], [ -53.911169823999955, -17.803640797999947, 0.0 ], [ -53.893843905999972, -17.761986282999942, 0.0 ] ] ], [ [ [ -53.177140952999935, -18.041391442999952, 0.0 ], [ -53.153219236999973, -18.043109867999931, 0.0 ], [ -53.17519109999995, -18.044087056999956, 0.0 ], [ -53.177140952999935, -18.041391442999952, 0.0 ] ] ], [ [ [ -55.643640574999949, -17.339960763999954, 0.0 ], [ -55.629476693999948, -17.36112370799998, 0.0 ], [ -55.613515708999955, -17.368648691999965, 0.0 ], [ -55.627622852999934, -17.364389896999967, 0.0 ], [ -55.643640574999949, -17.339960763999954, 0.0 ] ] ], [ [ [ -55.57697692499994, -17.422302093999974, 0.0 ], [ -55.569674955999972, -17.434582317999968, 0.0 ], [ -55.568257261999975, -17.435125508999931, 0.0 ], [ -55.564013978999981, -17.440450252999938, 0.0 ], [ -55.559730658999968, -17.439654623999957, 0.0 ], [ -55.549618367999983, -17.448081660999947, 0.0 ], [ -55.575854866999975, -17.435160891999942, 0.0 ], [ -55.578251103999946, -17.424146526999948, 0.0 ], [ -55.57697692499994, -17.422302093999974, 0.0 ] ] ], [ [ [ -53.77060408899996, -17.263045743999953, 0.0 ], [ -53.783981925999967, -17.288161889999969, 0.0 ], [ -53.791503269999964, -17.289709887999948, 0.0 ], [ -53.793856072999972, -17.288447401999974, 0.0 ], [ -53.78571326399998, -17.287515131999953, 0.0 ], [ -53.77060408899996, -17.263045743999953, 0.0 ] ] ], [ [ [ -53.819099044999973, -17.295217155999978, 0.0 ], [ -53.830858704999969, -17.318423711999969, 0.0 ], [ -53.820072736999975, -17.294615653999927, 0.0 ], [ -53.814715639999974, -17.290434504999951, 0.0 ], [ -53.805850841999984, -17.288061608999953, 0.0 ], [ -53.819099044999973, -17.295217155999978, 0.0 ] ] ], [ [ [ -53.609579777999954, -17.984045926999954, 0.0 ], [ -53.610717267999974, -17.992878342999973, 0.0 ], [ -53.616130350999981, -17.976188714999978, 0.0 ], [ -53.609579777999954, -17.984045926999954, 0.0 ] ] ], [ [ [ -55.557369213999948, -17.45189536099997, 0.0 ], [ -55.542738115999953, -17.456514838999965, 0.0 ], [ -55.543566847999955, -17.460682482999971, 0.0 ], [ -55.538561376999951, -17.461047325999971, 0.0 ], [ -55.537106682999934, -17.468407033999938, 0.0 ], [ -55.557369213999948, -17.45189536099997, 0.0 ] ] ], [ [ [ -53.89537624999997, -17.397198092999929, 0.0 ], [ -53.897774640999955, -17.402247605999946, 0.0 ], [ -53.918376791999947, -17.42046524899996, 0.0 ], [ -53.914600600999961, -17.414414540999928, 0.0 ], [ -53.89537624999997, -17.397198092999929, 0.0 ] ] ], [ [ [ -53.875417447999951, -17.72991230599996, 0.0 ], [ -53.878355266999961, -17.738938490999942, 0.0 ], [ -53.89384251599995, -17.761923066999941, 0.0 ], [ -53.889362965999965, -17.749273793999976, 0.0 ], [ -53.875417447999951, -17.72991230599996, 0.0 ] ] ], [ [ [ -53.856414615999938, -17.702680692999934, 0.0 ], [ -53.860936672999969, -17.720711833999928, 0.0 ], [ -53.866297183999961, -17.727183904999947, 0.0 ], [ -53.867459112999938, -17.727022025999929, 0.0 ], [ -53.856414615999938, -17.702680692999934, 0.0 ] ] ], [ [ [ -55.614890326999955, -17.360802010999976, 0.0 ], [ -55.597838985999942, -17.371729520999963, 0.0 ], [ -55.595093188999954, -17.371734285999935, 0.0 ], [ -55.591911768999978, -17.374154945999976, 0.0 ], [ -55.594191788999979, -17.37487471999998, 0.0 ], [ -55.614890326999955, -17.360802010999976, 0.0 ] ] ], [ [ [ -54.581662814999959, -17.468006981999963, 0.0 ], [ -54.569263646999957, -17.476967839999929, 0.0 ], [ -54.581693902999973, -17.468576222999957, 0.0 ], [ -54.588632562999976, -17.477859570999954, 0.0 ], [ -54.598951176999947, -17.483970691999957, 0.0 ], [ -54.607252611999968, -17.487337045999936, 0.0 ], [ -54.611305004999963, -17.487728325999967, 0.0 ], [ -54.588613762999955, -17.477121947999933, 0.0 ], [ -54.583333160999985, -17.468952586999933, 0.0 ], [ -54.581662814999959, -17.468006981999963, 0.0 ] ] ], [ [ [ -53.93150207399998, -17.442856406999965, 0.0 ], [ -53.942248017999987, -17.449370755999951, 0.0 ], [ -53.931100554999944, -17.439450312999952, 0.0 ], [ -53.930632549999984, -17.434923341999934, 0.0 ], [ -53.92857162599995, -17.431209906999982, 0.0 ], [ -53.927193215999978, -17.43084227099996, 0.0 ], [ -53.93150207399998, -17.442856406999965, 0.0 ] ] ], [ [ [ -55.116188566999938, -17.64413531699995, 0.0 ], [ -55.124610810999968, -17.654350358999977, 0.0 ], [ -55.132295619999979, -17.651209903999927, 0.0 ], [ -55.116188566999938, -17.64413531699995, 0.0 ] ] ], [ [ [ -53.449208305999946, -17.997278136999967, 0.0 ], [ -53.445694122999953, -17.993300227999953, 0.0 ], [ -53.445268044999978, -17.99794262599994, 0.0 ], [ -53.449208305999946, -17.997278136999967, 0.0 ] ] ], [ [ [ -53.705145025999968, -17.228153773999964, 0.0 ], [ -53.712933172999954, -17.230015830999946, 0.0 ], [ -53.719606473999931, -17.229671412999949, 0.0 ], [ -53.727617957999939, -17.232296197999972, 0.0 ], [ -53.737315824999939, -17.232953637999969, 0.0 ], [ -53.73321004099995, -17.230901813999935, 0.0 ], [ -53.705145025999968, -17.228153773999964, 0.0 ] ] ], [ [ [ -55.656441820999987, -17.348403460999975, 0.0 ], [ -55.65487380199994, -17.340356307999969, 0.0 ], [ -55.655005889999984, -17.348580224999978, 0.0 ], [ -55.64572048399998, -17.35945466499993, 0.0 ], [ -55.656441820999987, -17.348403460999975, 0.0 ] ] ], [ [ [ -53.74477505699997, -17.242072735999955, 0.0 ], [ -53.75360397999998, -17.244621495999979, 0.0 ], [ -53.757544486999961, -17.243804752999949, 0.0 ], [ -53.763337317999969, -17.248530160999962, 0.0 ], [ -53.759078390999946, -17.243142526999975, 0.0 ], [ -53.747014835999948, -17.242640694999977, 0.0 ], [ -53.738983115999986, -17.234569811999961, 0.0 ], [ -53.74477505699997, -17.242072735999955, 0.0 ] ] ], [ [ [ -54.536332025999968, -17.477585193999971, 0.0 ], [ -54.527163700999949, -17.478286453999942, 0.0 ], [ -54.525197292999962, -17.482043072999943, 0.0 ], [ -54.523775221999983, -17.481920332999948, 0.0 ], [ -54.521745371999941, -17.479974067999933, 0.0 ], [ -54.520444942999973, -17.479579024999964, 0.0 ], [ -54.517441812999948, -17.47969619099996, 0.0 ], [ -54.510156523999967, -17.483440128999973, 0.0 ], [ -54.525101679999977, -17.483151663999934, 0.0 ], [ -54.536332025999968, -17.477585193999971, 0.0 ] ] ], [ [ [ -53.439017318999959, -17.983926602999929, 0.0 ], [ -53.435709914999961, -17.988848072999929, 0.0 ], [ -53.439381811999965, -17.990373748999957, 0.0 ], [ -53.439017318999959, -17.983926602999929, 0.0 ] ] ], [ [ [ -55.524100293999936, -17.475876291999953, 0.0 ], [ -55.521344215999932, -17.480446841999935, 0.0 ], [ -55.515032893999944, -17.483621321999976, 0.0 ], [ -55.511700858999973, -17.482617838999943, 0.0 ], [ -55.508870491999971, -17.483072017999973, 0.0 ], [ -55.508248240999933, -17.482490583999947, 0.0 ], [ -55.509026846999973, -17.483544139999935, 0.0 ], [ -55.510008402999972, -17.484049552999977, 0.0 ], [ -55.516260861999967, -17.48416819299996, 0.0 ], [ -55.524583264999933, -17.482303730999945, 0.0 ], [ -55.52541890699996, -17.477630704999967, 0.0 ], [ -55.524100293999936, -17.475876291999953, 0.0 ] ] ], [ [ [ -53.832942030999959, -17.345937541999945, 0.0 ], [ -53.835158383999953, -17.339202273999945, 0.0 ], [ -53.834962950999966, -17.335760448999963, 0.0 ], [ -53.831048577999979, -17.319874981999931, 0.0 ], [ -53.832942030999959, -17.345937541999945, 0.0 ] ] ], [ [ [ -54.761642749999965, -17.55337431099997, 0.0 ], [ -54.757002867999972, -17.534494320999954, 0.0 ], [ -54.753940940999939, -17.530323387999942, 0.0 ], [ -54.752230892999933, -17.530936422999957, 0.0 ], [ -54.761642749999965, -17.55337431099997, 0.0 ] ] ], [ [ [ -53.882304864999981, -17.381249473999958, 0.0 ], [ -53.889669157999947, -17.394230209999932, 0.0 ], [ -53.894101219999982, -17.395380957999976, 0.0 ], [ -53.882304864999981, -17.381249473999958, 0.0 ] ] ], [ [ [ -53.332346469999948, -18.001557509999941, 0.0 ], [ -53.323998913999958, -18.001034557999958, 0.0 ], [ -53.332759794999959, -18.003839028999948, 0.0 ], [ -53.332346469999948, -18.001557509999941, 0.0 ] ] ], [ [ [ -53.452801719999968, -18.001674173999959, 0.0 ], [ -53.457294341999955, -17.999699005999958, 0.0 ], [ -53.455530941999939, -17.998628867999969, 0.0 ], [ -53.452801719999968, -18.001674173999959, 0.0 ] ] ], [ [ [ -53.835215669999968, -17.947650627999963, 0.0 ], [ -53.839565401999948, -17.940215053999964, 0.0 ], [ -53.838322959999971, -17.934436233999975, 0.0 ], [ -53.838462411999956, -17.938958833999948, 0.0 ], [ -53.835215669999968, -17.947650627999963, 0.0 ] ] ], [ [ [ -55.533259467999983, -17.46649079499997, 0.0 ], [ -55.527120714999967, -17.47210225699996, 0.0 ], [ -55.522197554999934, -17.472102957999937, 0.0 ], [ -55.521180362999985, -17.473192879999942, 0.0 ], [ -55.527550245999976, -17.47310895399994, 0.0 ], [ -55.533259467999983, -17.46649079499997, 0.0 ] ] ], [ [ [ -53.411298071999965, -17.991320652999946, 0.0 ], [ -53.415120325999965, -17.99148011099993, 0.0 ], [ -53.412632704999965, -17.98849049599994, 0.0 ], [ -53.411298071999965, -17.991320652999946, 0.0 ] ] ], [ [ [ -53.831473242999948, -17.356614048999973, 0.0 ], [ -53.831323329999975, -17.355020413999966, 0.0 ], [ -53.831383939999967, -17.346595263999973, 0.0 ], [ -53.829711391999979, -17.352889005999941, 0.0 ], [ -53.831473242999948, -17.356614048999973, 0.0 ] ] ], [ [ [ -53.812441533999959, -17.961034317999975, 0.0 ], [ -53.808040690999974, -17.97232082499994, 0.0 ], [ -53.811612773999968, -17.970132404999958, 0.0 ], [ -53.81447824199995, -17.963429454999982, 0.0 ], [ -53.812441533999959, -17.961034317999975, 0.0 ] ] ], [ [ [ -53.821105612999986, -17.962200412999948, 0.0 ], [ -53.822665100999984, -17.96174560999998, 0.0 ], [ -53.822824483999966, -17.957292195999969, 0.0 ], [ -53.827082466999968, -17.954352726999957, 0.0 ], [ -53.82548272799994, -17.948183545999939, 0.0 ], [ -53.821105612999986, -17.962200412999948, 0.0 ] ] ], [ [ [ -53.733821884999941, -17.995334925999941, 0.0 ], [ -53.727733339999986, -18.00185730499993, 0.0 ], [ -53.734179810999933, -17.995279928999935, 0.0 ], [ -53.733821884999941, -17.995334925999941, 0.0 ] ] ], [ [ [ -55.587749487999986, -17.411793127999942, 0.0 ], [ -55.588379344999964, -17.421838863999938, 0.0 ], [ -55.589762395999969, -17.414495405999958, 0.0 ], [ -55.587749487999986, -17.411793127999942, 0.0 ] ] ], [ [ [ -54.699722931999986, -17.497380599999929, 0.0 ], [ -54.70589761399998, -17.51031285199997, 0.0 ], [ -54.708343203999959, -17.510006678999957, 0.0 ], [ -54.699722931999986, -17.497380599999929, 0.0 ] ] ], [ [ [ -55.112338000999955, -17.636198949999937, 0.0 ], [ -55.111364802999958, -17.631228587999942, 0.0 ], [ -55.10875772199995, -17.62866043899993, 0.0 ], [ -55.105749643999957, -17.628524600999981, 0.0 ], [ -55.112338000999955, -17.636198949999937, 0.0 ] ] ], [ [ [ -53.762928357999954, -17.257936229999927, 0.0 ], [ -53.770335402999933, -17.26273510599998, 0.0 ], [ -53.763301957999943, -17.254150815999935, 0.0 ], [ -53.762928357999954, -17.257936229999927, 0.0 ] ] ], [ [ [ -53.420876002999933, -17.987028175999967, 0.0 ], [ -53.425060752999968, -17.987895310999932, 0.0 ], [ -53.423103929999968, -17.98523511999997, 0.0 ], [ -53.420876002999933, -17.987028175999967, 0.0 ] ] ], [ [ [ -53.442049835999967, -17.990004738999971, 0.0 ], [ -53.443368952999947, -17.993135092999978, 0.0 ], [ -53.445930143999931, -17.989176664999945, 0.0 ], [ -53.442049835999967, -17.990004738999971, 0.0 ] ] ], [ [ [ -55.740261846999942, -17.33714677599994, 0.0 ], [ -55.734206383999947, -17.33751723599994, 0.0 ], [ -55.729872431999979, -17.339875097999936, 0.0 ], [ -55.729473383999959, -17.340607294999927, 0.0 ], [ -55.740261846999942, -17.33714677599994, 0.0 ] ] ], [ [ [ -53.834653099999969, -17.688924785999973, 0.0 ], [ -53.837631630999965, -17.690025514999945, 0.0 ], [ -53.838941794999982, -17.690097970999943, 0.0 ], [ -53.841909223999949, -17.692151388999946, 0.0 ], [ -53.843689372999961, -17.692687700999954, 0.0 ], [ -53.844772490999958, -17.695930419999968, 0.0 ], [ -53.846960103999947, -17.697472497999968, 0.0 ], [ -53.844130226999937, -17.692091864999952, 0.0 ], [ -53.836094159999959, -17.688833887999976, 0.0 ], [ -53.834653099999969, -17.688924785999973, 0.0 ] ] ], [ [ [ -53.786823322999965, -17.991766594999945, 0.0 ], [ -53.79114498399997, -17.984569277999981, 0.0 ], [ -53.790160426999932, -17.98065618399994, 0.0 ], [ -53.790270283999973, -17.984839609999938, 0.0 ], [ -53.786823322999965, -17.991766594999945, 0.0 ] ] ], [ [ [ -53.945910207999987, -17.450660256999981, 0.0 ], [ -53.950391724999974, -17.458716729999935, 0.0 ], [ -53.953689465999958, -17.460894708999945, 0.0 ], [ -53.945910207999987, -17.450660256999981, 0.0 ] ] ], [ [ [ -53.917373431999977, -17.423406368999963, 0.0 ], [ -53.926047317999974, -17.43046391799993, 0.0 ], [ -53.918823049999958, -17.421551763999958, 0.0 ], [ -53.917373431999977, -17.423406368999963, 0.0 ] ] ], [ [ [ -55.682306493999931, -17.340456779999954, 0.0 ], [ -55.67518367699995, -17.340345494999951, 0.0 ], [ -55.674034323999933, -17.34297812899996, 0.0 ], [ -55.672810925999954, -17.34896602799995, 0.0 ], [ -55.67198054399995, -17.350050536999959, 0.0 ], [ -55.66815803999998, -17.350685477999946, 0.0 ], [ -55.671264590999954, -17.350776735999943, 0.0 ], [ -55.673100562999934, -17.349085105999961, 0.0 ], [ -55.675748252999938, -17.341004489999932, 0.0 ], [ -55.682306493999931, -17.340456779999954, 0.0 ] ] ], [ [ [ -55.804419985999971, -17.309775677999937, 0.0 ], [ -55.783328581999967, -17.329322627999943, 0.0 ], [ -55.785140103999936, -17.329966406999972, 0.0 ], [ -55.788787316999958, -17.32822891099994, 0.0 ], [ -55.804419985999971, -17.309775677999937, 0.0 ] ] ], [ [ [ -54.67675337999998, -17.501526837999961, 0.0 ], [ -54.672125263999931, -17.503068542999927, 0.0 ], [ -54.676802615999975, -17.501845461999949, 0.0 ], [ -54.678895252999951, -17.506697258999964, 0.0 ], [ -54.684733546999951, -17.507531472999972, 0.0 ], [ -54.68582700099995, -17.507063829999936, 0.0 ], [ -54.67675337999998, -17.501526837999961, 0.0 ] ] ], [ [ [ -55.585732224999958, -17.390867836999973, 0.0 ], [ -55.587080467999954, -17.389572324999961, 0.0 ], [ -55.585444517999974, -17.38651955399996, 0.0 ], [ -55.585732224999958, -17.390867836999973, 0.0 ] ] ], [ [ [ -54.71759198999996, -17.518653169999936, 0.0 ], [ -54.720654369999977, -17.518798779999941, 0.0 ], [ -54.721548783999935, -17.518568156999947, 0.0 ], [ -54.718804502999944, -17.518364677999955, 0.0 ], [ -54.715467286999967, -17.513142823999942, 0.0 ], [ -54.709864143999937, -17.509984462999967, 0.0 ], [ -54.709719711999981, -17.509986572999935, 0.0 ], [ -54.71759198999996, -17.518653169999936, 0.0 ] ] ], [ [ [ -55.016870681999933, -17.636270216999947, 0.0 ], [ -55.018243868999946, -17.636669644999927, 0.0 ], [ -55.019210534999957, -17.636220326999933, 0.0 ], [ -55.017173670999966, -17.634970884999973, 0.0 ], [ -55.018422362999956, -17.632471003999967, 0.0 ], [ -55.017610770999966, -17.630578912999965, 0.0 ], [ -55.016314551999983, -17.629810457999952, 0.0 ], [ -55.016870681999933, -17.636270216999947, 0.0 ] ] ], [ [ [ -55.897312269999986, -17.26421406399993, 0.0 ], [ -55.886537858999986, -17.263899133999928, 0.0 ], [ -55.886537835999945, -17.264042708999966, 0.0 ], [ -55.897312269999986, -17.26421406399993, 0.0 ] ] ], [ [ [ -53.939981612999986, -17.839097254999956, 0.0 ], [ -53.941635915999939, -17.848626172999957, 0.0 ], [ -53.943441800999949, -17.849734572999978, 0.0 ], [ -53.944552735999935, -17.844216990999939, 0.0 ], [ -53.942970744999968, -17.843896650999966, 0.0 ], [ -53.941361411999935, -17.839546736999978, 0.0 ], [ -53.939981612999986, -17.839097254999956, 0.0 ] ] ], [ [ [ -55.585550234999971, -17.397217642999976, 0.0 ], [ -55.580368846999932, -17.401564206999979, 0.0 ], [ -55.587680354999975, -17.399051223999948, 0.0 ], [ -55.585550234999971, -17.397217642999976, 0.0 ] ] ], [ [ [ -54.992784480999944, -17.632973887999981, 0.0 ], [ -54.990325559999974, -17.63627988199994, 0.0 ], [ -54.990220560999944, -17.638440265999975, 0.0 ], [ -54.994368526999949, -17.638690508999957, 0.0 ], [ -54.995142170999941, -17.638302262999957, 0.0 ], [ -54.992784480999944, -17.632973887999981, 0.0 ] ] ], [ [ [ -55.688885567999932, -17.341652634999946, 0.0 ], [ -55.687043182999957, -17.350960571999963, 0.0 ], [ -55.68915095899996, -17.347716737999974, 0.0 ], [ -55.688885567999932, -17.341652634999946, 0.0 ] ] ], [ [ [ -55.240709663999951, -17.59999671099996, 0.0 ], [ -55.243225933999952, -17.598768117999953, 0.0 ], [ -55.243337675999953, -17.594306595999967, 0.0 ], [ -55.240709663999951, -17.59999671099996, 0.0 ] ] ], [ [ [ -53.459857544999977, -18.020729783999968, 0.0 ], [ -53.461665161999974, -18.023187869999958, 0.0 ], [ -53.457562251999946, -18.01562359899998, 0.0 ], [ -53.459857544999977, -18.020729783999968, 0.0 ] ] ], [ [ [ -55.441647050999961, -17.509337134999953, 0.0 ], [ -55.443377698999939, -17.511203227999943, 0.0 ], [ -55.445288852999965, -17.505885174999946, 0.0 ], [ -55.441647050999961, -17.509337134999953, 0.0 ] ] ], [ [ [ -54.974431064999976, -17.621101753999938, 0.0 ], [ -54.97877146999997, -17.625204006999979, 0.0 ], [ -54.974275539999951, -17.617047430999946, 0.0 ], [ -54.974431064999976, -17.621101753999938, 0.0 ] ] ], [ [ [ -55.111975390999987, -17.640495916999953, 0.0 ], [ -55.114289068999938, -17.644462179999948, 0.0 ], [ -55.113183981999953, -17.639769637999962, 0.0 ], [ -55.111975390999987, -17.640495916999953, 0.0 ] ] ], [ [ [ -53.794517375999931, -17.977282762999948, 0.0 ], [ -53.795525768999937, -17.977105378999966, 0.0 ], [ -53.793651998999962, -17.974543923999931, 0.0 ], [ -53.794517375999931, -17.977282762999948, 0.0 ] ] ], [ [ [ -53.850230360999944, -17.363782904999937, 0.0 ], [ -53.857238222999968, -17.367178354999965, 0.0 ], [ -53.862084262999986, -17.366980550999926, 0.0 ], [ -53.858884195999963, -17.366626295999936, 0.0 ], [ -53.850230360999944, -17.363782904999937, 0.0 ] ] ], [ [ [ -53.854930524999986, -17.701033456999937, 0.0 ], [ -53.848596399999963, -17.69732191199995, 0.0 ], [ -53.85506946199996, -17.702913370999966, 0.0 ], [ -53.854930524999986, -17.701033456999937, 0.0 ] ] ], [ [ [ -53.950800593999986, -17.865480180999953, 0.0 ], [ -53.94771893799998, -17.86021175999997, 0.0 ], [ -53.948755729999959, -17.857889479999926, 0.0 ], [ -53.947826296999949, -17.857330743999967, 0.0 ], [ -53.946686413999942, -17.860445612999968, 0.0 ], [ -53.950800593999986, -17.865480180999953, 0.0 ] ] ], [ [ [ -53.688976666999963, -18.010909002999938, 0.0 ], [ -53.692128062999984, -18.013480123999955, 0.0 ], [ -53.690020858999958, -18.010781882999936, 0.0 ], [ -53.692718812999942, -18.006920140999966, 0.0 ], [ -53.691866841999968, -18.00613270499997, 0.0 ], [ -53.688976666999963, -18.010909002999938, 0.0 ] ] ], [ [ [ -54.382661889999952, -17.627337824999927, 0.0 ], [ -54.384160944999962, -17.627725232999978, 0.0 ], [ -54.384051871999986, -17.629170175999946, 0.0 ], [ -54.38533962799994, -17.629915908999976, 0.0 ], [ -54.384608822999951, -17.627524204999929, 0.0 ], [ -54.382541753999931, -17.626476449999927, 0.0 ], [ -54.381632071999945, -17.618779588999928, 0.0 ], [ -54.377439970999944, -17.609843558999955, 0.0 ], [ -54.375571686999933, -17.609130492999952, 0.0 ], [ -54.382661889999952, -17.627337824999927, 0.0 ] ] ], [ [ [ -54.780534235999937, -17.575200634999931, 0.0 ], [ -54.785804912999936, -17.576767841999981, 0.0 ], [ -54.781193790999964, -17.57525833099993, 0.0 ], [ -54.778813828999944, -17.571418914999981, 0.0 ], [ -54.777387246999979, -17.570665605999977, 0.0 ], [ -54.769552627999985, -17.568303408999952, 0.0 ], [ -54.777232953999942, -17.570723097999974, 0.0 ], [ -54.780534235999937, -17.575200634999931, 0.0 ] ] ], [ [ [ -53.869359864999979, -17.923331496999936, 0.0 ], [ -53.870095184999968, -17.922636809999972, 0.0 ], [ -53.871618435999949, -17.91839577099995, 0.0 ], [ -53.869359864999979, -17.923331496999936, 0.0 ] ] ], [ [ [ -53.715572389999977, -17.999807503999932, 0.0 ], [ -53.715848132999952, -18.00516121499993, 0.0 ], [ -53.71683214899997, -17.999219622999931, 0.0 ], [ -53.715572389999977, -17.999807503999932, 0.0 ] ] ], [ [ [ -55.190956256999982, -17.628134448999958, 0.0 ], [ -55.188676443999952, -17.623146265999935, 0.0 ], [ -55.186672409999971, -17.620582789999958, 0.0 ], [ -55.184783885999934, -17.620054155999981, 0.0 ], [ -55.190956256999982, -17.628134448999958, 0.0 ] ] ], [ [ [ -55.769677942999976, -17.326865157999976, 0.0 ], [ -55.758650493999937, -17.324711493999928, 0.0 ], [ -55.758495790999973, -17.324876877999941, 0.0 ], [ -55.769677942999976, -17.326865157999976, 0.0 ] ] ], [ [ [ -54.562814515999946, -17.479517580999982, 0.0 ], [ -54.568015108999987, -17.483682614999964, 0.0 ], [ -54.568754980999984, -17.483522602999926, 0.0 ], [ -54.570999325999935, -17.481182633999936, 0.0 ], [ -54.562814515999946, -17.479517580999982, 0.0 ] ] ], [ [ [ -54.18006517699996, -17.603627608999943, 0.0 ], [ -54.175414714999931, -17.603895023999939, 0.0 ], [ -54.173223402999952, -17.606037434999962, 0.0 ], [ -54.170658000999936, -17.605181308999931, 0.0 ], [ -54.170154133999972, -17.606355986999972, 0.0 ], [ -54.174150417999954, -17.606414122999979, 0.0 ], [ -54.18006517699996, -17.603627608999943, 0.0 ] ] ], [ [ [ -54.544887291999942, -17.48525730199998, 0.0 ], [ -54.54716545399998, -17.48565739999998, 0.0 ], [ -54.549647751999942, -17.484908987999972, 0.0 ], [ -54.551208273999976, -17.485679027999936, 0.0 ], [ -54.550496702999965, -17.484965250999949, 0.0 ], [ -54.548526958999958, -17.484645431999979, 0.0 ], [ -54.545137972999953, -17.484845398999937, 0.0 ], [ -54.538556829999948, -17.479818648999981, 0.0 ], [ -54.544887291999942, -17.48525730199998, 0.0 ] ] ], [ [ [ -53.810150243999942, -17.676148916999978, 0.0 ], [ -53.811735669999962, -17.677118360999941, 0.0 ], [ -53.806963444999951, -17.672998770999982, 0.0 ], [ -53.810150243999942, -17.676148916999978, 0.0 ] ] ], [ [ [ -55.009434083999963, -17.633031607999953, 0.0 ], [ -55.01222280199994, -17.63451153799997, 0.0 ], [ -55.010753242999954, -17.629340334999938, 0.0 ], [ -55.009434083999963, -17.633031607999953, 0.0 ] ] ], [ [ [ -55.142157802999975, -17.639367231999927, 0.0 ], [ -55.151874360999955, -17.643271333999962, 0.0 ], [ -55.153975075999938, -17.643104444999949, 0.0 ], [ -55.155321044999937, -17.642791179999961, 0.0 ], [ -55.142157802999975, -17.639367231999927, 0.0 ] ] ], [ [ [ -55.224505487999977, -17.609269020999932, 0.0 ], [ -55.219978222999941, -17.612397698999928, 0.0 ], [ -55.219102548999956, -17.613216008999927, 0.0 ], [ -55.224505487999977, -17.609269020999932, 0.0 ] ] ], [ [ [ -54.941903377999949, -17.609004525999978, 0.0 ], [ -54.944336056999987, -17.610398136999947, 0.0 ], [ -54.943424421999964, -17.609028363999983, 0.0 ], [ -54.941903377999949, -17.609004525999978, 0.0 ] ] ], [ [ [ -53.798185065999974, -17.974159596999982, 0.0 ], [ -53.800285046999932, -17.976852946999941, 0.0 ], [ -53.800428231999945, -17.974505001999944, 0.0 ], [ -53.798185065999974, -17.974159596999982, 0.0 ] ] ], [ [ [ -54.355560520999973, -17.653322972999945, 0.0 ], [ -54.353131419999954, -17.651438325999948, 0.0 ], [ -54.352838705999943, -17.653937525999936, 0.0 ], [ -54.355560520999973, -17.653322972999945, 0.0 ] ] ], [ [ [ -54.509349530999941, -17.480517800999962, 0.0 ], [ -54.502304885999934, -17.480710820999946, 0.0 ], [ -54.502150624999956, -17.481138729999941, 0.0 ], [ -54.509349530999941, -17.480517800999962, 0.0 ] ] ], [ [ [ -55.873509353999964, -17.269271100999958, 0.0 ], [ -55.878652916999954, -17.271442087999958, 0.0 ], [ -55.878878841999949, -17.275726496999937, 0.0 ], [ -55.879460077999966, -17.271706475999963, 0.0 ], [ -55.873509353999964, -17.269271100999958, 0.0 ] ] ], [ [ [ -53.844660184999952, -17.933551881999961, 0.0 ], [ -53.845147051999959, -17.938246668999966, 0.0 ], [ -53.845312848999981, -17.933571905999941, 0.0 ], [ -53.844660184999952, -17.933551881999961, 0.0 ] ] ], [ [ [ -53.851497159999951, -17.928481438999938, 0.0 ], [ -53.850630634999959, -17.934518476999926, 0.0 ], [ -53.852271629999962, -17.932991994999952, 0.0 ], [ -53.851497159999951, -17.928481438999938, 0.0 ] ] ], [ [ [ -53.984929381999962, -17.473254173999976, 0.0 ], [ -53.978802758999961, -17.473192263999977, 0.0 ], [ -53.982091086999958, -17.474032511999951, 0.0 ], [ -53.982376385999942, -17.474790740999936, 0.0 ], [ -53.984339899999952, -17.473871685999939, 0.0 ], [ -53.984929381999962, -17.473254173999976, 0.0 ] ] ], [ [ [ -55.167830493999986, -17.633841658999927, 0.0 ], [ -55.173186509999937, -17.635870641999929, 0.0 ], [ -55.168504538999969, -17.633599600999958, 0.0 ], [ -55.167830493999986, -17.633841658999927, 0.0 ] ] ], [ [ [ -55.501050131999932, -17.484401748999971, 0.0 ], [ -55.504496948999986, -17.487425261999931, 0.0 ], [ -55.506197002999954, -17.485992637999971, 0.0 ], [ -55.501050131999932, -17.484401748999971, 0.0 ] ] ], [ [ [ -55.235860049999985, -17.600160937999931, 0.0 ], [ -55.23788645299993, -17.600505741999939, 0.0 ], [ -55.236610026999983, -17.595847481999954, 0.0 ], [ -55.235860049999985, -17.600160937999931, 0.0 ] ] ], [ [ [ -55.48988583199997, -17.485136714999953, 0.0 ], [ -55.48765220699994, -17.480052317999935, 0.0 ], [ -55.483653051999966, -17.478866463999964, 0.0 ], [ -55.487260577999962, -17.480449197999974, 0.0 ], [ -55.48988583199997, -17.485136714999953, 0.0 ] ] ], [ [ [ -54.744648158999951, -17.519863851999958, 0.0 ], [ -54.751261768999939, -17.527610471999935, 0.0 ], [ -54.753295935999972, -17.527907898999956, 0.0 ], [ -54.746913032999942, -17.519942235999963, 0.0 ], [ -54.744648158999951, -17.519863851999958, 0.0 ] ] ], [ [ [ -53.684047883999938, -17.251957717999971, 0.0 ], [ -53.684019948999946, -17.25281765099993, 0.0 ], [ -53.689382096999964, -17.248473046999948, 0.0 ], [ -53.684047883999938, -17.251957717999971, 0.0 ] ] ], [ [ [ -53.869897723999941, -17.371426224999936, 0.0 ], [ -53.873393988999965, -17.373255502999939, 0.0 ], [ -53.868626736999943, -17.368565062999949, 0.0 ], [ -53.869897723999941, -17.371426224999936, 0.0 ] ] ], [ [ [ -54.648029465999969, -17.491333133999944, 0.0 ], [ -54.642466160999959, -17.493144194999957, 0.0 ], [ -54.638647976999948, -17.494566219999967, 0.0 ], [ -54.648029465999969, -17.491333133999944, 0.0 ] ] ], [ [ [ -53.661249512999973, -17.97754120299993, 0.0 ], [ -53.655850219999934, -17.979190555999935, 0.0 ], [ -53.654880115999958, -17.979213669999979, 0.0 ], [ -53.656574602999967, -17.979648362999967, 0.0 ], [ -53.661249512999973, -17.97754120299993, 0.0 ] ] ], [ [ [ -54.75956982699995, -17.564304897999932, 0.0 ], [ -54.762759310999968, -17.569069813999931, 0.0 ], [ -54.766731069999935, -17.568113123999979, 0.0 ], [ -54.75956982699995, -17.564304897999932, 0.0 ] ] ], [ [ [ -53.64729386099998, -17.976645410999936, 0.0 ], [ -53.644581348999964, -17.979070824999951, 0.0 ], [ -53.647976252999968, -17.977180462999968, 0.0 ], [ -53.64729386099998, -17.976645410999936, 0.0 ] ] ], [ [ [ -55.719094807999966, -17.348728691999952, 0.0 ], [ -55.716456496999967, -17.34296216499996, 0.0 ], [ -55.711193316999982, -17.338810652999939, 0.0 ], [ -55.714568568999937, -17.341663173999962, 0.0 ], [ -55.719094807999966, -17.348728691999952, 0.0 ] ] ], [ [ [ -55.086620815999936, -17.63261195299998, 0.0 ], [ -55.087949998999932, -17.632950877999974, 0.0 ], [ -55.087337205999972, -17.629917916999943, 0.0 ], [ -55.086771379999959, -17.63019165299994, 0.0 ], [ -55.086620815999936, -17.63261195299998, 0.0 ] ] ], [ [ [ -54.965081000999987, -17.620110696999973, 0.0 ], [ -54.967590367999946, -17.61723208199993, 0.0 ], [ -54.966689234999933, -17.615524438999955, 0.0 ], [ -54.965081000999987, -17.620110696999973, 0.0 ] ] ], [ [ [ -53.803137070999981, -17.975067235999973, 0.0 ], [ -53.804647962999979, -17.974904625999955, 0.0 ], [ -53.805517608999935, -17.967562487999942, 0.0 ], [ -53.803137070999981, -17.975067235999973, 0.0 ] ] ], [ [ [ -54.084777760999941, -17.619024948999936, 0.0 ], [ -54.091716201999986, -17.617221448999942, 0.0 ], [ -54.094844054999953, -17.614114407999978, 0.0 ], [ -54.084777760999941, -17.619024948999936, 0.0 ] ] ], [ [ [ -54.385602764999931, -17.581219813999951, 0.0 ], [ -54.384933088999958, -17.587305861999937, 0.0 ], [ -54.387475258999984, -17.586757227999954, 0.0 ], [ -54.38692128799994, -17.581572808999965, 0.0 ], [ -54.385602764999931, -17.581219813999951, 0.0 ] ] ], [ [ [ -55.098258550999958, -17.627553165999927, 0.0 ], [ -55.100962468999967, -17.631130562999942, 0.0 ], [ -55.101990712999964, -17.630788079999945, 0.0 ], [ -55.103309656999954, -17.629169864999938, 0.0 ], [ -55.098258550999958, -17.627553165999927, 0.0 ] ] ], [ [ [ -54.382583300999954, -17.598984539999947, 0.0 ], [ -54.381469095999933, -17.601118106999934, 0.0 ], [ -54.381003804999978, -17.59524195299997, 0.0 ], [ -54.382583300999954, -17.598984539999947, 0.0 ] ] ], [ [ [ -54.986651740999946, -17.631232445999956, 0.0 ], [ -54.989162186999977, -17.633004618999962, 0.0 ], [ -54.988332268999955, -17.628545266999936, 0.0 ], [ -54.986651740999946, -17.631232445999956, 0.0 ] ] ], [ [ [ -54.980288654999981, -17.628100883999934, 0.0 ], [ -54.98219837299996, -17.627054308999959, 0.0 ], [ -54.981405003999953, -17.624835058999963, 0.0 ], [ -54.980288654999981, -17.628100883999934, 0.0 ] ] ], [ [ [ -55.874977629999933, -17.280832476999933, 0.0 ], [ -55.875505034999946, -17.280604411999946, 0.0 ], [ -55.877392553999982, -17.277334531999941, 0.0 ], [ -55.874977629999933, -17.280832476999933, 0.0 ] ] ], [ [ [ -53.625213314999939, -17.978946118999943, 0.0 ], [ -53.620964147999985, -17.979337894999958, 0.0 ], [ -53.621059738999975, -17.980022085999963, 0.0 ], [ -53.625213314999939, -17.978946118999943, 0.0 ] ] ], [ [ [ -53.651859893999983, -17.976450519999958, 0.0 ], [ -53.649809987999959, -17.978789906999964, 0.0 ], [ -53.651829823999947, -17.978903149999951, 0.0 ], [ -53.651859893999983, -17.976450519999958, 0.0 ] ] ], [ [ [ -55.165923716999941, -17.637404377999928, 0.0 ], [ -55.169724741999971, -17.640257037999959, 0.0 ], [ -55.166473050999969, -17.63729019799996, 0.0 ], [ -55.165923716999941, -17.637404377999928, 0.0 ] ] ], [ [ [ -54.620613922999951, -17.488238959999933, 0.0 ], [ -54.616214887999945, -17.489670841999953, 0.0 ], [ -54.623952669999937, -17.490098949999947, 0.0 ], [ -54.620613922999951, -17.488238959999933, 0.0 ] ] ], [ [ [ -53.674938681999947, -17.991566403999968, 0.0 ], [ -53.67637745899998, -17.992074953999975, 0.0 ], [ -53.677747170999965, -17.989793616999975, 0.0 ], [ -53.674938681999947, -17.991566403999968, 0.0 ] ] ], [ [ [ -54.414915507999979, -17.548102443999937, 0.0 ], [ -54.415492816999972, -17.54905249899997, 0.0 ], [ -54.414412312999957, -17.544498560999955, 0.0 ], [ -54.414915507999979, -17.548102443999937, 0.0 ] ] ], [ [ [ -55.061355517999971, -17.641639200999975, 0.0 ], [ -55.063489535999963, -17.641866992999951, 0.0 ], [ -55.062503302999971, -17.639051153999958, 0.0 ], [ -55.061355517999971, -17.641639200999975, 0.0 ] ] ], [ [ [ -54.381994042999963, -17.58999018999998, 0.0 ], [ -54.383967826999935, -17.590300757999955, 0.0 ], [ -54.383506552999961, -17.587940505999939, 0.0 ], [ -54.381994042999963, -17.58999018999998, 0.0 ] ] ], [ [ [ -55.054883890999974, -17.642707430999963, 0.0 ], [ -55.056034790999945, -17.642298736999976, 0.0 ], [ -55.055201904999933, -17.642127617999961, 0.0 ], [ -55.055200446999947, -17.638639556999976, 0.0 ], [ -55.054568813999936, -17.638613483999961, 0.0 ], [ -55.054883890999974, -17.642707430999963, 0.0 ] ] ], [ [ [ -54.626476321999974, -17.491562306999981, 0.0 ], [ -54.630388774999972, -17.493600317999949, 0.0 ], [ -54.632604188999949, -17.494388856999933, 0.0 ], [ -54.626476321999974, -17.491562306999981, 0.0 ] ] ], [ [ [ -54.125052862999951, -17.61503844899994, 0.0 ], [ -54.129281552999942, -17.618076379999934, 0.0 ], [ -54.13020923199997, -17.616624785999932, 0.0 ], [ -54.125052862999951, -17.61503844899994, 0.0 ] ] ], [ [ [ -55.576558757999976, -17.418348543999969, 0.0 ], [ -55.576018540999939, -17.420877454999982, 0.0 ], [ -55.581182362999982, -17.418915168999945, 0.0 ], [ -55.576558757999976, -17.418348543999969, 0.0 ] ] ], [ [ [ -55.269108356999936, -17.559438373999967, 0.0 ], [ -55.271244219999971, -17.560045407999951, 0.0 ], [ -55.269201227999986, -17.556774749999931, 0.0 ], [ -55.269108356999936, -17.559438373999967, 0.0 ] ] ], [ [ [ -53.898939979999966, -17.909055786999943, 0.0 ], [ -53.889244643999973, -17.912932000999945, 0.0 ], [ -53.892046678999975, -17.912829205999969, 0.0 ], [ -53.898939979999966, -17.909055786999943, 0.0 ] ] ], [ [ [ -55.040467292999949, -17.638773512999933, 0.0 ], [ -55.041116275999968, -17.641079569999931, 0.0 ], [ -55.042293719999975, -17.63916022899997, 0.0 ], [ -55.040467292999949, -17.638773512999933, 0.0 ] ] ], [ [ [ -53.871602846999963, -17.729128220999939, 0.0 ], [ -53.87433151099998, -17.729866103999939, 0.0 ], [ -53.867820880999943, -17.727047662999951, 0.0 ], [ -53.871602846999963, -17.729128220999939, 0.0 ] ] ], [ [ [ -55.379891659999942, -17.523666196999955, 0.0 ], [ -55.381792118999954, -17.524962371999948, 0.0 ], [ -55.377113279999946, -17.515042606999941, 0.0 ], [ -55.379891659999942, -17.523666196999955, 0.0 ] ] ], [ [ [ -55.805082466999977, -17.307830138999975, 0.0 ], [ -55.802823975999956, -17.301801309999973, 0.0 ], [ -55.804660791999936, -17.299253127999975, 0.0 ], [ -55.802531825999949, -17.30128018399995, 0.0 ], [ -55.802535494999972, -17.302622301999975, 0.0 ], [ -55.805082466999977, -17.307830138999975, 0.0 ] ] ], [ [ [ -55.585609059999967, -17.373617185999933, 0.0 ], [ -55.586673377999944, -17.373830337999948, 0.0 ], [ -55.590161633999969, -17.373019165999949, 0.0 ], [ -55.585609059999967, -17.373617185999933, 0.0 ] ] ], [ [ [ -55.586416988999986, -17.403303515999937, 0.0 ], [ -55.587419336999972, -17.404664236999963, 0.0 ], [ -55.587109091999935, -17.403447781999944, 0.0 ], [ -55.586416988999986, -17.403303515999937, 0.0 ] ] ], [ [ [ -53.885277976999987, -17.913813112999946, 0.0 ], [ -53.880686925999953, -17.919362439999929, 0.0 ], [ -53.883702220999965, -17.917792367999937, 0.0 ], [ -53.88529876399997, -17.91654794699997, 0.0 ], [ -53.885277976999987, -17.913813112999946, 0.0 ] ] ], [ [ [ -54.986640569999963, -17.627614301999927, 0.0 ], [ -54.986894167999935, -17.627636178999978, 0.0 ], [ -54.984943131999955, -17.624076481999964, 0.0 ], [ -54.984923022999965, -17.62686236899998, 0.0 ], [ -54.985619868999947, -17.627317271999971, 0.0 ], [ -54.986640569999963, -17.627614301999927, 0.0 ] ] ], [ [ [ -54.232913169999961, -17.626767260999941, 0.0 ], [ -54.232295207999982, -17.626864792999982, 0.0 ], [ -54.236696088999963, -17.62720737199993, 0.0 ], [ -54.232913169999961, -17.626767260999941, 0.0 ] ] ], [ [ [ -54.756425138999987, -17.560193701999935, 0.0 ], [ -54.759413649999942, -17.560529731999964, 0.0 ], [ -54.759885463999979, -17.562801202999935, 0.0 ], [ -54.760162222999952, -17.560369630999958, 0.0 ], [ -54.756891017999976, -17.559956623999938, 0.0 ], [ -54.757866901999932, -17.557271734999972, 0.0 ], [ -54.756425138999987, -17.560193701999935, 0.0 ] ] ], [ [ [ -54.734347923999962, -17.518069322999963, 0.0 ], [ -54.734971821999977, -17.517600726999945, 0.0 ], [ -54.730936966999934, -17.515892272999963, 0.0 ], [ -54.734347923999962, -17.518069322999963, 0.0 ] ] ], [ [ [ -54.333393392999938, -17.660339909999948, 0.0 ], [ -54.329308797999943, -17.662938507999968, 0.0 ], [ -54.32905747999996, -17.663993128999948, 0.0 ], [ -54.330039068999952, -17.664044244999957, 0.0 ], [ -54.333393392999938, -17.660339909999948, 0.0 ] ] ], [ [ [ -54.274855283999955, -17.654023622999944, 0.0 ], [ -54.282600536999951, -17.653740526999968, 0.0 ], [ -54.284630653999955, -17.653391595999949, 0.0 ], [ -54.274855283999955, -17.654023622999944, 0.0 ] ] ], [ [ [ -55.04490814899998, -17.638986387999978, 0.0 ], [ -55.047144917999958, -17.640074974999948, 0.0 ], [ -55.044999908999955, -17.636768604999929, 0.0 ], [ -55.04490814899998, -17.638986387999978, 0.0 ] ] ], [ [ [ -55.273444427999948, -17.563987982999947, 0.0 ], [ -55.275484032999941, -17.565011459999937, 0.0 ], [ -55.27514886299997, -17.558826016999944, 0.0 ], [ -55.273444427999948, -17.563987982999947, 0.0 ] ] ], [ [ [ -54.375473256999953, -17.64102371599995, 0.0 ], [ -54.376084050999964, -17.642659004999928, 0.0 ], [ -54.37569621199998, -17.639603226999952, 0.0 ], [ -54.375473256999953, -17.64102371599995, 0.0 ] ] ], [ [ [ -53.201852193999969, -18.021142018999967, 0.0 ], [ -53.205140856999947, -18.021892054999967, 0.0 ], [ -53.201638819999971, -18.019816459999959, 0.0 ], [ -53.201852193999969, -18.021142018999967, 0.0 ] ] ], [ [ [ -53.630594232999954, -17.980528825999954, 0.0 ], [ -53.629714185999944, -17.980335934999971, 0.0 ], [ -53.628210051999986, -17.980596329999969, 0.0 ], [ -53.630594232999954, -17.980528825999954, 0.0 ] ] ], [ [ [ -54.819274003999965, -17.604016239999964, 0.0 ], [ -54.823269575999973, -17.607019448999949, 0.0 ], [ -54.819453936999935, -17.602901351999947, 0.0 ], [ -54.819274003999965, -17.604016239999964, 0.0 ] ] ], [ [ [ -53.666516468999987, -17.985534536999978, 0.0 ], [ -53.662818361999939, -17.986138360999973, 0.0 ], [ -53.666367154999932, -17.987713243999963, 0.0 ], [ -53.666516468999987, -17.985534536999978, 0.0 ] ] ], [ [ [ -53.87741996699998, -17.374806133999982, 0.0 ], [ -53.881789973999958, -17.380811657999971, 0.0 ], [ -53.880600639999955, -17.377557249999938, 0.0 ], [ -53.87741996699998, -17.374806133999982, 0.0 ] ] ], [ [ [ -54.501393887999939, -17.484547507999935, 0.0 ], [ -54.500412694999966, -17.483914063999975, 0.0 ], [ -54.49868846399994, -17.483483351999951, 0.0 ], [ -54.501393887999939, -17.484547507999935, 0.0 ] ] ], [ [ [ -55.322956562999934, -17.550098606999939, 0.0 ], [ -55.323474048999969, -17.551472797999963, 0.0 ], [ -55.325599685999975, -17.54980597399998, 0.0 ], [ -55.322956562999934, -17.550098606999939, 0.0 ] ] ], [ [ [ -53.455935421999982, -18.011028207999971, 0.0 ], [ -53.459904183999981, -18.014289204999955, 0.0 ], [ -53.456229528999984, -18.010562880999942, 0.0 ], [ -53.455935421999982, -18.011028207999971, 0.0 ] ] ], [ [ [ -53.634603510999966, -17.976848699999948, 0.0 ], [ -53.631842676999952, -17.978110446999949, 0.0 ], [ -53.634155918999966, -17.978790082999978, 0.0 ], [ -53.634603510999966, -17.976848699999948, 0.0 ] ] ], [ [ [ -54.997959603999959, -17.635137057999941, 0.0 ], [ -54.99967497199998, -17.637613403999978, 0.0 ], [ -55.000673445999951, -17.636377883999955, 0.0 ], [ -54.997959603999959, -17.635137057999941, 0.0 ] ] ], [ [ [ -54.367129991999946, -17.646647450999978, 0.0 ], [ -54.369179512999949, -17.647366125999952, 0.0 ], [ -54.368501643999934, -17.645953778999967, 0.0 ], [ -54.367129991999946, -17.646647450999978, 0.0 ] ] ], [ [ [ -53.94626797799998, -17.852625511999975, 0.0 ], [ -53.946829337999986, -17.855737429999976, 0.0 ], [ -53.948230854999963, -17.856486002999929, 0.0 ], [ -53.94626797799998, -17.852625511999975, 0.0 ] ] ], [ [ [ -55.693228643999987, -17.339890232999949, 0.0 ], [ -55.692492290999951, -17.340729477999957, 0.0 ], [ -55.694215421999957, -17.34180827299997, 0.0 ], [ -55.693228643999987, -17.339890232999949, 0.0 ] ] ], [ [ [ -53.301832822999984, -17.995946708999952, 0.0 ], [ -53.299223016999974, -17.997114594999971, 0.0 ], [ -53.301624181999955, -17.997026944999959, 0.0 ], [ -53.301832822999984, -17.995946708999952, 0.0 ] ] ], [ [ [ -53.456952015999946, -18.006486515999939, 0.0 ], [ -53.457051098999955, -18.009109943999931, 0.0 ], [ -53.460009938999974, -18.00933213999997, 0.0 ], [ -53.456952015999946, -18.006486515999939, 0.0 ] ] ], [ [ [ -53.952308344999949, -17.917819599999973, 0.0 ], [ -53.949105589999931, -17.916628525999954, 0.0 ], [ -53.948933018999981, -17.91733566299996, 0.0 ], [ -53.952308344999949, -17.917819599999973, 0.0 ] ] ], [ [ [ -55.829341888999977, -17.295535333999965, 0.0 ], [ -55.831510882999964, -17.301042454999958, 0.0 ], [ -55.828162745999975, -17.294195326999954, 0.0 ], [ -55.829341888999977, -17.295535333999965, 0.0 ] ] ], [ [ [ -54.654996585999982, -17.490159666999944, 0.0 ], [ -54.650473827999974, -17.492847771999948, 0.0 ], [ -54.656428105999964, -17.492042975999937, 0.0 ], [ -54.654996585999982, -17.490159666999944, 0.0 ] ] ], [ [ [ -54.554291358999933, -17.48861837499993, 0.0 ], [ -54.556348557999968, -17.488238198999966, 0.0 ], [ -54.556909281999936, -17.484666864999951, 0.0 ], [ -54.554291358999933, -17.48861837499993, 0.0 ] ] ], [ [ [ -55.029265412999962, -17.637829678999935, 0.0 ], [ -55.031858556999964, -17.640640399999938, 0.0 ], [ -55.032093828999962, -17.640573649999965, 0.0 ], [ -55.032377486999962, -17.640264247999937, 0.0 ], [ -55.029265412999962, -17.637829678999935, 0.0 ] ] ], [ [ [ -55.498986435999939, -17.484423827999933, 0.0 ], [ -55.49761872199997, -17.486518265999962, 0.0 ], [ -55.494488669999953, -17.484476391999976, 0.0 ], [ -55.496603824999966, -17.486917498999958, 0.0 ], [ -55.498201102999985, -17.486631226999975, 0.0 ], [ -55.498895477999952, -17.485614621999957, 0.0 ], [ -55.498986435999939, -17.484423827999933, 0.0 ] ] ], [ [ [ -53.860461660999931, -17.924547891999964, 0.0 ], [ -53.862024435999956, -17.924126548999936, 0.0 ], [ -53.860055339999974, -17.921159315999944, 0.0 ], [ -53.860461660999931, -17.924547891999964, 0.0 ] ] ], [ [ [ -55.587854324999967, -17.376597688999937, 0.0 ], [ -55.588010274999931, -17.378718781999964, 0.0 ], [ -55.586437368999952, -17.37850616399993, 0.0 ], [ -55.587854324999967, -17.376597688999937, 0.0 ] ] ], [ [ [ -53.638605220999978, -17.977985558999933, 0.0 ], [ -53.639489142999935, -17.97963337799996, 0.0 ], [ -53.640825634999942, -17.977783454999951, 0.0 ], [ -53.638605220999978, -17.977985558999933, 0.0 ] ] ], [ [ [ -55.704371764999962, -17.351683142999946, 0.0 ], [ -55.700245957999982, -17.354056385999968, 0.0 ], [ -55.704719031999957, -17.349676630999966, 0.0 ], [ -55.704371764999962, -17.351683142999946, 0.0 ] ] ], [ [ [ -54.738364271999956, -17.51792332499997, 0.0 ], [ -54.739736206999964, -17.520812494999973, 0.0 ], [ -54.741322064999963, -17.520060242999932, 0.0 ], [ -54.738364271999956, -17.51792332499997, 0.0 ] ] ], [ [ [ -55.849639257999968, -17.291737375999958, 0.0 ], [ -55.845431352999981, -17.298343717999956, 0.0 ], [ -55.846545269999979, -17.297347628999944, 0.0 ], [ -55.849639257999968, -17.291737375999958, 0.0 ] ] ], [ [ [ -55.307064989999958, -17.543468342999972, 0.0 ], [ -55.309239278999939, -17.545944272999975, 0.0 ], [ -55.310233095999934, -17.545394451999982, 0.0 ], [ -55.307064989999958, -17.543468342999972, 0.0 ] ] ], [ [ [ -54.81959567399997, -17.597457510999959, 0.0 ], [ -54.821310824999955, -17.597386153999935, 0.0 ], [ -54.817084430999955, -17.595866115999968, 0.0 ], [ -54.81959567399997, -17.597457510999959, 0.0 ] ] ], [ [ [ -53.971271721999983, -17.465818621999972, 0.0 ], [ -53.971509912999977, -17.46699637599994, 0.0 ], [ -53.971271898999987, -17.469940404999932, 0.0 ], [ -53.972267682999984, -17.469417067999927, 0.0 ], [ -53.971271721999983, -17.465818621999972, 0.0 ] ] ], [ [ [ -54.326612715999943, -17.659651654999948, 0.0 ], [ -54.326704675999963, -17.661013810999975, 0.0 ], [ -54.32866835699997, -17.66107816899995, 0.0 ], [ -54.326612715999943, -17.659651654999948, 0.0 ] ] ], [ [ [ -54.694059564999975, -17.503427065999972, 0.0 ], [ -54.694150468999965, -17.50414576299994, 0.0 ], [ -54.695196811999949, -17.503499892999969, 0.0 ], [ -54.694059564999975, -17.503427065999972, 0.0 ] ] ], [ [ [ -53.476543422999953, -18.036253987999942, 0.0 ], [ -53.480814243999987, -18.03923207899993, 0.0 ], [ -53.478298778999942, -18.037016740999945, 0.0 ], [ -53.476543422999953, -18.036253987999942, 0.0 ] ] ], [ [ [ -55.140388633999976, -17.646114354999952, 0.0 ], [ -55.141553329999965, -17.64711488699993, 0.0 ], [ -55.142728591999969, -17.645978710999941, 0.0 ], [ -55.140388633999976, -17.646114354999952, 0.0 ] ] ], [ [ [ -54.568023578999941, -17.474307762999956, 0.0 ], [ -54.56752174199994, -17.475930650999942, 0.0 ], [ -54.570306612999957, -17.473369703999936, 0.0 ], [ -54.568023578999941, -17.474307762999956, 0.0 ] ] ], [ [ [ -54.116743630999963, -17.615955460999942, 0.0 ], [ -54.118461286999946, -17.619278678999933, 0.0 ], [ -54.11913603499994, -17.618835132999948, 0.0 ], [ -54.119108683999968, -17.618447585999945, 0.0 ], [ -54.116743630999963, -17.615955460999942, 0.0 ] ] ], [ [ [ -54.796272882999972, -17.582179303999965, 0.0 ], [ -54.793958728999939, -17.582810023999969, 0.0 ], [ -54.796016598999984, -17.582557699999938, 0.0 ], [ -54.796272882999972, -17.582179303999965, 0.0 ] ] ], [ [ [ -54.050677726999936, -17.507252299999948, 0.0 ], [ -54.047153870999978, -17.507327818999954, 0.0 ], [ -54.047295175999977, -17.507782997999982, 0.0 ], [ -54.050677726999936, -17.507252299999948, 0.0 ] ] ], [ [ [ -54.657248857999946, -17.496745376999968, 0.0 ], [ -54.659550749999937, -17.496876583999949, 0.0 ], [ -54.658137822999947, -17.496474694999961, 0.0 ], [ -54.657248857999946, -17.496745376999968, 0.0 ] ] ], [ [ [ -55.583837990999939, -17.382797659999937, 0.0 ], [ -55.584680201999959, -17.38451936599995, 0.0 ], [ -55.584105645999955, -17.381225652999944, 0.0 ], [ -55.583837990999939, -17.382797659999937, 0.0 ] ] ], [ [ [ -54.143050499999958, -17.612533215999974, 0.0 ], [ -54.147168654999973, -17.615284981999935, 0.0 ], [ -54.147530652999933, -17.61402048399998, 0.0 ], [ -54.143050499999958, -17.612533215999974, 0.0 ] ] ], [ [ [ -53.312685751999936, -17.997008561999962, 0.0 ], [ -53.313128672999937, -17.998818909999954, 0.0 ], [ -53.314462875999936, -17.998123212999928, 0.0 ], [ -53.312685751999936, -17.997008561999962, 0.0 ] ] ], [ [ [ -54.405452692999972, -17.554917288999945, 0.0 ], [ -54.404985182999951, -17.563310839999929, 0.0 ], [ -54.406682278999938, -17.561987392999981, 0.0 ], [ -54.405452692999972, -17.554917288999945, 0.0 ] ] ], [ [ [ -54.916260895999983, -17.609211301999949, 0.0 ], [ -54.920212108999976, -17.610238702999936, 0.0 ], [ -54.91294507899994, -17.608749433999947, 0.0 ], [ -54.916260895999983, -17.609211301999949, 0.0 ] ] ], [ [ [ -54.95378154399998, -17.613696206999975, 0.0 ], [ -54.956211978999931, -17.615789505999942, 0.0 ], [ -54.954313509999963, -17.613703735999934, 0.0 ], [ -54.95378154399998, -17.613696206999975, 0.0 ] ] ], [ [ [ -53.434215378999966, -17.985682548999932, 0.0 ], [ -53.433839579999983, -17.987196466999933, 0.0 ], [ -53.43451839599993, -17.98528268299998, 0.0 ], [ -53.434215378999966, -17.985682548999932, 0.0 ] ] ], [ [ [ -53.936940988999936, -17.836252848999948, 0.0 ], [ -53.939359578999984, -17.838515362999942, 0.0 ], [ -53.936481098999934, -17.833447584999931, 0.0 ], [ -53.936940988999936, -17.836252848999948, 0.0 ] ] ], [ [ [ -55.023033828999985, -17.634761705999949, 0.0 ], [ -55.022667253999941, -17.63829709099997, 0.0 ], [ -55.023678824999934, -17.637546930999974, 0.0 ], [ -55.023033828999985, -17.634761705999949, 0.0 ] ] ], [ [ [ -54.351441883999939, -17.654459107999969, 0.0 ], [ -54.352507057999958, -17.655246915999953, 0.0 ], [ -54.351736849999952, -17.65434896599993, 0.0 ], [ -54.351441883999939, -17.654459107999969, 0.0 ] ] ], [ [ [ -55.286850544999936, -17.559557341999948, 0.0 ], [ -55.288633402999949, -17.55970930999996, 0.0 ], [ -55.285097069999949, -17.557616888999974, 0.0 ], [ -55.286850544999936, -17.559557341999948, 0.0 ] ] ], [ [ [ -53.484045439999932, -18.040562834999946, 0.0 ], [ -53.48595831199998, -18.040363120999928, 0.0 ], [ -53.482445642999949, -18.038627142999928, 0.0 ], [ -53.484045439999932, -18.040562834999946, 0.0 ] ] ], [ [ [ -54.241809395999951, -17.628925256999935, 0.0 ], [ -54.240076902999931, -17.627861886999938, 0.0 ], [ -54.238811229999953, -17.627839785999981, 0.0 ], [ -54.241809395999951, -17.628925256999935, 0.0 ] ] ], [ [ [ -54.357082978999983, -17.651308683999957, 0.0 ], [ -54.35851047999995, -17.65041507899997, 0.0 ], [ -54.357880644999966, -17.649517699999933, 0.0 ], [ -54.357082978999983, -17.651308683999957, 0.0 ] ] ], [ [ [ -55.07855929699997, -17.631370681999954, 0.0 ], [ -55.080232404999947, -17.633787535999943, 0.0 ], [ -55.081525248999981, -17.63272963299994, 0.0 ], [ -55.07855929699997, -17.631370681999954, 0.0 ] ] ], [ [ [ -54.072797801999968, -17.596961932999932, 0.0 ], [ -54.073108954999952, -17.599182761999941, 0.0 ], [ -54.07493018599996, -17.599044659999947, 0.0 ], [ -54.072797801999968, -17.596961932999932, 0.0 ] ] ], [ [ [ -54.320619047999969, -17.661504011999966, 0.0 ], [ -54.322403679999979, -17.660917526999981, 0.0 ], [ -54.320887980999942, -17.65953301199994, 0.0 ], [ -54.320619047999969, -17.661504011999966, 0.0 ] ] ], [ [ [ -54.055209790999982, -17.567315687999951, 0.0 ], [ -54.051633020999986, -17.562770087999979, 0.0 ], [ -54.051748496999949, -17.559267685999941, 0.0 ], [ -54.051619474999939, -17.563057739999977, 0.0 ], [ -54.055209790999982, -17.567315687999951, 0.0 ] ] ], [ [ [ -55.182596642999954, -17.624578534999955, 0.0 ], [ -55.184141487999966, -17.624027214999956, 0.0 ], [ -55.180712639999967, -17.623200383999972, 0.0 ], [ -55.182596642999954, -17.624578534999955, 0.0 ] ] ], [ [ [ -53.830744105999941, -17.942936596999971, 0.0 ], [ -53.827204187999939, -17.947326585999974, 0.0 ], [ -53.828930487999969, -17.946417482999948, 0.0 ], [ -53.830744105999941, -17.942936596999971, 0.0 ] ] ], [ [ [ -55.337810827999931, -17.547072335999928, 0.0 ], [ -55.339386684999965, -17.548365840999963, 0.0 ], [ -55.337867837999966, -17.54523971499998, 0.0 ], [ -55.337810827999931, -17.547072335999928, 0.0 ] ] ], [ [ [ -54.847219768999935, -17.612894332999929, 0.0 ], [ -54.83924025999994, -17.613943626999969, 0.0 ], [ -54.842456016999961, -17.614348159999963, 0.0 ], [ -54.847219768999935, -17.612894332999929, 0.0 ] ] ], [ [ [ -55.892494665999948, -17.277870579999956, 0.0 ], [ -55.892377585999952, -17.28059991799995, 0.0 ], [ -55.892794203999983, -17.27921041299993, 0.0 ], [ -55.892494665999948, -17.277870579999956, 0.0 ] ] ], [ [ [ -55.204712388999951, -17.614071747999958, 0.0 ], [ -55.210456443999931, -17.61578398499995, 0.0 ], [ -55.204810061999979, -17.613759960999971, 0.0 ], [ -55.204712388999951, -17.614071747999958, 0.0 ] ] ], [ [ [ -53.946334684999954, -17.922179773999972, 0.0 ], [ -53.94856178799995, -17.923334332999957, 0.0 ], [ -53.947235356999954, -17.920272704999945, 0.0 ], [ -53.946334684999954, -17.922179773999972, 0.0 ] ] ], [ [ [ -54.113647433999972, -17.615730865999979, 0.0 ], [ -54.113201792999973, -17.619050693999952, 0.0 ], [ -54.113751585999978, -17.619058752999933, 0.0 ], [ -54.113972634999982, -17.618772624999963, 0.0 ], [ -54.114304243999982, -17.61601019699998, 0.0 ], [ -54.113647433999972, -17.615730865999979, 0.0 ] ] ], [ [ [ -54.336753002999956, -17.661716743999932, 0.0 ], [ -54.334611716999973, -17.661108849999948, 0.0 ], [ -54.335488158999965, -17.662228680999931, 0.0 ], [ -54.336753002999956, -17.661716743999932, 0.0 ] ] ], [ [ [ -53.594234589999985, -18.000624668999933, 0.0 ], [ -53.595565180999984, -17.999716545999945, 0.0 ], [ -53.593531556999949, -18.00041889299996, 0.0 ], [ -53.594234589999985, -18.000624668999933, 0.0 ] ] ], [ [ [ -54.759843305999937, -17.556495948999952, 0.0 ], [ -54.759645398999965, -17.558183388999964, 0.0 ], [ -54.761553947999971, -17.555336505999946, 0.0 ], [ -54.759843305999937, -17.556495948999952, 0.0 ] ] ], [ [ [ -55.69582952199994, -17.347561480999957, 0.0 ], [ -55.700510596999948, -17.351592536999931, 0.0 ], [ -55.700595370999963, -17.351316942999972, 0.0 ], [ -55.699653916999978, -17.350133574999973, 0.0 ], [ -55.695759295999949, -17.347239224999953, 0.0 ], [ -55.695059547999961, -17.344777692999969, 0.0 ], [ -55.69582952199994, -17.347561480999957, 0.0 ] ] ], [ [ [ -55.324255812999979, -17.545028208999952, 0.0 ], [ -55.32509188299997, -17.544684178999944, 0.0 ], [ -55.322873350999942, -17.542754972999944, 0.0 ], [ -55.324255812999979, -17.545028208999952, 0.0 ] ] ], [ [ [ -53.863720734999958, -17.36746687699997, 0.0 ], [ -53.866229412999985, -17.368201343999942, 0.0 ], [ -53.863099734999935, -17.367092965999973, 0.0 ], [ -53.863720734999958, -17.36746687699997, 0.0 ] ] ], [ [ [ -53.821301546999962, -17.685556058999964, 0.0 ], [ -53.822679530999949, -17.685936289999972, 0.0 ], [ -53.819853097999953, -17.684132259999956, 0.0 ], [ -53.821301546999962, -17.685556058999964, 0.0 ] ] ], [ [ [ -54.877212319999956, -17.618966378999971, 0.0 ], [ -54.876838066999937, -17.618362469999965, 0.0 ], [ -54.875503895999941, -17.618177762999949, 0.0 ], [ -54.871749138999974, -17.619006053999954, 0.0 ], [ -54.877212319999956, -17.618966378999971, 0.0 ] ] ], [ [ [ -53.953859674999933, -17.889598113999966, 0.0 ], [ -53.95371326999998, -17.886929918999954, 0.0 ], [ -53.952983975999985, -17.889783561999934, 0.0 ], [ -53.953859674999933, -17.889598113999966, 0.0 ] ] ], [ [ [ -54.364062876999981, -17.647977895999929, 0.0 ], [ -54.361139781999952, -17.647803532999944, 0.0 ], [ -54.361224696999955, -17.648620086999927, 0.0 ], [ -54.364062876999981, -17.647977895999929, 0.0 ] ] ], [ [ [ -53.845919640999966, -17.361956321999969, 0.0 ], [ -53.848861049999982, -17.363421083999981, 0.0 ], [ -53.849791941999968, -17.363177690999976, 0.0 ], [ -53.845919640999966, -17.361956321999969, 0.0 ] ] ], [ [ [ -55.233338155999945, -17.597295655999972, 0.0 ], [ -55.233916827999963, -17.59576494099997, 0.0 ], [ -55.232833827999968, -17.595663951999938, 0.0 ], [ -55.233338155999945, -17.597295655999972, 0.0 ] ] ], [ [ [ -54.836302306999983, -17.612973009999962, 0.0 ], [ -54.839041521999945, -17.61390741699995, 0.0 ], [ -54.831457704999934, -17.61003052999996, 0.0 ], [ -54.836302306999983, -17.612973009999962, 0.0 ] ] ], [ [ [ -53.571603684999957, -18.011009117999947, 0.0 ], [ -53.571880266999983, -18.01070223399995, 0.0 ], [ -53.568961112999943, -18.006946310999979, 0.0 ], [ -53.568241499999942, -18.006513353999935, 0.0 ], [ -53.571603684999957, -18.011009117999947, 0.0 ] ] ], [ [ [ -54.380927272999941, -17.639209059999928, 0.0 ], [ -54.379259229999946, -17.639697923999961, 0.0 ], [ -54.379257750999955, -17.640547279999964, 0.0 ], [ -54.380927272999941, -17.639209059999928, 0.0 ] ] ], [ [ [ -53.961548548999986, -17.46078812199994, 0.0 ], [ -53.966049255999962, -17.462724454999943, 0.0 ], [ -53.963938722999956, -17.461272558999951, 0.0 ], [ -53.961548548999986, -17.46078812199994, 0.0 ] ] ], [ [ [ -55.097436664999975, -17.631820523999977, 0.0 ], [ -55.097179713999935, -17.633273502999941, 0.0 ], [ -55.097448696999948, -17.631837256999972, 0.0 ], [ -55.097436664999975, -17.631820523999977, 0.0 ] ] ], [ [ [ -53.824680214999944, -17.68624398399993, 0.0 ], [ -53.825106328999937, -17.687963767999975, 0.0 ], [ -53.825648756999954, -17.687758059999965, 0.0 ], [ -53.824680214999944, -17.68624398399993, 0.0 ] ] ], [ [ [ -54.31188306699994, -17.660474607999959, 0.0 ], [ -54.313110175999952, -17.661249715999929, 0.0 ], [ -54.312853356999938, -17.659499918999927, 0.0 ], [ -54.31188306699994, -17.660474607999959, 0.0 ] ] ], [ [ [ -55.895472819999952, -17.276185583999961, 0.0 ], [ -55.897976020999977, -17.27695998799993, 0.0 ], [ -55.894292228999973, -17.274568808999959, 0.0 ], [ -55.895472819999952, -17.276185583999961, 0.0 ] ] ], [ [ [ -55.817842073999941, -17.296994606999931, 0.0 ], [ -55.809384160999969, -17.297752392999939, 0.0 ], [ -55.819269631999987, -17.29731768299996, 0.0 ], [ -55.817842073999941, -17.296994606999931, 0.0 ] ] ], [ [ [ -54.380979686999979, -17.602449351999951, 0.0 ], [ -54.382561204999945, -17.606147173999943, 0.0 ], [ -54.383373078999966, -17.604997818999948, 0.0 ], [ -54.380979686999979, -17.602449351999951, 0.0 ] ] ], [ [ [ -54.339686108999956, -17.658833080999955, 0.0 ], [ -54.339075599999944, -17.660025881999957, 0.0 ], [ -54.340672791999964, -17.659691466999959, 0.0 ], [ -54.339686108999956, -17.658833080999955, 0.0 ] ] ], [ [ [ -54.063647045999971, -17.578795903999946, 0.0 ], [ -54.064438876999986, -17.578886433999969, 0.0 ], [ -54.061206829999946, -17.576637244999972, 0.0 ], [ -54.063647045999971, -17.578795903999946, 0.0 ] ] ], [ [ [ -54.387798699999962, -17.631936654999947, 0.0 ], [ -54.386808299999984, -17.635005425999964, 0.0 ], [ -54.386540724999975, -17.630611458999965, 0.0 ], [ -54.387798699999962, -17.631936654999947, 0.0 ] ] ], [ [ [ -54.101489859999958, -17.61411254199993, 0.0 ], [ -54.100570410999978, -17.614860387999954, 0.0 ], [ -54.105413530999954, -17.614155794999931, 0.0 ], [ -54.101489859999958, -17.61411254199993, 0.0 ] ] ], [ [ [ -53.839253959999951, -17.359490144999938, 0.0 ], [ -53.842320965999932, -17.360269180999978, 0.0 ], [ -53.838678361999939, -17.358781335999936, 0.0 ], [ -53.839253959999951, -17.359490144999938, 0.0 ] ] ], [ [ [ -55.506337019999933, -17.480704729999957, 0.0 ], [ -55.504234156999985, -17.483067967999943, 0.0 ], [ -55.507140165999942, -17.481455193999977, 0.0 ], [ -55.506337019999933, -17.480704729999957, 0.0 ] ] ], [ [ [ -55.313135115999955, -17.54557720899993, 0.0 ], [ -55.314923908999958, -17.54541463399994, 0.0 ], [ -55.312723403999939, -17.544818629999952, 0.0 ], [ -55.313135115999955, -17.54557720899993, 0.0 ] ] ], [ [ [ -55.226909694999961, -17.599646066999981, 0.0 ], [ -55.228085113999953, -17.601265768999951, 0.0 ], [ -55.22722958199995, -17.598843701999954, 0.0 ], [ -55.226909694999961, -17.599646066999981, 0.0 ] ] ], [ [ [ -53.617517222999936, -17.978683381999929, 0.0 ], [ -53.617970602999947, -17.979570725999963, 0.0 ], [ -53.619940939999935, -17.979141203999973, 0.0 ], [ -53.617517222999936, -17.978683381999929, 0.0 ] ] ], [ [ [ -53.945104293999975, -17.44954013499995, 0.0 ], [ -53.945070771999951, -17.45098139299995, 0.0 ], [ -53.945824322999954, -17.450575275999938, 0.0 ], [ -53.945104293999975, -17.44954013499995, 0.0 ] ] ], [ [ [ -55.833842427999969, -17.29082650099997, 0.0 ], [ -55.826321209999946, -17.288826868999934, 0.0 ], [ -55.825995632999934, -17.29025755899994, 0.0 ], [ -55.833842427999969, -17.29082650099997, 0.0 ] ] ], [ [ [ -53.405708397999945, -17.99204892299997, 0.0 ], [ -53.405472850999956, -17.992921146999947, 0.0 ], [ -53.40716768599998, -17.992904408999948, 0.0 ], [ -53.405708397999945, -17.99204892299997, 0.0 ] ] ], [ [ [ -55.069670747999965, -17.63750334599996, 0.0 ], [ -55.069258908999984, -17.636944939999978, 0.0 ], [ -55.066780392999931, -17.636761416999946, 0.0 ], [ -55.066707311999949, -17.637061879999976, 0.0 ], [ -55.069670747999965, -17.63750334599996, 0.0 ] ] ], [ [ [ -55.013738423999939, -17.632752442999958, 0.0 ], [ -55.015134115999956, -17.63273739899995, 0.0 ], [ -55.014085060999946, -17.631835653999929, 0.0 ], [ -55.013738423999939, -17.632752442999958, 0.0 ] ] ], [ [ [ -55.072364862999962, -17.631883875999961, 0.0 ], [ -55.074271811999949, -17.63193045099996, 0.0 ], [ -55.076074756999958, -17.63079076799994, 0.0 ], [ -55.072364862999962, -17.631883875999961, 0.0 ] ] ], [ [ [ -54.381469804999938, -17.575682977999975, 0.0 ], [ -54.382836035999958, -17.579410093999968, 0.0 ], [ -54.381675692999977, -17.574821128999929, 0.0 ], [ -54.381469804999938, -17.575682977999975, 0.0 ] ] ], [ [ [ -54.668045379999967, -17.50360612999998, 0.0 ], [ -54.669286118999935, -17.504877781999937, 0.0 ], [ -54.670577990999959, -17.503976048999959, 0.0 ], [ -54.668045379999967, -17.50360612999998, 0.0 ] ] ], [ [ [ -53.967518732999963, -17.465674992999936, 0.0 ], [ -53.968705983999939, -17.46737311499993, 0.0 ], [ -53.967834060999962, -17.46464016699997, 0.0 ], [ -53.967518732999963, -17.465674992999936, 0.0 ] ] ], [ [ [ -53.466847597999958, -18.030507371999931, 0.0 ], [ -53.468270750999977, -18.030069770999944, 0.0 ], [ -53.468038002999947, -18.029524580999976, 0.0 ], [ -53.466847597999958, -18.030507371999931, 0.0 ] ] ], [ [ [ -53.780461610999964, -17.673065126999973, 0.0 ], [ -53.784134336999955, -17.675700169999971, 0.0 ], [ -53.782720569999981, -17.674191964999977, 0.0 ], [ -53.780461610999964, -17.673065126999973, 0.0 ] ] ], [ [ [ -54.393324812999936, -17.566625181999939, 0.0 ], [ -54.392980891999969, -17.569894118999969, 0.0 ], [ -54.393852577999951, -17.566617933999964, 0.0 ], [ -54.393324812999936, -17.566625181999939, 0.0 ] ] ], [ [ [ -54.163197792999938, -17.606632825999952, 0.0 ], [ -54.164890162999939, -17.607265943999948, 0.0 ], [ -54.167421575999981, -17.607259731999932, 0.0 ], [ -54.163197792999938, -17.606632825999952, 0.0 ] ] ], [ [ [ -54.417163052999967, -17.54480407799997, 0.0 ], [ -54.417723972999966, -17.544017802999974, 0.0 ], [ -54.41711614899998, -17.542573843999946, 0.0 ], [ -54.417947365999964, -17.541751130999955, 0.0 ], [ -54.416860869999937, -17.542504633999954, 0.0 ], [ -54.417223450999984, -17.544138348999979, 0.0 ], [ -54.416172382999946, -17.544273029999943, 0.0 ], [ -54.417163052999967, -17.54480407799997, 0.0 ] ] ], [ [ [ -53.34690214799997, -18.006675921999943, 0.0 ], [ -53.344713421999984, -18.007633379999959, 0.0 ], [ -53.344370981999987, -18.008577668999976, 0.0 ], [ -53.346488311999963, -18.007643522999956, 0.0 ], [ -53.34690214799997, -18.006675921999943, 0.0 ] ] ], [ [ [ -53.472390002999987, -18.037268217999952, 0.0 ], [ -53.472913331999962, -18.039910715999952, 0.0 ], [ -53.473445788999982, -18.039903898999967, 0.0 ], [ -53.472390002999987, -18.037268217999952, 0.0 ] ] ], [ [ [ -54.824315615999978, -17.608621382999956, 0.0 ], [ -54.825791884999944, -17.610600957999964, 0.0 ], [ -54.826589277999972, -17.610328795999976, 0.0 ], [ -54.824315615999978, -17.608621382999956, 0.0 ] ] ], [ [ [ -55.725427681999975, -17.347500529999934, 0.0 ], [ -55.725819327999943, -17.347553286999982, 0.0 ], [ -55.727233062999971, -17.344717970999966, 0.0 ], [ -55.725427681999975, -17.347500529999934, 0.0 ] ] ], [ [ [ -53.689773536999951, -18.004314165999972, 0.0 ], [ -53.690901790999931, -18.005240755999978, 0.0 ], [ -53.690000023999971, -18.002440548999971, 0.0 ], [ -53.689773536999951, -18.004314165999972, 0.0 ] ] ], [ [ [ -53.817751733999955, -17.682797144999938, 0.0 ], [ -53.817796066999961, -17.68368253999995, 0.0 ], [ -53.818443833999936, -17.683676114999969, 0.0 ], [ -53.817751733999955, -17.682797144999938, 0.0 ] ] ], [ [ [ -54.183971775999964, -17.606089157999975, 0.0 ], [ -54.182907542999942, -17.606501535999939, 0.0 ], [ -54.18420754999994, -17.606051125999954, 0.0 ], [ -54.183971775999964, -17.606089157999975, 0.0 ] ] ], [ [ [ -53.954381211999987, -17.88058781899997, 0.0 ], [ -53.956116337999958, -17.880854200999977, 0.0 ], [ -53.953775360999941, -17.878841537999961, 0.0 ], [ -53.954381211999987, -17.88058781899997, 0.0 ] ] ], [ [ [ -53.944958277999945, -17.851440374999981, 0.0 ], [ -53.944217108999965, -17.851860614999964, 0.0 ], [ -53.944951974999981, -17.852420914999982, 0.0 ], [ -53.944958277999945, -17.851440374999981, 0.0 ] ] ], [ [ [ -55.886428917999979, -17.285184116999972, 0.0 ], [ -55.88656217099998, -17.284764697999947, 0.0 ], [ -55.883303904999934, -17.284442662999936, 0.0 ], [ -55.886428917999979, -17.285184116999972, 0.0 ] ] ], [ [ [ -54.946196042999986, -17.613230304999945, 0.0 ], [ -54.948117151999952, -17.615168703999927, 0.0 ], [ -54.946952314999976, -17.613240473999952, 0.0 ], [ -54.946196042999986, -17.613230304999945, 0.0 ] ] ], [ [ [ -53.949800052999933, -17.910715988999982, 0.0 ], [ -53.949324260999958, -17.911009647999947, 0.0 ], [ -53.949539945999959, -17.91232658399997, 0.0 ], [ -53.949800052999933, -17.910715988999982, 0.0 ] ] ], [ [ [ -54.056528239999977, -17.516317715999946, 0.0 ], [ -54.05698007999996, -17.51758915299996, 0.0 ], [ -54.05748000799997, -17.515556749999973, 0.0 ], [ -54.056528239999977, -17.516317715999946, 0.0 ] ] ], [ [ [ -53.590785839999967, -18.007224469999983, 0.0 ], [ -53.589155073999962, -18.007835014999955, 0.0 ], [ -53.591054849999978, -18.007661965999944, 0.0 ], [ -53.590785839999967, -18.007224469999983, 0.0 ] ] ], [ [ [ -55.746266838999986, -17.33123551999995, 0.0 ], [ -55.743744690999961, -17.331629348999968, 0.0 ], [ -55.749863003999963, -17.331065000999956, 0.0 ], [ -55.746266838999986, -17.33123551999995, 0.0 ] ] ], [ [ [ -54.384678358999963, -17.576403833999962, 0.0 ], [ -54.385335402999942, -17.577426319999972, 0.0 ], [ -54.385422804999962, -17.576527010999939, 0.0 ], [ -54.384678358999963, -17.576403833999962, 0.0 ] ] ], [ [ [ -53.587159488999987, -18.01067186399996, 0.0 ], [ -53.588233264999985, -18.012551903999963, 0.0 ], [ -53.58757299499996, -18.010572755999931, 0.0 ], [ -53.587159488999987, -18.01067186399996, 0.0 ] ] ], [ [ [ -53.334085632999972, -18.005465379999976, 0.0 ], [ -53.33547540099994, -18.00692494599997, 0.0 ], [ -53.336139868999965, -18.006888797999977, 0.0 ], [ -53.334085632999972, -18.005465379999976, 0.0 ] ] ], [ [ [ -53.854246991999958, -17.925834317999943, 0.0 ], [ -53.852863897999953, -17.927377640999964, 0.0 ], [ -53.85636532999996, -17.925253730999941, 0.0 ], [ -53.854246991999958, -17.925834317999943, 0.0 ] ] ], [ [ [ -54.201538364999976, -17.614591169999926, 0.0 ], [ -54.199829401999978, -17.61455252199994, 0.0 ], [ -54.198873857999956, -17.613787011999932, 0.0 ], [ -54.199418899999955, -17.61448556199997, 0.0 ], [ -54.200162717999945, -17.61464730299997, 0.0 ], [ -54.201538364999976, -17.614591169999926, 0.0 ] ] ], [ [ [ -53.466778880999982, -18.034201107999934, 0.0 ], [ -53.467849640999987, -18.034889532999955, 0.0 ], [ -53.467567101999975, -18.03292460199998, 0.0 ], [ -53.466778880999982, -18.034201107999934, 0.0 ] ] ], [ [ [ -55.348047951999945, -17.547858979999944, 0.0 ], [ -55.348260021999977, -17.546948862999955, 0.0 ], [ -55.347275251999974, -17.546820432999937, 0.0 ], [ -55.348047951999945, -17.547858979999944, 0.0 ] ] ], [ [ [ -53.462192346999984, -18.024335115999975, 0.0 ], [ -53.463629098999945, -18.025303206999979, 0.0 ], [ -53.462070198999982, -18.023497793999979, 0.0 ], [ -53.462192346999984, -18.024335115999975, 0.0 ] ] ], [ [ [ -55.19927152799994, -17.617268070999955, 0.0 ], [ -55.202958548999959, -17.61781087199995, 0.0 ], [ -55.199837989999935, -17.61705232199995, 0.0 ], [ -55.19927152799994, -17.617268070999955, 0.0 ] ] ], [ [ [ -53.94889969999997, -17.917472192999981, 0.0 ], [ -53.94897354699998, -17.922784208999929, 0.0 ], [ -53.949411272999953, -17.920783889999939, 0.0 ], [ -53.94889969999997, -17.917472192999981, 0.0 ] ] ], [ [ [ -54.422386607999954, -17.536473708999949, 0.0 ], [ -54.420495521999953, -17.539983941999935, 0.0 ], [ -54.421655958999963, -17.539748633999977, 0.0 ], [ -54.422386607999954, -17.536473708999949, 0.0 ] ] ], [ [ [ -54.130976046999933, -17.617140536999955, 0.0 ], [ -54.132105254999942, -17.618344069999978, 0.0 ], [ -54.133244591999983, -17.617793905999974, 0.0 ], [ -54.130976046999933, -17.617140536999955, 0.0 ] ] ], [ [ [ -54.380900108999981, -17.592516019999948, 0.0 ], [ -54.380573265999942, -17.594666214999961, 0.0 ], [ -54.381464310999945, -17.591213308999954, 0.0 ], [ -54.380900108999981, -17.592516019999948, 0.0 ] ] ], [ [ [ -55.464433466999935, -17.488740352999969, 0.0 ], [ -55.462712759999931, -17.491935473999945, 0.0 ], [ -55.464931724999985, -17.487815153999975, 0.0 ], [ -55.464433466999935, -17.488740352999969, 0.0 ] ] ], [ [ [ -55.32806861499995, -17.547551796999983, 0.0 ], [ -55.328061039999966, -17.549269798999944, 0.0 ], [ -55.329649705999941, -17.548438664999935, 0.0 ], [ -55.32806861499995, -17.547551796999983, 0.0 ] ] ], [ [ [ -54.079452369999956, -17.61783367299995, 0.0 ], [ -54.078331159999948, -17.616728488999968, 0.0 ], [ -54.078510535999953, -17.617781881999974, 0.0 ], [ -54.079452369999956, -17.61783367299995, 0.0 ] ] ], [ [ [ -53.951576835999958, -17.866355584999951, 0.0 ], [ -53.949885060999975, -17.866581332999942, 0.0 ], [ -53.951534659999936, -17.868142798999941, 0.0 ], [ -53.951576835999958, -17.866355584999951, 0.0 ] ] ], [ [ [ -53.951249786999938, -17.91361225199995, 0.0 ], [ -53.951970310999968, -17.915255815999956, 0.0 ], [ -53.951191619999975, -17.913586880999958, 0.0 ], [ -53.951249786999938, -17.91361225199995, 0.0 ] ] ], [ [ [ -54.193413344999954, -17.606127121999975, 0.0 ], [ -54.189290140999958, -17.606558019999966, 0.0 ], [ -54.194509337999932, -17.606983315999969, 0.0 ], [ -54.193413344999954, -17.606127121999975, 0.0 ] ] ], [ [ [ -54.288341123999942, -17.655660269999942, 0.0 ], [ -54.28956881299996, -17.655423587999962, 0.0 ], [ -54.290343604999975, -17.653794021999943, 0.0 ], [ -54.288341123999942, -17.655660269999942, 0.0 ] ] ], [ [ [ -55.855929603999982, -17.282355300999939, 0.0 ], [ -55.858050372999969, -17.283413105999955, 0.0 ], [ -55.855633978999947, -17.281839408999929, 0.0 ], [ -55.855929603999982, -17.282355300999939, 0.0 ] ] ], [ [ [ -54.561866263999946, -17.480914062999943, 0.0 ], [ -54.559315058999971, -17.484453059999964, 0.0 ], [ -54.560057643999983, -17.484090181999932, 0.0 ], [ -54.561866263999946, -17.480914062999943, 0.0 ] ] ], [ [ [ -54.89002721199995, -17.620452428999954, 0.0 ], [ -54.892672029999972, -17.621423936999975, 0.0 ], [ -54.888154218999944, -17.618267215999936, 0.0 ], [ -54.89002721199995, -17.620452428999954, 0.0 ] ] ], [ [ [ -53.952509507999935, -17.876424548999978, 0.0 ], [ -53.953628676999983, -17.878418741999951, 0.0 ], [ -53.953949670999975, -17.877645668999946, 0.0 ], [ -53.952509507999935, -17.876424548999978, 0.0 ] ] ], [ [ [ -55.247271041999966, -17.591625786999941, 0.0 ], [ -55.25064823699995, -17.593071383999927, 0.0 ], [ -55.251115488999972, -17.592978431999938, 0.0 ], [ -55.251580244999957, -17.592566481999938, 0.0 ], [ -55.247271041999966, -17.591625786999941, 0.0 ] ] ], [ [ [ -54.223256918999937, -17.621273579999979, 0.0 ], [ -54.227582943999948, -17.62263601899997, 0.0 ], [ -54.222068357999945, -17.619958315999952, 0.0 ], [ -54.223256918999937, -17.621273579999979, 0.0 ] ] ], [ [ [ -55.160857100999976, -17.642443511999943, 0.0 ], [ -55.162151451999932, -17.642060610999977, 0.0 ], [ -55.159776419999957, -17.641914380999935, 0.0 ], [ -55.160857100999976, -17.642443511999943, 0.0 ] ] ], [ [ [ -53.309339829999942, -17.997011946999976, 0.0 ], [ -53.310207189999971, -17.997753085999932, 0.0 ], [ -53.311074435999956, -17.997304006999968, 0.0 ], [ -53.309339829999942, -17.997011946999976, 0.0 ] ] ], [ [ [ -53.499384267999972, -18.035624516999974, 0.0 ], [ -53.498193797999932, -18.036618906999934, 0.0 ], [ -53.499015292999957, -18.036222024999972, 0.0 ], [ -53.499384267999972, -18.035624516999974, 0.0 ] ] ], [ [ [ -55.862756855999976, -17.278266408999968, 0.0 ], [ -55.859722015999978, -17.28197562899993, 0.0 ], [ -55.864955959999975, -17.277577858999962, 0.0 ], [ -55.862756855999976, -17.278266408999968, 0.0 ] ] ], [ [ [ -54.154260062999981, -17.606092817999979, 0.0 ], [ -54.156093871999985, -17.605978469999968, 0.0 ], [ -54.154216788999975, -17.605872480999949, 0.0 ], [ -54.154260062999981, -17.606092817999979, 0.0 ] ] ], [ [ [ -54.384051696999961, -17.580060984999932, 0.0 ], [ -54.384922014999972, -17.580711213999962, 0.0 ], [ -54.385284507999984, -17.577614033999964, 0.0 ], [ -54.384051696999961, -17.580060984999932, 0.0 ] ] ], [ [ [ -55.784001601999933, -17.324817689999975, 0.0 ], [ -55.784541156999978, -17.324690356999952, 0.0 ], [ -55.783842066999966, -17.323809075999975, 0.0 ], [ -55.784001601999933, -17.324817689999975, 0.0 ] ] ], [ [ [ -53.957300976999932, -17.460176127999944, 0.0 ], [ -53.959526492999942, -17.460378294999941, 0.0 ], [ -53.956338914999947, -17.459296407999943, 0.0 ], [ -53.957300976999932, -17.460176127999944, 0.0 ] ] ], [ [ [ -55.413791468999932, -17.51429806699997, 0.0 ], [ -55.415572141999974, -17.514461809999943, 0.0 ], [ -55.412874313999964, -17.513592616999972, 0.0 ], [ -55.413791468999932, -17.51429806699997, 0.0 ] ] ], [ [ [ -53.464935926999942, -18.027069826999934, 0.0 ], [ -53.466070357999968, -18.02793730999997, 0.0 ], [ -53.465998958999933, -18.026495325999974, 0.0 ], [ -53.464935926999942, -18.027069826999934, 0.0 ] ] ], [ [ [ -54.077642582999943, -17.614298445999964, 0.0 ], [ -54.076404614999944, -17.61532447299993, 0.0 ], [ -54.076459417999956, -17.615690839999957, 0.0 ], [ -54.077642582999943, -17.614298445999964, 0.0 ] ] ], [ [ [ -54.804573965999964, -17.585567123999965, 0.0 ], [ -54.808389836999936, -17.588431042999957, 0.0 ], [ -54.805025845999978, -17.585652968999966, 0.0 ], [ -54.804573965999964, -17.585567123999965, 0.0 ] ] ], [ [ [ -54.371635753999954, -17.64505074899995, 0.0 ], [ -54.372039588999939, -17.645212526999956, 0.0 ], [ -54.372429031999957, -17.644063786999936, 0.0 ], [ -54.371635753999954, -17.64505074899995, 0.0 ] ] ], [ [ [ -53.761901487999978, -17.253056145999949, 0.0 ], [ -53.76324594099998, -17.25217725899995, 0.0 ], [ -53.761690434999934, -17.252614103999974, 0.0 ], [ -53.761901487999978, -17.253056145999949, 0.0 ] ] ], [ [ [ -53.77901864599994, -17.997008083999958, 0.0 ], [ -53.779795639999975, -17.996990409999967, 0.0 ], [ -53.780189998999958, -17.99629372499993, 0.0 ], [ -53.77901864599994, -17.997008083999958, 0.0 ] ] ], [ [ [ -55.892399224999963, -17.272506268999962, 0.0 ], [ -55.889749695999967, -17.273290866999957, 0.0 ], [ -55.89323716499996, -17.273419254999965, 0.0 ], [ -55.892399224999963, -17.272506268999962, 0.0 ] ] ], [ [ [ -55.407354651999981, -17.513429630999951, 0.0 ], [ -55.408901025999967, -17.513748851999935, 0.0 ], [ -55.406748888999971, -17.512463780999951, 0.0 ], [ -55.407354651999981, -17.513429630999951, 0.0 ] ] ], [ [ [ -55.459373819999939, -17.496034857999973, 0.0 ], [ -55.459904773999938, -17.497966074999965, 0.0 ], [ -55.459907222999959, -17.496858273999976, 0.0 ], [ -55.459373819999939, -17.496034857999973, 0.0 ] ] ], [ [ [ -54.664171830999976, -17.499222675999931, 0.0 ], [ -54.666665991999935, -17.500601444999973, 0.0 ], [ -54.664776233999987, -17.499334749999946, 0.0 ], [ -54.664171830999976, -17.499222675999931, 0.0 ] ] ], [ [ [ -54.079343887999983, -17.609326125999928, 0.0 ], [ -54.079130273999965, -17.612251540999978, 0.0 ], [ -54.079799589999936, -17.610905, 0.0 ], [ -54.079343887999983, -17.609326125999928, 0.0 ] ] ], [ [ [ -55.58395816999996, -17.378171037999948, 0.0 ], [ -55.582977884999934, -17.379352504999929, 0.0 ], [ -55.585587600999986, -17.378391296999951, 0.0 ], [ -55.58395816999996, -17.378171037999948, 0.0 ] ] ], [ [ [ -54.076975091999941, -17.612551757999938, 0.0 ], [ -54.078225051999937, -17.612434737999934, 0.0 ], [ -54.076874018999945, -17.61220845899993, 0.0 ], [ -54.076975091999941, -17.612551757999938, 0.0 ] ] ], [ [ [ -53.950987224999949, -17.902292258999978, 0.0 ], [ -53.949204588999976, -17.905038933999947, 0.0 ], [ -53.951226132999977, -17.903734520999933, 0.0 ], [ -53.950987224999949, -17.902292258999978, 0.0 ] ] ], [ [ [ -54.208940581999968, -17.61693242299998, 0.0 ], [ -54.212872802999982, -17.619366689999936, 0.0 ], [ -54.210272587999953, -17.617495328999951, 0.0 ], [ -54.208940581999968, -17.61693242299998, 0.0 ] ] ], [ [ [ -55.037544081999954, -17.638517427999943, 0.0 ], [ -55.038621371999966, -17.639053845999968, 0.0 ], [ -55.03944949199996, -17.63855800999994, 0.0 ], [ -55.037544081999954, -17.638517427999943, 0.0 ] ] ], [ [ [ -53.388669091999986, -18.004139969999926, 0.0 ], [ -53.390716212999962, -18.003694217999964, 0.0 ], [ -53.390928777999932, -18.002969192999956, 0.0 ], [ -53.388669091999986, -18.004139969999926, 0.0 ] ] ], [ [ [ -54.05733565099996, -17.519106834999945, 0.0 ], [ -54.057461668999963, -17.521042859999966, 0.0 ], [ -54.057501873999968, -17.518645424999931, 0.0 ], [ -54.05733565099996, -17.519106834999945, 0.0 ] ] ], [ [ [ -55.433401664999963, -17.511559167999962, 0.0 ], [ -55.434864524999966, -17.51162467499995, 0.0 ], [ -55.436077125999986, -17.51056945199997, 0.0 ], [ -55.433401664999963, -17.511559167999962, 0.0 ] ] ], [ [ [ -53.828519857999936, -17.687569220999933, 0.0 ], [ -53.82989665499997, -17.688749994999966, 0.0 ], [ -53.827406352999958, -17.687401095999974, 0.0 ], [ -53.828519857999936, -17.687569220999933, 0.0 ] ] ], [ [ [ -55.493208531999983, -17.483426939999958, 0.0 ], [ -55.491147897999952, -17.484956974999932, 0.0 ], [ -55.493427702999952, -17.483606615999975, 0.0 ], [ -55.493208531999983, -17.483426939999958, 0.0 ] ] ], [ [ [ -53.360606762999964, -18.00612296099996, 0.0 ], [ -53.361564389999955, -18.006949138999971, 0.0 ], [ -53.362153098999954, -18.006527081999934, 0.0 ], [ -53.360606762999964, -18.00612296099996, 0.0 ] ] ], [ [ [ -53.266919535999932, -18.002344765999965, 0.0 ], [ -53.268892162999975, -18.002581379999981, 0.0 ], [ -53.269983789999969, -18.002059174999943, 0.0 ], [ -53.266919535999932, -18.002344765999965, 0.0 ] ] ], [ [ [ -54.122547749999967, -17.614577662999977, 0.0 ], [ -54.122695557999975, -17.614806698999928, 0.0 ], [ -54.122991582999987, -17.613265184999932, 0.0 ], [ -54.122547749999967, -17.614577662999977, 0.0 ] ] ], [ [ [ -54.722453580999968, -17.518491602999973, 0.0 ], [ -54.724914566999985, -17.518577749999963, 0.0 ], [ -54.727274063999971, -17.518083744999956, 0.0 ], [ -54.722453580999968, -17.518491602999973, 0.0 ] ] ], [ [ [ -54.302695237999956, -17.660571695999977, 0.0 ], [ -54.302420401999939, -17.661660208999933, 0.0 ], [ -54.30128997199995, -17.661194486999932, 0.0 ], [ -54.302695237999956, -17.660571695999977, 0.0 ] ] ], [ [ [ -54.820580596999946, -17.59993755499994, 0.0 ], [ -54.820799285999954, -17.601277264999965, 0.0 ], [ -54.821172053999931, -17.599043756999947, 0.0 ], [ -54.820580596999946, -17.59993755499994, 0.0 ] ] ], [ [ [ -54.802101993999941, -17.584799286999953, 0.0 ], [ -54.803346787999942, -17.585253854999962, 0.0 ], [ -54.801860922999936, -17.583730987999957, 0.0 ], [ -54.802101993999941, -17.584799286999953, 0.0 ] ] ], [ [ [ -54.497051487999954, -17.484301977999962, 0.0 ], [ -54.498157804999948, -17.484946610999941, 0.0 ], [ -54.497749325999962, -17.484269515999927, 0.0 ], [ -54.497051487999954, -17.484301977999962, 0.0 ] ] ], [ [ [ -55.420092079999961, -17.513017112999933, 0.0 ], [ -55.421550597999953, -17.513277745999972, 0.0 ], [ -55.419297896999979, -17.512435287999949, 0.0 ], [ -55.420092079999961, -17.513017112999933, 0.0 ] ] ], [ [ [ -53.949441753999963, -17.896046616999968, 0.0 ], [ -53.949283312999967, -17.897567787999947, 0.0 ], [ -53.950072701999943, -17.895532491999973, 0.0 ], [ -53.949441753999963, -17.896046616999968, 0.0 ] ] ], [ [ [ -53.377483445999985, -18.008343150999963, 0.0 ], [ -53.378070673999957, -18.009130454999934, 0.0 ], [ -53.378962209999941, -18.008178580999981, 0.0 ], [ -53.377483445999985, -18.008343150999963, 0.0 ] ] ], [ [ [ -53.937185669999963, -17.919281946999945, 0.0 ], [ -53.93848210699997, -17.920263354999975, 0.0 ], [ -53.940623870999957, -17.919291023999961, 0.0 ], [ -53.937185669999963, -17.919281946999945, 0.0 ] ] ], [ [ [ -53.465022763999968, -18.023872057999938, 0.0 ], [ -53.464309064999952, -18.025231345999941, 0.0 ], [ -53.465495577999945, -18.024038681999969, 0.0 ], [ -53.465022763999968, -18.023872057999938, 0.0 ] ] ], [ [ [ -54.16091163599998, -17.606356459999972, 0.0 ], [ -54.162212866999937, -17.60768085199993, 0.0 ], [ -54.162844740999958, -17.607463295999935, 0.0 ], [ -54.16091163599998, -17.606356459999972, 0.0 ] ] ], [ [ [ -54.256794423999963, -17.64459758199996, 0.0 ], [ -54.259329415999957, -17.645884191999983, 0.0 ], [ -54.25720068399994, -17.643282886999941, 0.0 ], [ -54.256794423999963, -17.64459758199996, 0.0 ] ] ], [ [ [ -54.34435532599997, -17.656512877999944, 0.0 ], [ -54.345177598999953, -17.656697520999955, 0.0 ], [ -54.345452247999958, -17.655719912999928, 0.0 ], [ -54.34435532599997, -17.656512877999944, 0.0 ] ] ], [ [ [ -55.290065825999932, -17.550345359999938, 0.0 ], [ -55.288349640999968, -17.551098730999968, 0.0 ], [ -55.290902609999932, -17.55033610299995, 0.0 ], [ -55.290065825999932, -17.550345359999938, 0.0 ] ] ], [ [ [ -55.452976324999952, -17.508054720999951, 0.0 ], [ -55.450168176999966, -17.509185826999953, 0.0 ], [ -55.452324063999981, -17.508726359999969, 0.0 ], [ -55.452976324999952, -17.508054720999951, 0.0 ] ] ], [ [ [ -54.905780617999937, -17.610334785999953, 0.0 ], [ -54.905259413999943, -17.61051068699993, 0.0 ], [ -54.909652998999945, -17.610460528999965, 0.0 ], [ -54.905780617999937, -17.610334785999953, 0.0 ] ] ], [ [ [ -55.769856910999977, -17.327076132999935, 0.0 ], [ -55.771601308999948, -17.330783099999962, 0.0 ], [ -55.770923660999983, -17.328333662999967, 0.0 ], [ -55.769856910999977, -17.327076132999935, 0.0 ] ] ], [ [ [ -53.553412625999954, -18.015081193999947, 0.0 ], [ -53.555566828999986, -18.015980670999966, 0.0 ], [ -53.553569773999982, -18.015007535999928, 0.0 ], [ -53.553412625999954, -18.015081193999947, 0.0 ] ] ], [ [ [ -54.883579225999938, -17.617020834999948, 0.0 ], [ -54.884913777999941, -17.617491289999975, 0.0 ], [ -54.886308529999951, -17.617339080999955, 0.0 ], [ -54.883579225999938, -17.617020834999948, 0.0 ] ] ], [ [ [ -54.168848557999979, -17.608907401999943, 0.0 ], [ -54.168078110999943, -17.608116222999968, 0.0 ], [ -54.168414305999931, -17.609052348999967, 0.0 ], [ -54.168848557999979, -17.608907401999943, 0.0 ] ] ], [ [ [ -54.364788350999959, -17.646904284999948, 0.0 ], [ -54.36599543899996, -17.647474621999947, 0.0 ], [ -54.366082786999982, -17.646871196999939, 0.0 ], [ -54.364788350999959, -17.646904284999948, 0.0 ] ] ], [ [ [ -54.408272297999986, -17.554210884999975, 0.0 ], [ -54.407519782999941, -17.554248493999978, 0.0 ], [ -54.407680180999932, -17.554429825999932, 0.0 ], [ -54.408272297999986, -17.554210884999975, 0.0 ] ] ], [ [ [ -54.046613649999983, -17.503807686999949, 0.0 ], [ -54.047875317999967, -17.504564873999982, 0.0 ], [ -54.046442357999979, -17.502902181999957, 0.0 ], [ -54.046613649999983, -17.503807686999949, 0.0 ] ] ], [ [ [ -53.74239655699995, -17.668548372999965, 0.0 ], [ -53.743003211999962, -17.668958760999942, 0.0 ], [ -53.74004836499995, -17.665385589999971, 0.0 ], [ -53.74239655699995, -17.668548372999965, 0.0 ] ] ], [ [ [ -54.141305213999942, -17.61066998299998, 0.0 ], [ -54.141535557999987, -17.611349632999975, 0.0 ], [ -54.142834797999967, -17.61133691699996, 0.0 ], [ -54.141305213999942, -17.61066998299998, 0.0 ] ] ], [ [ [ -55.666777560999947, -17.349910479999949, 0.0 ], [ -55.668080337999982, -17.350664789999939, 0.0 ], [ -55.665419829999962, -17.348264645999961, 0.0 ], [ -55.666777560999947, -17.349910479999949, 0.0 ] ] ], [ [ [ -55.829372797999952, -17.305606477999959, 0.0 ], [ -55.828833736999968, -17.306009748999941, 0.0 ], [ -55.831169237999973, -17.302567579999959, 0.0 ], [ -55.829372797999952, -17.305606477999959, 0.0 ] ] ], [ [ [ -55.008142718999977, -17.630806392999943, 0.0 ], [ -55.008982657999979, -17.631351172999928, 0.0 ], [ -55.008969843999978, -17.630515066999976, 0.0 ], [ -55.008142718999977, -17.630806392999943, 0.0 ] ] ], [ [ [ -53.902836867999952, -17.914486333999946, 0.0 ], [ -53.904106368999976, -17.91437174899994, 0.0 ], [ -53.904621138999971, -17.913729977999935, 0.0 ], [ -53.902836867999952, -17.914486333999946, 0.0 ] ] ], [ [ [ -53.950765437999962, -17.912732472999949, 0.0 ], [ -53.949635169999965, -17.912908005999952, 0.0 ], [ -53.950756695999985, -17.913397180999937, 0.0 ], [ -53.950765437999962, -17.912732472999949, 0.0 ] ] ], [ [ [ -55.224101669999982, -17.603008167999974, 0.0 ], [ -55.222884232999945, -17.603929013999959, 0.0 ], [ -55.225226154999973, -17.602115350999952, 0.0 ], [ -55.224101669999982, -17.603008167999974, 0.0 ] ] ], [ [ [ -54.134848634999969, -17.618724044999965, 0.0 ], [ -54.133765401999938, -17.618309102999945, 0.0 ], [ -54.134021597999947, -17.618863082999951, 0.0 ], [ -54.134848634999969, -17.618724044999965, 0.0 ] ] ], [ [ [ -54.045497349999948, -17.502560548999952, 0.0 ], [ -54.046237958999939, -17.502665012999955, 0.0 ], [ -54.044965198999932, -17.501211986999976, 0.0 ], [ -54.045497349999948, -17.502560548999952, 0.0 ] ] ], [ [ [ -54.867363582999985, -17.619506533999981, 0.0 ], [ -54.865182379999965, -17.621758050999972, 0.0 ], [ -54.867745652999986, -17.619462931999976, 0.0 ], [ -54.867363582999985, -17.619506533999981, 0.0 ] ] ], [ [ [ -54.382213597999964, -17.636130252999976, 0.0 ], [ -54.383368139999959, -17.63614290199996, 0.0 ], [ -54.382755557999985, -17.635676803999957, 0.0 ], [ -54.382213597999964, -17.636130252999976, 0.0 ] ] ], [ [ [ -54.385152991999973, -17.573494148999941, 0.0 ], [ -54.384472828999947, -17.572650083999974, 0.0 ], [ -54.384682904999977, -17.573412307999945, 0.0 ], [ -54.385152991999973, -17.573494148999941, 0.0 ] ] ], [ [ [ -54.990018908999957, -17.633204992999936, 0.0 ], [ -54.990797922999946, -17.634003634999942, 0.0 ], [ -54.991359323999973, -17.633288175999951, 0.0 ], [ -54.990018908999957, -17.633204992999936, 0.0 ] ] ], [ [ [ -54.084076041999936, -17.618506486999934, 0.0 ], [ -54.08465386599994, -17.618950923999932, 0.0 ], [ -54.083391574999951, -17.616961195999977, 0.0 ], [ -54.084076041999936, -17.618506486999934, 0.0 ] ] ], [ [ [ -55.476700337999944, -17.48463957599995, 0.0 ], [ -55.476782150999952, -17.484271384999943, 0.0 ], [ -55.475726304999966, -17.483527968999965, 0.0 ], [ -55.476700337999944, -17.48463957599995, 0.0 ] ] ], [ [ [ -54.960427438999943, -17.61686409899994, 0.0 ], [ -54.961203158999979, -17.618035223999982, 0.0 ], [ -54.961703420999982, -17.617153762999976, 0.0 ], [ -54.960427438999943, -17.61686409899994, 0.0 ] ] ], [ [ [ -53.95044397199996, -17.899787481999965, 0.0 ], [ -53.950848745999963, -17.901509114999953, 0.0 ], [ -53.951140253999938, -17.900706360999948, 0.0 ], [ -53.95044397199996, -17.899787481999965, 0.0 ] ] ], [ [ [ -55.851236495999956, -17.285068164999927, 0.0 ], [ -55.851185107999981, -17.28544121799996, 0.0 ], [ -55.851128640999946, -17.28233548399993, 0.0 ], [ -55.851236495999956, -17.285068164999927, 0.0 ] ] ], [ [ [ -54.267786129999934, -17.648282054999981, 0.0 ], [ -54.269244757999957, -17.649627287999976, 0.0 ], [ -54.268113056999937, -17.648436173999983, 0.0 ], [ -54.267786129999934, -17.648282054999981, 0.0 ] ] ], [ [ [ -53.947771561999957, -17.898782915999959, 0.0 ], [ -53.949790894999978, -17.899785335999979, 0.0 ], [ -53.949248185999977, -17.899013750999927, 0.0 ], [ -53.947771561999957, -17.898782915999959, 0.0 ] ] ], [ [ [ -54.982548607999945, -17.626357324999958, 0.0 ], [ -54.982749486999978, -17.627664309999943, 0.0 ], [ -54.983011228999942, -17.625825039999938, 0.0 ], [ -54.982548607999945, -17.626357324999958, 0.0 ] ] ], [ [ [ -53.954050632999952, -17.885484786999939, 0.0 ], [ -53.955009630999939, -17.885449591999929, 0.0 ], [ -53.955426726999974, -17.883488219999947, 0.0 ], [ -53.954050632999952, -17.885484786999939, 0.0 ] ] ], [ [ [ -54.11185188099995, -17.615026043999933, 0.0 ], [ -54.112547087999985, -17.615262907999977, 0.0 ], [ -54.111965993999945, -17.61352680899995, 0.0 ], [ -54.11185188099995, -17.615026043999933, 0.0 ] ] ], [ [ [ -55.900251203999971, -17.276375923999979, 0.0 ], [ -55.90104966399997, -17.275574973999937, 0.0 ], [ -55.901411635999978, -17.274314921999974, 0.0 ], [ -55.900251203999971, -17.276375923999979, 0.0 ] ] ], [ [ [ -55.780650679999951, -17.321427363999931, 0.0 ], [ -55.779633434999937, -17.322168126999941, 0.0 ], [ -55.781754542999977, -17.322159024999962, 0.0 ], [ -55.780650679999951, -17.321427363999931, 0.0 ] ] ], [ [ [ -55.776782118999961, -17.324244470999929, 0.0 ], [ -55.776299987999948, -17.325632242999973, 0.0 ], [ -55.777965088999963, -17.323383025999931, 0.0 ], [ -55.776782118999961, -17.324244470999929, 0.0 ] ] ], [ [ [ -53.842333973999985, -17.36027704299994, 0.0 ], [ -53.842690041999958, -17.361220851999974, 0.0 ], [ -53.843467006999958, -17.360961896999981, 0.0 ], [ -53.842333973999985, -17.36027704299994, 0.0 ] ] ], [ [ [ -54.081440317999977, -17.615909027999976, 0.0 ], [ -54.079425984999943, -17.615940148999982, 0.0 ], [ -54.082140615999947, -17.616286646999981, 0.0 ], [ -54.081440317999977, -17.615909027999976, 0.0 ] ] ], [ [ [ -53.801981017999935, -17.671473313999968, 0.0 ], [ -53.803019010999947, -17.672673261999932, 0.0 ], [ -53.803074356999957, -17.672668209999927, 0.0 ], [ -53.801981017999935, -17.671473313999968, 0.0 ] ] ], [ [ [ -54.928559634999942, -17.609641770999929, 0.0 ], [ -54.928739296999936, -17.609941238999966, 0.0 ], [ -54.929414658999974, -17.610155135999946, 0.0 ], [ -54.928559634999942, -17.609641770999929, 0.0 ] ] ], [ [ [ -53.971965292999982, -17.470629087999953, 0.0 ], [ -53.972746342999983, -17.471146484999963, 0.0 ], [ -53.972287896999944, -17.469490101999952, 0.0 ], [ -53.971965292999982, -17.470629087999953, 0.0 ] ] ], [ [ [ -54.054286910999963, -17.510279776999937, 0.0 ], [ -54.055516186999967, -17.510877797999967, 0.0 ], [ -54.054300805999958, -17.509425030999978, 0.0 ], [ -54.054286910999963, -17.510279776999937, 0.0 ] ] ], [ [ [ -54.07772190299994, -17.604002495999964, 0.0 ], [ -54.077827393999939, -17.603901553999947, 0.0 ], [ -54.077768439999943, -17.603319492999958, 0.0 ], [ -54.07772190299994, -17.604002495999964, 0.0 ] ] ], [ [ [ -54.056482885999969, -17.512522796999974, 0.0 ], [ -54.057621368999946, -17.512813779999931, 0.0 ], [ -54.056241989999933, -17.511745362999932, 0.0 ], [ -54.056482885999969, -17.512522796999974, 0.0 ] ] ], [ [ [ -55.092019612999934, -17.636303233999968, 0.0 ], [ -55.09276981499994, -17.63590370999998, 0.0 ], [ -55.091378840999937, -17.635593401999927, 0.0 ], [ -55.092019612999934, -17.636303233999968, 0.0 ] ] ], [ [ [ -54.151914292999948, -17.609461306999947, 0.0 ], [ -54.151616181999941, -17.610012273999928, 0.0 ], [ -54.152889338999955, -17.60865326499993, 0.0 ], [ -54.151914292999948, -17.609461306999947, 0.0 ] ] ], [ [ [ -53.237300328999936, -18.00777841699994, 0.0 ], [ -53.235639666999987, -18.009365870999943, 0.0 ], [ -53.237563806999958, -18.007587929999943, 0.0 ], [ -53.237300328999936, -18.00777841699994, 0.0 ] ] ], [ [ [ -53.809480487999963, -17.960473502999946, 0.0 ], [ -53.809242186999938, -17.962081923999961, 0.0 ], [ -53.809493588999942, -17.96198458899994, 0.0 ], [ -53.809480487999963, -17.960473502999946, 0.0 ] ] ], [ [ [ -53.306710959999975, -17.996512646999975, 0.0 ], [ -53.307240238999952, -17.996960694999927, 0.0 ], [ -53.307930316999943, -17.996189931999936, 0.0 ], [ -53.306710959999975, -17.996512646999975, 0.0 ] ] ], [ [ [ -54.272782709999944, -17.653453654999964, 0.0 ], [ -54.272576944999969, -17.653290124999955, 0.0 ], [ -54.273553896999942, -17.651790917999961, 0.0 ], [ -54.272478152999952, -17.652807085999939, 0.0 ], [ -54.272510568999962, -17.653260974999966, 0.0 ], [ -54.272782709999944, -17.653453654999964, 0.0 ] ] ], [ [ [ -53.349155990999975, -18.006232259999933, 0.0 ], [ -53.348665513999947, -18.006765426999948, 0.0 ], [ -53.349601711999981, -18.00636138599998, 0.0 ], [ -53.349155990999975, -18.006232259999933, 0.0 ] ] ], [ [ [ -53.588785250999933, -18.009204717999978, 0.0 ], [ -53.589568000999975, -18.009718993999968, 0.0 ], [ -53.589769608999973, -18.00956962999993, 0.0 ], [ -53.588785250999933, -18.009204717999978, 0.0 ] ] ], [ [ [ -54.049024920999955, -17.530058314999962, 0.0 ], [ -54.049208906999979, -17.531204295999942, 0.0 ], [ -54.050077010999985, -17.529774951999968, 0.0 ], [ -54.049024920999955, -17.530058314999962, 0.0 ] ] ], [ [ [ -53.363547574999984, -18.00678654099994, 0.0 ], [ -53.364999474999934, -18.007247991999975, 0.0 ], [ -53.365108830999986, -18.00695666699994, 0.0 ], [ -53.363547574999984, -18.00678654099994, 0.0 ] ] ], [ [ [ -53.972793587999945, -17.471317185999965, 0.0 ], [ -53.973289048999959, -17.472325160999958, 0.0 ], [ -53.973448959999985, -17.472222415999966, 0.0 ], [ -53.972793587999945, -17.471317185999965, 0.0 ] ] ], [ [ [ -54.814170722999961, -17.595249487999979, 0.0 ], [ -54.815344307999965, -17.595660049999935, 0.0 ], [ -54.813308669999969, -17.594340228999954, 0.0 ], [ -54.814170722999961, -17.595249487999979, 0.0 ] ] ], [ [ [ -54.389657529999965, -17.571288181999932, 0.0 ], [ -54.390561299999945, -17.571562734999929, 0.0 ], [ -54.390971322999974, -17.570882863999941, 0.0 ], [ -54.389657529999965, -17.571288181999932, 0.0 ] ] ], [ [ [ -54.137258199999962, -17.615086038999948, 0.0 ], [ -54.136642759999972, -17.616292786999963, 0.0 ], [ -54.137442214999965, -17.61615470199996, 0.0 ], [ -54.137258199999962, -17.615086038999948, 0.0 ] ] ], [ [ [ -54.070538514999953, -17.585495440999978, 0.0 ], [ -54.071959491999962, -17.586169833999975, 0.0 ], [ -54.070353120999982, -17.583899109999948, 0.0 ], [ -54.070538514999953, -17.585495440999978, 0.0 ] ] ], [ [ [ -53.95241731699997, -17.874830391999978, 0.0 ], [ -53.952425681999955, -17.875853973999938, 0.0 ], [ -53.953056749999973, -17.875662530999932, 0.0 ], [ -53.95241731699997, -17.874830391999978, 0.0 ] ] ], [ [ [ -55.00612547299994, -17.632764099999974, 0.0 ], [ -55.006966500999965, -17.632567473999927, 0.0 ], [ -55.006199267999932, -17.632263595999973, 0.0 ], [ -55.00612547299994, -17.632764099999974, 0.0 ] ] ], [ [ [ -53.470465223999952, -18.036379078999971, 0.0 ], [ -53.471593224999936, -18.036682450999933, 0.0 ], [ -53.469955615999936, -18.035478532999946, 0.0 ], [ -53.470465223999952, -18.036379078999971, 0.0 ] ] ], [ [ [ -54.098645417999933, -17.613804887999947, 0.0 ], [ -54.097909992999973, -17.614216803999966, 0.0 ], [ -54.098264580999967, -17.614146483999946, 0.0 ], [ -54.098645417999933, -17.613804887999947, 0.0 ] ] ], [ [ [ -54.399166729999934, -17.565267965999965, 0.0 ], [ -54.401018313999941, -17.565351890999978, 0.0 ], [ -54.401105886999972, -17.564958686999944, 0.0 ], [ -54.399166729999934, -17.565267965999965, 0.0 ] ] ], [ [ [ -54.474755421999987, -17.510611154999935, 0.0 ], [ -54.476575580999963, -17.511285068999939, 0.0 ], [ -54.475304911999956, -17.510687660999963, 0.0 ], [ -54.474755421999987, -17.510611154999935, 0.0 ] ] ], [ [ [ -53.947030162999965, -17.907969502999947, 0.0 ], [ -53.947406202999957, -17.908488908999971, 0.0 ], [ -53.947637172999976, -17.907822612999951, 0.0 ], [ -53.947030162999965, -17.907969502999947, 0.0 ] ] ], [ [ [ -53.798983343999964, -17.288525102999927, 0.0 ], [ -53.800271161999945, -17.288639841999952, 0.0 ], [ -53.798672263999947, -17.288299894999966, 0.0 ], [ -53.798983343999964, -17.288525102999927, 0.0 ] ] ], [ [ [ -54.341475166999942, -17.656307821999974, 0.0 ], [ -54.342668990999982, -17.656285797999942, 0.0 ], [ -54.342934649999961, -17.655763288999935, 0.0 ], [ -54.341475166999942, -17.656307821999974, 0.0 ] ] ], [ [ [ -53.89474122699994, -17.395849125999973, 0.0 ], [ -53.894415643999935, -17.396830623999961, 0.0 ], [ -53.895164557999976, -17.396158794999963, 0.0 ], [ -53.89474122699994, -17.395849125999973, 0.0 ] ] ], [ [ [ -55.247930175999954, -17.595921421999947, 0.0 ], [ -55.247026033999987, -17.596090061999973, 0.0 ], [ -55.24744370999997, -17.596138380999946, 0.0 ], [ -55.247930175999954, -17.595921421999947, 0.0 ] ] ], [ [ [ -54.380847090999964, -17.637273587999971, 0.0 ], [ -54.381821436999985, -17.63714265699997, 0.0 ], [ -54.381645666999987, -17.636605432999943, 0.0 ], [ -54.380847090999964, -17.637273587999971, 0.0 ] ] ], [ [ [ -54.38110990399997, -17.606396016999952, 0.0 ], [ -54.381894411999951, -17.606754289999969, 0.0 ], [ -54.38245360999997, -17.606245139999942, 0.0 ], [ -54.38110990399997, -17.606396016999952, 0.0 ] ] ], [ [ [ -54.800433231999932, -17.582738710999934, 0.0 ], [ -54.801616376999959, -17.58348035299997, 0.0 ], [ -54.800002663999976, -17.582185512999956, 0.0 ], [ -54.800433231999932, -17.582738710999934, 0.0 ] ] ], [ [ [ -53.951407846999984, -17.890526754999939, 0.0 ], [ -53.952475866999976, -17.890445315999955, 0.0 ], [ -53.952748661999976, -17.889894519999928, 0.0 ], [ -53.951407846999984, -17.890526754999939, 0.0 ] ] ], [ [ [ -53.547032145999935, -18.014702023999973, 0.0 ], [ -53.551326593999931, -18.015624790999937, 0.0 ], [ -53.547545175999971, -18.014558076999947, 0.0 ], [ -53.547032145999935, -18.014702023999973, 0.0 ] ] ], [ [ [ -55.179203485999949, -17.627052444999947, 0.0 ], [ -55.178939551999974, -17.627467321999973, 0.0 ], [ -55.179646446999982, -17.626832028999956, 0.0 ], [ -55.179203485999949, -17.627052444999947, 0.0 ] ] ], [ [ [ -53.351185402999931, -18.006696315999932, 0.0 ], [ -53.352157524999939, -18.00689338199993, 0.0 ], [ -53.352296832999969, -18.006328032999932, 0.0 ], [ -53.351185402999931, -18.006696315999932, 0.0 ] ] ], [ [ [ -55.428945744999965, -17.509971917999962, 0.0 ], [ -55.430048642999964, -17.510249184999964, 0.0 ], [ -55.428112500999987, -17.509202389999928, 0.0 ], [ -55.428945744999965, -17.509971917999962, 0.0 ] ] ], [ [ [ -53.874844654999947, -17.37381423599993, 0.0 ], [ -53.875740236999945, -17.374392823999926, 0.0 ], [ -53.876457659999971, -17.374435495999933, 0.0 ], [ -53.874844654999947, -17.37381423599993, 0.0 ] ] ], [ [ [ -54.427661151999985, -17.538819294999939, 0.0 ], [ -54.428536845999986, -17.538981475999947, 0.0 ], [ -54.427604070999962, -17.538154067999926, 0.0 ], [ -54.427661151999985, -17.538819294999939, 0.0 ] ] ], [ [ [ -55.83780657899996, -17.299753120999981, 0.0 ], [ -55.838308909999967, -17.300484490999963, 0.0 ], [ -55.83778732899998, -17.298625935999951, 0.0 ], [ -55.83780657899996, -17.299753120999981, 0.0 ] ] ], [ [ [ -54.051446268999939, -17.551760693999938, 0.0 ], [ -54.052156700999944, -17.553309876999947, 0.0 ], [ -54.051316977999932, -17.550697922999973, 0.0 ], [ -54.051446268999939, -17.551760693999938, 0.0 ] ] ], [ [ [ -54.384722355999941, -17.636081747999981, 0.0 ], [ -54.385506343999964, -17.636114250999981, 0.0 ], [ -54.386432150999951, -17.635457541999926, 0.0 ], [ -54.384722355999941, -17.636081747999981, 0.0 ] ] ], [ [ [ -53.49151700699997, -18.038407143999962, 0.0 ], [ -53.491672888999972, -18.038554032999969, 0.0 ], [ -53.493001826999944, -18.03790793099995, 0.0 ], [ -53.49151700699997, -18.038407143999962, 0.0 ] ] ], [ [ [ -53.604545292999944, -17.996629671999926, 0.0 ], [ -53.60543380699994, -17.996603733999962, 0.0 ], [ -53.60608476799996, -17.995913219999977, 0.0 ], [ -53.604545292999944, -17.996629671999926, 0.0 ] ] ], [ [ [ -53.565874964999978, -18.005089521999935, 0.0 ], [ -53.566063210999971, -18.005732660999968, 0.0 ], [ -53.567179114999931, -18.005874167999934, 0.0 ], [ -53.565874964999978, -18.005089521999935, 0.0 ] ] ], [ [ [ -54.245596255999942, -17.633059009999954, 0.0 ], [ -54.246998381999958, -17.633674613999972, 0.0 ], [ -54.245117455999946, -17.632107823999945, 0.0 ], [ -54.245596255999942, -17.633059009999954, 0.0 ] ] ], [ [ [ -54.068302547999963, -17.583137904999944, 0.0 ], [ -54.069157688999951, -17.583370929999944, 0.0 ], [ -54.068004787999939, -17.582052949999934, 0.0 ], [ -54.068302547999963, -17.583137904999944, 0.0 ] ] ], [ [ [ -54.937796207999952, -17.609944109999958, 0.0 ], [ -54.938616451999962, -17.610122299999944, 0.0 ], [ -54.93628616899997, -17.609554793999962, 0.0 ], [ -54.937796207999952, -17.609944109999958, 0.0 ] ] ], [ [ [ -53.30840260399998, -17.996469369999943, 0.0 ], [ -53.308700108999972, -17.997120681999945, 0.0 ], [ -53.309302096999943, -17.997001571999931, 0.0 ], [ -53.30840260399998, -17.996469369999943, 0.0 ] ] ], [ [ [ -55.294824770999981, -17.551080658999979, 0.0 ], [ -55.295472891999964, -17.550908235999941, 0.0 ], [ -55.293507441999964, -17.550525037999932, 0.0 ], [ -55.294824770999981, -17.551080658999979, 0.0 ] ] ], [ [ [ -55.278288986999939, -17.563319590999981, 0.0 ], [ -55.279737569999952, -17.563297974999955, 0.0 ], [ -55.280083200999968, -17.563026932999946, 0.0 ], [ -55.278288986999939, -17.563319590999981, 0.0 ] ] ], [ [ [ -54.150671946999978, -17.611649287999967, 0.0 ], [ -54.149242593999986, -17.612200966999978, 0.0 ], [ -54.150597312999935, -17.612047459999928, 0.0 ], [ -54.150671946999978, -17.611649287999967, 0.0 ] ] ], [ [ [ -53.376176422999947, -18.009040158999937, 0.0 ], [ -53.375869230999967, -18.008522794999976, 0.0 ], [ -53.37579604299998, -18.00848100199994, 0.0 ], [ -53.376176422999947, -18.009040158999937, 0.0 ] ] ], [ [ [ -53.190539437999973, -18.036298617999933, 0.0 ], [ -53.189814260999981, -18.036454928999945, 0.0 ], [ -53.190997072999949, -18.035238316999937, 0.0 ], [ -53.190539437999973, -18.036298617999933, 0.0 ] ] ], [ [ [ -54.359982719999948, -17.64915002999993, 0.0 ], [ -54.359779210999932, -17.649077148999936, 0.0 ], [ -54.358833883999978, -17.649063722999927, 0.0 ], [ -54.359982719999948, -17.64915002999993, 0.0 ] ] ], [ [ [ -53.501860414999953, -18.02822557199994, 0.0 ], [ -53.503249305999987, -18.02907599699995, 0.0 ], [ -53.501877236999974, -18.028144454999961, 0.0 ], [ -53.501860414999953, -18.02822557199994, 0.0 ] ] ], [ [ [ -55.820866164999984, -17.297992113999953, 0.0 ], [ -55.821191666999937, -17.298176801999944, 0.0 ], [ -55.819365413999947, -17.297339358999977, 0.0 ], [ -55.820866164999984, -17.297992113999953, 0.0 ] ] ], [ [ [ -54.048619668999947, -17.540080781999961, 0.0 ], [ -54.049459114999934, -17.540414822999935, 0.0 ], [ -54.048684136999952, -17.539610363999941, 0.0 ], [ -54.048619668999947, -17.540080781999961, 0.0 ] ] ], [ [ [ -53.430016739999985, -17.984570101999964, 0.0 ], [ -53.430620345999955, -17.98419217999998, 0.0 ], [ -53.430408239999963, -17.983990952999932, 0.0 ], [ -53.430016739999985, -17.984570101999964, 0.0 ] ] ], [ [ [ -53.944663169999956, -17.907338315999937, 0.0 ], [ -53.946152007999956, -17.908345281999971, 0.0 ], [ -53.944743417999973, -17.906876225999952, 0.0 ], [ -53.944663169999956, -17.907338315999937, 0.0 ] ] ], [ [ [ -54.138744524999936, -17.612171669999952, 0.0 ], [ -54.139708435999978, -17.612645513999951, 0.0 ], [ -54.13992554899994, -17.612450869999975, 0.0 ], [ -54.138744524999936, -17.612171669999952, 0.0 ] ] ], [ [ [ -55.400733199999934, -17.514692099999934, 0.0 ], [ -55.399953733999951, -17.515092236999976, 0.0 ], [ -55.402562564999982, -17.513753, 0.0 ], [ -55.400733199999934, -17.514692099999934, 0.0 ] ] ], [ [ [ -53.298134214999948, -17.99559488999995, 0.0 ], [ -53.298409683999978, -17.99613885399998, 0.0 ], [ -53.298816251999938, -17.995507671999974, 0.0 ], [ -53.298134214999948, -17.99559488999995, 0.0 ] ] ], [ [ [ -53.953944673999956, -17.868423509999957, 0.0 ], [ -53.953457003999972, -17.86883083999993, 0.0 ], [ -53.954456037999933, -17.86870098199995, 0.0 ], [ -53.953944673999956, -17.868423509999957, 0.0 ] ] ], [ [ [ -53.95172520899996, -17.891809111999976, 0.0 ], [ -53.951044433999982, -17.892537445999949, 0.0 ], [ -53.952074342999936, -17.892172666999954, 0.0 ], [ -53.95172520899996, -17.891809111999976, 0.0 ] ] ], [ [ [ -54.106981110999982, -17.614312282999947, 0.0 ], [ -54.108191350999959, -17.614779256999952, 0.0 ], [ -54.106565404999969, -17.614120281999931, 0.0 ], [ -54.106981110999982, -17.614312282999947, 0.0 ] ] ], [ [ [ -55.899837024999954, -17.270260194999935, 0.0 ], [ -55.901160517999983, -17.272249606999935, 0.0 ], [ -55.900511867999967, -17.270939743999975, 0.0 ], [ -55.899837024999954, -17.270260194999935, 0.0 ] ] ], [ [ [ -55.033473767999965, -17.638031861999934, 0.0 ], [ -55.034404762999941, -17.638599160999945, 0.0 ], [ -55.034722872999964, -17.638592073999973, 0.0 ], [ -55.033473767999965, -17.638031861999934, 0.0 ] ] ], [ [ [ -54.207754812999951, -17.615762622999966, 0.0 ], [ -54.208443861999967, -17.616649504999941, 0.0 ], [ -54.207193862999986, -17.614690003999954, 0.0 ], [ -54.207754812999951, -17.615762622999966, 0.0 ] ] ], [ [ [ -54.217302464999932, -17.621076308999932, 0.0 ], [ -54.218428162999942, -17.621092222999948, 0.0 ], [ -54.219244298999968, -17.620620789999975, 0.0 ], [ -54.217302464999932, -17.621076308999932, 0.0 ] ] ], [ [ [ -55.174255991999985, -17.635534268999947, 0.0 ], [ -55.173699885999952, -17.635765456999934, 0.0 ], [ -55.175496882999937, -17.635018396999953, 0.0 ], [ -55.174255991999985, -17.635534268999947, 0.0 ] ] ], [ [ [ -53.206202017999942, -18.020838109999943, 0.0 ], [ -53.205175834999977, -18.021867076999968, 0.0 ], [ -53.205961250999962, -18.021639812999979, 0.0 ], [ -53.206202017999942, -18.020838109999943, 0.0 ] ] ], [ [ [ -54.046277975999942, -17.537721473999966, 0.0 ], [ -54.047533243999965, -17.538622458999953, 0.0 ], [ -54.046029086999965, -17.537331319999964, 0.0 ], [ -54.046277975999942, -17.537721473999966, 0.0 ] ] ], [ [ [ -54.157374924999942, -17.605049810999958, 0.0 ], [ -54.158633512999984, -17.605513544999951, 0.0 ], [ -54.15880515899994, -17.605508833999977, 0.0 ], [ -54.157374924999942, -17.605049810999958, 0.0 ] ] ], [ [ [ -54.046484894999935, -17.535912850999978, 0.0 ], [ -54.045995830999971, -17.537079522999932, 0.0 ], [ -54.046854242999984, -17.535634154999968, 0.0 ], [ -54.046484894999935, -17.535912850999978, 0.0 ] ] ], [ [ [ -53.952655721999975, -17.868749047999927, 0.0 ], [ -53.951798791999977, -17.869193877999976, 0.0 ], [ -53.953422201999956, -17.86883845899996, 0.0 ], [ -53.952655721999975, -17.868749047999927, 0.0 ] ] ], [ [ [ -53.739792181999974, -17.996342846999937, 0.0 ], [ -53.740963358999977, -17.996795620999933, 0.0 ], [ -53.74161277099995, -17.996460480999929, 0.0 ], [ -53.739792181999974, -17.996342846999937, 0.0 ] ] ], [ [ [ -53.949881454999968, -17.894183590999944, 0.0 ], [ -53.950446516999932, -17.894951793999951, 0.0 ], [ -53.950533977999953, -17.894399329999942, 0.0 ], [ -53.949881454999968, -17.894183590999944, 0.0 ] ] ], [ [ [ -54.05501778699994, -17.521875402999967, 0.0 ], [ -54.054670874999942, -17.522848297999928, 0.0 ], [ -54.055879309999966, -17.521795644999941, 0.0 ], [ -54.05501778699994, -17.521875402999967, 0.0 ] ] ], [ [ [ -53.698468088999959, -17.230655789999958, 0.0 ], [ -53.69825038099998, -17.230838189999929, 0.0 ], [ -53.700239278999959, -17.229992080999978, 0.0 ], [ -53.698468088999959, -17.230655789999958, 0.0 ] ] ], [ [ [ -54.213796826999953, -17.620031704999974, 0.0 ], [ -54.214742413999943, -17.620662317999972, 0.0 ], [ -54.215106100999947, -17.620597713999928, 0.0 ], [ -54.213796826999953, -17.620031704999974, 0.0 ] ] ], [ [ [ -54.47644549499995, -17.508070853999982, 0.0 ], [ -54.478645172999961, -17.508063083999957, 0.0 ], [ -54.479008920999945, -17.507879113999934, 0.0 ], [ -54.47644549499995, -17.508070853999982, 0.0 ] ] ], [ [ [ -53.525930734999974, -18.02068086099996, 0.0 ], [ -53.527468539999973, -18.021280046999948, 0.0 ], [ -53.52798336099994, -18.021273319999978, 0.0 ], [ -53.525930734999974, -18.02068086099996, 0.0 ] ] ], [ [ [ -53.966739655999959, -17.463907209999945, 0.0 ], [ -53.967495865999979, -17.464277166999977, 0.0 ], [ -53.96679237099994, -17.463522073999968, 0.0 ], [ -53.966739655999959, -17.463907209999945, 0.0 ] ] ], [ [ [ -54.137430399999971, -17.614748389999932, 0.0 ], [ -54.137331276999987, -17.614942749999955, 0.0 ], [ -54.138232334999941, -17.613175965999972, 0.0 ], [ -54.137430399999971, -17.614748389999932, 0.0 ] ] ], [ [ [ -54.058310910999978, -17.574819830999957, 0.0 ], [ -54.058849810999959, -17.575517889999958, 0.0 ], [ -54.058214581999948, -17.574128773999973, 0.0 ], [ -54.058310910999978, -17.574819830999957, 0.0 ] ] ], [ [ [ -54.306304129999944, -17.660394647999965, 0.0 ], [ -54.306557207999958, -17.660668963999967, 0.0 ], [ -54.306590949999986, -17.660145451999938, 0.0 ], [ -54.306304129999944, -17.660394647999965, 0.0 ] ] ], [ [ [ -54.929515006999964, -17.610215385999936, 0.0 ], [ -54.931153722999966, -17.611048130999961, 0.0 ], [ -54.932209570999987, -17.610778508999942, 0.0 ], [ -54.929515006999964, -17.610215385999936, 0.0 ] ] ], [ [ [ -55.468158286999937, -17.485513656999956, 0.0 ], [ -55.468167685999958, -17.485629806999953, 0.0 ], [ -55.469809384999962, -17.484994533999952, 0.0 ], [ -55.468158286999937, -17.485513656999956, 0.0 ] ] ], [ [ [ -55.661899468999934, -17.343523257999948, 0.0 ], [ -55.663470690999986, -17.345623802999967, 0.0 ], [ -55.662423772999944, -17.343979927999953, 0.0 ], [ -55.661899468999934, -17.343523257999948, 0.0 ] ] ], [ [ [ -53.673069708999947, -17.98930263099993, 0.0 ], [ -53.674897617999932, -17.989270254999951, 0.0 ], [ -53.672907036999959, -17.989176270999963, 0.0 ], [ -53.673069708999947, -17.98930263099993, 0.0 ] ] ], [ [ [ -54.205151877999981, -17.613423243999932, 0.0 ], [ -54.206510789999982, -17.61418082299997, 0.0 ], [ -54.205029300999968, -17.61307648099995, 0.0 ], [ -54.205151877999981, -17.613423243999932, 0.0 ] ] ], [ [ [ -54.322650634999945, -17.659400812999934, 0.0 ], [ -54.323208387999955, -17.659643685999981, 0.0 ], [ -54.323648908999985, -17.659325941999953, 0.0 ], [ -54.322650634999945, -17.659400812999934, 0.0 ] ] ], [ [ [ -55.70692463599994, -17.34387462799998, 0.0 ], [ -55.706695206999939, -17.345031929999948, 0.0 ], [ -55.707214405999935, -17.343454677999944, 0.0 ], [ -55.70692463599994, -17.34387462799998, 0.0 ] ] ], [ [ [ -53.344136148999951, -18.007736009999974, 0.0 ], [ -53.343950210999935, -18.00807173499993, 0.0 ], [ -53.34415166399998, -18.007730424999977, 0.0 ], [ -53.344136148999951, -18.007736009999974, 0.0 ] ] ], [ [ [ -54.921086241999944, -17.610380223999982, 0.0 ], [ -54.921820012999945, -17.610432481999965, 0.0 ], [ -54.923468134999951, -17.610144866999974, 0.0 ], [ -54.921086241999944, -17.610380223999982, 0.0 ] ] ], [ [ [ -54.052780309999946, -17.524064020999958, 0.0 ], [ -54.053385728999956, -17.525109034999957, 0.0 ], [ -54.053119592999963, -17.523703884999975, 0.0 ], [ -54.052780309999946, -17.524064020999958, 0.0 ] ] ], [ [ [ -55.048038429999963, -17.64017539799994, 0.0 ], [ -55.04886350299995, -17.640161053999975, 0.0 ], [ -55.049698887999966, -17.63981490599997, 0.0 ], [ -55.048038429999963, -17.64017539799994, 0.0 ] ] ], [ [ [ -54.077478483999982, -17.601415166999971, 0.0 ], [ -54.078381243999956, -17.602699770999948, 0.0 ], [ -54.078410046999977, -17.602637271999981, 0.0 ], [ -54.077478483999982, -17.601415166999971, 0.0 ] ] ], [ [ [ -53.925359979999939, -17.917868612999939, 0.0 ], [ -53.924350772999958, -17.919763766999949, 0.0 ], [ -53.925802249999947, -17.917468157999963, 0.0 ], [ -53.925359979999939, -17.917868612999939, 0.0 ] ] ], [ [ [ -55.288448707999976, -17.557803969999952, 0.0 ], [ -55.288968060999935, -17.558280273999969, 0.0 ], [ -55.287771689999943, -17.557183069999951, 0.0 ], [ -55.288448707999976, -17.557803969999952, 0.0 ] ] ], [ [ [ -53.943989227999964, -17.91668223399995, 0.0 ], [ -53.943323235999969, -17.91720569599994, 0.0 ], [ -53.945249449999949, -17.916739671999949, 0.0 ], [ -53.943989227999964, -17.91668223399995, 0.0 ] ] ], [ [ [ -55.058588364999935, -17.639632318999929, 0.0 ], [ -55.059239520999938, -17.639702192999948, 0.0 ], [ -55.059779559999981, -17.639455488999943, 0.0 ], [ -55.058588364999935, -17.639632318999929, 0.0 ] ] ], [ [ [ -54.377740757999959, -17.607232174999979, 0.0 ], [ -54.378746998999986, -17.607090373999938, 0.0 ], [ -54.378982280999935, -17.606851879999965, 0.0 ], [ -54.377740757999959, -17.607232174999979, 0.0 ] ] ], [ [ [ -54.309197223999945, -17.65891972999998, 0.0 ], [ -54.30893270599995, -17.659454464999953, 0.0 ], [ -54.309257837999951, -17.658864844999982, 0.0 ], [ -54.309197223999945, -17.65891972999998, 0.0 ] ] ], [ [ [ -54.973203762999958, -17.620100346999948, 0.0 ], [ -54.973114158999977, -17.619935104999968, 0.0 ], [ -54.972447043999978, -17.619839771999978, 0.0 ], [ -54.973203762999958, -17.620100346999948, 0.0 ] ] ], [ [ [ -54.85158628399995, -17.613033292999944, 0.0 ], [ -54.849510909999935, -17.613038941999946, 0.0 ], [ -54.851889092999954, -17.613157594999961, 0.0 ], [ -54.85158628399995, -17.613033292999944, 0.0 ] ] ], [ [ [ -53.668785663999984, -17.988536385999964, 0.0 ], [ -53.66957739299994, -17.988892918999966, 0.0 ], [ -53.669946318999962, -17.98876598399994, 0.0 ], [ -53.668785663999984, -17.988536385999964, 0.0 ] ] ], [ [ [ -54.052176624999959, -17.556604614999969, 0.0 ], [ -54.051895054999932, -17.558924911999952, 0.0 ], [ -54.05218653299994, -17.558243189999928, 0.0 ], [ -54.052176624999959, -17.556604614999969, 0.0 ] ] ], [ [ [ -54.897035528999936, -17.620346049999966, 0.0 ], [ -54.896696090999967, -17.620526170999938, 0.0 ], [ -54.897469104999971, -17.619388602999948, 0.0 ], [ -54.897035528999936, -17.620346049999966, 0.0 ] ] ], [ [ [ -53.296636257999978, -17.995937806999962, 0.0 ], [ -53.297158648999982, -17.996252188999961, 0.0 ], [ -53.297053485999982, -17.995842292999953, 0.0 ], [ -53.296636257999978, -17.995937806999962, 0.0 ] ] ], [ [ [ -55.48166419599994, -17.480014523999955, 0.0 ], [ -55.481375798999977, -17.48092560799995, 0.0 ], [ -55.481688641999938, -17.480652672999952, 0.0 ], [ -55.48166419599994, -17.480014523999955, 0.0 ] ] ], [ [ [ -54.970307700999967, -17.620810996999978, 0.0 ], [ -54.970676893999951, -17.620743833999938, 0.0 ], [ -54.970714071999964, -17.62015082299996, 0.0 ], [ -54.970307700999967, -17.620810996999978, 0.0 ] ] ], [ [ [ -53.380011766999985, -18.008474193999973, 0.0 ], [ -53.380374383999936, -18.008875006999972, 0.0 ], [ -53.380613359999984, -18.008698354999979, 0.0 ], [ -53.380011766999985, -18.008474193999973, 0.0 ] ] ], [ [ [ -54.262707193999972, -17.647229808999953, 0.0 ], [ -54.263862109999934, -17.647454222999954, 0.0 ], [ -54.264341645999934, -17.647426329999973, 0.0 ], [ -54.262707193999972, -17.647229808999953, 0.0 ] ] ], [ [ [ -53.953798516999939, -17.871523623999963, 0.0 ], [ -53.953374854999936, -17.87209384099998, 0.0 ], [ -53.954626874999974, -17.87133453499996, 0.0 ], [ -53.953798516999939, -17.871523623999963, 0.0 ] ] ], [ [ [ -53.794383356999958, -17.288182899999981, 0.0 ], [ -53.794071432999942, -17.28833937099995, 0.0 ], [ -53.796046722999961, -17.288566033999928, 0.0 ], [ -53.794383356999958, -17.288182899999981, 0.0 ] ] ], [ [ [ -55.266522101999954, -17.568051586999957, 0.0 ], [ -55.266835381999954, -17.567576396999982, 0.0 ], [ -55.26682726599995, -17.566963776999955, 0.0 ], [ -55.266522101999954, -17.568051586999957, 0.0 ] ] ], [ [ [ -55.77434012599997, -17.330848303999971, 0.0 ], [ -55.773851367999953, -17.331659593999973, 0.0 ], [ -55.774222078999969, -17.331237526999928, 0.0 ], [ -55.77434012599997, -17.330848303999971, 0.0 ] ] ], [ [ [ -53.58406413299997, -18.010023964999959, 0.0 ], [ -53.584737686999972, -18.010445561999973, 0.0 ], [ -53.583907806999946, -18.009878040999979, 0.0 ], [ -53.58406413299997, -18.010023964999959, 0.0 ] ] ], [ [ [ -54.115667623999968, -17.617122042999938, 0.0 ], [ -54.115513156999953, -17.617996590999951, 0.0 ], [ -54.115777064999975, -17.617652653999983, 0.0 ], [ -54.115667623999968, -17.617122042999938, 0.0 ] ] ], [ [ [ -54.37807771699994, -17.638209694999944, 0.0 ], [ -54.377350637999939, -17.639182438999967, 0.0 ], [ -54.378156321999938, -17.638308706999965, 0.0 ], [ -54.37807771699994, -17.638209694999944, 0.0 ] ] ], [ [ [ -53.383417086999941, -18.006861110999978, 0.0 ], [ -53.383661436999944, -18.006960835999962, 0.0 ], [ -53.384084392999966, -18.006515369999931, 0.0 ], [ -53.383417086999941, -18.006861110999978, 0.0 ] ] ], [ [ [ -53.879844470999956, -17.920912917999942, 0.0 ], [ -53.878985812999986, -17.922493215999964, 0.0 ], [ -53.879510575999973, -17.921764508999956, 0.0 ], [ -53.879844470999956, -17.920912917999942, 0.0 ] ] ], [ [ [ -53.986019736999936, -17.472512733999963, 0.0 ], [ -53.985475733999976, -17.472882654999978, 0.0 ], [ -53.986360609999963, -17.472280940999951, 0.0 ], [ -53.986019736999936, -17.472512733999963, 0.0 ] ] ], [ [ [ -55.195477832999984, -17.618712975999927, 0.0 ], [ -55.195341055999961, -17.61890533899998, 0.0 ], [ -55.196545132999972, -17.618306472999961, 0.0 ], [ -55.195477832999984, -17.618712975999927, 0.0 ] ] ], [ [ [ -53.366710069999954, -18.00708949899996, 0.0 ], [ -53.368135068999948, -18.00726637799994, 0.0 ], [ -53.368434024999942, -18.00720337499996, 0.0 ], [ -53.366710069999954, -18.00708949899996, 0.0 ] ] ], [ [ [ -53.241544387999966, -18.00470975099995, 0.0 ], [ -53.240782614999944, -18.005610186999945, 0.0 ], [ -53.241123540999979, -18.005460009999979, 0.0 ], [ -53.241544387999966, -18.00470975099995, 0.0 ] ] ], [ [ [ -55.683402398999931, -17.350355479999962, 0.0 ], [ -55.684480291999932, -17.351200349999942, 0.0 ], [ -55.683192438999981, -17.350112877999948, 0.0 ], [ -55.683402398999931, -17.350355479999962, 0.0 ] ] ], [ [ [ -54.636764209999967, -17.495641494999973, 0.0 ], [ -54.637374875999967, -17.495617152999955, 0.0 ], [ -54.637999889999946, -17.495053557999938, 0.0 ], [ -54.636764209999967, -17.495641494999973, 0.0 ] ] ], [ [ [ -55.852565156999958, -17.278730958999972, 0.0 ], [ -55.85189031799996, -17.279052063999927, 0.0 ], [ -55.852756975999966, -17.278926291999937, 0.0 ], [ -55.852565156999958, -17.278730958999972, 0.0 ] ] ], [ [ [ -54.852941581999971, -17.615218609999943, 0.0 ], [ -54.853746152999975, -17.616244236999933, 0.0 ], [ -54.852912580999941, -17.614811035999935, 0.0 ], [ -54.852941581999971, -17.615218609999943, 0.0 ] ] ], [ [ [ -54.295383977999961, -17.658035255999948, 0.0 ], [ -54.295960914999966, -17.658526396999946, 0.0 ], [ -54.295326723999949, -17.657705826999972, 0.0 ], [ -54.295383977999961, -17.658035255999948, 0.0 ] ] ], [ [ [ -53.33778119699997, -18.006822952999983, 0.0 ], [ -53.337783682999941, -18.007010696999942, 0.0 ], [ -53.338473481999984, -18.006795180999973, 0.0 ], [ -53.33778119699997, -18.006822952999983, 0.0 ] ] ], [ [ [ -55.251071998999976, -17.588612326999964, 0.0 ], [ -55.251789986999938, -17.590619808999975, 0.0 ], [ -55.251665016999937, -17.590104230999941, 0.0 ], [ -55.251071998999976, -17.588612326999964, 0.0 ] ] ], [ [ [ -53.954229909999981, -17.885977761999982, 0.0 ], [ -53.953886095999962, -17.88618959799993, 0.0 ], [ -53.954304437999951, -17.88614883799994, 0.0 ], [ -53.954229909999981, -17.885977761999982, 0.0 ] ] ], [ [ [ -54.047208504999958, -17.506551176999949, 0.0 ], [ -54.047095918999958, -17.506927358999974, 0.0 ], [ -54.04769700199995, -17.506368604999977, 0.0 ], [ -54.047208504999958, -17.506551176999949, 0.0 ] ] ], [ [ [ -54.374416824999969, -17.608577536999974, 0.0 ], [ -54.374908797999979, -17.608813097999928, 0.0 ], [ -54.37451323099998, -17.608098979999966, 0.0 ], [ -54.374416824999969, -17.608577536999974, 0.0 ] ] ], [ [ [ -53.928759628999956, -17.913914802999955, 0.0 ], [ -53.92956716599997, -17.913871923999977, 0.0 ], [ -53.929730896999956, -17.913717708999968, 0.0 ], [ -53.928759628999956, -17.913914802999955, 0.0 ] ] ], [ [ [ -54.248029354999971, -17.634537851999937, 0.0 ], [ -54.249038974999962, -17.636181515999965, 0.0 ], [ -54.247366993999947, -17.633920670999942, 0.0 ], [ -54.248029354999971, -17.634537851999937, 0.0 ] ] ], [ [ [ -53.215001753999957, -18.015604372999974, 0.0 ], [ -53.215423579999936, -18.015503913999964, 0.0 ], [ -53.215574076999985, -18.015155294999943, 0.0 ], [ -53.215001753999957, -18.015604372999974, 0.0 ] ] ], [ [ [ -53.843929429999946, -17.36124140499993, 0.0 ], [ -53.844060379999974, -17.361646324999981, 0.0 ], [ -53.844410262999986, -17.361532040999975, 0.0 ], [ -53.843929429999946, -17.36124140499993, 0.0 ] ] ], [ [ [ -54.614717660999986, -17.488745824999967, 0.0 ], [ -54.615313379999975, -17.489065368999945, 0.0 ], [ -54.613961333999953, -17.488403879999964, 0.0 ], [ -54.614717660999986, -17.488745824999967, 0.0 ] ] ], [ [ [ -54.957167979999952, -17.616000922999945, 0.0 ], [ -54.95819075299994, -17.616082486999971, 0.0 ], [ -54.956623461999982, -17.615850430999956, 0.0 ], [ -54.957167979999952, -17.616000922999945, 0.0 ] ] ], [ [ [ -55.586164893999978, -17.409561845999974, 0.0 ], [ -55.586892774999967, -17.410586781999939, 0.0 ], [ -55.586534252999968, -17.409926452999969, 0.0 ], [ -55.586164893999978, -17.409561845999974, 0.0 ] ] ], [ [ [ -53.819406769999944, -17.961266617999968, 0.0 ], [ -53.819681807999984, -17.961651126999982, 0.0 ], [ -53.81932524299998, -17.960720323999965, 0.0 ], [ -53.819406769999944, -17.961266617999968, 0.0 ] ] ], [ [ [ -54.374799205999977, -17.606679411999949, 0.0 ], [ -54.374703945999954, -17.607152275999965, 0.0 ], [ -54.37511759299997, -17.606592140999965, 0.0 ], [ -54.374799205999977, -17.606679411999949, 0.0 ] ] ], [ [ [ -55.389595125999961, -17.520810523999955, 0.0 ], [ -55.390024945999983, -17.520934989999944, 0.0 ], [ -55.388986597999974, -17.520376852999959, 0.0 ], [ -55.389595125999961, -17.520810523999955, 0.0 ] ] ], [ [ [ -54.051963826999952, -17.546351702999971, 0.0 ], [ -54.052079477999939, -17.546197165999956, 0.0 ], [ -54.05199681299996, -17.545951256999956, 0.0 ], [ -54.051963826999952, -17.546351702999971, 0.0 ] ] ], [ [ [ -54.048921226999937, -17.532073537999963, 0.0 ], [ -54.048334135999937, -17.533142356999974, 0.0 ], [ -54.049063371999978, -17.531914489999963, 0.0 ], [ -54.048921226999937, -17.532073537999963, 0.0 ] ] ], [ [ [ -54.054024401999982, -17.526201817999947, 0.0 ], [ -54.054392504999953, -17.526532447999955, 0.0 ], [ -54.053785388999984, -17.52567408799996, 0.0 ], [ -54.054024401999982, -17.526201817999947, 0.0 ] ] ], [ [ [ -54.861013323999941, -17.623912484999948, 0.0 ], [ -54.860863811999934, -17.623853495999981, 0.0 ], [ -54.860520955999959, -17.623682606999978, 0.0 ], [ -54.860779043999969, -17.623846478999951, 0.0 ], [ -54.861013323999941, -17.623912484999948, 0.0 ] ] ], [ [ [ -54.938725293999937, -17.610139738999976, 0.0 ], [ -54.939693883999951, -17.610107425999956, 0.0 ], [ -54.939993328999947, -17.610012697999935, 0.0 ], [ -54.938725293999937, -17.610139738999976, 0.0 ] ] ], [ [ [ -54.39893140199996, -17.566314902999977, 0.0 ], [ -54.398894176999931, -17.566886929999953, 0.0 ], [ -54.399039392999953, -17.566421722999962, 0.0 ], [ -54.39893140199996, -17.566314902999977, 0.0 ] ] ], [ [ [ -53.757043464999981, -17.673267173999932, 0.0 ], [ -53.756966397999975, -17.673460273999979, 0.0 ], [ -53.757539050999981, -17.673434924999981, 0.0 ], [ -53.757043464999981, -17.673267173999932, 0.0 ] ] ], [ [ [ -53.23849007299998, -18.007063252999956, 0.0 ], [ -53.237993056999983, -18.007323328999973, 0.0 ], [ -53.238834561999965, -18.006882989999951, 0.0 ], [ -53.23849007299998, -18.007063252999956, 0.0 ] ] ], [ [ [ -55.80650800799998, -17.298010080999973, 0.0 ], [ -55.80487080599994, -17.29911180299996, 0.0 ], [ -55.806834523999953, -17.297980826999947, 0.0 ], [ -55.80650800799998, -17.298010080999973, 0.0 ] ] ], [ [ [ -55.423341127999947, -17.509882816999948, 0.0 ], [ -55.424087590999932, -17.510018960999957, 0.0 ], [ -55.42433314799996, -17.509983258999966, 0.0 ], [ -55.423341127999947, -17.509882816999948, 0.0 ] ] ], [ [ [ -55.259637254999973, -17.574910973999977, 0.0 ], [ -55.260074900999939, -17.575284120999981, 0.0 ], [ -55.259277406999956, -17.57469330999993, 0.0 ], [ -55.259637254999973, -17.574910973999977, 0.0 ] ] ], [ [ [ -53.923010998999985, -17.920093995999935, 0.0 ], [ -53.923555089999979, -17.920100222999963, 0.0 ], [ -53.92406957999998, -17.919981934999953, 0.0 ], [ -53.923010998999985, -17.920093995999935, 0.0 ] ] ], [ [ [ -54.055264190999935, -17.52861298299996, 0.0 ], [ -54.055379911999978, -17.529374502999929, 0.0 ], [ -54.055237384999941, -17.528436583999962, 0.0 ], [ -54.055264190999935, -17.52861298299996, 0.0 ] ] ], [ [ [ -54.057624830999941, -17.514385610999966, 0.0 ], [ -54.057676090999962, -17.514759596999966, 0.0 ], [ -54.057810744999983, -17.514212173999965, 0.0 ], [ -54.057624830999941, -17.514385610999966, 0.0 ] ] ], [ [ [ -53.736977638999974, -17.663840536999942, 0.0 ], [ -53.737947529999985, -17.664095245999931, 0.0 ], [ -53.737377865999974, -17.663861183999927, 0.0 ], [ -53.736977638999974, -17.663840536999942, 0.0 ] ] ], [ [ [ -55.705032732999939, -17.347864067999978, 0.0 ], [ -55.704994846999966, -17.34808297099994, 0.0 ], [ -55.706366592999984, -17.345808464999948, 0.0 ], [ -55.705032732999939, -17.347864067999978, 0.0 ] ] ], [ [ [ -53.763919116999944, -17.251248646999954, 0.0 ], [ -53.76402464399996, -17.251126875999944, 0.0 ], [ -53.763877372999957, -17.250570489999973, 0.0 ], [ -53.763919116999944, -17.251248646999954, 0.0 ] ] ], [ [ [ -54.051053113999956, -17.54336428199997, 0.0 ], [ -54.051303673999939, -17.543889336999939, 0.0 ], [ -54.050985928999978, -17.542944122999927, 0.0 ], [ -54.051053113999956, -17.54336428199997, 0.0 ] ] ], [ [ [ -54.387388822999981, -17.571405931999948, 0.0 ], [ -54.386845179999966, -17.571796222999978, 0.0 ], [ -54.387558804999969, -17.571408231999953, 0.0 ], [ -54.387388822999981, -17.571405931999948, 0.0 ] ] ], [ [ [ -55.898482768999941, -17.269417739999938, 0.0 ], [ -55.89960703099996, -17.270056500999942, 0.0 ], [ -55.899432985999965, -17.269902358999957, 0.0 ], [ -55.898482768999941, -17.269417739999938, 0.0 ] ] ], [ [ [ -54.810099565999963, -17.590873632999944, 0.0 ], [ -54.810808974999986, -17.591799248999962, 0.0 ], [ -54.809559852999939, -17.590060075999929, 0.0 ], [ -54.810099565999963, -17.590873632999944, 0.0 ] ] ], [ [ [ -54.291972425999973, -17.653001224999969, 0.0 ], [ -54.291590138999936, -17.653187295999942, 0.0 ], [ -54.292131886999982, -17.653090808999934, 0.0 ], [ -54.291972425999973, -17.653001224999969, 0.0 ] ] ], [ [ [ -54.286360170999956, -17.654548058999978, 0.0 ], [ -54.286506844999963, -17.655021648999934, 0.0 ], [ -54.286362290999932, -17.654406902999938, 0.0 ], [ -54.286360170999956, -17.654548058999978, 0.0 ] ] ], [ [ [ -55.886537410999949, -17.266720623999959, 0.0 ], [ -55.886859645999948, -17.266832369999975, 0.0 ], [ -55.886537443999941, -17.266516359999969, 0.0 ], [ -55.886537410999949, -17.266720623999959, 0.0 ] ] ], [ [ [ -54.949422121999987, -17.614328652999973, 0.0 ], [ -54.94883152999995, -17.614882924999961, 0.0 ], [ -54.949050760999967, -17.614754508999965, 0.0 ], [ -54.949422121999987, -17.614328652999973, 0.0 ] ] ], [ [ [ -54.945004707999942, -17.613214286999948, 0.0 ], [ -54.945607290999931, -17.613266788999965, 0.0 ], [ -54.945973591999973, -17.613227313999971, 0.0 ], [ -54.945004707999942, -17.613214286999948, 0.0 ] ] ], [ [ [ -54.485542592999934, -17.489076979999936, 0.0 ], [ -54.486108288999958, -17.489113801999963, 0.0 ], [ -54.486361786999964, -17.489060973999926, 0.0 ], [ -54.485542592999934, -17.489076979999936, 0.0 ] ] ], [ [ [ -53.577915667999946, -18.011618308999971, 0.0 ], [ -53.578436088999979, -18.011690683999973, 0.0 ], [ -53.577307080999958, -18.011536731999968, 0.0 ], [ -53.577915667999946, -18.011618308999971, 0.0 ] ] ], [ [ [ -55.751285524999957, -17.330504675999975, 0.0 ], [ -55.749888282999962, -17.331056246999935, 0.0 ], [ -55.751136067999937, -17.33059529999997, 0.0 ], [ -55.751285524999957, -17.330504675999975, 0.0 ] ] ], [ [ [ -54.433139385999937, -17.536438464999947, 0.0 ], [ -54.432817960999955, -17.537005077999936, 0.0 ], [ -54.432982769999967, -17.536871080999958, 0.0 ], [ -54.433139385999937, -17.536438464999947, 0.0 ] ] ], [ [ [ -54.075570600999981, -17.599191124999948, 0.0 ], [ -54.075985462999938, -17.599456492999934, 0.0 ], [ -54.075828067999964, -17.599250006999966, 0.0 ], [ -54.075570600999981, -17.599191124999948, 0.0 ] ] ], [ [ [ -54.053260335999937, -17.507871747999957, 0.0 ], [ -54.053450618999932, -17.508084306999933, 0.0 ], [ -54.052981766999949, -17.507331956999963, 0.0 ], [ -54.053260335999937, -17.507871747999957, 0.0 ] ] ], [ [ [ -53.927468965999935, -17.915959027999975, 0.0 ], [ -53.926925159999939, -17.916451417999951, 0.0 ], [ -53.927325080999935, -17.916167187999974, 0.0 ], [ -53.927468965999935, -17.915959027999975, 0.0 ] ] ], [ [ [ -54.249757947999967, -17.639700803999972, 0.0 ], [ -54.250048345999971, -17.640043427999956, 0.0 ], [ -54.249697674999936, -17.639527060999967, 0.0 ], [ -54.249757947999967, -17.639700803999972, 0.0 ] ] ], [ [ [ -53.955749788999981, -17.88301949099997, 0.0 ], [ -53.955829180999956, -17.882992921999971, 0.0 ], [ -53.955739882999978, -17.882572466999932, 0.0 ], [ -53.955749788999981, -17.88301949099997, 0.0 ] ] ], [ [ [ -53.945287262999955, -17.916741395999964, 0.0 ], [ -53.945710984999948, -17.916874654999958, 0.0 ], [ -53.945604992999961, -17.916755876999957, 0.0 ], [ -53.945287262999955, -17.916741395999964, 0.0 ] ] ], [ [ [ -55.372593958999971, -17.522104447999936, 0.0 ], [ -55.372113785999943, -17.522503123999968, 0.0 ], [ -55.372308179999948, -17.522404238999968, 0.0 ], [ -55.372593958999971, -17.522104447999936, 0.0 ] ] ], [ [ [ -54.10983093599998, -17.61466739399998, 0.0 ], [ -54.109358474999965, -17.614919790999977, 0.0 ], [ -54.109723082999949, -17.61476804199998, 0.0 ], [ -54.10983093599998, -17.61466739399998, 0.0 ] ] ], [ [ [ -53.945787673999973, -17.904715331999967, 0.0 ], [ -53.945382709999933, -17.905081497999959, 0.0 ], [ -53.945759577999979, -17.904815716999963, 0.0 ], [ -53.945787673999973, -17.904715331999967, 0.0 ] ] ], [ [ [ -54.887620014999982, -17.617779005999978, 0.0 ], [ -54.887527406999936, -17.617690422999942, 0.0 ], [ -54.887201176999952, -17.617596386999935, 0.0 ], [ -54.887620014999982, -17.617779005999978, 0.0 ] ] ], [ [ [ -53.225922960999981, -18.012352632999978, 0.0 ], [ -53.225974741999948, -18.012373232999948, 0.0 ], [ -53.226397282999983, -18.012283331999981, 0.0 ], [ -53.225922960999981, -18.012352632999978, 0.0 ] ] ], [ [ [ -53.333100848999948, -18.004571729999952, 0.0 ], [ -53.333157702999983, -18.004728842999953, 0.0 ], [ -53.333272430999955, -18.004727432999971, 0.0 ], [ -53.333100848999948, -18.004571729999952, 0.0 ] ] ], [ [ [ -53.878408714999978, -17.922951248999937, 0.0 ], [ -53.877979121999942, -17.923119951999979, 0.0 ], [ -53.87823164699995, -17.923059432999935, 0.0 ], [ -53.878408714999978, -17.922951248999937, 0.0 ] ] ], [ [ [ -55.096704170999942, -17.627641904999962, 0.0 ], [ -55.096730782999941, -17.627779522999958, 0.0 ], [ -55.096820389999948, -17.627635269999928, 0.0 ], [ -55.096704170999942, -17.627641904999962, 0.0 ] ] ], [ [ [ -53.718518863999975, -17.668648386999962, 0.0 ], [ -53.718637098999977, -17.668661072999953, 0.0 ], [ -53.718253399999981, -17.668545244999962, 0.0 ], [ -53.718518863999975, -17.668648386999962, 0.0 ] ] ], [ [ [ -55.465447500999971, -17.48685742899994, 0.0 ], [ -55.465340116999982, -17.487056824999968, 0.0 ], [ -55.465558011999974, -17.486781282999971, 0.0 ], [ -55.465447500999971, -17.48685742899994, 0.0 ] ] ], [ [ [ -53.785129684999958, -17.676188416999935, 0.0 ], [ -53.785489402999985, -17.67636934799998, 0.0 ], [ -53.785532253999975, -17.676357005999932, 0.0 ], [ -53.785129684999958, -17.676188416999935, 0.0 ] ] ], [ [ [ -53.71661374599995, -17.667908186999966, 0.0 ], [ -53.716939407999973, -17.668034717999944, 0.0 ], [ -53.716701703999945, -17.667901989999962, 0.0 ], [ -53.71661374599995, -17.667908186999966, 0.0 ] ] ], [ [ [ -54.244264636999958, -17.630206449999946, 0.0 ], [ -54.244373293999956, -17.630372502999933, 0.0 ], [ -54.244234232999986, -17.63004822299996, 0.0 ], [ -54.244264636999958, -17.630206449999946, 0.0 ] ] ], [ [ [ -55.805180288999964, -17.308236344999955, 0.0 ], [ -55.805130064999958, -17.308593526999971, 0.0 ], [ -55.805175287999987, -17.308505346999937, 0.0 ], [ -55.805180288999964, -17.308236344999955, 0.0 ] ] ], [ [ [ -53.511381376999964, -18.027088244999959, 0.0 ], [ -53.511676971999975, -18.027091672999973, 0.0 ], [ -53.511800189999974, -18.027060418999952, 0.0 ], [ -53.511381376999964, -18.027088244999959, 0.0 ] ] ], [ [ [ -55.709006842999941, -17.337654819999955, 0.0 ], [ -55.709192544999951, -17.337669880999954, 0.0 ], [ -55.709097463999967, -17.337615667999955, 0.0 ], [ -55.709006842999941, -17.337654819999955, 0.0 ] ] ], [ [ [ -53.936076589999971, -17.83243588299996, 0.0 ], [ -53.936151094999957, -17.832622224999966, 0.0 ], [ -53.936158026999976, -17.832533285999943, 0.0 ], [ -53.936076589999971, -17.83243588299996, 0.0 ] ] ], [ [ [ -53.374184228999979, -18.007560595999962, 0.0 ], [ -53.373858485999961, -18.007633454999961, 0.0 ], [ -53.374249620999933, -18.007597936999957, 0.0 ], [ -53.374184228999979, -18.007560595999962, 0.0 ] ] ], [ [ [ -54.478708300999983, -17.506747164999979, 0.0 ], [ -54.479048026999976, -17.507185865999929, 0.0 ], [ -54.478734032999967, -17.506764995999959, 0.0 ], [ -54.478708300999983, -17.506747164999979, 0.0 ] ] ], [ [ [ -54.286938054999951, -17.655311787999949, 0.0 ], [ -54.287487964999968, -17.655446771999948, 0.0 ], [ -54.286900413999945, -17.655289353999933, 0.0 ], [ -54.286938054999951, -17.655311787999949, 0.0 ] ] ], [ [ [ -53.932439344999977, -17.913231302999975, 0.0 ], [ -53.932504803999961, -17.913283858999932, 0.0 ], [ -53.932342017999986, -17.913187848999939, 0.0 ], [ -53.932439344999977, -17.913231302999975, 0.0 ] ] ], [ [ [ -55.026954405999959, -17.636331593999955, 0.0 ], [ -55.027146020999965, -17.636413012999981, 0.0 ], [ -55.027009902999964, -17.636322026999949, 0.0 ], [ -55.026954405999959, -17.636331593999955, 0.0 ] ] ], [ [ [ -55.838646900999947, -17.300684790999981, 0.0 ], [ -55.838741162999952, -17.30070412799995, 0.0 ], [ -55.838484001999973, -17.300588253999933, 0.0 ], [ -55.838646900999947, -17.300684790999981, 0.0 ] ] ], [ [ [ -53.797190108999985, -17.28851422799994, 0.0 ], [ -53.79691536699994, -17.288553957999966, 0.0 ], [ -53.797075188999941, -17.288551735999931, 0.0 ], [ -53.797190108999985, -17.28851422799994, 0.0 ] ] ], [ [ [ -54.318991052999934, -17.661182786999973, 0.0 ], [ -54.318968218999942, -17.661146206999945, 0.0 ], [ -54.318841128999964, -17.661166004999927, 0.0 ], [ -54.318991052999934, -17.661182786999973, 0.0 ] ] ], [ [ [ -54.85259595399998, -17.61344775799995, 0.0 ], [ -54.852727629999947, -17.613544370999932, 0.0 ], [ -54.852721018999944, -17.613499096999931, 0.0 ], [ -54.85259595399998, -17.61344775799995, 0.0 ] ] ], [ [ [ -53.902050526999972, -17.910522157999935, 0.0 ], [ -53.90222588499995, -17.910536881999974, 0.0 ], [ -53.902018666999936, -17.910494235999977, 0.0 ], [ -53.902050526999972, -17.910522157999935, 0.0 ] ] ], [ [ [ -55.135949074999985, -17.650781370999937, 0.0 ], [ -55.136044708999975, -17.65083526799998, 0.0 ], [ -55.135836517999962, -17.650672720999978, 0.0 ], [ -55.135949074999985, -17.650781370999937, 0.0 ] ] ], [ [ [ -53.84936429399994, -17.934742614999948, 0.0 ], [ -53.849385343999984, -17.934749752999949, 0.0 ], [ -53.849721088999956, -17.934720360999961, 0.0 ], [ -53.84936429399994, -17.934742614999948, 0.0 ] ] ], [ [ [ -55.35375987599997, -17.531616949999943, 0.0 ], [ -55.353775241999983, -17.531730489999973, 0.0 ], [ -55.353782262999971, -17.531593197999939, 0.0 ], [ -55.35375987599997, -17.531616949999943, 0.0 ] ] ], [ [ [ -54.697249426999974, -17.500623808999933, 0.0 ], [ -54.697204752999937, -17.500739746999955, 0.0 ], [ -54.697290233999979, -17.50057030399995, 0.0 ], [ -54.697249426999974, -17.500623808999933, 0.0 ] ] ], [ [ [ -53.382670464999933, -18.00805123899994, 0.0 ], [ -53.38262997399994, -18.008115781999948, 0.0 ], [ -53.382671235999965, -18.008108662999973, 0.0 ], [ -53.382670464999933, -18.00805123899994, 0.0 ] ] ], [ [ [ -54.980410852999967, -17.623605872999974, 0.0 ], [ -54.980466821999983, -17.623632317999977, 0.0 ], [ -54.980416497999954, -17.623567801999968, 0.0 ], [ -54.980410852999967, -17.623605872999974, 0.0 ] ] ], [ [ [ -54.382940984999948, -17.571532951999927, 0.0 ], [ -54.382903920999979, -17.571592688999942, 0.0 ], [ -54.382961113999954, -17.571552584999949, 0.0 ], [ -54.382940984999948, -17.571532951999927, 0.0 ] ] ], [ [ [ -53.746023316999981, -17.67083996599996, 0.0 ], [ -53.746307693999938, -17.671017101999951, 0.0 ], [ -53.746293998999931, -17.671001988999933, 0.0 ], [ -53.746023316999981, -17.67083996599996, 0.0 ] ] ], [ [ [ -53.948783951999985, -17.898039763999975, 0.0 ], [ -53.948710275999986, -17.898093845999938, 0.0 ], [ -53.94873116499997, -17.898092095999971, 0.0 ], [ -53.948783951999985, -17.898039763999975, 0.0 ] ] ], [ [ [ -53.745413756999938, -17.670460273999936, 0.0 ], [ -53.745596072999945, -17.670573837999939, 0.0 ], [ -53.745426470999973, -17.67046314199996, 0.0 ], [ -53.745413756999938, -17.670460273999936, 0.0 ] ] ], [ [ [ -54.296225358999948, -17.655390469999929, 0.0 ], [ -54.296267116999957, -17.655430396999975, 0.0 ], [ -54.296272863999945, -17.655417157999977, 0.0 ], [ -54.296225358999948, -17.655390469999929, 0.0 ] ] ], [ [ [ -55.077194872999939, -17.630515586999934, 0.0 ], [ -55.07714797999995, -17.630527106999978, 0.0 ], [ -55.077210203999982, -17.630525194999962, 0.0 ], [ -55.077194872999939, -17.630515586999934, 0.0 ] ] ], [ [ [ -53.816525191999972, -17.959058078999931, 0.0 ], [ -53.816353862999961, -17.959101492999935, 0.0 ], [ -53.81643818799995, -17.959082743999943, 0.0 ], [ -53.816525191999972, -17.959058078999931, 0.0 ] ] ], [ [ [ -54.295311567999931, -17.657618622999962, 0.0 ], [ -54.295313185999987, -17.657627932999958, 0.0 ], [ -54.295340659999965, -17.657564640999965, 0.0 ], [ -54.295311567999931, -17.657618622999962, 0.0 ] ] ], [ [ [ -53.954971741999941, -17.871008736999954, 0.0 ], [ -53.954983009999978, -17.871059163999973, 0.0 ], [ -53.954987530999972, -17.871054684999933, 0.0 ], [ -53.954971741999941, -17.871008736999954, 0.0 ] ] ], [ [ [ -54.426292909999972, -17.536997594999946, 0.0 ], [ -54.426318593999952, -17.537013797999975, 0.0 ], [ -54.426303205999943, -17.537000147999947, 0.0 ], [ -54.426292909999972, -17.536997594999946, 0.0 ] ] ], [ [ [ -54.396151360999966, -17.565174544999934, 0.0 ], [ -54.396168299999943, -17.565176399999928, 0.0 ], [ -54.396162196999967, -17.565171403999955, 0.0 ], [ -54.396151360999966, -17.565174544999934, 0.0 ] ] ], [ [ [ -53.486652556999957, -18.040067284999964, 0.0 ], [ -53.486630257999934, -18.040080055999965, 0.0 ], [ -53.486641778999967, -18.040075202999958, 0.0 ], [ -53.486652556999957, -18.040067284999964, 0.0 ] ] ], [ [ [ -55.258086497999955, -17.574383574999956, 0.0 ], [ -55.258081961999949, -17.574386011999934, 0.0 ], [ -55.258092337999983, -17.574385093999979, 0.0 ], [ -55.258086497999955, -17.574383574999956, 0.0 ] ] ], [ [ [ -53.885439859999963, -17.913284669999939, 0.0 ], [ -53.88543690299997, -17.913294323999935, 0.0 ], [ -53.885442012999931, -17.913283557999932, 0.0 ], [ -53.885439859999963, -17.913284669999939, 0.0 ] ] ], [ [ [ -54.195768743999963, -17.607967168999949, 0.0 ], [ -54.195775616999981, -17.60798019899994, 0.0 ], [ -54.195769822999978, -17.607968012999947, 0.0 ], [ -54.195768743999963, -17.607967168999949, 0.0 ] ] ], [ [ [ -54.911559333999946, -17.609053314999983, 0.0 ], [ -54.911557691999974, -17.609055318999935, 0.0 ], [ -54.911560601999952, -17.609053036999967, 0.0 ], [ -54.911559333999946, -17.609053314999983, 0.0 ] ] ] ] } }
]
}
