{
"type": "FeatureCollection",
"name": "bacias_especiais",
"xy_coordinate_resolution": 1e-05,
"features": [
{ "type": "Feature", "properties": { "titulo": "Prata", "subtitulo": "Bacia dos Rios Cênicos", "area_ha": 137342 }, "geometry": { "type": "Polygon", "coordinates": [ [ [ -56.25087, -21.39966 ], [ -56.25148, -21.39966 ], [ -56.25148, -21.39955 ], [ -56.25232, -21.39933 ], [ -56.25232, -21.39876 ], [ -56.25305, -21.39809 ], [ -56.25293, -21.39752 ], [ -56.25342, -21.39707 ], [ -56.25342, -21.3964 ], [ -56.25403, -21.39583 ], [ -56.25415, -21.39516 ], [ -56.25391, -21.39493 ], [ -56.25307, -21.39493 ], [ -56.25295, -21.39515 ], [ -56.25186, -21.39503 ], [ -56.25162, -21.39526 ], [ -56.25126, -21.39514 ], [ -56.25126, -21.39526 ], [ -56.25065, -21.39525 ], [ -56.25065, -21.39537 ], [ -56.24969, -21.39525 ], [ -56.24969, -21.3948 ], [ -56.24945, -21.39468 ], [ -56.24945, -21.39412 ], [ -56.2497, -21.39389 ], [ -56.24958, -21.39378 ], [ -56.24958, -21.39186 ], [ -56.24971, -21.39186 ], [ -56.24971, -21.39163 ], [ -56.25007, -21.39152 ], [ -56.25032, -21.39028 ], [ -56.25008, -21.39017 ], [ -56.25008, -21.38994 ], [ -56.24972, -21.3896 ], [ -56.24936, -21.3896 ], [ -56.24948, -21.38949 ], [ -56.24936, -21.38892 ], [ -56.24996, -21.38881 ], [ -56.25009, -21.38791 ], [ -56.24936, -21.3879 ], [ -56.249, -21.38756 ], [ -56.24828, -21.38756 ], [ -56.24816, -21.38699 ], [ -56.24744, -21.38688 ], [ -56.24732, -21.38699 ], [ -56.2472, -21.38665 ], [ -56.24696, -21.38665 ], [ -56.24696, -21.38575 ], [ -56.24745, -21.3853 ], [ -56.24745, -21.38484 ], [ -56.24769, -21.38462 ], [ -56.24745, -21.38439 ], [ -56.24745, -21.38371 ], [ -56.24758, -21.38371 ], [ -56.24758, -21.38349 ], [ -56.24782, -21.38349 ], [ -56.24782, -21.38326 ], [ -56.24746, -21.38304 ], [ -56.24734, -21.38236 ], [ -56.24698, -21.38202 ], [ -56.24698, -21.38145 ], [ -56.24686, -21.38134 ], [ -56.24554, -21.38133 ], [ -56.24541, -21.38156 ], [ -56.24505, -21.38156 ], [ -56.24517, -21.3819 ], [ -56.24493, -21.38223 ], [ -56.24372, -21.38234 ], [ -56.24372, -21.38223 ], [ -56.24288, -21.38211 ], [ -56.24264, -21.38234 ], [ -56.24263, -21.38256 ], [ -56.24227, -21.38256 ], [ -56.24227, -21.38222 ], [ -56.24119, -21.38154 ], [ -56.24144, -21.38098 ], [ -56.24168, -21.38086 ], [ -56.24168, -21.38041 ], [ -56.24144, -21.38018 ], [ -56.24084, -21.38018 ], [ -56.24084, -21.37996 ], [ -56.24048, -21.37995 ], [ -56.2406, -21.37916 ], [ -56.24084, -21.37883 ], [ -56.24061, -21.37803 ], [ -56.24, -21.37814 ], [ -56.23928, -21.37735 ], [ -56.23929, -21.3769 ], [ -56.23941, -21.3769 ], [ -56.23941, -21.37679 ], [ -56.23917, -21.37678 ], [ -56.23929, -21.37577 ], [ -56.23857, -21.37565 ], [ -56.23845, -21.37531 ], [ -56.23736, -21.37519 ], [ -56.23725, -21.37485 ], [ -56.23688, -21.37474 ], [ -56.23665, -21.3744 ], [ -56.23653, -21.37372 ], [ -56.23689, -21.37372 ], [ -56.23725, -21.37339 ], [ -56.23726, -21.37259 ], [ -56.23702, -21.37237 ], [ -56.23702, -21.37158 ], [ -56.2369, -21.37158 ], [ -56.2369, -21.37135 ], [ -56.23666, -21.37135 ], [ -56.23666, -21.37112 ], [ -56.23678, -21.37112 ], [ -56.23667, -21.37044 ], [ -56.23631, -21.3701 ], [ -56.23631, -21.36909 ], [ -56.23547, -21.36874 ], [ -56.23547, -21.36818 ], [ -56.23571, -21.36795 ], [ -56.23584, -21.36739 ], [ -56.23608, -21.36728 ], [ -56.23608, -21.36705 ], [ -56.23632, -21.36683 ], [ -56.23693, -21.36683 ], [ -56.23693, -21.3666 ], [ -56.23705, -21.3666 ], [ -56.23705, -21.36604 ], [ -56.23717, -21.36604 ], [ -56.23707, -21.36299 ], [ -56.23695, -21.36299 ], [ -56.23695, -21.36265 ], [ -56.23659, -21.36265 ], [ -56.23634, -21.36287 ], [ -56.2355, -21.36276 ], [ -56.2355, -21.36253 ], [ -56.23514, -21.36208 ], [ -56.23466, -21.36196 ], [ -56.23454, -21.36173 ], [ -56.23406, -21.36185 ], [ -56.2337, -21.3606 ], [ -56.2331, -21.3606 ], [ -56.2331, -21.36003 ], [ -56.23274, -21.35981 ], [ -56.23286, -21.35969 ], [ -56.23286, -21.35902 ], [ -56.23274, -21.35901 ], [ -56.23275, -21.35879 ], [ -56.23226, -21.35856 ], [ -56.23226, -21.35845 ], [ -56.23323, -21.35845 ], [ -56.23347, -21.35811 ], [ -56.23371, -21.35811 ], [ -56.23372, -21.35778 ], [ -56.23396, -21.35778 ], [ -56.23432, -21.35733 ], [ -56.23421, -21.3562 ], [ -56.23457, -21.35597 ], [ -56.23457, -21.35563 ], [ -56.23433, -21.35563 ], [ -56.23409, -21.3554 ], [ -56.23409, -21.35495 ], [ -56.23433, -21.35473 ], [ -56.23434, -21.35405 ], [ -56.23446, -21.35394 ], [ -56.23422, -21.35371 ], [ -56.23338, -21.35359 ], [ -56.2335, -21.35303 ], [ -56.23326, -21.35303 ], [ -56.23314, -21.35325 ], [ -56.23277, -21.35314 ], [ -56.23253, -21.35336 ], [ -56.23217, -21.35325 ], [ -56.23169, -21.35234 ], [ -56.23109, -21.35223 ], [ -56.23097, -21.35144 ], [ -56.23061, -21.35143 ], [ -56.23049, -21.35109 ], [ -56.22953, -21.35098 ], [ -56.22941, -21.35132 ], [ -56.2288, -21.35131 ], [ -56.22869, -21.35097 ], [ -56.22844, -21.35097 ], [ -56.22808, -21.35052 ], [ -56.22772, -21.35052 ], [ -56.22773, -21.34995 ], [ -56.2276, -21.34995 ], [ -56.22773, -21.34871 ], [ -56.22737, -21.34871 ], [ -56.22737, -21.34848 ], [ -56.22761, -21.34826 ], [ -56.22786, -21.34826 ], [ -56.2281, -21.34792 ], [ -56.22798, -21.34656 ], [ -56.22859, -21.34634 ], [ -56.22847, -21.34589 ], [ -56.22883, -21.34566 ], [ -56.22896, -21.34521 ], [ -56.22884, -21.34521 ], [ -56.22884, -21.34476 ], [ -56.22848, -21.34476 ], [ -56.228, -21.3443 ], [ -56.22764, -21.34419 ], [ -56.22777, -21.34148 ], [ -56.22765, -21.34148 ], [ -56.22765, -21.34102 ], [ -56.22729, -21.3408 ], [ -56.22729, -21.34023 ], [ -56.22705, -21.34023 ], [ -56.22694, -21.33967 ], [ -56.22718, -21.33944 ], [ -56.2273, -21.33865 ], [ -56.22779, -21.33831 ], [ -56.22779, -21.33797 ], [ -56.22767, -21.33797 ], [ -56.22767, -21.33775 ], [ -56.22719, -21.33786 ], [ -56.22647, -21.33718 ], [ -56.22647, -21.33639 ], [ -56.22659, -21.33639 ], [ -56.22671, -21.33571 ], [ -56.22623, -21.33548 ], [ -56.22648, -21.33526 ], [ -56.22648, -21.33503 ], [ -56.22672, -21.33492 ], [ -56.22672, -21.33447 ], [ -56.22696, -21.33435 ], [ -56.22696, -21.33402 ], [ -56.22588, -21.33333 ], [ -56.22589, -21.33254 ], [ -56.22625, -21.33243 ], [ -56.22625, -21.33209 ], [ -56.22589, -21.33175 ], [ -56.22589, -21.33141 ], [ -56.22517, -21.3313 ], [ -56.22481, -21.33084 ], [ -56.22457, -21.33084 ], [ -56.22433, -21.3305 ], [ -56.22397, -21.33039 ], [ -56.22397, -21.33016 ], [ -56.22349, -21.33005 ], [ -56.22349, -21.32937 ], [ -56.22325, -21.32903 ], [ -56.22301, -21.32903 ], [ -56.22337, -21.32869 ], [ -56.22326, -21.32733 ], [ -56.22266, -21.32676 ], [ -56.22206, -21.32665 ], [ -56.2223, -21.32608 ], [ -56.22206, -21.32574 ], [ -56.2217, -21.32563 ], [ -56.2217, -21.32518 ], [ -56.22255, -21.32518 ], [ -56.22255, -21.32507 ], [ -56.22279, -21.32507 ], [ -56.22303, -21.32451 ], [ -56.2234, -21.32451 ], [ -56.22352, -21.32406 ], [ -56.22388, -21.32383 ], [ -56.22401, -21.32293 ], [ -56.22425, -21.32282 ], [ -56.22438, -21.32191 ], [ -56.22377, -21.3218 ], [ -56.22354, -21.32101 ], [ -56.22414, -21.32078 ], [ -56.22402, -21.32022 ], [ -56.22426, -21.32022 ], [ -56.22426, -21.31999 ], [ -56.22451, -21.31977 ], [ -56.22439, -21.31931 ], [ -56.22427, -21.31931 ], [ -56.22439, -21.3192 ], [ -56.22427, -21.31818 ], [ -56.22452, -21.31807 ], [ -56.22464, -21.31717 ], [ -56.2244, -21.31694 ], [ -56.2238, -21.31694 ], [ -56.2238, -21.31671 ], [ -56.2232, -21.3166 ], [ -56.2232, -21.31581 ], [ -56.22308, -21.31581 ], [ -56.22296, -21.31535 ], [ -56.22248, -21.31501 ], [ -56.22236, -21.31467 ], [ -56.22116, -21.31455 ], [ -56.22116, -21.31467 ], [ -56.22068, -21.31466 ], [ -56.22067, -21.31478 ], [ -56.21959, -21.31477 ], [ -56.21983, -21.31421 ], [ -56.22044, -21.31399 ], [ -56.22056, -21.31342 ], [ -56.2208, -21.31342 ], [ -56.22092, -21.3132 ], [ -56.22129, -21.3132 ], [ -56.22141, -21.31275 ], [ -56.22153, -21.31275 ], [ -56.22153, -21.31241 ], [ -56.22129, -21.31241 ], [ -56.22129, -21.31207 ], [ -56.22093, -21.31207 ], [ -56.22069, -21.31173 ], [ -56.22069, -21.31105 ], [ -56.22094, -21.31071 ], [ -56.22154, -21.31094 ], [ -56.22154, -21.31071 ], [ -56.22215, -21.31015 ], [ -56.22251, -21.31015 ], [ -56.22251, -21.3097 ], [ -56.22239, -21.3097 ], [ -56.22251, -21.30902 ], [ -56.22312, -21.30891 ], [ -56.2236, -21.30846 ], [ -56.22312, -21.30812 ], [ -56.223, -21.30767 ], [ -56.22312, -21.30767 ], [ -56.22313, -21.30733 ], [ -56.22337, -21.30733 ], [ -56.22337, -21.30677 ], [ -56.22385, -21.30632 ], [ -56.22398, -21.30575 ], [ -56.22422, -21.30564 ], [ -56.22434, -21.30519 ], [ -56.22446, -21.30519 ], [ -56.22447, -21.30474 ], [ -56.22434, -21.30474 ], [ -56.22447, -21.30451 ], [ -56.22495, -21.3044 ], [ -56.22495, -21.30463 ], [ -56.22519, -21.30463 ], [ -56.22543, -21.30486 ], [ -56.22591, -21.30486 ], [ -56.22615, -21.30463 ], [ -56.22676, -21.30464 ], [ -56.22676, -21.30441 ], [ -56.22761, -21.30385 ], [ -56.22785, -21.30317 ], [ -56.22809, -21.30317 ], [ -56.22821, -21.30295 ], [ -56.22833, -21.30306 ], [ -56.22869, -21.30295 ], [ -56.22869, -21.30306 ], [ -56.22966, -21.30307 ], [ -56.22966, -21.30329 ], [ -56.23002, -21.30363 ], [ -56.23062, -21.30352 ], [ -56.23074, -21.3033 ], [ -56.23147, -21.30319 ], [ -56.23147, -21.30308 ], [ -56.23183, -21.30342 ], [ -56.23219, -21.30342 ], [ -56.23231, -21.30331 ], [ -56.23232, -21.30184 ], [ -56.23256, -21.3015 ], [ -56.23257, -21.30071 ], [ -56.23317, -21.3006 ], [ -56.23317, -21.30037 ], [ -56.23353, -21.30026 ], [ -56.23354, -21.29958 ], [ -56.2333, -21.29935 ], [ -56.2333, -21.2989 ], [ -56.23306, -21.29856 ], [ -56.23306, -21.298 ], [ -56.2279, -21.29312 ], [ -56.22658, -21.29277 ], [ -56.22658, -21.29266 ], [ -56.2261, -21.29266 ], [ -56.2261, -21.29254 ], [ -56.22537, -21.29265 ], [ -56.22537, -21.29254 ], [ -56.22501, -21.29254 ], [ -56.22477, -21.2922 ], [ -56.22477, -21.29186 ], [ -56.22453, -21.29163 ], [ -56.22454, -21.29129 ], [ -56.22393, -21.29129 ], [ -56.22357, -21.29084 ], [ -56.22297, -21.29072 ], [ -56.22297, -21.29049 ], [ -56.22249, -21.29049 ], [ -56.22225, -21.28993 ], [ -56.22189, -21.28958 ], [ -56.22057, -21.28958 ], [ -56.22093, -21.28935 ], [ -56.22105, -21.2889 ], [ -56.22214, -21.2888 ], [ -56.22226, -21.28902 ], [ -56.22286, -21.28914 ], [ -56.22286, -21.28925 ], [ -56.22334, -21.28925 ], [ -56.22334, -21.28903 ], [ -56.22358, -21.28903 ], [ -56.22359, -21.28812 ], [ -56.22323, -21.28767 ], [ -56.22312, -21.28631 ], [ -56.22251, -21.28631 ], [ -56.22239, -21.28608 ], [ -56.22215, -21.28608 ], [ -56.22216, -21.28529 ], [ -56.2224, -21.28495 ], [ -56.2224, -21.28439 ], [ -56.22216, -21.28416 ], [ -56.22217, -21.28348 ], [ -56.22229, -21.28348 ], [ -56.22217, -21.28315 ], [ -56.22241, -21.28303 ], [ -56.22241, -21.28247 ], [ -56.22205, -21.28224 ], [ -56.22193, -21.28168 ], [ -56.22157, -21.28156 ], [ -56.22157, -21.28133 ], [ -56.22121, -21.28133 ], [ -56.22121, -21.28099 ], [ -56.22097, -21.28099 ], [ -56.22074, -21.28009 ], [ -56.22026, -21.27963 ], [ -56.21977, -21.27963 ], [ -56.21978, -21.27941 ], [ -56.22002, -21.27929 ], [ -56.2199, -21.27839 ], [ -56.22075, -21.27817 ], [ -56.22099, -21.27794 ], [ -56.22099, -21.27772 ], [ -56.22135, -21.27749 ], [ -56.22124, -21.27659 ], [ -56.22136, -21.27659 ], [ -56.22136, -21.27602 ], [ -56.2216, -21.27569 ], [ -56.22245, -21.27603 ], [ -56.2228, -21.27659 ], [ -56.22389, -21.27683 ], [ -56.22389, -21.27716 ], [ -56.22413, -21.27739 ], [ -56.22497, -21.27751 ], [ -56.22509, -21.27762 ], [ -56.22509, -21.2783 ], [ -56.22521, -21.2783 ], [ -56.22521, -21.27853 ], [ -56.22557, -21.27853 ], [ -56.22557, -21.27875 ], [ -56.22581, -21.27853 ], [ -56.22605, -21.27853 ], [ -56.22617, -21.2783 ], [ -56.22653, -21.27831 ], [ -56.22713, -21.27887 ], [ -56.22774, -21.27876 ], [ -56.22822, -21.27911 ], [ -56.2287, -21.27911 ], [ -56.22846, -21.27933 ], [ -56.22845, -21.28012 ], [ -56.22929, -21.28047 ], [ -56.22953, -21.28103 ], [ -56.2305, -21.28092 ], [ -56.23062, -21.28104 ], [ -56.23098, -21.2807 ], [ -56.23111, -21.27991 ], [ -56.23135, -21.27991 ], [ -56.23147, -21.27957 ], [ -56.23171, -21.27957 ], [ -56.23183, -21.2798 ], [ -56.23304, -21.27969 ], [ -56.23316, -21.27981 ], [ -56.23315, -21.28048 ], [ -56.23375, -21.2806 ], [ -56.23376, -21.28049 ], [ -56.23412, -21.28049 ], [ -56.23424, -21.28071 ], [ -56.23484, -21.28083 ], [ -56.23484, -21.28106 ], [ -56.2352, -21.28106 ], [ -56.23532, -21.28162 ], [ -56.237, -21.28174 ], [ -56.237, -21.28186 ], [ -56.23773, -21.28197 ], [ -56.23785, -21.2822 ], [ -56.23809, -21.2822 ], [ -56.23809, -21.28243 ], [ -56.23857, -21.28243 ], [ -56.23893, -21.28266 ], [ -56.23917, -21.28266 ], [ -56.23953, -21.28221 ], [ -56.24014, -21.28221 ], [ -56.24062, -21.28266 ], [ -56.24122, -21.28267 ], [ -56.24134, -21.28188 ], [ -56.24183, -21.28177 ], [ -56.24183, -21.2812 ], [ -56.24207, -21.28109 ], [ -56.24231, -21.28053 ], [ -56.24268, -21.28041 ], [ -56.24268, -21.28019 ], [ -56.24304, -21.28019 ], [ -56.24328, -21.28042 ], [ -56.24412, -21.28042 ], [ -56.24412, -21.28053 ], [ -56.24545, -21.28054 ], [ -56.24581, -21.28099 ], [ -56.24605, -21.28099 ], [ -56.24605, -21.28122 ], [ -56.24701, -21.28111 ], [ -56.24738, -21.28077 ], [ -56.24738, -21.28021 ], [ -56.24762, -21.28021 ], [ -56.2481, -21.281 ], [ -56.24858, -21.28101 ], [ -56.24858, -21.28123 ], [ -56.24882, -21.28123 ], [ -56.24882, -21.28135 ], [ -56.24966, -21.28135 ], [ -56.24991, -21.28112 ], [ -56.24991, -21.2809 ], [ -56.24979, -21.2809 ], [ -56.24979, -21.28056 ], [ -56.24955, -21.28056 ], [ -56.24931, -21.28033 ], [ -56.24931, -21.27999 ], [ -56.25003, -21.27988 ], [ -56.25028, -21.27966 ], [ -56.251, -21.27966 ], [ -56.251, -21.27921 ], [ -56.2516, -21.2791 ], [ -56.25173, -21.27876 ], [ -56.25209, -21.27865 ], [ -56.25209, -21.27831 ], [ -56.25233, -21.27808 ], [ -56.25318, -21.27809 ], [ -56.25354, -21.27854 ], [ -56.25365, -21.27922 ], [ -56.25474, -21.27922 ], [ -56.25474, -21.27979 ], [ -56.25498, -21.28002 ], [ -56.2557, -21.27991 ], [ -56.2563, -21.28025 ], [ -56.25642, -21.28025 ], [ -56.25642, -21.28002 ], [ -56.25666, -21.28002 ], [ -56.25679, -21.27957 ], [ -56.25691, -21.27957 ], [ -56.25691, -21.27935 ], [ -56.25703, -21.27935 ], [ -56.25691, -21.2789 ], [ -56.25703, -21.2789 ], [ -56.25775, -21.27969 ], [ -56.25799, -21.27969 ], [ -56.25787, -21.28026 ], [ -56.25763, -21.28048 ], [ -56.25762, -21.28071 ], [ -56.25738, -21.28082 ], [ -56.25738, -21.28104 ], [ -56.2575, -21.28104 ], [ -56.2575, -21.28161 ], [ -56.25774, -21.28161 ], [ -56.25774, -21.28195 ], [ -56.2581, -21.28229 ], [ -56.2581, -21.28263 ], [ -56.25786, -21.28285 ], [ -56.25773, -21.28376 ], [ -56.25749, -21.28376 ], [ -56.25737, -21.28398 ], [ -56.25592, -21.28386 ], [ -56.25592, -21.28431 ], [ -56.25616, -21.28443 ], [ -56.25616, -21.28465 ], [ -56.25652, -21.28466 ], [ -56.25736, -21.28556 ], [ -56.2576, -21.28557 ], [ -56.25784, -21.28602 ], [ -56.25868, -21.28614 ], [ -56.2588, -21.28681 ], [ -56.25856, -21.28704 ], [ -56.25856, -21.28726 ], [ -56.25904, -21.28727 ], [ -56.25952, -21.28817 ], [ -56.25988, -21.28817 ], [ -56.26, -21.28795 ], [ -56.26072, -21.28773 ], [ -56.26109, -21.28739 ], [ -56.26109, -21.28694 ], [ -56.26218, -21.28694 ], [ -56.26241, -21.28717 ], [ -56.26314, -21.28717 ], [ -56.26338, -21.28695 ], [ -56.26374, -21.28695 ], [ -56.26434, -21.2874 ], [ -56.26434, -21.28763 ], [ -56.26519, -21.28752 ], [ -56.26519, -21.28763 ], [ -56.26555, -21.28763 ], [ -56.26567, -21.28786 ], [ -56.26615, -21.28786 ], [ -56.26639, -21.28764 ], [ -56.26663, -21.28764 ], [ -56.26712, -21.28708 ], [ -56.26748, -21.28708 ], [ -56.26772, -21.28685 ], [ -56.26857, -21.28686 ], [ -56.26868, -21.28708 ], [ -56.26905, -21.28708 ], [ -56.26929, -21.28731 ], [ -56.27073, -21.28743 ], [ -56.27061, -21.28777 ], [ -56.27085, -21.28811 ], [ -56.27169, -21.28823 ], [ -56.27181, -21.28845 ], [ -56.27205, -21.28845 ], [ -56.27193, -21.28879 ], [ -56.27265, -21.28902 ], [ -56.27265, -21.28925 ], [ -56.27289, -21.28925 ], [ -56.27289, -21.28936 ], [ -56.27326, -21.28936 ], [ -56.2735, -21.28914 ], [ -56.27398, -21.28914 ], [ -56.27386, -21.28869 ], [ -56.2741, -21.28846 ], [ -56.27447, -21.28846 ], [ -56.27459, -21.28813 ], [ -56.27543, -21.2879 ], [ -56.27555, -21.28802 ], [ -56.27555, -21.28892 ], [ -56.27579, -21.28903 ], [ -56.27579, -21.28937 ], [ -56.27627, -21.28971 ], [ -56.27651, -21.28972 ], [ -56.27614, -21.29107 ], [ -56.27638, -21.29118 ], [ -56.2765, -21.29164 ], [ -56.27602, -21.29175 ], [ -56.27576, -21.29389 ], [ -56.27636, -21.29446 ], [ -56.27673, -21.29446 ], [ -56.27685, -21.29469 ], [ -56.27709, -21.29469 ], [ -56.27672, -21.29503 ], [ -56.27672, -21.29537 ], [ -56.27708, -21.29571 ], [ -56.27781, -21.29582 ], [ -56.2784, -21.29684 ], [ -56.27901, -21.29696 ], [ -56.27912, -21.29718 ], [ -56.27937, -21.29696 ], [ -56.28021, -21.29696 ], [ -56.28009, -21.29708 ], [ -56.28009, -21.29809 ], [ -56.27984, -21.2982 ], [ -56.27984, -21.29866 ], [ -56.27972, -21.29866 ], [ -56.2796, -21.29922 ], [ -56.28032, -21.29934 ], [ -56.28032, -21.29911 ], [ -56.28092, -21.299 ], [ -56.28093, -21.29877 ], [ -56.28105, -21.29877 ], [ -56.28117, -21.29911 ], [ -56.28141, -21.29912 ], [ -56.28153, -21.29934 ], [ -56.28213, -21.29957 ], [ -56.28213, -21.2998 ], [ -56.28237, -21.29991 ], [ -56.28236, -21.30036 ], [ -56.28249, -21.30036 ], [ -56.28248, -21.30138 ], [ -56.28296, -21.30183 ], [ -56.28308, -21.30274 ], [ -56.28356, -21.30285 ], [ -56.28368, -21.30308 ], [ -56.28428, -21.3032 ], [ -56.28452, -21.30354 ], [ -56.28476, -21.30354 ], [ -56.28476, -21.30376 ], [ -56.285, -21.30399 ], [ -56.28536, -21.3041 ], [ -56.28548, -21.30399 ], [ -56.2862, -21.30467 ], [ -56.28608, -21.30535 ], [ -56.2862, -21.30535 ], [ -56.2862, -21.3058 ], [ -56.28608, -21.3058 ], [ -56.28595, -21.30637 ], [ -56.28643, -21.30682 ], [ -56.28667, -21.30682 ], [ -56.28667, -21.30739 ], [ -56.28679, -21.30739 ], [ -56.28679, -21.30773 ], [ -56.28643, -21.30806 ], [ -56.2851, -21.30794 ], [ -56.28498, -21.30828 ], [ -56.28546, -21.30862 ], [ -56.28546, -21.30919 ], [ -56.28522, -21.30919 ], [ -56.28509, -21.30941 ], [ -56.2857, -21.30942 ], [ -56.28606, -21.30976 ], [ -56.2863, -21.30976 ], [ -56.28629, -21.31111 ], [ -56.28605, -21.31123 ], [ -56.28593, -21.31213 ], [ -56.28568, -21.31235 ], [ -56.28544, -21.31235 ], [ -56.28544, -21.31258 ], [ -56.28568, -21.31269 ], [ -56.28568, -21.31303 ], [ -56.28532, -21.31326 ], [ -56.28532, -21.31348 ], [ -56.2858, -21.31394 ], [ -56.28567, -21.31507 ], [ -56.28627, -21.31586 ], [ -56.28627, -21.3162 ], [ -56.28651, -21.3162 ], [ -56.28651, -21.31654 ], [ -56.28663, -21.31654 ], [ -56.28662, -21.31778 ], [ -56.28686, -21.31812 ], [ -56.28674, -21.31891 ], [ -56.28662, -21.31891 ], [ -56.28673, -21.32016 ], [ -56.28661, -21.32015 ], [ -56.28637, -21.32083 ], [ -56.28347, -21.32071 ], [ -56.28335, -21.32105 ], [ -56.28311, -21.32104 ], [ -56.28311, -21.32127 ], [ -56.28287, -21.32149 ], [ -56.28178, -21.32149 ], [ -56.28165, -21.32307 ], [ -56.28201, -21.32341 ], [ -56.28213, -21.32454 ], [ -56.28358, -21.32432 ], [ -56.2837, -21.32398 ], [ -56.2843, -21.32399 ], [ -56.2843, -21.32421 ], [ -56.28466, -21.32421 ], [ -56.28466, -21.3241 ], [ -56.28551, -21.32388 ], [ -56.28575, -21.32422 ], [ -56.28647, -21.32422 ], [ -56.28647, -21.32411 ], [ -56.28732, -21.324 ], [ -56.28756, -21.32366 ], [ -56.28756, -21.32332 ], [ -56.28852, -21.32367 ], [ -56.28876, -21.32344 ], [ -56.28877, -21.3231 ], [ -56.28949, -21.32311 ], [ -56.28985, -21.32277 ], [ -56.29058, -21.32277 ], [ -56.29094, -21.32322 ], [ -56.2913, -21.32323 ], [ -56.29118, -21.32277 ], [ -56.29166, -21.32266 ], [ -56.29166, -21.32255 ], [ -56.29275, -21.32267 ], [ -56.29311, -21.32233 ], [ -56.29311, -21.32199 ], [ -56.29348, -21.32199 ], [ -56.29396, -21.32154 ], [ -56.2942, -21.32154 ], [ -56.2942, -21.32166 ], [ -56.29517, -21.32166 ], [ -56.29564, -21.32234 ], [ -56.29625, -21.32257 ], [ -56.29624, -21.32291 ], [ -56.29685, -21.32314 ], [ -56.2966, -21.32347 ], [ -56.29612, -21.32358 ], [ -56.29612, -21.32381 ], [ -56.29648, -21.32415 ], [ -56.29648, -21.3246 ], [ -56.29623, -21.32494 ], [ -56.29648, -21.32494 ], [ -56.2966, -21.32517 ], [ -56.2972, -21.32517 ], [ -56.29732, -21.32551 ], [ -56.29756, -21.32551 ], [ -56.29756, -21.32574 ], [ -56.29768, -21.32574 ], [ -56.2978, -21.32517 ], [ -56.2984, -21.32529 ], [ -56.29877, -21.32495 ], [ -56.29913, -21.32495 ], [ -56.29949, -21.32541 ], [ -56.29949, -21.32575 ], [ -56.29985, -21.32597 ], [ -56.29985, -21.3262 ], [ -56.30045, -21.32631 ], [ -56.30057, -21.32564 ], [ -56.30106, -21.3253 ], [ -56.30106, -21.32485 ], [ -56.30142, -21.32474 ], [ -56.30142, -21.32451 ], [ -56.30215, -21.32451 ], [ -56.30251, -21.32485 ], [ -56.3025, -21.32519 ], [ -56.30299, -21.3252 ], [ -56.30299, -21.32531 ], [ -56.30407, -21.32531 ], [ -56.30419, -21.3252 ], [ -56.30431, -21.32531 ], [ -56.30431, -21.32497 ], [ -56.30456, -21.32464 ], [ -56.30564, -21.32464 ], [ -56.30564, -21.32521 ], [ -56.30588, -21.32532 ], [ -56.30588, -21.32555 ], [ -56.30636, -21.32566 ], [ -56.30636, -21.32555 ], [ -56.30672, -21.32555 ], [ -56.30684, -21.326 ], [ -56.30732, -21.32634 ], [ -56.30744, -21.3268 ], [ -56.30792, -21.3268 ], [ -56.30816, -21.32714 ], [ -56.30901, -21.32714 ], [ -56.30901, -21.32737 ], [ -56.30937, -21.32759 ], [ -56.30937, -21.32782 ], [ -56.30973, -21.32794 ], [ -56.30973, -21.32827 ], [ -56.30997, -21.32839 ], [ -56.30996, -21.32895 ], [ -56.31008, -21.32895 ], [ -56.3102, -21.32963 ], [ -56.31141, -21.32964 ], [ -56.31165, -21.32986 ], [ -56.31225, -21.32998 ], [ -56.31249, -21.33032 ], [ -56.31406, -21.33044 ], [ -56.3143, -21.33021 ], [ -56.3143, -21.32931 ], [ -56.31455, -21.32931 ], [ -56.31454, -21.32954 ], [ -56.31515, -21.32965 ], [ -56.31563, -21.33011 ], [ -56.3155, -21.33124 ], [ -56.31598, -21.33124 ], [ -56.3161, -21.33146 ], [ -56.31671, -21.33147 ], [ -56.31731, -21.33192 ], [ -56.31779, -21.33192 ], [ -56.31815, -21.3317 ], [ -56.31875, -21.33193 ], [ -56.31888, -21.3317 ], [ -56.3196, -21.3317 ], [ -56.3196, -21.33182 ], [ -56.3202, -21.33193 ], [ -56.32032, -21.33216 ], [ -56.32068, -21.33216 ], [ -56.32105, -21.33194 ], [ -56.32237, -21.33172 ], [ -56.32262, -21.33149 ], [ -56.32322, -21.33161 ], [ -56.32334, -21.33104 ], [ -56.3231, -21.33093 ], [ -56.3231, -21.33025 ], [ -56.32322, -21.33025 ], [ -56.32323, -21.32991 ], [ -56.32371, -21.32924 ], [ -56.32492, -21.32924 ], [ -56.32504, -21.32958 ], [ -56.32564, -21.32958 ], [ -56.32612, -21.32902 ], [ -56.32649, -21.32891 ], [ -56.32697, -21.32925 ], [ -56.32708, -21.33015 ], [ -56.32769, -21.33016 ], [ -56.32781, -21.33038 ], [ -56.32829, -21.33038 ], [ -56.32829, -21.3305 ], [ -56.32998, -21.33028 ], [ -56.33094, -21.3313 ], [ -56.33251, -21.33142 ], [ -56.33323, -21.3321 ], [ -56.33322, -21.33289 ], [ -56.33358, -21.33278 ], [ -56.33383, -21.33244 ], [ -56.33359, -21.33187 ], [ -56.33383, -21.33165 ], [ -56.33528, -21.33154 ], [ -56.3354, -21.33132 ], [ -56.33564, -21.33132 ], [ -56.33588, -21.33109 ], [ -56.33589, -21.33064 ], [ -56.33625, -21.33064 ], [ -56.33637, -21.33087 ], [ -56.33697, -21.33087 ], [ -56.33697, -21.33076 ], [ -56.33757, -21.33076 ], [ -56.33806, -21.33042 ], [ -56.33999, -21.33066 ], [ -56.3401, -21.33111 ], [ -56.34047, -21.33145 ], [ -56.34046, -21.33201 ], [ -56.34082, -21.33224 ], [ -56.3407, -21.33303 ], [ -56.3413, -21.33315 ], [ -56.3413, -21.33303 ], [ -56.34166, -21.33304 ], [ -56.34215, -21.33338 ], [ -56.34226, -21.33372 ], [ -56.34263, -21.33372 ], [ -56.34263, -21.33383 ], [ -56.34395, -21.33372 ], [ -56.34395, -21.33384 ], [ -56.34419, -21.33384 ], [ -56.34456, -21.33361 ], [ -56.34456, -21.33339 ], [ -56.34492, -21.33339 ], [ -56.34552, -21.33373 ], [ -56.34673, -21.33362 ], [ -56.34673, -21.33373 ], [ -56.34805, -21.33385 ], [ -56.34829, -21.33408 ], [ -56.34829, -21.33397 ], [ -56.34902, -21.33385 ], [ -56.34914, -21.33352 ], [ -56.34998, -21.33352 ], [ -56.35035, -21.33284 ], [ -56.35095, -21.33285 ], [ -56.35107, -21.33307 ], [ -56.35167, -21.3333 ], [ -56.35191, -21.33375 ], [ -56.35239, -21.33375 ], [ -56.35239, -21.33398 ], [ -56.35264, -21.33398 ], [ -56.35263, -21.33421 ], [ -56.35336, -21.3341 ], [ -56.35336, -21.33455 ], [ -56.3536, -21.33455 ], [ -56.35372, -21.33478 ], [ -56.35468, -21.33478 ], [ -56.3548, -21.33512 ], [ -56.35516, -21.33512 ], [ -56.35516, -21.33523 ], [ -56.35577, -21.33512 ], [ -56.35613, -21.33546 ], [ -56.35733, -21.33547 ], [ -56.35757, -21.3357 ], [ -56.35805, -21.3357 ], [ -56.35805, -21.33581 ], [ -56.35986, -21.3357 ], [ -56.35986, -21.33548 ], [ -56.35999, -21.33548 ], [ -56.3601, -21.33627 ], [ -56.36034, -21.33661 ], [ -56.36107, -21.3365 ], [ -56.36107, -21.33661 ], [ -56.36155, -21.33661 ], [ -56.36167, -21.33684 ], [ -56.36191, -21.33684 ], [ -56.36203, -21.33662 ], [ -56.36288, -21.33662 ], [ -56.36288, -21.33651 ], [ -56.36372, -21.33651 ], [ -56.36372, -21.33662 ], [ -56.3642, -21.33662 ], [ -56.3642, -21.33674 ], [ -56.36517, -21.33663 ], [ -56.36516, -21.33765 ], [ -56.36613, -21.33776 ], [ -56.366, -21.33844 ], [ -56.36624, -21.33855 ], [ -56.36624, -21.33878 ], [ -56.3666, -21.33912 ], [ -56.36757, -21.33901 ], [ -56.36793, -21.33935 ], [ -56.36817, -21.33935 ], [ -56.36817, -21.33913 ], [ -56.36878, -21.33879 ], [ -56.36926, -21.33924 ], [ -56.36937, -21.3397 ], [ -56.3695, -21.3397 ], [ -56.36949, -21.34015 ], [ -56.36985, -21.3406 ], [ -56.37034, -21.34049 ], [ -56.37058, -21.34026 ], [ -56.37094, -21.34027 ], [ -56.37094, -21.34038 ], [ -56.37215, -21.34027 ], [ -56.37227, -21.3405 ], [ -56.37371, -21.3405 ], [ -56.37407, -21.34084 ], [ -56.37468, -21.34107 ], [ -56.37479, -21.34175 ], [ -56.37564, -21.34164 ], [ -56.37588, -21.34051 ], [ -56.37637, -21.33983 ], [ -56.37613, -21.33961 ], [ -56.37637, -21.33938 ], [ -56.37637, -21.33904 ], [ -56.3771, -21.33916 ], [ -56.37746, -21.3395 ], [ -56.3783, -21.3395 ], [ -56.3783, -21.33962 ], [ -56.37902, -21.33962 ], [ -56.37902, -21.33951 ], [ -56.37927, -21.33951 ], [ -56.37927, -21.33928 ], [ -56.37951, -21.33906 ], [ -56.38011, -21.33906 ], [ -56.38035, -21.33985 ], [ -56.38095, -21.34042 ], [ -56.3807, -21.34166 ], [ -56.38119, -21.34166 ], [ -56.38119, -21.34155 ], [ -56.38167, -21.34166 ], [ -56.38179, -21.34155 ], [ -56.38227, -21.34189 ], [ -56.38239, -21.34223 ], [ -56.38275, -21.34223 ], [ -56.38299, -21.34201 ], [ -56.38323, -21.34235 ], [ -56.38504, -21.34247 ], [ -56.38516, -21.34292 ], [ -56.38601, -21.34303 ], [ -56.38612, -21.34326 ], [ -56.38673, -21.34326 ], [ -56.38733, -21.34394 ], [ -56.38781, -21.34394 ], [ -56.38805, -21.34372 ], [ -56.38805, -21.34338 ], [ -56.38817, -21.34338 ], [ -56.38817, -21.34383 ], [ -56.38841, -21.34395 ], [ -56.38853, -21.34429 ], [ -56.38962, -21.34418 ], [ -56.38962, -21.34406 ], [ -56.39034, -21.34384 ], [ -56.39058, -21.34407 ], [ -56.39058, -21.34452 ], [ -56.39034, -21.34474 ], [ -56.39034, -21.34531 ], [ -56.3907, -21.34542 ], [ -56.39082, -21.34622 ], [ -56.39118, -21.34622 ], [ -56.3913, -21.34644 ], [ -56.39166, -21.34644 ], [ -56.39166, -21.34656 ], [ -56.3925, -21.34645 ], [ -56.3925, -21.34656 ], [ -56.39287, -21.34656 ], [ -56.39323, -21.3469 ], [ -56.39322, -21.34724 ], [ -56.39347, -21.34724 ], [ -56.39407, -21.34668 ], [ -56.39492, -21.34657 ], [ -56.39504, -21.34634 ], [ -56.39528, -21.34634 ], [ -56.39552, -21.34612 ], [ -56.39552, -21.34589 ], [ -56.39625, -21.3459 ], [ -56.39649, -21.34624 ], [ -56.39745, -21.34613 ], [ -56.39745, -21.34635 ], [ -56.39781, -21.34658 ], [ -56.39781, -21.34681 ], [ -56.39805, -21.34681 ], [ -56.39829, -21.34658 ], [ -56.39842, -21.34624 ], [ -56.39866, -21.34624 ], [ -56.3989, -21.34647 ], [ -56.39938, -21.34647 ], [ -56.39938, -21.34659 ], [ -56.39998, -21.34659 ], [ -56.40035, -21.34602 ], [ -56.40083, -21.34648 ], [ -56.40131, -21.34648 ], [ -56.40167, -21.34614 ], [ -56.40191, -21.34614 ], [ -56.40192, -21.34535 ], [ -56.4018, -21.34535 ], [ -56.40168, -21.34479 ], [ -56.40313, -21.34479 ], [ -56.40373, -21.34513 ], [ -56.40481, -21.34514 ], [ -56.40481, -21.3448 ], [ -56.40506, -21.3448 ], [ -56.4053, -21.34457 ], [ -56.4053, -21.34435 ], [ -56.40566, -21.34435 ], [ -56.40566, -21.34423 ], [ -56.40638, -21.34424 ], [ -56.40638, -21.34446 ], [ -56.40735, -21.34447 ], [ -56.40735, -21.34458 ], [ -56.40831, -21.34447 ], [ -56.40831, -21.34436 ], [ -56.40928, -21.34436 ], [ -56.4094, -21.3447 ], [ -56.40976, -21.3447 ], [ -56.41024, -21.34504 ], [ -56.41048, -21.3464 ], [ -56.41132, -21.34629 ], [ -56.41168, -21.34595 ], [ -56.41181, -21.34539 ], [ -56.41289, -21.34505 ], [ -56.41362, -21.34573 ], [ -56.41349, -21.34596 ], [ -56.41313, -21.34596 ], [ -56.41313, -21.34618 ], [ -56.41301, -21.34618 ], [ -56.41301, -21.34675 ], [ -56.41313, -21.34675 ], [ -56.41301, -21.34709 ], [ -56.41337, -21.34754 ], [ -56.41325, -21.34754 ], [ -56.41324, -21.34788 ], [ -56.413, -21.34799 ], [ -56.413, -21.34822 ], [ -56.41276, -21.34833 ], [ -56.41276, -21.34867 ], [ -56.41324, -21.34935 ], [ -56.41312, -21.34968 ], [ -56.41336, -21.3498 ], [ -56.41336, -21.35025 ], [ -56.4136, -21.35048 ], [ -56.4142, -21.35059 ], [ -56.4142, -21.35048 ], [ -56.41444, -21.35048 ], [ -56.41444, -21.35025 ], [ -56.41468, -21.35003 ], [ -56.41625, -21.35003 ], [ -56.41625, -21.34936 ], [ -56.4165, -21.34913 ], [ -56.41794, -21.34914 ], [ -56.41854, -21.35038 ], [ -56.4189, -21.35038 ], [ -56.41938, -21.35106 ], [ -56.41987, -21.35106 ], [ -56.42011, -21.35129 ], [ -56.42011, -21.35152 ], [ -56.42107, -21.35152 ], [ -56.42131, -21.3513 ], [ -56.42131, -21.35141 ], [ -56.42288, -21.35153 ], [ -56.42288, -21.35187 ], [ -56.42384, -21.35198 ], [ -56.42384, -21.35209 ], [ -56.42445, -21.3521 ], [ -56.42445, -21.35198 ], [ -56.42541, -21.3521 ], [ -56.42553, -21.35187 ], [ -56.42626, -21.35199 ], [ -56.42637, -21.35233 ], [ -56.42613, -21.35233 ], [ -56.42601, -21.35278 ], [ -56.42553, -21.35312 ], [ -56.42552, -21.3538 ], [ -56.42661, -21.35391 ], [ -56.42685, -21.35482 ], [ -56.42661, -21.35493 ], [ -56.4266, -21.35527 ], [ -56.42684, -21.3555 ], [ -56.42733, -21.35561 ], [ -56.42745, -21.35538 ], [ -56.42769, -21.35539 ], [ -56.42781, -21.35584 ], [ -56.42841, -21.35595 ], [ -56.42853, -21.35618 ], [ -56.42889, -21.35618 ], [ -56.42925, -21.35652 ], [ -56.42937, -21.35709 ], [ -56.42925, -21.35709 ], [ -56.42925, -21.35731 ], [ -56.42901, -21.35731 ], [ -56.42889, -21.35776 ], [ -56.42865, -21.35787 ], [ -56.42864, -21.35821 ], [ -56.42949, -21.35833 ], [ -56.42973, -21.35889 ], [ -56.43081, -21.3589 ], [ -56.43081, -21.35958 ], [ -56.43129, -21.35992 ], [ -56.43213, -21.36015 ], [ -56.43213, -21.36037 ], [ -56.4325, -21.36049 ], [ -56.43261, -21.36071 ], [ -56.4337, -21.3606 ], [ -56.4337, -21.36072 ], [ -56.43418, -21.36072 ], [ -56.43442, -21.36094 ], [ -56.43503, -21.36095 ], [ -56.43551, -21.36061 ], [ -56.43551, -21.36038 ], [ -56.43587, -21.36038 ], [ -56.43587, -21.3605 ], [ -56.43684, -21.36039 ], [ -56.43696, -21.36016 ], [ -56.43732, -21.36005 ], [ -56.43732, -21.35971 ], [ -56.43793, -21.35971 ], [ -56.43829, -21.36005 ], [ -56.43829, -21.35971 ], [ -56.43877, -21.35949 ], [ -56.43913, -21.35915 ], [ -56.43914, -21.35893 ], [ -56.4395, -21.35893 ], [ -56.43986, -21.35916 ], [ -56.44082, -21.35905 ], [ -56.44082, -21.35893 ], [ -56.44107, -21.35905 ], [ -56.44107, -21.35893 ], [ -56.44143, -21.35893 ], [ -56.44179, -21.35848 ], [ -56.44251, -21.35849 ], [ -56.44252, -21.35837 ], [ -56.443, -21.35826 ], [ -56.443, -21.35849 ], [ -56.44444, -21.35849 ], [ -56.44565, -21.35917 ], [ -56.44625, -21.35918 ], [ -56.44649, -21.35963 ], [ -56.44794, -21.35952 ], [ -56.44794, -21.35963 ], [ -56.4483, -21.35963 ], [ -56.44842, -21.36009 ], [ -56.4489, -21.36043 ], [ -56.4489, -21.36111 ], [ -56.44878, -21.36122 ], [ -56.4489, -21.36122 ], [ -56.4489, -21.36178 ], [ -56.44986, -21.36167 ], [ -56.45022, -21.36145 ], [ -56.45022, -21.36122 ], [ -56.45059, -21.36122 ], [ -56.45059, -21.36111 ], [ -56.45083, -21.36111 ], [ -56.45083, -21.36089 ], [ -56.45119, -21.36077 ], [ -56.45155, -21.36111 ], [ -56.45167, -21.36213 ], [ -56.45263, -21.36281 ], [ -56.4536, -21.36293 ], [ -56.45384, -21.3627 ], [ -56.45384, -21.36248 ], [ -56.4542, -21.36237 ], [ -56.45456, -21.36192 ], [ -56.45517, -21.36203 ], [ -56.45517, -21.36214 ], [ -56.45601, -21.36215 ], [ -56.45601, -21.36237 ], [ -56.45625, -21.36237 ], [ -56.45661, -21.36283 ], [ -56.45673, -21.36384 ], [ -56.45709, -21.36407 ], [ -56.45745, -21.36407 ], [ -56.45745, -21.36396 ], [ -56.45806, -21.36396 ], [ -56.45818, -21.3634 ], [ -56.45914, -21.3634 ], [ -56.45926, -21.36317 ], [ -56.45999, -21.36318 ], [ -56.46035, -21.36284 ], [ -56.46035, -21.36239 ], [ -56.46132, -21.36239 ], [ -56.46168, -21.36149 ], [ -56.4618, -21.36149 ], [ -56.46193, -21.36058 ], [ -56.46253, -21.36036 ], [ -56.46265, -21.36115 ], [ -56.46289, -21.36126 ], [ -56.46277, -21.36183 ], [ -56.46301, -21.36206 ], [ -56.46301, -21.36239 ], [ -56.46313, -21.3624 ], [ -56.463, -21.3633 ], [ -56.46264, -21.36364 ], [ -56.46276, -21.36375 ], [ -56.46276, -21.36533 ], [ -56.46288, -21.36533 ], [ -56.46288, -21.36556 ], [ -56.46251, -21.3659 ], [ -56.46251, -21.36725 ], [ -56.46227, -21.36748 ], [ -56.46226, -21.36827 ], [ -56.46166, -21.36838 ], [ -56.46153, -21.3694 ], [ -56.46093, -21.36985 ], [ -56.4608, -21.37131 ], [ -56.46092, -21.37131 ], [ -56.46092, -21.37165 ], [ -56.46056, -21.37199 ], [ -56.46056, -21.37278 ], [ -56.46044, -21.37278 ], [ -56.46043, -21.37335 ], [ -56.46067, -21.37346 ], [ -56.46079, -21.37403 ], [ -56.46128, -21.37403 ], [ -56.4614, -21.37425 ], [ -56.46188, -21.37426 ], [ -56.46188, -21.37437 ], [ -56.46272, -21.37437 ], [ -56.46272, -21.37448 ], [ -56.46308, -21.37449 ], [ -56.46356, -21.37494 ], [ -56.46453, -21.37506 ], [ -56.46477, -21.37528 ], [ -56.46537, -21.37528 ], [ -56.46549, -21.37562 ], [ -56.46597, -21.37574 ], [ -56.46621, -21.37619 ], [ -56.46706, -21.37631 ], [ -56.46754, -21.37699 ], [ -56.4679, -21.37699 ], [ -56.46802, -21.37665 ], [ -56.46911, -21.37677 ], [ -56.46911, -21.37688 ], [ -56.46959, -21.37677 ], [ -56.46959, -21.37722 ], [ -56.46983, -21.37733 ], [ -56.46983, -21.37767 ], [ -56.47019, -21.37767 ], [ -56.47079, -21.37824 ], [ -56.47091, -21.37858 ], [ -56.47115, -21.37858 ], [ -56.47115, -21.37869 ], [ -56.47176, -21.37858 ], [ -56.47224, -21.37903 ], [ -56.47272, -21.37892 ], [ -56.47284, -21.37858 ], [ -56.4732, -21.37859 ], [ -56.4732, -21.37847 ], [ -56.47393, -21.37848 ], [ -56.47393, -21.37859 ], [ -56.47441, -21.37859 ], [ -56.47441, -21.3787 ], [ -56.47574, -21.37871 ], [ -56.4761, -21.37814 ], [ -56.47634, -21.37814 ], [ -56.4767, -21.37781 ], [ -56.47743, -21.37781 ], [ -56.47791, -21.37815 ], [ -56.47875, -21.37815 ], [ -56.47875, -21.37826 ], [ -56.4796, -21.37838 ], [ -56.48008, -21.37895 ], [ -56.48008, -21.37951 ], [ -56.47935, -21.38019 ], [ -56.47947, -21.38087 ], [ -56.47911, -21.38109 ], [ -56.4791, -21.38132 ], [ -56.47886, -21.38132 ], [ -56.47886, -21.38154 ], [ -56.4791, -21.38154 ], [ -56.47946, -21.382 ], [ -56.47995, -21.382 ], [ -56.47995, -21.38188 ], [ -56.48031, -21.38188 ], [ -56.48031, -21.38166 ], [ -56.48067, -21.38166 ], [ -56.4808, -21.38098 ], [ -56.48128, -21.38098 ], [ -56.4814, -21.38132 ], [ -56.48164, -21.38144 ], [ -56.48164, -21.38166 ], [ -56.48224, -21.38155 ], [ -56.48236, -21.38178 ], [ -56.48272, -21.38178 ], [ -56.48345, -21.38133 ], [ -56.48381, -21.38167 ], [ -56.48477, -21.38167 ], [ -56.48489, -21.3819 ], [ -56.48538, -21.38201 ], [ -56.48537, -21.3828 ], [ -56.48561, -21.38292 ], [ -56.48561, -21.38314 ], [ -56.48549, -21.38314 ], [ -56.48537, -21.38371 ], [ -56.48513, -21.38393 ], [ -56.48489, -21.38393 ], [ -56.48488, -21.38472 ], [ -56.48512, -21.38484 ], [ -56.48512, -21.38518 ], [ -56.48536, -21.3854 ], [ -56.485, -21.38574 ], [ -56.48512, -21.38676 ], [ -56.485, -21.38676 ], [ -56.48499, -21.38766 ], [ -56.48512, -21.38766 ], [ -56.48499, -21.38834 ], [ -56.48547, -21.38902 ], [ -56.48559, -21.39083 ], [ -56.48534, -21.39094 ], [ -56.48534, -21.39128 ], [ -56.4851, -21.3915 ], [ -56.48486, -21.3915 ], [ -56.48486, -21.39173 ], [ -56.48534, -21.39173 ], [ -56.48558, -21.39151 ], [ -56.48619, -21.39162 ], [ -56.48619, -21.39151 ], [ -56.48643, -21.39151 ], [ -56.48655, -21.39174 ], [ -56.48679, -21.39174 ], [ -56.48679, -21.39219 ], [ -56.48691, -21.39219 ], [ -56.48691, -21.39208 ], [ -56.48739, -21.39208 ], [ -56.48763, -21.39174 ], [ -56.488, -21.39174 ], [ -56.488, -21.39151 ], [ -56.48848, -21.39152 ], [ -56.48848, -21.3914 ], [ -56.48969, -21.39163 ], [ -56.48969, -21.39174 ], [ -56.49005, -21.39152 ], [ -56.49005, -21.39175 ], [ -56.49041, -21.39175 ], [ -56.49053, -21.39152 ], [ -56.49101, -21.39141 ], [ -56.49126, -21.39118 ], [ -56.49126, -21.39096 ], [ -56.49174, -21.39096 ], [ -56.49186, -21.3913 ], [ -56.49246, -21.3913 ], [ -56.49258, -21.39175 ], [ -56.49342, -21.39221 ], [ -56.49342, -21.39255 ], [ -56.49415, -21.39255 ], [ -56.49439, -21.39199 ], [ -56.49487, -21.39187 ], [ -56.49523, -21.39244 ], [ -56.4956, -21.39244 ], [ -56.49559, -21.39267 ], [ -56.49584, -21.39278 ], [ -56.49583, -21.39312 ], [ -56.49632, -21.39323 ], [ -56.49644, -21.39357 ], [ -56.49692, -21.39369 ], [ -56.49692, -21.39357 ], [ -56.49752, -21.39358 ], [ -56.49764, -21.39414 ], [ -56.49788, -21.39414 ], [ -56.498, -21.39437 ], [ -56.49824, -21.39437 ], [ -56.49824, -21.39426 ], [ -56.49885, -21.39437 ], [ -56.49897, -21.39415 ], [ -56.49921, -21.39415 ], [ -56.49921, -21.39426 ], [ -56.49945, -21.39426 ], [ -56.49945, -21.39471 ], [ -56.49969, -21.39483 ], [ -56.49969, -21.39528 ], [ -56.50053, -21.39505 ], [ -56.50077, -21.39539 ], [ -56.50114, -21.3954 ], [ -56.50126, -21.39562 ], [ -56.50186, -21.39562 ], [ -56.50198, -21.3954 ], [ -56.50282, -21.3954 ], [ -56.50283, -21.39495 ], [ -56.50307, -21.39461 ], [ -56.50295, -21.39371 ], [ -56.50307, -21.39371 ], [ -56.50307, -21.39337 ], [ -56.50344, -21.39326 ], [ -56.50344, -21.3928 ], [ -56.50368, -21.3928 ], [ -56.50393, -21.391 ], [ -56.50441, -21.39088 ], [ -56.50441, -21.39077 ], [ -56.50477, -21.391 ], [ -56.50513, -21.391 ], [ -56.50513, -21.39089 ], [ -56.50574, -21.391 ], [ -56.50574, -21.39078 ], [ -56.5061, -21.39066 ], [ -56.5061, -21.39032 ], [ -56.50634, -21.39021 ], [ -56.50646, -21.38976 ], [ -56.50671, -21.38965 ], [ -56.50671, -21.3892 ], [ -56.50719, -21.38886 ], [ -56.50804, -21.38875 ], [ -56.50804, -21.38796 ], [ -56.50864, -21.38739 ], [ -56.50864, -21.38683 ], [ -56.50913, -21.38672 ], [ -56.50913, -21.38694 ], [ -56.50949, -21.38694 ], [ -56.51033, -21.3874 ], [ -56.51094, -21.3874 ], [ -56.51093, -21.38763 ], [ -56.51118, -21.38763 ], [ -56.5113, -21.38785 ], [ -56.51166, -21.38786 ], [ -56.51166, -21.38774 ], [ -56.51286, -21.38775 ], [ -56.51335, -21.38718 ], [ -56.51383, -21.38707 ], [ -56.51383, -21.38673 ], [ -56.51504, -21.38662 ], [ -56.51516, -21.3864 ], [ -56.51625, -21.3864 ], [ -56.51637, -21.38617 ], [ -56.51673, -21.38617 ], [ -56.51673, -21.38595 ], [ -56.5177, -21.38595 ], [ -56.5183, -21.38561 ], [ -56.51927, -21.38562 ], [ -56.51951, -21.38584 ], [ -56.51975, -21.38584 ], [ -56.51975, -21.38528 ], [ -56.52072, -21.38517 ], [ -56.52108, -21.38472 ], [ -56.52144, -21.38472 ], [ -56.5218, -21.38438 ], [ -56.52265, -21.38438 ], [ -56.52313, -21.38393 ], [ -56.52301, -21.38359 ], [ -56.52326, -21.38337 ], [ -56.52314, -21.38258 ], [ -56.52362, -21.3819 ], [ -56.52435, -21.38202 ], [ -56.52434, -21.38213 ], [ -56.52471, -21.38213 ], [ -56.52483, -21.3819 ], [ -56.52543, -21.38202 ], [ -56.52567, -21.38179 ], [ -56.52567, -21.38157 ], [ -56.52592, -21.38157 ], [ -56.52604, -21.38134 ], [ -56.52652, -21.38146 ], [ -56.52652, -21.38123 ], [ -56.527, -21.38123 ], [ -56.52712, -21.38101 ], [ -56.52773, -21.38101 ], [ -56.52785, -21.38078 ], [ -56.52893, -21.3809 ], [ -56.52918, -21.38067 ], [ -56.52918, -21.37977 ], [ -56.52906, -21.37977 ], [ -56.52894, -21.37932 ], [ -56.5293, -21.37932 ], [ -56.5293, -21.3792 ], [ -56.53014, -21.37932 ], [ -56.53051, -21.37898 ], [ -56.53063, -21.3783 ], [ -56.53075, -21.3783 ], [ -56.53075, -21.37763 ], [ -56.53148, -21.37763 ], [ -56.53148, -21.3774 ], [ -56.5322, -21.37695 ], [ -56.53221, -21.3756 ], [ -56.53257, -21.37515 ], [ -56.53269, -21.37424 ], [ -56.53342, -21.37368 ], [ -56.53342, -21.37345 ], [ -56.5339, -21.37312 ], [ -56.53391, -21.37278 ], [ -56.53415, -21.37255 ], [ -56.53463, -21.37244 ], [ -56.53475, -21.37199 ], [ -56.53499, -21.37199 ], [ -56.53512, -21.37131 ], [ -56.5356, -21.37097 ], [ -56.53512, -21.37041 ], [ -56.53512, -21.36995 ], [ -56.53536, -21.36984 ], [ -56.53561, -21.36928 ], [ -56.53597, -21.36928 ], [ -56.53609, -21.36951 ], [ -56.53693, -21.36939 ], [ -56.53742, -21.36883 ], [ -56.53778, -21.36928 ], [ -56.53814, -21.3694 ], [ -56.53826, -21.36895 ], [ -56.53923, -21.36906 ], [ -56.53935, -21.36884 ], [ -56.53959, -21.36884 ], [ -56.53971, -21.3685 ], [ -56.54056, -21.36816 ], [ -56.54055, -21.36839 ], [ -56.5408, -21.3685 ], [ -56.54079, -21.36941 ], [ -56.54043, -21.36963 ], [ -56.54055, -21.37008 ], [ -56.54067, -21.37008 ], [ -56.54067, -21.37054 ], [ -56.54031, -21.37065 ], [ -56.54031, -21.37087 ], [ -56.54139, -21.3711 ], [ -56.54115, -21.37155 ], [ -56.54151, -21.37189 ], [ -56.54151, -21.37223 ], [ -56.54235, -21.37257 ], [ -56.54235, -21.37291 ], [ -56.54271, -21.37303 ], [ -56.54271, -21.37348 ], [ -56.54283, -21.37348 ], [ -56.54271, -21.37382 ], [ -56.54295, -21.37393 ], [ -56.54356, -21.37314 ], [ -56.54428, -21.37314 ], [ -56.54464, -21.37281 ], [ -56.54464, -21.37258 ], [ -56.54513, -21.37247 ], [ -56.54525, -21.37156 ], [ -56.54489, -21.37145 ], [ -56.54489, -21.37032 ], [ -56.54465, -21.37021 ], [ -56.54465, -21.36987 ], [ -56.54453, -21.36987 ], [ -56.54453, -21.36862 ], [ -56.54466, -21.36862 ], [ -56.54466, -21.36806 ], [ -56.54502, -21.36795 ], [ -56.54526, -21.36761 ], [ -56.54574, -21.3675 ], [ -56.54611, -21.36671 ], [ -56.54647, -21.3666 ], [ -56.54647, -21.36682 ], [ -56.54671, -21.36694 ], [ -56.54659, -21.36705 ], [ -56.54671, -21.36795 ], [ -56.54659, -21.36807 ], [ -56.54671, -21.36807 ], [ -56.54683, -21.36852 ], [ -56.54731, -21.36841 ], [ -56.54731, -21.36863 ], [ -56.54767, -21.36863 ], [ -56.54803, -21.36829 ], [ -56.5484, -21.3683 ], [ -56.5484, -21.36807 ], [ -56.54852, -21.36807 ], [ -56.54876, -21.36864 ], [ -56.549, -21.36864 ], [ -56.549, -21.36841 ], [ -56.54972, -21.3683 ], [ -56.54984, -21.36796 ], [ -56.55021, -21.36785 ], [ -56.55021, -21.36762 ], [ -56.55033, -21.36762 ], [ -56.55021, -21.36581 ], [ -56.55046, -21.36559 ], [ -56.55094, -21.36559 ], [ -56.5513, -21.36514 ], [ -56.55154, -21.36514 ], [ -56.55166, -21.3648 ], [ -56.55202, -21.36525 ], [ -56.55202, -21.36571 ], [ -56.55238, -21.36582 ], [ -56.55238, -21.36605 ], [ -56.55311, -21.36605 ], [ -56.55323, -21.36627 ], [ -56.55431, -21.36639 ], [ -56.55431, -21.36662 ], [ -56.55455, -21.36662 ], [ -56.55455, -21.36673 ], [ -56.55552, -21.36662 ], [ -56.55576, -21.36696 ], [ -56.5566, -21.36696 ], [ -56.5566, -21.36685 ], [ -56.55733, -21.36674 ], [ -56.55769, -21.36595 ], [ -56.55757, -21.36595 ], [ -56.55733, -21.36527 ], [ -56.55685, -21.36527 ], [ -56.55661, -21.36504 ], [ -56.55661, -21.36459 ], [ -56.55685, -21.36436 ], [ -56.55709, -21.36436 ], [ -56.55722, -21.36403 ], [ -56.55746, -21.36403 ], [ -56.55758, -21.3638 ], [ -56.5583, -21.36369 ], [ -56.55854, -21.36346 ], [ -56.55855, -21.36279 ], [ -56.55843, -21.36279 ], [ -56.55843, -21.36245 ], [ -56.55819, -21.36233 ], [ -56.55819, -21.36199 ], [ -56.55843, -21.36188 ], [ -56.55867, -21.36132 ], [ -56.55891, -21.36132 ], [ -56.55891, -21.36098 ], [ -56.55903, -21.36098 ], [ -56.55879, -21.36075 ], [ -56.55892, -21.35894 ], [ -56.55928, -21.35849 ], [ -56.55964, -21.35849 ], [ -56.55953, -21.35816 ], [ -56.55892, -21.35759 ], [ -56.55868, -21.35759 ], [ -56.55868, -21.3568 ], [ -56.55881, -21.3568 ], [ -56.55881, -21.35646 ], [ -56.55905, -21.35646 ], [ -56.55905, -21.35589 ], [ -56.55929, -21.35578 ], [ -56.55941, -21.35533 ], [ -56.55978, -21.35522 ], [ -56.55966, -21.35454 ], [ -56.5593, -21.35443 ], [ -56.5593, -21.35409 ], [ -56.55978, -21.35398 ], [ -56.56002, -21.35375 ], [ -56.56002, -21.35352 ], [ -56.56038, -21.35341 ], [ -56.56038, -21.35296 ], [ -56.56014, -21.35285 ], [ -56.56015, -21.35251 ], [ -56.56002, -21.35251 ], [ -56.56003, -21.35217 ], [ -56.56027, -21.35206 ], [ -56.56027, -21.35183 ], [ -56.56051, -21.3516 ], [ -56.56075, -21.3516 ], [ -56.56135, -21.35195 ], [ -56.56159, -21.35172 ], [ -56.5616, -21.35149 ], [ -56.56184, -21.35149 ], [ -56.56208, -21.35116 ], [ -56.56196, -21.3507 ], [ -56.5616, -21.35048 ], [ -56.5616, -21.3498 ], [ -56.5604, -21.34957 ], [ -56.5604, -21.349 ], [ -56.56016, -21.34889 ], [ -56.56052, -21.34867 ], [ -56.56052, -21.34765 ], [ -56.56064, -21.34765 ], [ -56.56077, -21.34675 ], [ -56.56089, -21.34675 ], [ -56.56089, -21.34641 ], [ -56.56113, -21.34629 ], [ -56.56113, -21.34607 ], [ -56.56089, -21.34573 ], [ -56.56041, -21.34573 ], [ -56.55993, -21.34539 ], [ -56.56005, -21.34494 ], [ -56.56053, -21.34482 ], [ -56.56053, -21.34471 ], [ -56.56125, -21.34483 ], [ -56.5615, -21.3446 ], [ -56.56138, -21.34415 ], [ -56.56162, -21.34392 ], [ -56.56162, -21.34358 ], [ -56.5621, -21.34347 ], [ -56.5621, -21.34302 ], [ -56.56222, -21.34302 ], [ -56.56223, -21.34257 ], [ -56.56186, -21.34234 ], [ -56.56175, -21.34178 ], [ -56.56247, -21.34121 ], [ -56.56331, -21.34133 ], [ -56.5638, -21.34088 ], [ -56.5638, -21.34065 ], [ -56.56693, -21.34066 ], [ -56.56706, -21.34043 ], [ -56.56766, -21.34044 ], [ -56.56766, -21.34032 ], [ -56.56923, -21.34044 ], [ -56.56935, -21.34067 ], [ -56.57031, -21.34056 ], [ -56.57056, -21.33852 ], [ -56.5708, -21.3383 ], [ -56.57104, -21.3383 ], [ -56.57116, -21.33796 ], [ -56.57237, -21.33796 ], [ -56.57237, -21.33751 ], [ -56.57285, -21.3374 ], [ -56.57274, -21.33672 ], [ -56.57286, -21.33661 ], [ -56.57262, -21.33638 ], [ -56.57238, -21.33638 ], [ -56.57238, -21.33615 ], [ -56.57226, -21.33615 ], [ -56.57238, -21.33468 ], [ -56.57262, -21.33457 ], [ -56.5725, -21.33389 ], [ -56.57226, -21.33355 ], [ -56.57178, -21.33344 ], [ -56.57154, -21.33321 ], [ -56.57154, -21.33299 ], [ -56.57166, -21.33299 ], [ -56.57166, -21.33276 ], [ -56.57287, -21.33288 ], [ -56.57287, -21.33276 ], [ -56.57419, -21.33277 ], [ -56.57456, -21.33254 ], [ -56.57456, -21.33232 ], [ -56.5748, -21.3322 ], [ -56.57492, -21.33187 ], [ -56.57528, -21.33187 ], [ -56.5754, -21.33221 ], [ -56.57588, -21.33232 ], [ -56.576, -21.33255 ], [ -56.57661, -21.33255 ], [ -56.57721, -21.33221 ], [ -56.57733, -21.33255 ], [ -56.57866, -21.33278 ], [ -56.5789, -21.33312 ], [ -56.5795, -21.33289 ], [ -56.57974, -21.33312 ], [ -56.5801, -21.33312 ], [ -56.5801, -21.33369 ], [ -56.58058, -21.33369 ], [ -56.58058, -21.3338 ], [ -56.58239, -21.33369 ], [ -56.58239, -21.33381 ], [ -56.58275, -21.33381 ], [ -56.58276, -21.33369 ], [ -56.583, -21.33369 ], [ -56.583, -21.33381 ], [ -56.58348, -21.33381 ], [ -56.58408, -21.33324 ], [ -56.58408, -21.33302 ], [ -56.58433, -21.33279 ], [ -56.58613, -21.33268 ], [ -56.58613, -21.3328 ], [ -56.5865, -21.3328 ], [ -56.58662, -21.33303 ], [ -56.5877, -21.33291 ], [ -56.58794, -21.33314 ], [ -56.58794, -21.33348 ], [ -56.58818, -21.33359 ], [ -56.58806, -21.3345 ], [ -56.58842, -21.33484 ], [ -56.58842, -21.33506 ], [ -56.5889, -21.33473 ], [ -56.58999, -21.33473 ], [ -56.59035, -21.33383 ], [ -56.59059, -21.33383 ], [ -56.59084, -21.33349 ], [ -56.5912, -21.3336 ], [ -56.59132, -21.33417 ], [ -56.5912, -21.33417 ], [ -56.5912, -21.33462 ], [ -56.59144, -21.33462 ], [ -56.59144, -21.33484 ], [ -56.5918, -21.33507 ], [ -56.59167, -21.33586 ], [ -56.59179, -21.33586 ], [ -56.59179, -21.3362 ], [ -56.5924, -21.33677 ], [ -56.59252, -21.33711 ], [ -56.59348, -21.337 ], [ -56.59348, -21.33734 ], [ -56.59372, -21.33756 ], [ -56.59481, -21.33757 ], [ -56.5948, -21.3379 ], [ -56.59505, -21.3379 ], [ -56.59505, -21.33813 ], [ -56.59529, -21.33836 ], [ -56.59577, -21.33836 ], [ -56.59589, -21.33813 ], [ -56.59625, -21.33813 ], [ -56.59625, -21.33836 ], [ -56.59661, -21.33859 ], [ -56.59661, -21.33847 ], [ -56.59709, -21.33847 ], [ -56.5971, -21.33825 ], [ -56.59722, -21.33825 ], [ -56.59733, -21.33881 ], [ -56.5977, -21.33904 ], [ -56.59781, -21.34028 ], [ -56.59793, -21.34028 ], [ -56.59781, -21.34085 ], [ -56.59805, -21.34096 ], [ -56.59805, -21.34187 ], [ -56.59829, -21.34187 ], [ -56.59841, -21.34221 ], [ -56.59889, -21.34232 ], [ -56.59889, -21.34266 ], [ -56.59937, -21.34311 ], [ -56.59949, -21.34447 ], [ -56.59985, -21.3447 ], [ -56.59973, -21.34628 ], [ -56.59997, -21.34628 ], [ -56.60021, -21.34696 ], [ -56.60057, -21.34662 ], [ -56.60141, -21.34673 ], [ -56.60178, -21.3464 ], [ -56.6025, -21.3464 ], [ -56.60286, -21.3473 ], [ -56.60346, -21.3473 ], [ -56.60407, -21.34764 ], [ -56.60382, -21.34798 ], [ -56.60358, -21.34798 ], [ -56.60358, -21.34821 ], [ -56.60382, -21.34821 ], [ -56.60406, -21.34855 ], [ -56.6043, -21.34855 ], [ -56.60442, -21.34889 ], [ -56.60527, -21.34844 ], [ -56.60587, -21.34855 ], [ -56.60587, -21.34844 ], [ -56.6066, -21.34844 ], [ -56.6072, -21.34788 ], [ -56.6078, -21.34788 ], [ -56.60817, -21.34811 ], [ -56.60828, -21.34878 ], [ -56.6084, -21.34878 ], [ -56.60828, -21.34969 ], [ -56.60924, -21.35037 ], [ -56.60985, -21.35048 ], [ -56.60985, -21.35037 ], [ -56.61009, -21.35037 ], [ -56.61033, -21.35071 ], [ -56.61033, -21.35116 ], [ -56.61069, -21.3515 ], [ -56.61093, -21.35139 ], [ -56.61093, -21.35116 ], [ -56.61069, -21.35116 ], [ -56.61069, -21.35026 ], [ -56.6125, -21.35015 ], [ -56.61286, -21.34992 ], [ -56.61395, -21.34993 ], [ -56.61407, -21.34981 ], [ -56.61407, -21.34959 ], [ -56.61456, -21.34925 ], [ -56.61456, -21.34835 ], [ -56.6148, -21.34812 ], [ -56.6148, -21.34778 ], [ -56.6154, -21.34733 ], [ -56.61541, -21.34699 ], [ -56.61553, -21.34699 ], [ -56.61577, -21.34632 ], [ -56.61601, -21.34632 ], [ -56.61673, -21.347 ], [ -56.61722, -21.34688 ], [ -56.61734, -21.34666 ], [ -56.61806, -21.34666 ], [ -56.61806, -21.34689 ], [ -56.6189, -21.34689 ], [ -56.61914, -21.34711 ], [ -56.62035, -21.34712 ], [ -56.62035, -21.34746 ], [ -56.62059, -21.34746 ], [ -56.62059, -21.34757 ], [ -56.62144, -21.34746 ], [ -56.62156, -21.34723 ], [ -56.62192, -21.34723 ], [ -56.62192, -21.34689 ], [ -56.62228, -21.34701 ], [ -56.62228, -21.3469 ], [ -56.62264, -21.3469 ], [ -56.62313, -21.34645 ], [ -56.62373, -21.34633 ], [ -56.62385, -21.34667 ], [ -56.62445, -21.34679 ], [ -56.62445, -21.3469 ], [ -56.62385, -21.3469 ], [ -56.62385, -21.34712 ], [ -56.62361, -21.34724 ], [ -56.62361, -21.3478 ], [ -56.62348, -21.3478 ], [ -56.6236, -21.34825 ], [ -56.62312, -21.34859 ], [ -56.62312, -21.34882 ], [ -56.62288, -21.34882 ], [ -56.62288, -21.34916 ], [ -56.62312, -21.34938 ], [ -56.62324, -21.35029 ], [ -56.6236, -21.3504 ], [ -56.62348, -21.35097 ], [ -56.62444, -21.35153 ], [ -56.62444, -21.35232 ], [ -56.62456, -21.35232 ], [ -56.62444, -21.35255 ], [ -56.62468, -21.35255 ], [ -56.62492, -21.35289 ], [ -56.6254, -21.353 ], [ -56.6254, -21.35334 ], [ -56.62492, -21.35379 ], [ -56.62456, -21.35391 ], [ -56.62455, -21.3547 ], [ -56.62479, -21.35492 ], [ -56.62588, -21.35493 ], [ -56.62588, -21.35538 ], [ -56.626, -21.35538 ], [ -56.62612, -21.35583 ], [ -56.62684, -21.35606 ], [ -56.62684, -21.35628 ], [ -56.62696, -21.35628 ], [ -56.62708, -21.35606 ], [ -56.62769, -21.35606 ], [ -56.62793, -21.35583 ], [ -56.62793, -21.35538 ], [ -56.62745, -21.35538 ], [ -56.62721, -21.35516 ], [ -56.62721, -21.35448 ], [ -56.62769, -21.35437 ], [ -56.62781, -21.35369 ], [ -56.6283, -21.35335 ], [ -56.6283, -21.3529 ], [ -56.62878, -21.35301 ], [ -56.62878, -21.35312 ], [ -56.62938, -21.35313 ], [ -56.6301, -21.35358 ], [ -56.63059, -21.35358 ], [ -56.63107, -21.35392 ], [ -56.63107, -21.35437 ], [ -56.63071, -21.35449 ], [ -56.6307, -21.35482 ], [ -56.63046, -21.35494 ], [ -56.63058, -21.35686 ], [ -56.63118, -21.35629 ], [ -56.63179, -21.35618 ], [ -56.63215, -21.35584 ], [ -56.63227, -21.35618 ], [ -56.63251, -21.35641 ], [ -56.63275, -21.35641 ], [ -56.63263, -21.35652 ], [ -56.63263, -21.35698 ], [ -56.63275, -21.35698 ], [ -56.63263, -21.35788 ], [ -56.63275, -21.35788 ], [ -56.63275, -21.35822 ], [ -56.63323, -21.35833 ], [ -56.63359, -21.35867 ], [ -56.63359, -21.3589 ], [ -56.63383, -21.3589 ], [ -56.63383, -21.35901 ], [ -56.63407, -21.35901 ], [ -56.63443, -21.35867 ], [ -56.6348, -21.35868 ], [ -56.6348, -21.35834 ], [ -56.63504, -21.35822 ], [ -56.63492, -21.35788 ], [ -56.63468, -21.35766 ], [ -56.63444, -21.35766 ], [ -56.63444, -21.35743 ], [ -56.6342, -21.35732 ], [ -56.6342, -21.35698 ], [ -56.63444, -21.35675 ], [ -56.63492, -21.35687 ], [ -56.63516, -21.35664 ], [ -56.63516, -21.35642 ], [ -56.63541, -21.35642 ], [ -56.63541, -21.35653 ], [ -56.63637, -21.35653 ], [ -56.63661, -21.35687 ], [ -56.63685, -21.35687 ], [ -56.63721, -21.35631 ], [ -56.6377, -21.35631 ], [ -56.63818, -21.35597 ], [ -56.63854, -21.35597 ], [ -56.63854, -21.35575 ], [ -56.63878, -21.35586 ], [ -56.63878, -21.3562 ], [ -56.63902, -21.3562 ], [ -56.63914, -21.35642 ], [ -56.63939, -21.35631 ], [ -56.63951, -21.35654 ], [ -56.63999, -21.35654 ], [ -56.63999, -21.35677 ], [ -56.64059, -21.35688 ], [ -56.64071, -21.35631 ], [ -56.64095, -21.35632 ], [ -56.64095, -21.35654 ], [ -56.64107, -21.35654 ], [ -56.6412, -21.35632 ], [ -56.64337, -21.35632 ], [ -56.64337, -21.35621 ], [ -56.64397, -21.35621 ], [ -56.64397, -21.3561 ], [ -56.64506, -21.3561 ], [ -56.64518, -21.35621 ], [ -56.64542, -21.35599 ], [ -56.64542, -21.35576 ], [ -56.64602, -21.35587 ], [ -56.64614, -21.35621 ], [ -56.6465, -21.35633 ], [ -56.6465, -21.35655 ], [ -56.64662, -21.35644 ], [ -56.64735, -21.35655 ], [ -56.64747, -21.35599 ], [ -56.64807, -21.35599 ], [ -56.64807, -21.35588 ], [ -56.64856, -21.35588 ], [ -56.64904, -21.35554 ], [ -56.64952, -21.35554 ], [ -56.64976, -21.35577 ], [ -56.65, -21.35577 ], [ -56.65036, -21.35622 ], [ -56.6506, -21.35622 ], [ -56.65073, -21.356 ], [ -56.65169, -21.356 ], [ -56.65205, -21.35634 ], [ -56.65229, -21.35634 ], [ -56.65241, -21.35611 ], [ -56.65266, -21.35611 ], [ -56.65314, -21.35657 ], [ -56.65338, -21.35657 ], [ -56.65326, -21.35702 ], [ -56.65338, -21.35713 ], [ -56.65422, -21.35713 ], [ -56.65458, -21.3568 ], [ -56.65676, -21.35691 ], [ -56.65688, -21.35714 ], [ -56.65724, -21.35714 ], [ -56.65724, -21.35759 ], [ -56.65736, -21.35759 ], [ -56.65736, -21.35793 ], [ -56.6576, -21.35793 ], [ -56.6576, -21.35816 ], [ -56.65844, -21.35827 ], [ -56.65905, -21.35771 ], [ -56.65917, -21.35714 ], [ -56.65941, -21.35714 ], [ -56.65965, -21.35692 ], [ -56.65965, -21.35658 ], [ -56.65941, -21.35658 ], [ -56.65941, -21.35635 ], [ -56.65917, -21.35635 ], [ -56.65917, -21.35624 ], [ -56.65941, -21.35624 ], [ -56.65941, -21.3559 ], [ -56.65965, -21.3559 ], [ -56.65965, -21.35556 ], [ -56.66002, -21.35556 ], [ -56.66026, -21.35534 ], [ -56.66026, -21.35466 ], [ -56.6599, -21.35432 ], [ -56.65966, -21.35432 ], [ -56.65966, -21.35398 ], [ -56.66062, -21.35364 ], [ -56.66074, -21.35342 ], [ -56.66147, -21.35331 ], [ -56.66195, -21.35286 ], [ -56.66243, -21.35286 ], [ -56.66243, -21.35263 ], [ -56.66183, -21.35206 ], [ -56.66183, -21.3515 ], [ -56.66195, -21.3515 ], [ -56.66196, -21.35093 ], [ -56.66268, -21.35048 ], [ -56.66256, -21.34947 ], [ -56.66268, -21.34947 ], [ -56.66268, -21.34902 ], [ -56.66293, -21.3489 ], [ -56.66305, -21.348 ], [ -56.66365, -21.34811 ], [ -56.66365, -21.34823 ], [ -56.66425, -21.34823 ], [ -56.66425, -21.34834 ], [ -56.66462, -21.348 ], [ -56.66462, -21.34755 ], [ -56.66402, -21.3471 ], [ -56.6639, -21.34608 ], [ -56.6645, -21.34642 ], [ -56.66498, -21.34642 ], [ -56.66498, -21.34653 ], [ -56.66595, -21.3462 ], [ -56.66607, -21.34529 ], [ -56.66619, -21.34529 ], [ -56.66631, -21.34473 ], [ -56.66643, -21.34473 ], [ -56.66643, -21.34416 ], [ -56.66619, -21.34394 ], [ -56.66571, -21.34394 ], [ -56.66571, -21.34382 ], [ -56.66619, -21.3436 ], [ -56.66656, -21.34269 ], [ -56.66644, -21.34269 ], [ -56.66644, -21.34236 ], [ -56.66559, -21.34247 ], [ -56.66559, -21.34224 ], [ -56.66547, -21.34224 ], [ -56.66548, -21.34134 ], [ -56.66584, -21.34122 ], [ -56.66584, -21.34066 ], [ -56.66536, -21.34032 ], [ -56.66548, -21.33975 ], [ -56.6656, -21.33975 ], [ -56.6656, -21.33953 ], [ -56.66596, -21.33953 ], [ -56.66608, -21.3393 ], [ -56.66753, -21.33919 ], [ -56.66802, -21.33852 ], [ -56.66802, -21.33806 ], [ -56.66778, -21.33784 ], [ -56.66753, -21.33784 ], [ -56.66741, -21.33761 ], [ -56.66621, -21.33738 ], [ -56.66585, -21.33682 ], [ -56.66524, -21.33693 ], [ -56.66524, -21.33682 ], [ -56.66488, -21.33682 ], [ -56.66489, -21.3358 ], [ -56.66476, -21.3358 ], [ -56.66477, -21.33546 ], [ -56.66452, -21.33535 ], [ -56.66452, -21.33512 ], [ -56.66477, -21.33489 ], [ -56.66477, -21.33467 ], [ -56.66513, -21.33456 ], [ -56.66513, -21.3341 ], [ -56.66501, -21.3341 ], [ -56.66513, -21.33286 ], [ -56.66429, -21.33275 ], [ -56.66429, -21.33241 ], [ -56.66453, -21.33229 ], [ -56.66453, -21.33184 ], [ -56.66417, -21.33173 ], [ -56.66405, -21.33105 ], [ -56.66345, -21.3306 ], [ -56.66345, -21.33015 ], [ -56.66333, -21.33015 ], [ -56.66333, -21.32981 ], [ -56.66357, -21.32969 ], [ -56.66357, -21.32947 ], [ -56.66381, -21.32947 ], [ -56.66394, -21.3289 ], [ -56.66345, -21.32845 ], [ -56.66309, -21.32834 ], [ -56.66322, -21.32777 ], [ -56.66334, -21.32777 ], [ -56.66334, -21.32698 ], [ -56.66274, -21.32641 ], [ -56.66274, -21.32619 ], [ -56.66213, -21.32607 ], [ -56.66213, -21.32562 ], [ -56.66238, -21.32551 ], [ -56.6625, -21.32483 ], [ -56.66358, -21.32495 ], [ -56.66419, -21.3245 ], [ -56.66407, -21.32382 ], [ -56.66443, -21.32348 ], [ -56.66467, -21.32348 ], [ -56.66467, -21.32314 ], [ -56.66552, -21.32314 ], [ -56.66564, -21.32292 ], [ -56.666, -21.32292 ], [ -56.666, -21.32303 ], [ -56.6666, -21.32303 ], [ -56.6666, -21.32315 ], [ -56.66721, -21.32315 ], [ -56.66733, -21.3236 ], [ -56.66757, -21.3236 ], [ -56.66757, -21.32326 ], [ -56.66793, -21.32292 ], [ -56.66805, -21.32179 ], [ -56.6689, -21.32168 ], [ -56.66938, -21.32123 ], [ -56.66986, -21.32123 ], [ -56.66986, -21.32112 ], [ -56.6701, -21.32123 ], [ -56.6701, -21.32157 ], [ -56.67034, -21.32157 ], [ -56.67083, -21.32191 ], [ -56.67083, -21.32225 ], [ -56.67131, -21.32236 ], [ -56.67131, -21.32248 ], [ -56.67275, -21.32259 ], [ -56.67299, -21.32293 ], [ -56.67336, -21.32293 ], [ -56.67384, -21.32327 ], [ -56.67408, -21.32384 ], [ -56.67456, -21.3235 ], [ -56.67504, -21.32339 ], [ -56.67529, -21.32316 ], [ -56.67529, -21.32147 ], [ -56.67589, -21.3209 ], [ -56.67554, -21.31943 ], [ -56.67517, -21.31909 ], [ -56.67505, -21.31864 ], [ -56.6753, -21.31842 ], [ -56.67554, -21.31842 ], [ -56.67675, -21.31718 ], [ -56.67687, -21.31774 ], [ -56.67711, -21.31797 ], [ -56.67783, -21.31808 ], [ -56.67795, -21.31842 ], [ -56.67855, -21.31899 ], [ -56.67952, -21.3191 ], [ -56.67951, -21.31933 ], [ -56.67903, -21.31933 ], [ -56.67879, -21.31955 ], [ -56.67879, -21.32147 ], [ -56.67891, -21.32147 ], [ -56.67891, -21.3217 ], [ -56.67915, -21.3217 ], [ -56.67915, -21.32193 ], [ -56.67963, -21.32238 ], [ -56.67999, -21.32238 ], [ -56.68023, -21.32261 ], [ -56.68011, -21.32306 ], [ -56.68047, -21.32317 ], [ -56.68071, -21.32396 ], [ -56.68107, -21.32419 ], [ -56.68107, -21.32453 ], [ -56.68083, -21.32476 ], [ -56.68083, -21.32521 ], [ -56.68071, -21.32521 ], [ -56.68071, -21.32543 ], [ -56.68095, -21.32555 ], [ -56.68083, -21.326 ], [ -56.68107, -21.32611 ], [ -56.68107, -21.32656 ], [ -56.68143, -21.32679 ], [ -56.68143, -21.32713 ], [ -56.68179, -21.32758 ], [ -56.68203, -21.32826 ], [ -56.68215, -21.32826 ], [ -56.68215, -21.3286 ], [ -56.68239, -21.32894 ], [ -56.68227, -21.3295 ], [ -56.68239, -21.3295 ], [ -56.68239, -21.32973 ], [ -56.68263, -21.32973 ], [ -56.68287, -21.33075 ], [ -56.68299, -21.33075 ], [ -56.68299, -21.33131 ], [ -56.68323, -21.33165 ], [ -56.68311, -21.33222 ], [ -56.68323, -21.33222 ], [ -56.68323, -21.33244 ], [ -56.68347, -21.33222 ], [ -56.68359, -21.33233 ], [ -56.68395, -21.33222 ], [ -56.68419, -21.33245 ], [ -56.68479, -21.33233 ], [ -56.68503, -21.33256 ], [ -56.68527, -21.33346 ], [ -56.68539, -21.33346 ], [ -56.68539, -21.33493 ], [ -56.68551, -21.33493 ], [ -56.68551, -21.33516 ], [ -56.68599, -21.33516 ], [ -56.68599, -21.33539 ], [ -56.68635, -21.33573 ], [ -56.68672, -21.33573 ], [ -56.68684, -21.33595 ], [ -56.6872, -21.33607 ], [ -56.6872, -21.33652 ], [ -56.6878, -21.33675 ], [ -56.68828, -21.33776 ], [ -56.68852, -21.33776 ], [ -56.68852, -21.33799 ], [ -56.68876, -21.33799 ], [ -56.68876, -21.33856 ], [ -56.68936, -21.33912 ], [ -56.68924, -21.34104 ], [ -56.68948, -21.34138 ], [ -56.68948, -21.34195 ], [ -56.68972, -21.34195 ], [ -56.68984, -21.3424 ], [ -56.6902, -21.3424 ], [ -56.6902, -21.34263 ], [ -56.69056, -21.34285 ], [ -56.69056, -21.34331 ], [ -56.69116, -21.34365 ], [ -56.69116, -21.34398 ], [ -56.69019, -21.34489 ], [ -56.69007, -21.34534 ], [ -56.69031, -21.34545 ], [ -56.69031, -21.3459 ], [ -56.69055, -21.34613 ], [ -56.69079, -21.34692 ], [ -56.69091, -21.34692 ], [ -56.69091, -21.34737 ], [ -56.69103, -21.34737 ], [ -56.69115, -21.34783 ], [ -56.69103, -21.34783 ], [ -56.69091, -21.34839 ], [ -56.69127, -21.34862 ], [ -56.69127, -21.34918 ], [ -56.69163, -21.3493 ], [ -56.69175, -21.34952 ], [ -56.69199, -21.34952 ], [ -56.69211, -21.34975 ], [ -56.69236, -21.34975 ], [ -56.69344, -21.35077 ], [ -56.69344, -21.35122 ], [ -56.69368, -21.35133 ], [ -56.69368, -21.35156 ], [ -56.69404, -21.35156 ], [ -56.69428, -21.35179 ], [ -56.69452, -21.35201 ], [ -56.69452, -21.35224 ], [ -56.695, -21.35258 ], [ -56.695, -21.35281 ], [ -56.69597, -21.35371 ], [ -56.69597, -21.35394 ], [ -56.6956, -21.35416 ], [ -56.6956, -21.35439 ], [ -56.695, -21.35461 ], [ -56.695, -21.35507 ], [ -56.69476, -21.35518 ], [ -56.69476, -21.3554 ], [ -56.69427, -21.35586 ], [ -56.69427, -21.35619 ], [ -56.69439, -21.3562 ], [ -56.69451, -21.35665 ], [ -56.69475, -21.35676 ], [ -56.69475, -21.35699 ], [ -56.69536, -21.35721 ], [ -56.69536, -21.35755 ], [ -56.6956, -21.35778 ], [ -56.6968, -21.35767 ], [ -56.69729, -21.35722 ], [ -56.69765, -21.35733 ], [ -56.69765, -21.35756 ], [ -56.69825, -21.35801 ], [ -56.69813, -21.35812 ], [ -56.69813, -21.35925 ], [ -56.69801, -21.35925 ], [ -56.698, -21.35982 ], [ -56.69825, -21.35993 ], [ -56.69812, -21.36027 ], [ -56.69837, -21.36027 ], [ -56.69849, -21.3605 ], [ -56.69873, -21.3605 ], [ -56.69873, -21.36038 ], [ -56.69909, -21.3605 ], [ -56.69981, -21.36129 ], [ -56.70005, -21.36129 ], [ -56.70029, -21.36152 ], [ -56.70017, -21.36174 ], [ -56.70065, -21.36208 ], [ -56.70065, -21.36231 ], [ -56.70089, -21.36253 ], [ -56.70126, -21.36265 ], [ -56.70126, -21.36287 ], [ -56.70198, -21.36299 ], [ -56.70222, -21.36322 ], [ -56.70258, -21.36412 ], [ -56.70366, -21.36491 ], [ -56.70378, -21.36559 ], [ -56.70427, -21.36559 ], [ -56.70487, -21.36616 ], [ -56.70487, -21.36672 ], [ -56.70511, -21.36695 ], [ -56.70547, -21.36695 ], [ -56.70547, -21.36718 ], [ -56.70607, -21.36763 ], [ -56.70607, -21.36797 ], [ -56.70631, -21.36819 ], [ -56.70631, -21.36842 ], [ -56.70607, -21.36853 ], [ -56.70619, -21.36944 ], [ -56.70679, -21.37 ], [ -56.70679, -21.37023 ], [ -56.70715, -21.37046 ], [ -56.70715, -21.37068 ], [ -56.70739, -21.37068 ], [ -56.70739, -21.37102 ], [ -56.70799, -21.37091 ], [ -56.70836, -21.37057 ], [ -56.70884, -21.37102 ], [ -56.70884, -21.37125 ], [ -56.70932, -21.37159 ], [ -56.70944, -21.37272 ], [ -56.70968, -21.37295 ], [ -56.71016, -21.37295 ], [ -56.71028, -21.37272 ], [ -56.71052, -21.37272 ], [ -56.71064, -21.37295 ], [ -56.71089, -21.37295 ], [ -56.71113, -21.37317 ], [ -56.71173, -21.37318 ], [ -56.71197, -21.3734 ], [ -56.71209, -21.37385 ], [ -56.71294, -21.37386 ], [ -56.71318, -21.37363 ], [ -56.71354, -21.37397 ], [ -56.71366, -21.37442 ], [ -56.71414, -21.37476 ], [ -56.71414, -21.3751 ], [ -56.71474, -21.37544 ], [ -56.71462, -21.37578 ], [ -56.71486, -21.37578 ], [ -56.7151, -21.37601 ], [ -56.71498, -21.3768 ], [ -56.71462, -21.37714 ], [ -56.71474, -21.3777 ], [ -56.7145, -21.37804 ], [ -56.71449, -21.37849 ], [ -56.71401, -21.3786 ], [ -56.71389, -21.37962 ], [ -56.71401, -21.37962 ], [ -56.71413, -21.38019 ], [ -56.71485, -21.3803 ], [ -56.71497, -21.38053 ], [ -56.71558, -21.38053 ], [ -56.71558, -21.38087 ], [ -56.71714, -21.38087 ], [ -56.71726, -21.38098 ], [ -56.71726, -21.38177 ], [ -56.71714, -21.38177 ], [ -56.71714, -21.38223 ], [ -56.71762, -21.38257 ], [ -56.71799, -21.38257 ], [ -56.71871, -21.38178 ], [ -56.71907, -21.38166 ], [ -56.7198, -21.38234 ], [ -56.72004, -21.38234 ], [ -56.72028, -21.38268 ], [ -56.72088, -21.3828 ], [ -56.721, -21.38314 ], [ -56.72124, -21.38314 ], [ -56.72124, -21.38325 ], [ -56.72233, -21.38314 ], [ -56.72233, -21.38336 ], [ -56.72257, -21.38336 ], [ -56.72329, -21.38416 ], [ -56.72365, -21.38416 ], [ -56.72365, -21.38438 ], [ -56.72389, -21.38461 ], [ -56.72413, -21.38461 ], [ -56.72413, -21.38506 ], [ -56.72438, -21.38518 ], [ -56.72449, -21.38563 ], [ -56.72486, -21.38585 ], [ -56.72486, -21.38619 ], [ -56.72474, -21.38619 ], [ -56.72473, -21.38642 ], [ -56.72449, -21.38642 ], [ -56.72461, -21.38698 ], [ -56.72437, -21.38732 ], [ -56.72437, -21.38766 ], [ -56.72413, -21.38789 ], [ -56.72413, -21.38823 ], [ -56.72389, -21.38834 ], [ -56.72401, -21.38856 ], [ -56.72376, -21.3889 ], [ -56.72352, -21.38992 ], [ -56.72328, -21.39015 ], [ -56.72304, -21.39116 ], [ -56.72388, -21.39116 ], [ -56.724, -21.39139 ], [ -56.72424, -21.39139 ], [ -56.72448, -21.39173 ], [ -56.72448, -21.39241 ], [ -56.72472, -21.39263 ], [ -56.72496, -21.39263 ], [ -56.72508, -21.39286 ], [ -56.72545, -21.39286 ], [ -56.72545, -21.39354 ], [ -56.72557, -21.39354 ], [ -56.72556, -21.3941 ], [ -56.72569, -21.3941 ], [ -56.7258, -21.39523 ], [ -56.72605, -21.39546 ], [ -56.72604, -21.39625 ], [ -56.72653, -21.39625 ], [ -56.72665, -21.39603 ], [ -56.72713, -21.39592 ], [ -56.72749, -21.39637 ], [ -56.72773, -21.39637 ], [ -56.72809, -21.39671 ], [ -56.72809, -21.39693 ], [ -56.72834, -21.39693 ], [ -56.72833, -21.39739 ], [ -56.72857, -21.39773 ], [ -56.72882, -21.39773 ], [ -56.72894, -21.39818 ], [ -56.72966, -21.39829 ], [ -56.72966, -21.39897 ], [ -56.7299, -21.3992 ], [ -56.73026, -21.3992 ], [ -56.73026, -21.39942 ], [ -56.73062, -21.39976 ], [ -56.73147, -21.39965 ], [ -56.73267, -21.40078 ], [ -56.73388, -21.40112 ], [ -56.734, -21.40158 ], [ -56.73448, -21.40169 ], [ -56.73448, -21.40158 ], [ -56.73484, -21.40158 ], [ -56.73484, -21.40169 ], [ -56.73532, -21.40169 ], [ -56.73545, -21.40192 ], [ -56.73569, -21.40192 ], [ -56.73581, -21.40237 ], [ -56.73641, -21.40282 ], [ -56.73629, -21.40384 ], [ -56.73641, -21.40384 ], [ -56.73641, -21.40441 ], [ -56.73629, -21.40452 ], [ -56.73653, -21.40463 ], [ -56.73653, -21.40486 ], [ -56.73677, -21.40486 ], [ -56.73677, -21.40508 ], [ -56.73701, -21.40531 ], [ -56.73749, -21.40542 ], [ -56.73749, -21.40531 ], [ -56.73785, -21.40531 ], [ -56.73846, -21.40475 ], [ -56.73894, -21.40475 ], [ -56.7393, -21.40531 ], [ -56.73966, -21.40531 ], [ -56.74014, -21.40577 ], [ -56.74002, -21.40599 ], [ -56.74099, -21.40633 ], [ -56.74135, -21.40679 ], [ -56.74183, -21.40679 ], [ -56.74183, -21.40656 ], [ -56.74207, -21.40656 ], [ -56.74207, -21.40667 ], [ -56.74268, -21.40679 ], [ -56.7428, -21.4069 ], [ -56.7428, -21.40792 ], [ -56.744, -21.40792 ], [ -56.74412, -21.40781 ], [ -56.74412, -21.40792 ], [ -56.74448, -21.40792 ], [ -56.74461, -21.40736 ], [ -56.74473, -21.40736 ], [ -56.7446, -21.40826 ], [ -56.74473, -21.40826 ], [ -56.74472, -21.40871 ], [ -56.74436, -21.40871 ], [ -56.74376, -21.40939 ], [ -56.74328, -21.4095 ], [ -56.74327, -21.40973 ], [ -56.74303, -21.40995 ], [ -56.74279, -21.40995 ], [ -56.74255, -21.41018 ], [ -56.74243, -21.41097 ], [ -56.74279, -21.41108 ], [ -56.74291, -21.41131 ], [ -56.74339, -21.41131 ], [ -56.74387, -21.4121 ], [ -56.74436, -21.4121 ], [ -56.74448, -21.41233 ], [ -56.74472, -21.41233 ], [ -56.7452, -21.41301 ], [ -56.74568, -21.41312 ], [ -56.74568, -21.41323 ], [ -56.74616, -21.41323 ], [ -56.74653, -21.41357 ], [ -56.74628, -21.41391 ], [ -56.74628, -21.41436 ], [ -56.74689, -21.41482 ], [ -56.74689, -21.41527 ], [ -56.74713, -21.41561 ], [ -56.74712, -21.4164 ], [ -56.74749, -21.41674 ], [ -56.74749, -21.41697 ], [ -56.74724, -21.41719 ], [ -56.74652, -21.41877 ], [ -56.74507, -21.41911 ], [ -56.74507, -21.41933 ], [ -56.74483, -21.41933 ], [ -56.74471, -21.41967 ], [ -56.74434, -21.41979 ], [ -56.74434, -21.42001 ], [ -56.74374, -21.42046 ], [ -56.74374, -21.42103 ], [ -56.74338, -21.42137 ], [ -56.74325, -21.42182 ], [ -56.74289, -21.42182 ], [ -56.74277, -21.4225 ], [ -56.7418, -21.42261 ], [ -56.74132, -21.42215 ], [ -56.74144, -21.42182 ], [ -56.74036, -21.42114 ], [ -56.74012, -21.42091 ], [ -56.74012, -21.42068 ], [ -56.73988, -21.42068 ], [ -56.73988, -21.42034 ], [ -56.73952, -21.42012 ], [ -56.73952, -21.41989 ], [ -56.73915, -21.41966 ], [ -56.73916, -21.4191 ], [ -56.73903, -21.4191 ], [ -56.73916, -21.41876 ], [ -56.73831, -21.41876 ], [ -56.73807, -21.41853 ], [ -56.73807, -21.41831 ], [ -56.73771, -21.41797 ], [ -56.73747, -21.41797 ], [ -56.73687, -21.41729 ], [ -56.73662, -21.41729 ], [ -56.73638, -21.41695 ], [ -56.7359, -21.41683 ], [ -56.7359, -21.4165 ], [ -56.73626, -21.41627 ], [ -56.73626, -21.41593 ], [ -56.73663, -21.41571 ], [ -56.73663, -21.41469 ], [ -56.73675, -21.41469 ], [ -56.73663, -21.41435 ], [ -56.73615, -21.41435 ], [ -56.73566, -21.41401 ], [ -56.7353, -21.41401 ], [ -56.73506, -21.41367 ], [ -56.73458, -21.41367 ], [ -56.73434, -21.41344 ], [ -56.73434, -21.41322 ], [ -56.73398, -21.41322 ], [ -56.73398, -21.41288 ], [ -56.73362, -21.41276 ], [ -56.73362, -21.41254 ], [ -56.73337, -21.41254 ], [ -56.73325, -21.41231 ], [ -56.73289, -21.41231 ], [ -56.73253, -21.41197 ], [ -56.73144, -21.41186 ], [ -56.73132, -21.41152 ], [ -56.73108, -21.41152 ], [ -56.7306, -21.41106 ], [ -56.73, -21.41106 ], [ -56.72915, -21.41185 ], [ -56.72927, -21.41219 ], [ -56.72915, -21.4123 ], [ -56.72807, -21.4123 ], [ -56.72746, -21.41162 ], [ -56.72662, -21.4114 ], [ -56.72662, -21.41004 ], [ -56.72638, -21.40981 ], [ -56.72638, -21.40936 ], [ -56.72626, -21.40936 ], [ -56.72626, -21.40902 ], [ -56.7265, -21.4088 ], [ -56.72626, -21.4088 ], [ -56.72614, -21.40812 ], [ -56.72542, -21.40766 ], [ -56.72518, -21.4071 ], [ -56.72494, -21.4071 ], [ -56.72482, -21.40642 ], [ -56.72422, -21.40619 ], [ -56.72434, -21.40495 ], [ -56.72422, -21.40495 ], [ -56.72422, -21.40472 ], [ -56.72398, -21.40461 ], [ -56.72398, -21.40439 ], [ -56.72337, -21.40427 ], [ -56.72313, -21.40404 ], [ -56.72313, -21.40382 ], [ -56.72265, -21.40337 ], [ -56.72229, -21.40325 ], [ -56.72169, -21.40201 ], [ -56.72121, -21.40189 ], [ -56.72121, -21.40156 ], [ -56.72036, -21.40076 ], [ -56.71952, -21.40065 ], [ -56.71952, -21.40099 ], [ -56.71904, -21.40144 ], [ -56.71891, -21.40189 ], [ -56.71843, -21.40189 ], [ -56.71843, -21.40212 ], [ -56.71795, -21.40212 ], [ -56.71722, -21.40166 ], [ -56.71723, -21.40132 ], [ -56.71771, -21.40087 ], [ -56.71771, -21.40042 ], [ -56.71795, -21.40031 ], [ -56.71807, -21.39986 ], [ -56.71747, -21.39974 ], [ -56.71735, -21.39952 ], [ -56.71651, -21.39951 ], [ -56.71651, -21.3994 ], [ -56.71614, -21.39951 ], [ -56.71602, -21.39974 ], [ -56.71578, -21.39974 ], [ -56.71578, -21.39963 ], [ -56.71482, -21.39951 ], [ -56.7147, -21.39928 ], [ -56.71385, -21.39928 ], [ -56.71361, -21.39906 ], [ -56.71361, -21.39917 ], [ -56.71204, -21.39917 ], [ -56.71204, -21.39962 ], [ -56.71168, -21.39984 ], [ -56.71168, -21.40018 ], [ -56.71156, -21.40018 ], [ -56.71144, -21.40064 ], [ -56.71119, -21.40075 ], [ -56.71119, -21.4012 ], [ -56.71107, -21.4012 ], [ -56.71107, -21.40154 ], [ -56.71083, -21.40176 ], [ -56.71047, -21.40142 ], [ -56.7095, -21.4012 ], [ -56.70902, -21.40165 ], [ -56.70878, -21.40165 ], [ -56.70866, -21.40187 ], [ -56.70817, -21.40187 ], [ -56.70781, -21.40232 ], [ -56.70697, -21.40153 ], [ -56.70624, -21.40164 ], [ -56.70612, -21.40142 ], [ -56.70576, -21.40142 ], [ -56.70552, -21.40062 ], [ -56.70407, -21.40051 ], [ -56.70407, -21.40085 ], [ -56.70383, -21.40119 ], [ -56.70383, -21.40175 ], [ -56.70371, -21.40175 ], [ -56.70395, -21.40322 ], [ -56.70431, -21.40367 ], [ -56.70431, -21.4039 ], [ -56.70395, -21.40401 ], [ -56.70395, -21.40492 ], [ -56.70419, -21.40503 ], [ -56.70407, -21.40514 ], [ -56.70419, -21.40559 ], [ -56.70455, -21.40571 ], [ -56.70443, -21.40593 ], [ -56.70467, -21.40627 ], [ -56.70455, -21.40627 ], [ -56.70455, -21.4065 ], [ -56.70479, -21.4065 ], [ -56.70551, -21.40718 ], [ -56.70587, -21.40718 ], [ -56.70599, -21.40752 ], [ -56.70623, -21.40752 ], [ -56.7066, -21.40718 ], [ -56.70684, -21.40752 ], [ -56.70744, -21.40752 ], [ -56.70768, -21.40775 ], [ -56.70768, -21.40854 ], [ -56.70828, -21.4091 ], [ -56.7084, -21.40956 ], [ -56.70936, -21.41035 ], [ -56.70948, -21.41103 ], [ -56.70972, -21.41125 ], [ -56.71045, -21.41137 ], [ -56.71045, -21.41193 ], [ -56.71057, -21.41193 ], [ -56.71057, -21.41216 ], [ -56.71008, -21.41284 ], [ -56.71008, -21.41306 ], [ -56.7102, -21.41306 ], [ -56.71008, -21.41351 ], [ -56.70972, -21.41363 ], [ -56.70936, -21.41397 ], [ -56.70936, -21.41419 ], [ -56.70912, -21.4143 ], [ -56.70911, -21.4151 ], [ -56.70754, -21.41509 ], [ -56.70754, -21.41532 ], [ -56.7073, -21.41532 ], [ -56.70694, -21.41566 ], [ -56.70694, -21.41588 ], [ -56.7067, -21.41599 ], [ -56.7067, -21.41633 ], [ -56.70622, -21.41633 ], [ -56.70585, -21.41667 ], [ -56.70489, -21.41678 ], [ -56.70476, -21.41757 ], [ -56.70452, -21.41769 ], [ -56.70452, -21.41859 ], [ -56.7044, -21.41859 ], [ -56.70464, -21.41949 ], [ -56.70548, -21.41961 ], [ -56.70548, -21.41983 ], [ -56.70573, -21.41984 ], [ -56.70572, -21.42006 ], [ -56.70597, -21.42029 ], [ -56.70681, -21.42006 ], [ -56.70717, -21.42052 ], [ -56.70717, -21.42018 ], [ -56.70741, -21.41995 ], [ -56.7079, -21.41984 ], [ -56.70826, -21.41939 ], [ -56.7085, -21.41939 ], [ -56.70874, -21.41961 ], [ -56.70898, -21.41961 ], [ -56.70983, -21.42041 ], [ -56.71043, -21.42041 ], [ -56.71115, -21.42109 ], [ -56.71127, -21.42324 ], [ -56.71103, -21.42335 ], [ -56.71103, -21.42391 ], [ -56.71066, -21.42402 ], [ -56.71066, -21.42482 ], [ -56.71042, -21.42493 ], [ -56.71042, -21.42515 ], [ -56.7109, -21.42538 ], [ -56.7109, -21.42583 ], [ -56.71126, -21.42617 ], [ -56.71126, -21.42708 ], [ -56.71138, -21.42719 ], [ -56.71126, -21.4273 ], [ -56.71138, -21.42742 ], [ -56.71187, -21.42742 ], [ -56.71211, -21.42764 ], [ -56.71271, -21.42764 ], [ -56.71271, -21.42776 ], [ -56.71355, -21.42776 ], [ -56.71392, -21.4281 ], [ -56.71428, -21.4281 ], [ -56.71452, -21.42708 ], [ -56.71476, -21.42686 ], [ -56.715, -21.42686 ], [ -56.71513, -21.42663 ], [ -56.71609, -21.42663 ], [ -56.71621, -21.42686 ], [ -56.71681, -21.42697 ], [ -56.71706, -21.4272 ], [ -56.7173, -21.42697 ], [ -56.71778, -21.42698 ], [ -56.71778, -21.42686 ], [ -56.72019, -21.42698 ], [ -56.72031, -21.42754 ], [ -56.72055, -21.42777 ], [ -56.72043, -21.42811 ], [ -56.72055, -21.42811 ], [ -56.72055, -21.42845 ], [ -56.72212, -21.42856 ], [ -56.72212, -21.42845 ], [ -56.72224, -21.42856 ], [ -56.72357, -21.42857 ], [ -56.72357, -21.42845 ], [ -56.72393, -21.42845 ], [ -56.72405, -21.42902 ], [ -56.72429, -21.42925 ], [ -56.72429, -21.42959 ], [ -56.72477, -21.43026 ], [ -56.72489, -21.43072 ], [ -56.7255, -21.43128 ], [ -56.72537, -21.43207 ], [ -56.72525, -21.43207 ], [ -56.72525, -21.43275 ], [ -56.72549, -21.43298 ], [ -56.72573, -21.43298 ], [ -56.72597, -21.43332 ], [ -56.72646, -21.43343 ], [ -56.7267, -21.43422 ], [ -56.72706, -21.43445 ], [ -56.72754, -21.43547 ], [ -56.72778, -21.43558 ], [ -56.72778, -21.43581 ], [ -56.72802, -21.43603 ], [ -56.7279, -21.43637 ], [ -56.72814, -21.43637 ], [ -56.72838, -21.4366 ], [ -56.7285, -21.43705 ], [ -56.72874, -21.43728 ], [ -56.72874, -21.43818 ], [ -56.72886, -21.43818 ], [ -56.72886, -21.43897 ], [ -56.72898, -21.43897 ], [ -56.72898, -21.44078 ], [ -56.7291, -21.44078 ], [ -56.7291, -21.44168 ], [ -56.72922, -21.44168 ], [ -56.7291, -21.44225 ], [ -56.72813, -21.44315 ], [ -56.72789, -21.44315 ], [ -56.72789, -21.44383 ], [ -56.72764, -21.44405 ], [ -56.72752, -21.44451 ], [ -56.72692, -21.44507 ], [ -56.72668, -21.44507 ], [ -56.72619, -21.44541 ], [ -56.72643, -21.44575 ], [ -56.72655, -21.44643 ], [ -56.72631, -21.44665 ], [ -56.72631, -21.44688 ], [ -56.72607, -21.44699 ], [ -56.72607, -21.44722 ], [ -56.72571, -21.44744 ], [ -56.72583, -21.44835 ], [ -56.72607, -21.44857 ], [ -56.72655, -21.44869 ], [ -56.72643, -21.4497 ], [ -56.72655, -21.4497 ], [ -56.72655, -21.45015 ], [ -56.72643, -21.45015 ], [ -56.72618, -21.4514 ], [ -56.72582, -21.45162 ], [ -56.72594, -21.45185 ], [ -56.72582, -21.45196 ], [ -56.72606, -21.45219 ], [ -56.72606, -21.45264 ], [ -56.7263, -21.45298 ], [ -56.7263, -21.45377 ], [ -56.72642, -21.45377 ], [ -56.72654, -21.45445 ], [ -56.7269, -21.45479 ], [ -56.72714, -21.45479 ], [ -56.72738, -21.45445 ], [ -56.72859, -21.45445 ], [ -56.72932, -21.45378 ], [ -56.72944, -21.4531 ], [ -56.7298, -21.4531 ], [ -56.73004, -21.45355 ], [ -56.73089, -21.45366 ], [ -56.73161, -21.45434 ], [ -56.73173, -21.45491 ], [ -56.73317, -21.45627 ], [ -56.73317, -21.45683 ], [ -56.73341, -21.45706 ], [ -56.73365, -21.45774 ], [ -56.73378, -21.45774 ], [ -56.73377, -21.45796 ], [ -56.73365, -21.45785 ], [ -56.73329, -21.45796 ], [ -56.73341, -21.45853 ], [ -56.73377, -21.45887 ], [ -56.73438, -21.45898 ], [ -56.73474, -21.45932 ], [ -56.73498, -21.45989 ], [ -56.73534, -21.45989 ], [ -56.7357, -21.46023 ], [ -56.73594, -21.46079 ], [ -56.73667, -21.46091 ], [ -56.73667, -21.46079 ], [ -56.73739, -21.46079 ], [ -56.73751, -21.46057 ], [ -56.73775, -21.46057 ], [ -56.73775, -21.4608 ], [ -56.73812, -21.46091 ], [ -56.73823, -21.46317 ], [ -56.73811, -21.46317 ], [ -56.73811, -21.46452 ], [ -56.73799, -21.46464 ], [ -56.73871, -21.46554 ], [ -56.73847, -21.46599 ], [ -56.73871, -21.46611 ], [ -56.73883, -21.46645 ], [ -56.73931, -21.46656 ], [ -56.73955, -21.4669 ], [ -56.73979, -21.46973 ], [ -56.73943, -21.47006 ], [ -56.73955, -21.47029 ], [ -56.73943, -21.47029 ], [ -56.7393, -21.47097 ], [ -56.73906, -21.47119 ], [ -56.73822, -21.47119 ], [ -56.73822, -21.47164 ], [ -56.73785, -21.47187 ], [ -56.73713, -21.47198 ], [ -56.73689, -21.47221 ], [ -56.73653, -21.47221 ], [ -56.73604, -21.47254 ], [ -56.73532, -21.47266 ], [ -56.73495, -21.47288 ], [ -56.73483, -21.47503 ], [ -56.73471, -21.47503 ], [ -56.73471, -21.47571 ], [ -56.73459, -21.47571 ], [ -56.73471, -21.4765 ], [ -56.73459, -21.4765 ], [ -56.73458, -21.47751 ], [ -56.73483, -21.47785 ], [ -56.73494, -21.47864 ], [ -56.73567, -21.47853 ], [ -56.73591, -21.47819 ], [ -56.73591, -21.47786 ], [ -56.73712, -21.4782 ], [ -56.73784, -21.47888 ], [ -56.73784, -21.4791 ], [ -56.7382, -21.47933 ], [ -56.7382, -21.47955 ], [ -56.73844, -21.47978 ], [ -56.73844, -21.48046 ], [ -56.73856, -21.48057 ], [ -56.73917, -21.48069 ], [ -56.73929, -21.48046 ], [ -56.73965, -21.48046 ], [ -56.73977, -21.48069 ], [ -56.74013, -21.4808 ], [ -56.74025, -21.48148 ], [ -56.74073, -21.48216 ], [ -56.74085, -21.48306 ], [ -56.74061, -21.48317 ], [ -56.74061, -21.4834 ], [ -56.74085, -21.4834 ], [ -56.74121, -21.48385 ], [ -56.74218, -21.48397 ], [ -56.7423, -21.48476 ], [ -56.74278, -21.4851 ], [ -56.74278, -21.48532 ], [ -56.74326, -21.48544 ], [ -56.74338, -21.48566 ], [ -56.74399, -21.48555 ], [ -56.74471, -21.48623 ], [ -56.74471, -21.48646 ], [ -56.74507, -21.48668 ], [ -56.74507, -21.48702 ], [ -56.74555, -21.48736 ], [ -56.74531, -21.48793 ], [ -56.74628, -21.48815 ], [ -56.74652, -21.48849 ], [ -56.74688, -21.48861 ], [ -56.74688, -21.48883 ], [ -56.74712, -21.48883 ], [ -56.74712, -21.48906 ], [ -56.74664, -21.4894 ], [ -56.74664, -21.48985 ], [ -56.74627, -21.49019 ], [ -56.74627, -21.49064 ], [ -56.74651, -21.49087 ], [ -56.747, -21.49087 ], [ -56.747, -21.49143 ], [ -56.74748, -21.49211 ], [ -56.74748, -21.49256 ], [ -56.74796, -21.49302 ], [ -56.74796, -21.49336 ], [ -56.74735, -21.49347 ], [ -56.74699, -21.49381 ], [ -56.74699, -21.49403 ], [ -56.74675, -21.49414 ], [ -56.74675, -21.49437 ], [ -56.74711, -21.49471 ], [ -56.74711, -21.49584 ], [ -56.74735, -21.49618 ], [ -56.74735, -21.49663 ], [ -56.74783, -21.49697 ], [ -56.74783, -21.49731 ], [ -56.74795, -21.49731 ], [ -56.74795, -21.49821 ], [ -56.74819, -21.49855 ], [ -56.74819, -21.49934 ], [ -56.74915, -21.50025 ], [ -56.74915, -21.5007 ], [ -56.74976, -21.50138 ], [ -56.7506, -21.50127 ], [ -56.75084, -21.50104 ], [ -56.75084, -21.50082 ], [ -56.75108, -21.5007 ], [ -56.75109, -21.50048 ], [ -56.75133, -21.50037 ], [ -56.75145, -21.49991 ], [ -56.75229, -21.4998 ], [ -56.75229, -21.49992 ], [ -56.7529, -21.49992 ], [ -56.75314, -21.49969 ], [ -56.75374, -21.49969 ], [ -56.75447, -21.50037 ], [ -56.75447, -21.5006 ], [ -56.75495, -21.50071 ], [ -56.75507, -21.50139 ], [ -56.75531, -21.5015 ], [ -56.75531, -21.50173 ], [ -56.75591, -21.50207 ], [ -56.75591, -21.50241 ], [ -56.75615, -21.50241 ], [ -56.75639, -21.50263 ], [ -56.75688, -21.50241 ], [ -56.757, -21.50184 ], [ -56.75881, -21.50173 ], [ -56.75881, -21.50185 ], [ -56.75905, -21.50185 ], [ -56.75929, -21.50151 ], [ -56.75966, -21.50151 ], [ -56.75978, -21.50128 ], [ -56.76026, -21.50117 ], [ -56.76026, -21.50083 ], [ -56.7605, -21.50061 ], [ -56.76038, -21.50015 ], [ -56.76026, -21.50015 ], [ -56.76026, -21.49947 ], [ -56.75978, -21.49914 ], [ -56.75978, -21.49891 ], [ -56.7599, -21.49891 ], [ -56.75978, -21.4988 ], [ -56.7599, -21.49778 ], [ -56.76015, -21.49755 ], [ -56.76015, -21.49721 ], [ -56.76039, -21.4971 ], [ -56.76039, -21.49688 ], [ -56.76124, -21.49609 ], [ -56.76148, -21.49609 ], [ -56.76196, -21.49665 ], [ -56.76244, -21.49665 ], [ -56.76256, -21.49699 ], [ -56.7628, -21.49699 ], [ -56.76292, -21.49722 ], [ -56.76317, -21.49722 ], [ -56.76365, -21.49767 ], [ -56.76377, -21.49824 ], [ -56.76449, -21.49869 ], [ -56.76461, -21.49937 ], [ -56.76497, -21.49937 ], [ -56.76509, -21.4996 ], [ -56.7657, -21.4996 ], [ -56.76594, -21.49982 ], [ -56.76594, -21.50005 ], [ -56.76618, -21.50027 ], [ -56.76594, -21.50061 ], [ -56.76666, -21.50129 ], [ -56.76678, -21.50174 ], [ -56.76738, -21.50175 ], [ -56.76738, -21.50197 ], [ -56.76823, -21.50197 ], [ -56.76859, -21.50163 ], [ -56.76895, -21.50163 ], [ -56.7692, -21.50186 ], [ -56.76992, -21.50175 ], [ -56.76992, -21.50152 ], [ -56.77016, -21.5013 ], [ -56.77016, -21.50085 ], [ -56.7704, -21.50073 ], [ -56.77053, -21.50039 ], [ -56.77077, -21.50039 ], [ -56.77101, -21.50062 ], [ -56.77161, -21.50062 ], [ -56.77173, -21.50085 ], [ -56.77209, -21.50085 ], [ -56.77221, -21.50141 ], [ -56.77209, -21.50141 ], [ -56.77209, -21.50164 ], [ -56.77258, -21.50209 ], [ -56.77354, -21.50209 ], [ -56.77354, -21.50277 ], [ -56.77414, -21.503 ], [ -56.77414, -21.50379 ], [ -56.77499, -21.50402 ], [ -56.77535, -21.50458 ], [ -56.77571, -21.50469 ], [ -56.77571, -21.50458 ], [ -56.77728, -21.50458 ], [ -56.7774, -21.50481 ], [ -56.77776, -21.50481 ], [ -56.77788, -21.50504 ], [ -56.77897, -21.50515 ], [ -56.77897, -21.50549 ], [ -56.77921, -21.50572 ], [ -56.77945, -21.50572 ], [ -56.77945, -21.50594 ], [ -56.77969, -21.50594 ], [ -56.78006, -21.50549 ], [ -56.78114, -21.50538 ], [ -56.78114, -21.50549 ], [ -56.78066, -21.50583 ], [ -56.78066, -21.50606 ], [ -56.78042, -21.50617 ], [ -56.78042, -21.50651 ], [ -56.77993, -21.50685 ], [ -56.77993, -21.50707 ], [ -56.77945, -21.50719 ], [ -56.77933, -21.50798 ], [ -56.77909, -21.50798 ], [ -56.77885, -21.5082 ], [ -56.77872, -21.50933 ], [ -56.77884, -21.50933 ], [ -56.77884, -21.50967 ], [ -56.77872, -21.50967 ], [ -56.77872, -21.51001 ], [ -56.77848, -21.51012 ], [ -56.77848, -21.51035 ], [ -56.77812, -21.51046 ], [ -56.778, -21.51103 ], [ -56.77775, -21.51125 ], [ -56.77775, -21.51148 ], [ -56.77751, -21.51159 ], [ -56.77763, -21.51227 ], [ -56.77751, -21.51227 ], [ -56.77751, -21.5134 ], [ -56.77715, -21.5134 ], [ -56.77691, -21.51362 ], [ -56.77678, -21.51408 ], [ -56.77654, -21.51407 ], [ -56.77654, -21.51396 ], [ -56.77546, -21.51407 ], [ -56.77533, -21.51385 ], [ -56.77497, -21.51385 ], [ -56.77497, -21.51362 ], [ -56.77461, -21.51339 ], [ -56.77389, -21.51339 ], [ -56.77364, -21.51396 ], [ -56.77292, -21.51396 ], [ -56.7728, -21.51373 ], [ -56.7722, -21.51373 ], [ -56.7722, -21.51396 ], [ -56.77183, -21.51396 ], [ -56.77171, -21.51429 ], [ -56.77135, -21.51418 ], [ -56.77111, -21.51441 ], [ -56.77111, -21.51463 ], [ -56.7705, -21.51463 ], [ -56.77038, -21.51486 ], [ -56.76966, -21.51497 ], [ -56.76929, -21.51542 ], [ -56.76893, -21.51542 ], [ -56.76881, -21.51565 ], [ -56.76845, -21.51565 ], [ -56.76797, -21.51531 ], [ -56.7676, -21.51553 ], [ -56.76724, -21.51553 ], [ -56.76724, -21.51598 ], [ -56.76712, -21.51598 ], [ -56.76712, -21.51643 ], [ -56.767, -21.51643 ], [ -56.767, -21.51689 ], [ -56.76688, -21.51689 ], [ -56.767, -21.517 ], [ -56.767, -21.51768 ], [ -56.76688, -21.51779 ], [ -56.76748, -21.51813 ], [ -56.76724, -21.51903 ], [ -56.76591, -21.51881 ], [ -56.76579, -21.51858 ], [ -56.76506, -21.51869 ], [ -56.76506, -21.51914 ], [ -56.76482, -21.51937 ], [ -56.76518, -21.51948 ], [ -56.76518, -21.52027 ], [ -56.76494, -21.52027 ], [ -56.76494, -21.5205 ], [ -56.76482, -21.5205 ], [ -56.7647, -21.52174 ], [ -56.76518, -21.52163 ], [ -56.7653, -21.5222 ], [ -56.76494, -21.52231 ], [ -56.76494, -21.52253 ], [ -56.76457, -21.52265 ], [ -56.76457, -21.52287 ], [ -56.76433, -21.52287 ], [ -56.76433, -21.52332 ], [ -56.76385, -21.52378 ], [ -56.76372, -21.52457 ], [ -56.76348, -21.52457 ], [ -56.763, -21.52513 ], [ -56.76239, -21.52536 ], [ -56.76264, -21.52558 ], [ -56.76264, -21.52615 ], [ -56.76276, -21.52615 ], [ -56.76263, -21.52705 ], [ -56.76275, -21.52705 ], [ -56.76275, -21.52728 ], [ -56.76263, -21.52728 ], [ -56.76263, -21.5275 ], [ -56.76239, -21.5275 ], [ -56.76203, -21.52829 ], [ -56.76179, -21.52829 ], [ -56.76142, -21.52874 ], [ -56.76154, -21.52987 ], [ -56.76178, -21.52999 ], [ -56.76178, -21.53044 ], [ -56.76202, -21.53044 ], [ -56.76202, -21.53078 ], [ -56.76227, -21.53101 ], [ -56.76251, -21.53101 ], [ -56.76251, -21.53146 ], [ -56.76287, -21.5318 ], [ -56.76299, -21.53236 ], [ -56.76287, -21.53236 ], [ -56.76287, -21.53281 ], [ -56.76262, -21.53293 ], [ -56.76274, -21.5336 ], [ -56.76214, -21.5336 ], [ -56.76202, -21.53451 ], [ -56.7619, -21.53451 ], [ -56.76202, -21.53473 ], [ -56.76178, -21.53496 ], [ -56.76177, -21.53598 ], [ -56.76214, -21.53632 ], [ -56.76238, -21.53632 ], [ -56.76238, -21.53654 ], [ -56.7625, -21.53654 ], [ -56.76238, -21.53711 ], [ -56.76213, -21.53722 ], [ -56.76225, -21.53779 ], [ -56.76201, -21.53778 ], [ -56.76177, -21.53812 ], [ -56.76177, -21.53869 ], [ -56.76201, -21.53869 ], [ -56.76201, -21.53891 ], [ -56.76189, -21.53891 ], [ -56.76177, -21.53959 ], [ -56.76104, -21.54004 ], [ -56.76104, -21.54027 ], [ -56.76068, -21.54027 ], [ -56.76056, -21.54061 ], [ -56.75983, -21.54061 ], [ -56.75996, -21.5397 ], [ -56.75947, -21.53902 ], [ -56.75911, -21.53914 ], [ -56.75875, -21.53959 ], [ -56.75839, -21.53959 ], [ -56.75839, -21.53947 ], [ -56.75802, -21.53947 ], [ -56.75802, -21.53925 ], [ -56.75742, -21.53868 ], [ -56.75658, -21.53857 ], [ -56.75658, -21.53868 ], [ -56.75633, -21.53868 ], [ -56.75633, -21.53857 ], [ -56.75597, -21.53857 ], [ -56.75597, -21.53834 ], [ -56.75537, -21.53834 ], [ -56.75537, -21.53811 ], [ -56.75416, -21.53811 ], [ -56.75416, -21.53823 ], [ -56.7538, -21.53822 ], [ -56.75368, -21.53856 ], [ -56.75332, -21.53856 ], [ -56.75295, -21.53811 ], [ -56.75247, -21.53811 ], [ -56.75247, -21.53822 ], [ -56.75223, -21.53822 ], [ -56.75223, -21.53924 ], [ -56.75078, -21.53912 ], [ -56.75078, -21.53845 ], [ -56.75042, -21.53811 ], [ -56.75018, -21.53811 ], [ -56.75005, -21.53856 ], [ -56.74969, -21.5389 ], [ -56.74812, -21.53901 ], [ -56.74812, -21.53878 ], [ -56.748, -21.53878 ], [ -56.748, -21.53889 ], [ -56.7474, -21.53889 ], [ -56.7474, -21.53912 ], [ -56.74607, -21.53923 ], [ -56.74595, -21.53946 ], [ -56.74558, -21.53946 ], [ -56.74546, -21.54002 ], [ -56.74534, -21.54002 ], [ -56.74498, -21.54092 ], [ -56.74377, -21.54103 ], [ -56.74353, -21.54137 ], [ -56.74341, -21.54126 ], [ -56.74244, -21.54137 ], [ -56.74244, -21.54126 ], [ -56.74208, -21.54126 ], [ -56.74196, -21.54081 ], [ -56.74172, -21.54081 ], [ -56.7416, -21.54013 ], [ -56.74136, -21.54001 ], [ -56.74136, -21.53979 ], [ -56.74027, -21.53979 ], [ -56.73979, -21.53945 ], [ -56.73978, -21.54035 ], [ -56.73954, -21.54046 ], [ -56.73954, -21.54092 ], [ -56.73918, -21.54103 ], [ -56.73918, -21.54159 ], [ -56.73894, -21.54182 ], [ -56.73894, -21.54216 ], [ -56.73869, -21.54227 ], [ -56.73857, -21.54295 ], [ -56.73809, -21.54295 ], [ -56.73809, -21.54317 ], [ -56.73676, -21.54317 ], [ -56.73664, -21.54351 ], [ -56.73579, -21.5434 ], [ -56.73567, -21.54351 ], [ -56.73567, -21.54419 ], [ -56.73519, -21.54452 ], [ -56.73519, -21.54475 ], [ -56.73482, -21.54509 ], [ -56.73458, -21.54509 ], [ -56.7347, -21.54554 ], [ -56.73482, -21.54554 ], [ -56.73494, -21.54633 ], [ -56.73555, -21.54678 ], [ -56.73506, -21.5469 ], [ -56.73506, -21.54678 ], [ -56.73434, -21.54678 ], [ -56.73434, -21.54701 ], [ -56.73385, -21.54746 ], [ -56.73349, -21.54746 ], [ -56.73349, -21.54791 ], [ -56.73325, -21.54802 ], [ -56.73325, -21.54836 ], [ -56.73301, -21.54859 ], [ -56.7324, -21.54859 ], [ -56.7324, -21.54881 ], [ -56.73204, -21.54893 ], [ -56.73216, -21.54972 ], [ -56.73192, -21.54994 ], [ -56.73155, -21.54994 ], [ -56.73155, -21.55028 ], [ -56.73083, -21.55028 ], [ -56.73071, -21.54983 ], [ -56.73023, -21.54983 ], [ -56.73023, -21.54949 ], [ -56.72938, -21.54949 ], [ -56.72938, -21.5496 ], [ -56.72914, -21.54949 ], [ -56.72902, -21.54994 ], [ -56.72878, -21.55005 ], [ -56.72865, -21.55084 ], [ -56.72841, -21.55107 ], [ -56.72817, -21.55107 ], [ -56.72805, -21.55129 ], [ -56.72648, -21.55118 ], [ -56.7266, -21.55027 ], [ -56.72648, -21.55027 ], [ -56.72648, -21.55005 ], [ -56.72588, -21.54993 ], [ -56.72527, -21.54937 ], [ -56.72528, -21.5488 ], [ -56.72491, -21.54835 ], [ -56.72467, -21.54835 ], [ -56.72455, -21.54925 ], [ -56.72443, -21.54914 ], [ -56.72382, -21.54925 ], [ -56.72358, -21.54903 ], [ -56.7231, -21.54902 ], [ -56.72298, -21.5488 ], [ -56.72238, -21.54857 ], [ -56.72238, -21.54812 ], [ -56.72214, -21.54812 ], [ -56.72189, -21.54789 ], [ -56.7219, -21.54755 ], [ -56.72214, -21.54755 ], [ -56.72238, -21.54676 ], [ -56.7219, -21.54631 ], [ -56.72154, -21.54631 ], [ -56.72154, -21.54608 ], [ -56.72129, -21.54608 ], [ -56.7213, -21.54552 ], [ -56.72093, -21.54529 ], [ -56.72105, -21.54507 ], [ -56.7213, -21.54507 ], [ -56.72166, -21.54473 ], [ -56.72202, -21.54394 ], [ -56.72057, -21.54394 ], [ -56.72021, -21.54427 ], [ -56.72009, -21.54484 ], [ -56.71961, -21.54484 ], [ -56.71949, -21.5445 ], [ -56.719, -21.5445 ], [ -56.71864, -21.54484 ], [ -56.71816, -21.54484 ], [ -56.71816, -21.54472 ], [ -56.71779, -21.54472 ], [ -56.71767, -21.5445 ], [ -56.71707, -21.54438 ], [ -56.71671, -21.54404 ], [ -56.71671, -21.54382 ], [ -56.7161, -21.54381 ], [ -56.71586, -21.54404 ], [ -56.71586, -21.54461 ], [ -56.71562, -21.54483 ], [ -56.71538, -21.54483 ], [ -56.71538, -21.54506 ], [ -56.71514, -21.54483 ], [ -56.7149, -21.54483 ], [ -56.71478, -21.54438 ], [ -56.71429, -21.54449 ], [ -56.71429, -21.54472 ], [ -56.71405, -21.54472 ], [ -56.71405, -21.54483 ], [ -56.71381, -21.54483 ], [ -56.71369, -21.54584 ], [ -56.71332, -21.54607 ], [ -56.71211, -21.54641 ], [ -56.71151, -21.54607 ], [ -56.71018, -21.54606 ], [ -56.70982, -21.5464 ], [ -56.70982, -21.54674 ], [ -56.70934, -21.54674 ], [ -56.70909, -21.54708 ], [ -56.70861, -21.54719 ], [ -56.70861, -21.54731 ], [ -56.70825, -21.5473 ], [ -56.70825, -21.54697 ], [ -56.70789, -21.54674 ], [ -56.70704, -21.54685 ], [ -56.70668, -21.54708 ], [ -56.70668, -21.54696 ], [ -56.7039, -21.54696 ], [ -56.7039, -21.54684 ], [ -56.70305, -21.54673 ], [ -56.70305, -21.54707 ], [ -56.70354, -21.54752 ], [ -56.70269, -21.54786 ], [ -56.70245, -21.54876 ], [ -56.70136, -21.54865 ], [ -56.70124, -21.54887 ], [ -56.701, -21.54887 ], [ -56.70088, -21.54865 ], [ -56.70027, -21.54865 ], [ -56.70015, -21.54831 ], [ -56.69991, -21.54831 ], [ -56.69955, -21.54887 ], [ -56.69918, -21.54921 ], [ -56.69894, -21.54921 ], [ -56.6981, -21.5483 ], [ -56.69786, -21.5483 ], [ -56.69774, -21.54853 ], [ -56.69689, -21.54841 ], [ -56.69677, -21.54875 ], [ -56.69629, -21.54875 ], [ -56.69629, -21.54887 ], [ -56.69604, -21.54875 ], [ -56.6958, -21.54898 ], [ -56.6958, -21.5492 ], [ -56.69544, -21.54932 ], [ -56.69532, -21.54954 ], [ -56.69471, -21.54943 ], [ -56.69471, -21.54931 ], [ -56.69423, -21.54943 ], [ -56.69423, -21.54931 ], [ -56.69399, -21.54931 ], [ -56.69399, -21.54886 ], [ -56.69375, -21.54886 ], [ -56.69278, -21.54976 ], [ -56.6929, -21.55044 ], [ -56.69266, -21.55067 ], [ -56.69266, -21.55146 ], [ -56.6929, -21.55146 ], [ -56.6929, -21.55225 ], [ -56.69278, -21.55236 ], [ -56.69241, -21.55236 ], [ -56.69229, -21.5527 ], [ -56.69133, -21.55258 ], [ -56.69133, -21.5527 ], [ -56.69108, -21.5527 ], [ -56.69108, -21.55292 ], [ -56.69084, -21.55292 ], [ -56.69084, -21.55315 ], [ -56.6906, -21.55315 ], [ -56.69048, -21.55349 ], [ -56.68963, -21.55349 ], [ -56.68927, -21.55315 ], [ -56.68867, -21.55303 ], [ -56.68867, -21.55326 ], [ -56.6883, -21.55348 ], [ -56.68818, -21.55507 ], [ -56.68782, -21.55518 ], [ -56.68758, -21.55552 ], [ -56.68782, -21.55586 ], [ -56.68806, -21.55586 ], [ -56.68818, -21.55642 ], [ -56.68781, -21.55642 ], [ -56.68769, -21.55676 ], [ -56.68745, -21.55687 ], [ -56.68745, -21.55721 ], [ -56.68721, -21.55732 ], [ -56.68721, -21.558 ], [ -56.68697, -21.558 ], [ -56.68697, -21.55823 ], [ -56.68672, -21.55845 ], [ -56.68612, -21.55856 ], [ -56.68612, -21.5589 ], [ -56.68576, -21.5589 ], [ -56.68563, -21.55924 ], [ -56.68455, -21.55935 ], [ -56.68443, -21.55958 ], [ -56.68394, -21.55946 ], [ -56.68394, -21.55969 ], [ -56.6831, -21.55969 ], [ -56.6831, -21.55991 ], [ -56.68285, -21.5598 ], [ -56.68285, -21.55991 ], [ -56.68249, -21.55991 ], [ -56.68201, -21.55946 ], [ -56.68201, -21.55856 ], [ -56.68177, -21.55856 ], [ -56.68129, -21.55799 ], [ -56.68105, -21.55799 ], [ -56.6808, -21.55855 ], [ -56.68032, -21.55855 ], [ -56.68032, -21.55867 ], [ -56.68056, -21.55867 ], [ -56.68056, -21.55968 ], [ -56.68032, -21.55968 ], [ -56.68032, -21.55991 ], [ -56.67971, -21.56002 ], [ -56.67971, -21.56025 ], [ -56.67947, -21.56025 ], [ -56.67947, -21.56002 ], [ -56.67911, -21.55991 ], [ -56.67911, -21.56025 ], [ -56.67899, -21.56025 ], [ -56.67887, -21.56081 ], [ -56.67875, -21.56081 ], [ -56.67874, -21.56149 ], [ -56.67862, -21.5616 ], [ -56.67729, -21.5616 ], [ -56.67717, -21.56194 ], [ -56.67669, -21.56205 ], [ -56.67669, -21.56216 ], [ -56.67572, -21.56216 ], [ -56.6756, -21.5625 ], [ -56.67524, -21.56261 ], [ -56.67524, -21.56295 ], [ -56.67488, -21.56284 ], [ -56.67463, -21.5625 ], [ -56.67415, -21.5625 ], [ -56.67379, -21.56283 ], [ -56.67318, -21.56283 ], [ -56.67318, -21.56272 ], [ -56.67282, -21.56272 ], [ -56.67258, -21.56249 ], [ -56.67258, -21.56227 ], [ -56.67198, -21.56215 ], [ -56.67138, -21.56159 ], [ -56.67077, -21.56159 ], [ -56.67065, -21.56226 ], [ -56.67005, -21.56226 ], [ -56.66992, -21.56305 ], [ -56.66944, -21.56305 ], [ -56.66932, -21.56283 ], [ -56.66872, -21.56271 ], [ -56.66872, -21.56181 ], [ -56.66739, -21.56147 ], [ -56.66727, -21.56203 ], [ -56.66666, -21.56226 ], [ -56.6663, -21.56271 ], [ -56.66606, -21.56271 ], [ -56.66521, -21.5635 ], [ -56.66533, -21.56451 ], [ -56.66569, -21.56451 ], [ -56.66581, -21.56485 ], [ -56.66557, -21.56485 ], [ -56.66521, -21.56542 ], [ -56.66484, -21.56542 ], [ -56.6646, -21.56564 ], [ -56.6646, -21.56587 ], [ -56.66436, -21.56587 ], [ -56.66388, -21.5662 ], [ -56.66375, -21.56666 ], [ -56.66399, -21.56677 ], [ -56.66399, -21.56733 ], [ -56.66363, -21.56767 ], [ -56.66339, -21.56767 ], [ -56.66327, -21.5679 ], [ -56.66121, -21.56801 ], [ -56.66109, -21.56823 ], [ -56.66061, -21.56823 ], [ -56.66037, -21.56857 ], [ -56.65952, -21.56868 ], [ -56.6594, -21.56902 ], [ -56.65904, -21.56868 ], [ -56.65892, -21.56834 ], [ -56.65904, -21.56823 ], [ -56.65868, -21.56789 ], [ -56.65868, -21.56766 ], [ -56.65904, -21.56766 ], [ -56.65904, -21.56744 ], [ -56.65916, -21.56744 ], [ -56.65916, -21.56687 ], [ -56.6588, -21.56676 ], [ -56.65868, -21.56653 ], [ -56.65808, -21.56664 ], [ -56.65796, -21.56631 ], [ -56.65711, -21.56608 ], [ -56.65711, -21.56574 ], [ -56.65675, -21.5654 ], [ -56.65615, -21.56528 ], [ -56.65615, -21.56517 ], [ -56.65566, -21.56517 ], [ -56.65554, -21.5654 ], [ -56.65518, -21.5654 ], [ -56.65518, -21.56528 ], [ -56.65494, -21.56528 ], [ -56.65494, -21.56506 ], [ -56.65421, -21.56494 ], [ -56.65421, -21.56517 ], [ -56.65312, -21.56607 ], [ -56.653, -21.56607 ], [ -56.653, -21.5655 ], [ -56.65276, -21.5655 ], [ -56.65276, -21.56539 ], [ -56.65156, -21.5655 ], [ -56.65131, -21.56573 ], [ -56.65131, -21.56618 ], [ -56.65047, -21.56618 ], [ -56.65034, -21.56652 ], [ -56.64986, -21.56651 ], [ -56.64974, -21.56674 ], [ -56.64853, -21.56674 ], [ -56.64853, -21.56685 ], [ -56.64841, -21.56685 ], [ -56.64841, -21.5664 ], [ -56.64733, -21.56572 ], [ -56.64733, -21.56549 ], [ -56.64745, -21.56549 ], [ -56.64733, -21.56493 ], [ -56.64685, -21.56493 ], [ -56.64672, -21.56515 ], [ -56.64636, -21.56515 ], [ -56.64588, -21.5656 ], [ -56.64539, -21.56571 ], [ -56.64539, -21.56594 ], [ -56.64455, -21.5656 ], [ -56.64455, -21.56515 ], [ -56.64407, -21.56469 ], [ -56.64407, -21.56413 ], [ -56.64395, -21.56413 ], [ -56.64407, -21.56368 ], [ -56.64395, -21.56356 ], [ -56.64419, -21.56334 ], [ -56.64419, -21.56255 ], [ -56.64407, -21.56255 ], [ -56.64407, -21.5621 ], [ -56.64395, -21.5621 ], [ -56.64395, -21.56164 ], [ -56.64383, -21.56164 ], [ -56.64383, -21.56142 ], [ -56.64359, -21.56142 ], [ -56.64323, -21.56108 ], [ -56.64335, -21.56006 ], [ -56.64323, -21.55995 ], [ -56.64203, -21.55994 ], [ -56.64166, -21.55972 ], [ -56.64142, -21.55972 ], [ -56.6413, -21.56006 ], [ -56.6407, -21.56005 ], [ -56.6407, -21.56017 ], [ -56.64021, -21.56005 ], [ -56.64022, -21.55858 ], [ -56.63985, -21.5587 ], [ -56.63949, -21.55836 ], [ -56.63949, -21.55813 ], [ -56.63925, -21.55813 ], [ -56.63937, -21.5579 ], [ -56.63913, -21.55779 ], [ -56.63913, -21.55745 ], [ -56.63925, -21.55745 ], [ -56.63913, -21.55689 ], [ -56.63877, -21.55689 ], [ -56.63865, -21.55598 ], [ -56.63829, -21.55564 ], [ -56.63841, -21.55553 ], [ -56.63841, -21.55474 ], [ -56.63817, -21.55462 ], [ -56.63817, -21.5544 ], [ -56.63781, -21.55429 ], [ -56.63793, -21.55383 ], [ -56.63757, -21.55361 ], [ -56.63769, -21.55315 ], [ -56.63878, -21.55304 ], [ -56.63878, -21.55316 ], [ -56.63902, -21.55316 ], [ -56.63926, -21.55293 ], [ -56.63927, -21.55225 ], [ -56.63915, -21.55214 ], [ -56.63878, -21.55225 ], [ -56.63854, -21.55191 ], [ -56.6383, -21.55191 ], [ -56.63806, -21.55169 ], [ -56.63806, -21.55135 ], [ -56.63758, -21.55101 ], [ -56.63758, -21.55067 ], [ -56.63794, -21.55044 ], [ -56.63794, -21.55022 ], [ -56.63818, -21.54999 ], [ -56.63806, -21.54965 ], [ -56.63855, -21.54954 ], [ -56.63855, -21.54909 ], [ -56.63879, -21.54898 ], [ -56.63879, -21.54841 ], [ -56.63916, -21.5483 ], [ -56.63867, -21.54773 ], [ -56.63831, -21.54762 ], [ -56.63831, -21.54739 ], [ -56.63819, -21.54739 ], [ -56.63807, -21.54807 ], [ -56.63759, -21.54807 ], [ -56.63734, -21.54784 ], [ -56.6359, -21.54784 ], [ -56.6359, -21.54773 ], [ -56.63565, -21.54773 ], [ -56.63565, -21.5475 ], [ -56.63529, -21.5475 ], [ -56.63505, -21.54773 ], [ -56.63505, -21.54806 ], [ -56.63517, -21.54806 ], [ -56.63517, -21.54829 ], [ -56.63541, -21.54829 ], [ -56.63541, -21.54852 ], [ -56.63469, -21.54863 ], [ -56.63469, -21.54874 ], [ -56.63396, -21.54885 ], [ -56.63396, -21.54897 ], [ -56.63372, -21.54874 ], [ -56.63311, -21.54874 ], [ -56.63312, -21.54862 ], [ -56.63239, -21.54874 ], [ -56.63215, -21.5484 ], [ -56.63179, -21.5484 ], [ -56.63179, -21.54862 ], [ -56.63155, -21.54862 ], [ -56.6313, -21.5484 ], [ -56.63094, -21.54839 ], [ -56.63046, -21.54885 ], [ -56.62997, -21.54884 ], [ -56.62985, -21.54839 ], [ -56.62937, -21.54805 ], [ -56.62804, -21.54816 ], [ -56.62804, -21.54827 ], [ -56.62768, -21.54827 ], [ -56.62732, -21.5485 ], [ -56.62732, -21.54918 ], [ -56.62695, -21.54952 ], [ -56.62635, -21.54951 ], [ -56.62635, -21.54985 ], [ -56.62562, -21.5503 ], [ -56.62502, -21.54951 ], [ -56.6249, -21.54883 ], [ -56.62454, -21.54861 ], [ -56.62454, -21.54838 ], [ -56.62478, -21.54815 ], [ -56.6243, -21.5477 ], [ -56.62442, -21.54714 ], [ -56.62346, -21.54702 ], [ -56.62346, -21.54657 ], [ -56.62249, -21.54645 ], [ -56.62213, -21.54611 ], [ -56.62213, -21.54578 ], [ -56.62189, -21.54544 ], [ -56.62117, -21.54532 ], [ -56.62092, -21.54509 ], [ -56.62093, -21.54487 ], [ -56.61948, -21.54498 ], [ -56.61899, -21.54441 ], [ -56.61718, -21.54418 ], [ -56.61682, -21.54384 ], [ -56.61682, -21.54305 ], [ -56.61694, -21.54294 ], [ -56.61622, -21.54282 ], [ -56.61622, -21.54248 ], [ -56.61586, -21.54226 ], [ -56.61489, -21.54214 ], [ -56.61465, -21.5418 ], [ -56.61465, -21.54146 ], [ -56.61357, -21.54157 ], [ -56.6132, -21.54214 ], [ -56.61296, -21.54214 ], [ -56.61284, -21.54282 ], [ -56.61248, -21.54282 ], [ -56.61248, -21.5427 ], [ -56.61211, -21.5427 ], [ -56.61199, -21.54248 ], [ -56.61175, -21.54247 ], [ -56.61175, -21.54157 ], [ -56.61043, -21.54145 ], [ -56.61031, -21.541 ], [ -56.61007, -21.54111 ], [ -56.60994, -21.541 ], [ -56.60995, -21.54066 ], [ -56.60922, -21.54077 ], [ -56.60922, -21.54055 ], [ -56.60898, -21.54055 ], [ -56.60898, -21.54043 ], [ -56.60717, -21.54054 ], [ -56.60717, -21.54066 ], [ -56.60668, -21.54077 ], [ -56.60656, -21.54099 ], [ -56.60632, -21.54099 ], [ -56.60632, -21.54065 ], [ -56.60596, -21.5402 ], [ -56.60572, -21.54043 ], [ -56.60499, -21.54031 ], [ -56.60499, -21.54042 ], [ -56.60439, -21.54042 ], [ -56.60427, -21.54031 ], [ -56.60415, -21.54042 ], [ -56.60427, -21.54076 ], [ -56.60403, -21.54099 ], [ -56.60403, -21.54155 ], [ -56.6039, -21.54155 ], [ -56.60402, -21.54212 ], [ -56.60414, -21.54212 ], [ -56.60414, -21.54268 ], [ -56.6039, -21.54257 ], [ -56.60378, -21.54291 ], [ -56.60354, -21.54291 ], [ -56.60317, -21.54325 ], [ -56.60317, -21.54358 ], [ -56.60172, -21.54369 ], [ -56.60172, -21.54381 ], [ -56.601, -21.54392 ], [ -56.60088, -21.54369 ], [ -56.59991, -21.54369 ], [ -56.59991, -21.54346 ], [ -56.59895, -21.54346 ], [ -56.59858, -21.5438 ], [ -56.59786, -21.54391 ], [ -56.59774, -21.54448 ], [ -56.59749, -21.5447 ], [ -56.59689, -21.54459 ], [ -56.59677, -21.54425 ], [ -56.59617, -21.54425 ], [ -56.59605, -21.54391 ], [ -56.59581, -21.54391 ], [ -56.59581, -21.54357 ], [ -56.59508, -21.54368 ], [ -56.59424, -21.54311 ], [ -56.59363, -21.54311 ], [ -56.59351, -21.54254 ], [ -56.59194, -21.54243 ], [ -56.5917, -21.54197 ], [ -56.59122, -21.54197 ], [ -56.59122, -21.54209 ], [ -56.59025, -21.54197 ], [ -56.59025, -21.54231 ], [ -56.5888, -21.54265 ], [ -56.58868, -21.54242 ], [ -56.58832, -21.54242 ], [ -56.5882, -21.54219 ], [ -56.58796, -21.54219 ], [ -56.58784, -21.54185 ], [ -56.5876, -21.54163 ], [ -56.58724, -21.54162 ], [ -56.58724, -21.5414 ], [ -56.58687, -21.54128 ], [ -56.58675, -21.54106 ], [ -56.58663, -21.54117 ], [ -56.58518, -21.54117 ], [ -56.58494, -21.54151 ], [ -56.58446, -21.5415 ], [ -56.58434, -21.54184 ], [ -56.58385, -21.54184 ], [ -56.58385, -21.54207 ], [ -56.58349, -21.54218 ], [ -56.58337, -21.54241 ], [ -56.58276, -21.54252 ], [ -56.58264, -21.54286 ], [ -56.5818, -21.54297 ], [ -56.5818, -21.54285 ], [ -56.58131, -21.54285 ], [ -56.58132, -21.54206 ], [ -56.58096, -21.54172 ], [ -56.58096, -21.5415 ], [ -56.58071, -21.54138 ], [ -56.58072, -21.54093 ], [ -56.58011, -21.5407 ], [ -56.57951, -21.54127 ], [ -56.57878, -21.54115 ], [ -56.57854, -21.54138 ], [ -56.57866, -21.54172 ], [ -56.57902, -21.54194 ], [ -56.5789, -21.54206 ], [ -56.57902, -21.54285 ], [ -56.5783, -21.54273 ], [ -56.5783, -21.54251 ], [ -56.57805, -21.54251 ], [ -56.57806, -21.54228 ], [ -56.57769, -21.54228 ], [ -56.57769, -21.54205 ], [ -56.57745, -21.54205 ], [ -56.57733, -21.54228 ], [ -56.57697, -21.54228 ], [ -56.57648, -21.54284 ], [ -56.57624, -21.54284 ], [ -56.57588, -21.54318 ], [ -56.57588, -21.54352 ], [ -56.57564, -21.54363 ], [ -56.57563, -21.54408 ], [ -56.57515, -21.54408 ], [ -56.57491, -21.54431 ], [ -56.57479, -21.54487 ], [ -56.57491, -21.54487 ], [ -56.57491, -21.5451 ], [ -56.57418, -21.54555 ], [ -56.57418, -21.54589 ], [ -56.57466, -21.54634 ], [ -56.57442, -21.54634 ], [ -56.57442, -21.54656 ], [ -56.57418, -21.54668 ], [ -56.57405, -21.54735 ], [ -56.57417, -21.54747 ], [ -56.57405, -21.54747 ], [ -56.57393, -21.54792 ], [ -56.57224, -21.5478 ], [ -56.5708, -21.54644 ], [ -56.56995, -21.54644 ], [ -56.56995, -21.54655 ], [ -56.56923, -21.54644 ], [ -56.5691, -21.54678 ], [ -56.5685, -21.54678 ], [ -56.5685, -21.54689 ], [ -56.56826, -21.54666 ], [ -56.56802, -21.54666 ], [ -56.56802, -21.54643 ], [ -56.56753, -21.54643 ], [ -56.56729, -21.547 ], [ -56.56705, -21.547 ], [ -56.56657, -21.54756 ], [ -56.56608, -21.54767 ], [ -56.56608, -21.5479 ], [ -56.56572, -21.54812 ], [ -56.56572, -21.54835 ], [ -56.56487, -21.54835 ], [ -56.56463, -21.54903 ], [ -56.56451, -21.54902 ], [ -56.56451, -21.54936 ], [ -56.56427, -21.54936 ], [ -56.56426, -21.54948 ], [ -56.56269, -21.54936 ], [ -56.5627, -21.54913 ], [ -56.56233, -21.54913 ], [ -56.56221, -21.54857 ], [ -56.56185, -21.54868 ], [ -56.56185, -21.54857 ], [ -56.56161, -21.54857 ], [ -56.56161, -21.54868 ], [ -56.56137, -21.54856 ], [ -56.56125, -21.54879 ], [ -56.56101, -21.54879 ], [ -56.56101, -21.54822 ], [ -56.56052, -21.54811 ], [ -56.56052, -21.548 ], [ -56.55992, -21.548 ], [ -56.55944, -21.54845 ], [ -56.55883, -21.54833 ], [ -56.55871, -21.54844 ], [ -56.55859, -21.54811 ], [ -56.55823, -21.54822 ], [ -56.55799, -21.54799 ], [ -56.55787, -21.5472 ], [ -56.55751, -21.5472 ], [ -56.55751, -21.54675 ], [ -56.55691, -21.54652 ], [ -56.55691, -21.54629 ], [ -56.55666, -21.54629 ], [ -56.55631, -21.54527 ], [ -56.5557, -21.54505 ], [ -56.5551, -21.54437 ], [ -56.55462, -21.54437 ], [ -56.5545, -21.54414 ], [ -56.55341, -21.54425 ], [ -56.55341, -21.54436 ], [ -56.55305, -21.54436 ], [ -56.5528, -21.5447 ], [ -56.5522, -21.5447 ], [ -56.5522, -21.54504 ], [ -56.55184, -21.54504 ], [ -56.55172, -21.5447 ], [ -56.55148, -21.5447 ], [ -56.55124, -21.54436 ], [ -56.55087, -21.54436 ], [ -56.55039, -21.54469 ], [ -56.55051, -21.54526 ], [ -56.55039, -21.54526 ], [ -56.55039, -21.54548 ], [ -56.5499, -21.54582 ], [ -56.54954, -21.54582 ], [ -56.54954, -21.54571 ], [ -56.54712, -21.54581 ], [ -56.5464, -21.54649 ], [ -56.54591, -21.54638 ], [ -56.54591, -21.5466 ], [ -56.54519, -21.54649 ], [ -56.54507, -21.54671 ], [ -56.54483, -21.54671 ], [ -56.54482, -21.54739 ], [ -56.54446, -21.5475 ], [ -56.54446, -21.54773 ], [ -56.54422, -21.54773 ], [ -56.54422, -21.54784 ], [ -56.54398, -21.54784 ], [ -56.54398, -21.54761 ], [ -56.54326, -21.54693 ], [ -56.54326, -21.54716 ], [ -56.54289, -21.54739 ], [ -56.54253, -21.54738 ], [ -56.54217, -21.54761 ], [ -56.54193, -21.54738 ], [ -56.5418, -21.54761 ], [ -56.54156, -21.54761 ], [ -56.54144, -21.5484 ], [ -56.54095, -21.54885 ], [ -56.54047, -21.54885 ], [ -56.54035, -21.54862 ], [ -56.54011, -21.54862 ], [ -56.53987, -21.54885 ], [ -56.5389, -21.54896 ], [ -56.53878, -21.55054 ], [ -56.53853, -21.55054 ], [ -56.53841, -21.55088 ], [ -56.53805, -21.55087 ], [ -56.53805, -21.55065 ], [ -56.53781, -21.55042 ], [ -56.53757, -21.55042 ], [ -56.53769, -21.55008 ], [ -56.53636, -21.54974 ], [ -56.53612, -21.55064 ], [ -56.53563, -21.55064 ], [ -56.53551, -21.55132 ], [ -56.53503, -21.55098 ], [ -56.5343, -21.55098 ], [ -56.53394, -21.55143 ], [ -56.53358, -21.55131 ], [ -56.53309, -21.55176 ], [ -56.53177, -21.55165 ], [ -56.53165, -21.55142 ], [ -56.5314, -21.55142 ], [ -56.5314, -21.55199 ], [ -56.53116, -21.55199 ], [ -56.53104, -21.55165 ], [ -56.5308, -21.55165 ], [ -56.5308, -21.55153 ], [ -56.53008, -21.55153 ], [ -56.52996, -21.5513 ], [ -56.52911, -21.5513 ], [ -56.52911, -21.55119 ], [ -56.52899, -21.5513 ], [ -56.52826, -21.55119 ], [ -56.52802, -21.55152 ], [ -56.52778, -21.55152 ], [ -56.5279, -21.55232 ], [ -56.52741, -21.55277 ], [ -56.52693, -21.55276 ], [ -56.52681, -21.5531 ], [ -56.52633, -21.5531 ], [ -56.52608, -21.55389 ], [ -56.52584, -21.55412 ], [ -56.5256, -21.55412 ], [ -56.5256, -21.55457 ], [ -56.52548, -21.55457 ], [ -56.52559, -21.55547 ], [ -56.52499, -21.55558 ], [ -56.52475, -21.55581 ], [ -56.52474, -21.55649 ], [ -56.52499, -21.55671 ], [ -56.52486, -21.55683 ], [ -56.52486, -21.55773 ], [ -56.52498, -21.55773 ], [ -56.52498, -21.55818 ], [ -56.52571, -21.5583 ], [ -56.5257, -21.55852 ], [ -56.52631, -21.55864 ], [ -56.52631, -21.5592 ], [ -56.52703, -21.55988 ], [ -56.52715, -21.5609 ], [ -56.52775, -21.56102 ], [ -56.52847, -21.56147 ], [ -56.52859, -21.56226 ], [ -56.52871, -21.56226 ], [ -56.52859, -21.56283 ], [ -56.52895, -21.56317 ], [ -56.52919, -21.56317 ], [ -56.52943, -21.56351 ], [ -56.52943, -21.56373 ], [ -56.52895, -21.56396 ], [ -56.52882, -21.56509 ], [ -56.52955, -21.56531 ], [ -56.52979, -21.56554 ], [ -56.52979, -21.56577 ], [ -56.53075, -21.56588 ], [ -56.53075, -21.56611 ], [ -56.53099, -21.56622 ], [ -56.53111, -21.56735 ], [ -56.53075, -21.56769 ], [ -56.53051, -21.56769 ], [ -56.53038, -21.56871 ], [ -56.53014, -21.56882 ], [ -56.53002, -21.56927 ], [ -56.52966, -21.56927 ], [ -56.52953, -21.56972 ], [ -56.52929, -21.56995 ], [ -56.52905, -21.56995 ], [ -56.52904, -21.57175 ], [ -56.5288, -21.57198 ], [ -56.52844, -21.57198 ], [ -56.52844, -21.5722 ], [ -56.52783, -21.57277 ], [ -56.52747, -21.57277 ], [ -56.52723, -21.57254 ], [ -56.52711, -21.57299 ], [ -56.52699, -21.57299 ], [ -56.52711, -21.57344 ], [ -56.52795, -21.57412 ], [ -56.52795, -21.57435 ], [ -56.52759, -21.57446 ], [ -56.52746, -21.57491 ], [ -56.5271, -21.57514 ], [ -56.52698, -21.57559 ], [ -56.52686, -21.57559 ], [ -56.52649, -21.57774 ], [ -56.52673, -21.57796 ], [ -56.52673, -21.5783 ], [ -56.52697, -21.5783 ], [ -56.52733, -21.57864 ], [ -56.52733, -21.57887 ], [ -56.52757, -21.57898 ], [ -56.52757, -21.57943 ], [ -56.5266, -21.5792 ], [ -56.52648, -21.57943 ], [ -56.526, -21.57943 ], [ -56.52576, -21.57977 ], [ -56.52527, -21.57977 ], [ -56.52527, -21.57999 ], [ -56.52491, -21.58033 ], [ -56.52455, -21.58022 ], [ -56.52442, -21.58078 ], [ -56.52406, -21.58123 ], [ -56.52333, -21.58134 ], [ -56.52321, -21.58202 ], [ -56.52273, -21.58157 ], [ -56.52237, -21.58168 ], [ -56.52237, -21.58134 ], [ -56.52213, -21.58134 ], [ -56.52189, -21.58111 ], [ -56.5214, -21.58111 ], [ -56.5214, -21.58179 ], [ -56.52116, -21.58201 ], [ -56.52116, -21.58224 ], [ -56.52092, -21.58235 ], [ -56.52103, -21.58281 ], [ -56.52128, -21.58292 ], [ -56.52103, -21.58314 ], [ -56.52115, -21.58427 ], [ -56.52151, -21.58461 ], [ -56.52151, -21.58529 ], [ -56.52175, -21.58529 ], [ -56.52187, -21.58586 ], [ -56.52199, -21.58586 ], [ -56.52199, -21.58608 ], [ -56.52163, -21.58642 ], [ -56.52139, -21.58642 ], [ -56.52138, -21.58676 ], [ -56.52175, -21.58676 ], [ -56.52175, -21.58699 ], [ -56.52235, -21.58744 ], [ -56.52235, -21.58778 ], [ -56.52307, -21.58823 ], [ -56.52307, -21.5888 ], [ -56.52331, -21.58891 ], [ -56.52331, -21.58925 ], [ -56.52343, -21.58925 ], [ -56.52331, -21.58982 ], [ -56.52319, -21.58982 ], [ -56.52318, -21.59061 ], [ -56.5227, -21.59106 ], [ -56.52257, -21.59241 ], [ -56.52282, -21.59241 ], [ -56.52281, -21.59275 ], [ -56.52294, -21.59275 ], [ -56.52281, -21.59377 ], [ -56.52305, -21.59377 ], [ -56.52305, -21.59411 ], [ -56.52329, -21.59411 ], [ -56.52329, -21.59468 ], [ -56.52365, -21.5949 ], [ -56.52365, -21.59592 ], [ -56.52377, -21.59592 ], [ -56.52401, -21.59683 ], [ -56.52389, -21.59682 ], [ -56.52389, -21.59728 ], [ -56.52364, -21.59739 ], [ -56.52376, -21.59773 ], [ -56.52364, -21.59773 ], [ -56.52364, -21.59841 ], [ -56.5234, -21.59863 ], [ -56.5234, -21.59908 ], [ -56.52316, -21.59931 ], [ -56.52315, -21.59953 ], [ -56.52291, -21.59965 ], [ -56.52279, -21.60021 ], [ -56.52255, -21.60021 ], [ -56.52231, -21.60044 ], [ -56.52243, -21.60078 ], [ -56.52206, -21.601 ], [ -56.52218, -21.60134 ], [ -56.52254, -21.60145 ], [ -56.52218, -21.60179 ], [ -56.52218, -21.60236 ], [ -56.52278, -21.60247 ], [ -56.5229, -21.60326 ], [ -56.52314, -21.60326 ], [ -56.52314, -21.60405 ], [ -56.52302, -21.60405 ], [ -56.52302, -21.60451 ], [ -56.52278, -21.60473 ], [ -56.52289, -21.6053 ], [ -56.52265, -21.60541 ], [ -56.52265, -21.60564 ], [ -56.52229, -21.60575 ], [ -56.52217, -21.60642 ], [ -56.52192, -21.60665 ], [ -56.52168, -21.60665 ], [ -56.52168, -21.60688 ], [ -56.52144, -21.60687 ], [ -56.52144, -21.60733 ], [ -56.52047, -21.60744 ], [ -56.52035, -21.60823 ], [ -56.52059, -21.60823 ], [ -56.52047, -21.60845 ], [ -56.52059, -21.60845 ], [ -56.52059, -21.60891 ], [ -56.52022, -21.60902 ], [ -56.52022, -21.60924 ], [ -56.51986, -21.60958 ], [ -56.51998, -21.61037 ], [ -56.51974, -21.61049 ], [ -56.51961, -21.61162 ], [ -56.51973, -21.61162 ], [ -56.51973, -21.61241 ], [ -56.51985, -21.61252 ], [ -56.51961, -21.61263 ], [ -56.5196, -21.61388 ], [ -56.51924, -21.61421 ], [ -56.51936, -21.61489 ], [ -56.51924, -21.61489 ], [ -56.51924, -21.61523 ], [ -56.51899, -21.61546 ], [ -56.51887, -21.61602 ], [ -56.51863, -21.61613 ], [ -56.51863, -21.61636 ], [ -56.51827, -21.61647 ], [ -56.51802, -21.6167 ], [ -56.51802, -21.61703 ], [ -56.51766, -21.61726 ], [ -56.51778, -21.6176 ], [ -56.51717, -21.61794 ], [ -56.51717, -21.6185 ], [ -56.51693, -21.61861 ], [ -56.51693, -21.61918 ], [ -56.51632, -21.61929 ], [ -56.51632, -21.61963 ], [ -56.51608, -21.61985 ], [ -56.51535, -21.61974 ], [ -56.51511, -21.61996 ], [ -56.51463, -21.61996 ], [ -56.51439, -21.61974 ], [ -56.51402, -21.61996 ], [ -56.51173, -21.61995 ], [ -56.51173, -21.62007 ], [ -56.51149, -21.62007 ], [ -56.51136, -21.62063 ], [ -56.51124, -21.62063 ], [ -56.51136, -21.62097 ], [ -56.511, -21.62119 ], [ -56.51088, -21.62176 ], [ -56.51076, -21.62176 ], [ -56.51087, -21.62244 ], [ -56.51124, -21.62255 ], [ -56.51123, -21.62368 ], [ -56.51099, -21.62379 ], [ -56.51087, -21.62425 ], [ -56.51026, -21.62436 ], [ -56.51026, -21.62458 ], [ -56.50978, -21.62503 ], [ -56.5099, -21.62515 ], [ -56.5099, -21.62582 ], [ -56.50965, -21.62605 ], [ -56.50941, -21.62605 ], [ -56.50941, -21.62627 ], [ -56.50905, -21.62627 ], [ -56.50905, -21.6265 ], [ -56.50881, -21.6265 ], [ -56.50881, -21.62661 ], [ -56.50844, -21.6265 ], [ -56.50832, -21.62684 ], [ -56.50796, -21.62672 ], [ -56.50784, -21.62706 ], [ -56.50711, -21.62706 ], [ -56.50711, -21.62695 ], [ -56.50639, -21.62694 ], [ -56.50639, -21.62672 ], [ -56.50603, -21.62672 ], [ -56.50591, -21.62649 ], [ -56.50542, -21.62649 ], [ -56.50542, -21.62638 ], [ -56.50506, -21.62637 ], [ -56.50494, -21.6266 ], [ -56.50409, -21.6266 ], [ -56.50373, -21.62603 ], [ -56.50325, -21.62637 ], [ -56.50325, -21.6266 ], [ -56.50228, -21.62648 ], [ -56.50228, -21.62671 ], [ -56.50168, -21.6267 ], [ -56.50131, -21.62648 ], [ -56.50035, -21.62659 ], [ -56.50035, -21.62636 ], [ -56.49938, -21.62636 ], [ -56.49926, -21.62613 ], [ -56.49878, -21.62613 ], [ -56.49878, -21.62636 ], [ -56.49769, -21.62647 ], [ -56.49769, -21.62669 ], [ -56.49744, -21.62692 ], [ -56.4966, -21.62714 ], [ -56.49648, -21.62748 ], [ -56.49575, -21.62736 ], [ -56.49563, -21.62748 ], [ -56.49551, -21.62725 ], [ -56.49466, -21.62736 ], [ -56.49466, -21.62713 ], [ -56.49382, -21.62725 ], [ -56.49382, -21.62713 ], [ -56.49309, -21.62702 ], [ -56.49297, -21.62724 ], [ -56.49261, -21.62724 ], [ -56.49261, -21.62747 ], [ -56.49212, -21.62758 ], [ -56.492, -21.6278 ], [ -56.49164, -21.6278 ], [ -56.49152, -21.62803 ], [ -56.49116, -21.62803 ], [ -56.49116, -21.62814 ], [ -56.49067, -21.62825 ], [ -56.49055, -21.62848 ], [ -56.4897, -21.6287 ], [ -56.4897, -21.62881 ], [ -56.48898, -21.62881 ], [ -56.48862, -21.62904 ], [ -56.48789, -21.62892 ], [ -56.48777, -21.62915 ], [ -56.4868, -21.62903 ], [ -56.48668, -21.62926 ], [ -56.48487, -21.62948 ], [ -56.48475, -21.62982 ], [ -56.48426, -21.63015 ], [ -56.48426, -21.63049 ], [ -56.4839, -21.6306 ], [ -56.48378, -21.63027 ], [ -56.48354, -21.63015 ], [ -56.48354, -21.62993 ], [ -56.48366, -21.62993 ], [ -56.48354, -21.6297 ], [ -56.48209, -21.62958 ], [ -56.48209, -21.62947 ], [ -56.48148, -21.62958 ], [ -56.48124, -21.62935 ], [ -56.48124, -21.62913 ], [ -56.48088, -21.62913 ], [ -56.48088, -21.6289 ], [ -56.48064, -21.6289 ], [ -56.48088, -21.62856 ], [ -56.48088, -21.62822 ], [ -56.48064, -21.628 ], [ -56.4804, -21.62799 ], [ -56.4804, -21.62777 ], [ -56.48016, -21.62766 ], [ -56.48016, -21.62743 ], [ -56.47992, -21.6272 ], [ -56.4792, -21.62697 ], [ -56.4792, -21.62652 ], [ -56.47872, -21.62629 ], [ -56.47872, -21.62528 ], [ -56.47848, -21.62528 ], [ -56.47836, -21.62449 ], [ -56.47824, -21.62449 ], [ -56.47836, -21.62392 ], [ -56.47812, -21.62392 ], [ -56.47812, -21.62302 ], [ -56.47837, -21.62279 ], [ -56.478, -21.62256 ], [ -56.478, -21.62234 ], [ -56.47764, -21.62234 ], [ -56.47728, -21.62267 ], [ -56.47728, -21.6229 ], [ -56.47679, -21.62301 ], [ -56.47679, -21.62312 ], [ -56.47643, -21.62312 ], [ -56.47643, -21.62301 ], [ -56.47571, -21.62312 ], [ -56.4757, -21.62335 ], [ -56.47546, -21.62335 ], [ -56.47522, -21.62391 ], [ -56.47486, -21.62391 ], [ -56.47425, -21.62425 ], [ -56.47425, -21.62459 ], [ -56.47413, -21.62459 ], [ -56.47389, -21.62515 ], [ -56.4734, -21.62526 ], [ -56.4734, -21.62537 ], [ -56.47304, -21.62526 ], [ -56.47292, -21.6256 ], [ -56.47255, -21.6256 ], [ -56.47207, -21.62593 ], [ -56.47171, -21.62582 ], [ -56.47159, -21.62616 ], [ -56.4711, -21.62604 ], [ -56.47061, -21.62729 ], [ -56.46989, -21.62717 ], [ -56.46989, -21.6274 ], [ -56.46965, -21.62751 ], [ -56.46964, -21.62819 ], [ -56.46928, -21.6283 ], [ -56.46916, -21.62898 ], [ -56.46892, -21.62898 ], [ -56.46892, -21.6292 ], [ -56.46867, -21.6292 ], [ -56.46855, -21.62943 ], [ -56.46783, -21.62942 ], [ -56.46783, -21.62954 ], [ -56.46686, -21.62942 ], [ -56.46674, -21.62987 ], [ -56.46577, -21.62987 ], [ -56.46565, -21.63009 ], [ -56.46384, -21.62998 ], [ -56.46372, -21.6302 ], [ -56.46323, -21.6302 ], [ -56.46323, -21.63043 ], [ -56.46299, -21.63054 ], [ -56.46299, -21.63099 ], [ -56.46287, -21.63099 ], [ -56.46299, -21.63144 ], [ -56.46238, -21.63201 ], [ -56.46238, -21.63223 ], [ -56.46214, -21.63223 ], [ -56.46201, -21.63291 ], [ -56.46177, -21.63291 ], [ -56.46177, -21.63302 ], [ -56.46141, -21.63291 ], [ -56.46141, -21.63313 ], [ -56.46117, -21.63313 ], [ -56.46117, -21.63324 ], [ -56.46056, -21.63324 ], [ -56.46008, -21.6329 ], [ -56.46008, -21.63268 ], [ -56.45984, -21.63245 ], [ -56.4596, -21.63245 ], [ -56.4596, -21.63234 ], [ -56.45984, -21.63234 ], [ -56.45984, -21.63177 ], [ -56.45972, -21.63188 ], [ -56.45863, -21.63188 ], [ -56.45863, -21.63177 ], [ -56.45694, -21.63154 ], [ -56.45694, -21.63142 ], [ -56.45646, -21.63131 ], [ -56.4561, -21.63085 ], [ -56.45586, -21.63085 ], [ -56.45538, -21.63029 ], [ -56.45489, -21.63029 ], [ -56.45489, -21.63051 ], [ -56.45477, -21.63051 ], [ -56.45453, -21.63028 ], [ -56.45405, -21.63028 ], [ -56.45405, -21.63017 ], [ -56.45356, -21.63006 ], [ -56.45357, -21.62983 ], [ -56.45248, -21.62971 ], [ -56.45224, -21.62949 ], [ -56.45139, -21.62948 ], [ -56.45139, -21.62926 ], [ -56.45103, -21.62926 ], [ -56.45055, -21.6288 ], [ -56.45055, -21.62858 ], [ -56.45019, -21.62835 ], [ -56.45019, -21.62801 ], [ -56.44995, -21.62801 ], [ -56.44983, -21.62767 ], [ -56.44959, -21.62778 ], [ -56.44959, -21.62767 ], [ -56.44898, -21.62767 ], [ -56.44886, -21.62744 ], [ -56.44814, -21.62744 ], [ -56.4479, -21.62631 ], [ -56.44754, -21.62597 ], [ -56.44705, -21.62597 ], [ -56.44705, -21.62777 ], [ -56.44644, -21.62777 ], [ -56.44608, -21.62811 ], [ -56.44608, -21.6289 ], [ -56.44583, -21.62901 ], [ -56.44559, -21.62958 ], [ -56.44535, -21.6298 ], [ -56.44498, -21.6298 ], [ -56.44474, -21.63003 ], [ -56.44462, -21.63048 ], [ -56.44414, -21.63048 ], [ -56.44414, -21.6307 ], [ -56.44377, -21.6307 ], [ -56.44377, -21.63093 ], [ -56.44256, -21.63138 ], [ -56.4428, -21.63217 ], [ -56.44256, -21.63239 ], [ -56.44268, -21.63251 ], [ -56.44268, -21.63318 ], [ -56.44243, -21.6333 ], [ -56.44243, -21.63409 ], [ -56.44267, -21.63409 ], [ -56.44279, -21.63488 ], [ -56.44267, -21.63488 ], [ -56.44267, -21.6351 ], [ -56.44291, -21.63533 ], [ -56.44291, -21.63635 ], [ -56.44303, -21.63635 ], [ -56.44303, -21.63669 ], [ -56.44327, -21.6368 ], [ -56.44326, -21.63714 ], [ -56.44339, -21.63714 ], [ -56.44278, -21.6377 ], [ -56.44278, -21.63782 ], [ -56.44302, -21.63782 ], [ -56.44302, -21.63816 ], [ -56.44314, -21.63816 ], [ -56.44302, -21.63827 ], [ -56.44302, -21.63906 ], [ -56.44338, -21.63906 ], [ -56.44338, -21.63929 ], [ -56.4435, -21.63929 ], [ -56.4435, -21.64008 ], [ -56.44325, -21.64019 ], [ -56.44325, -21.64053 ], [ -56.44289, -21.64053 ], [ -56.44289, -21.6403 ], [ -56.44253, -21.6403 ], [ -56.44253, -21.64041 ], [ -56.44059, -21.64041 ], [ -56.44059, -21.6403 ], [ -56.44035, -21.64029 ], [ -56.44035, -21.64041 ], [ -56.43987, -21.64041 ], [ -56.43987, -21.64052 ], [ -56.43938, -21.64052 ], [ -56.43938, -21.64063 ], [ -56.43842, -21.64063 ], [ -56.43842, -21.64074 ], [ -56.43793, -21.64074 ], [ -56.43793, -21.64085 ], [ -56.43745, -21.64085 ], [ -56.43745, -21.64096 ], [ -56.43709, -21.64096 ], [ -56.43709, -21.64119 ], [ -56.43612, -21.6413 ], [ -56.43575, -21.64152 ], [ -56.43539, -21.64141 ], [ -56.43539, -21.64163 ], [ -56.43515, -21.64163 ], [ -56.43515, -21.64197 ], [ -56.43491, -21.64197 ], [ -56.43479, -21.6422 ], [ -56.43454, -21.6422 ], [ -56.43418, -21.64253 ], [ -56.4337, -21.64253 ], [ -56.4337, -21.64287 ], [ -56.43345, -21.64287 ], [ -56.43333, -21.6431 ], [ -56.43297, -21.64298 ], [ -56.43297, -21.64321 ], [ -56.43224, -21.6432 ], [ -56.43224, -21.64332 ], [ -56.43164, -21.64332 ], [ -56.43164, -21.6432 ], [ -56.43091, -21.64297 ], [ -56.4308, -21.64263 ], [ -56.43055, -21.64263 ], [ -56.43019, -21.64184 ], [ -56.42947, -21.64173 ], [ -56.42959, -21.64071 ], [ -56.42984, -21.64071 ], [ -56.42984, -21.6406 ], [ -56.42935, -21.64026 ], [ -56.42851, -21.64025 ], [ -56.42839, -21.64003 ], [ -56.42815, -21.64003 ], [ -56.42815, -21.6398 ], [ -56.42803, -21.6398 ], [ -56.42815, -21.63935 ], [ -56.42791, -21.63912 ], [ -56.42742, -21.63923 ], [ -56.42742, -21.63935 ], [ -56.42682, -21.63934 ], [ -56.4267, -21.639 ], [ -56.4261, -21.63889 ], [ -56.4261, -21.63866 ], [ -56.42561, -21.63866 ], [ -56.42561, -21.63934 ], [ -56.42549, -21.63923 ], [ -56.42464, -21.63934 ], [ -56.42465, -21.63911 ], [ -56.42428, -21.639 ], [ -56.42428, -21.63877 ], [ -56.42404, -21.63866 ], [ -56.42392, -21.6382 ], [ -56.4238, -21.6382 ], [ -56.4238, -21.63775 ], [ -56.42405, -21.63764 ], [ -56.42393, -21.63696 ], [ -56.42369, -21.63685 ], [ -56.42369, -21.63662 ], [ -56.42345, -21.63639 ], [ -56.42296, -21.63639 ], [ -56.4226, -21.63617 ], [ -56.42248, -21.63537 ], [ -56.42224, -21.63537 ], [ -56.42224, -21.63515 ], [ -56.42176, -21.63526 ], [ -56.42176, -21.63515 ], [ -56.42116, -21.63503 ], [ -56.42067, -21.63559 ], [ -56.41995, -21.63559 ], [ -56.41995, -21.6357 ], [ -56.41946, -21.6357 ], [ -56.41946, -21.63582 ], [ -56.41922, -21.63559 ], [ -56.41922, -21.63536 ], [ -56.4185, -21.63525 ], [ -56.4185, -21.63547 ], [ -56.41813, -21.63547 ], [ -56.41813, -21.6357 ], [ -56.41789, -21.63592 ], [ -56.41765, -21.63592 ], [ -56.41741, -21.63626 ], [ -56.41716, -21.63626 ], [ -56.4168, -21.63682 ], [ -56.41656, -21.63705 ], [ -56.41631, -21.63705 ], [ -56.41619, -21.63727 ], [ -56.41595, -21.63727 ], [ -56.41595, -21.6375 ], [ -56.41571, -21.6375 ], [ -56.41547, -21.63784 ], [ -56.4145, -21.63795 ], [ -56.41438, -21.63783 ], [ -56.41413, -21.6384 ], [ -56.41292, -21.6385 ], [ -56.41292, -21.63839 ], [ -56.41268, -21.63839 ], [ -56.41268, -21.63816 ], [ -56.41208, -21.63816 ], [ -56.41208, -21.63805 ], [ -56.41172, -21.63816 ], [ -56.41172, -21.63771 ], [ -56.41051, -21.63759 ], [ -56.41076, -21.63635 ], [ -56.41028, -21.63601 ], [ -56.41003, -21.63601 ], [ -56.41003, -21.63578 ], [ -56.40967, -21.63578 ], [ -56.40955, -21.63555 ], [ -56.40931, -21.63555 ], [ -56.40907, -21.63533 ], [ -56.40895, -21.63487 ], [ -56.40859, -21.63487 ], [ -56.40859, -21.63431 ], [ -56.40823, -21.63397 ], [ -56.40775, -21.63385 ], [ -56.40763, -21.63351 ], [ -56.40739, -21.6334 ], [ -56.40726, -21.63363 ], [ -56.40702, -21.63362 ], [ -56.40666, -21.63396 ], [ -56.40654, -21.63441 ], [ -56.40617, -21.63441 ], [ -56.40593, -21.63464 ], [ -56.40605, -21.63566 ], [ -56.4058, -21.63599 ], [ -56.4058, -21.63645 ], [ -56.40568, -21.63645 ], [ -56.40568, -21.63667 ], [ -56.40544, -21.63667 ], [ -56.40556, -21.6369 ], [ -56.40519, -21.63735 ], [ -56.40483, -21.63825 ], [ -56.40434, -21.63825 ], [ -56.40398, -21.63859 ], [ -56.40398, -21.63892 ], [ -56.40434, -21.63904 ], [ -56.40422, -21.63949 ], [ -56.40337, -21.63937 ], [ -56.40337, -21.63971 ], [ -56.40289, -21.64016 ], [ -56.40288, -21.64062 ], [ -56.40264, -21.64061 ], [ -56.4024, -21.64095 ], [ -56.40216, -21.64095 ], [ -56.40191, -21.64129 ], [ -56.40167, -21.64129 ], [ -56.40143, -21.64163 ], [ -56.40107, -21.64151 ], [ -56.40107, -21.64163 ], [ -56.40083, -21.64163 ], [ -56.40082, -21.64185 ], [ -56.40034, -21.64185 ], [ -56.4001, -21.64207 ], [ -56.4001, -21.64241 ], [ -56.39998, -21.64241 ], [ -56.40009, -21.64309 ], [ -56.39997, -21.64309 ], [ -56.39997, -21.64332 ], [ -56.39973, -21.64332 ], [ -56.39985, -21.64388 ], [ -56.39961, -21.64422 ], [ -56.39961, -21.64456 ], [ -56.39948, -21.64456 ], [ -56.39948, -21.6449 ], [ -56.39924, -21.64512 ], [ -56.39924, -21.64546 ], [ -56.399, -21.64569 ], [ -56.39875, -21.64569 ], [ -56.39875, -21.64602 ], [ -56.39815, -21.64659 ], [ -56.39754, -21.6467 ], [ -56.39742, -21.64704 ], [ -56.39645, -21.64692 ], [ -56.39621, -21.64737 ], [ -56.39536, -21.64737 ], [ -56.39512, -21.64771 ], [ -56.39512, -21.64805 ], [ -56.39536, -21.64827 ], [ -56.39524, -21.6485 ], [ -56.39463, -21.6485 ], [ -56.39427, -21.64872 ], [ -56.39282, -21.64894 ], [ -56.39257, -21.64939 ], [ -56.39221, -21.64939 ], [ -56.39197, -21.64962 ], [ -56.39197, -21.65018 ], [ -56.39172, -21.65029 ], [ -56.39172, -21.65142 ], [ -56.38942, -21.65153 ], [ -56.38943, -21.65108 ], [ -56.38955, -21.65108 ], [ -56.38955, -21.65074 ], [ -56.38931, -21.6504 ], [ -56.38943, -21.64938 ], [ -56.38907, -21.64927 ], [ -56.38895, -21.64791 ], [ -56.38871, -21.64768 ], [ -56.38823, -21.64768 ], [ -56.38811, -21.64734 ], [ -56.38775, -21.64711 ], [ -56.38775, -21.64689 ], [ -56.38739, -21.64689 ], [ -56.38703, -21.64655 ], [ -56.38703, -21.64632 ], [ -56.38679, -21.64632 ], [ -56.38655, -21.64609 ], [ -56.38655, -21.64587 ], [ -56.38619, -21.64553 ], [ -56.3857, -21.64552 ], [ -56.38522, -21.64507 ], [ -56.38486, -21.64507 ], [ -56.38486, -21.64484 ], [ -56.38462, -21.64484 ], [ -56.38438, -21.6445 ], [ -56.38413, -21.6445 ], [ -56.38414, -21.64428 ], [ -56.38389, -21.64428 ], [ -56.38389, -21.64416 ], [ -56.38365, -21.64427 ], [ -56.38353, -21.64393 ], [ -56.38269, -21.64382 ], [ -56.38257, -21.64337 ], [ -56.38233, -21.64325 ], [ -56.38233, -21.64291 ], [ -56.38136, -21.64268 ], [ -56.38064, -21.64178 ], [ -56.38028, -21.64178 ], [ -56.37992, -21.64132 ], [ -56.37968, -21.64143 ], [ -56.37956, -21.64121 ], [ -56.37895, -21.64109 ], [ -56.37883, -21.64087 ], [ -56.37799, -21.64075 ], [ -56.37787, -21.64052 ], [ -56.37678, -21.64018 ], [ -56.37654, -21.63962 ], [ -56.37618, -21.63961 ], [ -56.3757, -21.63893 ], [ -56.37522, -21.63882 ], [ -56.37485, -21.63848 ], [ -56.37486, -21.63814 ], [ -56.37437, -21.63814 ], [ -56.37425, -21.63769 ], [ -56.37389, -21.63768 ], [ -56.37329, -21.637 ], [ -56.37269, -21.637 ], [ -56.37257, -21.63655 ], [ -56.37232, -21.63655 ], [ -56.37233, -21.63632 ], [ -56.37208, -21.63632 ], [ -56.37148, -21.63564 ], [ -56.37124, -21.63564 ], [ -56.371, -21.6353 ], [ -56.37052, -21.6353 ], [ -56.37016, -21.63473 ], [ -56.36955, -21.63462 ], [ -56.36955, -21.63439 ], [ -56.36931, -21.63439 ], [ -56.36883, -21.63382 ], [ -56.36859, -21.63382 ], [ -56.36835, -21.63348 ], [ -56.36847, -21.63326 ], [ -56.36811, -21.63326 ], [ -56.36775, -21.6328 ], [ -56.36714, -21.63269 ], [ -56.36715, -21.63223 ], [ -56.36642, -21.63212 ], [ -56.36643, -21.63133 ], [ -56.36618, -21.63133 ], [ -56.36606, -21.6311 ], [ -56.3657, -21.6311 ], [ -56.36583, -21.62952 ], [ -56.36522, -21.62952 ], [ -56.36523, -21.62929 ], [ -56.36426, -21.62906 ], [ -56.3645, -21.62884 ], [ -56.3645, -21.62861 ], [ -56.36475, -21.62861 ], [ -56.36463, -21.6285 ], [ -56.36463, -21.62691 ], [ -56.36355, -21.62589 ], [ -56.36295, -21.62567 ], [ -56.36295, -21.6251 ], [ -56.36259, -21.6251 ], [ -56.36259, -21.62476 ], [ -56.36222, -21.62476 ], [ -56.36186, -21.62442 ], [ -56.36102, -21.62453 ], [ -56.36102, -21.62441 ], [ -56.36065, -21.62441 ], [ -56.36029, -21.62475 ], [ -56.36005, -21.62475 ], [ -56.36005, -21.62509 ], [ -56.35968, -21.6252 ], [ -56.3598, -21.62543 ], [ -56.35956, -21.62543 ], [ -56.35932, -21.62576 ], [ -56.35896, -21.62565 ], [ -56.35884, -21.62576 ], [ -56.35859, -21.62667 ], [ -56.35835, -21.62666 ], [ -56.35835, -21.62689 ], [ -56.35811, -21.62689 ], [ -56.3581, -21.62734 ], [ -56.35786, -21.62734 ], [ -56.35786, -21.62757 ], [ -56.3575, -21.62757 ], [ -56.35738, -21.62779 ], [ -56.35689, -21.6279 ], [ -56.35677, -21.62813 ], [ -56.35617, -21.62824 ], [ -56.35592, -21.62858 ], [ -56.35556, -21.62857 ], [ -56.35532, -21.6288 ], [ -56.35459, -21.6288 ], [ -56.35447, -21.62914 ], [ -56.35423, -21.62913 ], [ -56.35423, -21.62925 ], [ -56.35375, -21.62913 ], [ -56.35374, -21.62947 ], [ -56.3535, -21.62947 ], [ -56.3535, -21.6297 ], [ -56.35326, -21.62992 ], [ -56.35302, -21.62992 ], [ -56.35253, -21.63048 ], [ -56.35193, -21.63048 ], [ -56.35156, -21.63082 ], [ -56.35156, -21.63104 ], [ -56.3512, -21.63127 ], [ -56.35132, -21.63183 ], [ -56.35144, -21.63184 ], [ -56.35131, -21.6324 ], [ -56.35023, -21.63251 ], [ -56.34986, -21.63285 ], [ -56.34938, -21.63273 ], [ -56.34938, -21.63284 ], [ -56.34889, -21.63296 ], [ -56.34889, -21.63329 ], [ -56.34841, -21.63341 ], [ -56.34829, -21.63329 ], [ -56.34829, -21.63352 ], [ -56.34805, -21.63363 ], [ -56.34804, -21.63453 ], [ -56.34816, -21.63465 ], [ -56.34804, -21.63465 ], [ -56.34791, -21.63657 ], [ -56.34743, -21.63668 ], [ -56.34718, -21.6369 ], [ -56.34718, -21.63713 ], [ -56.34694, -21.63713 ], [ -56.34694, -21.63747 ], [ -56.34634, -21.63758 ], [ -56.34621, -21.63814 ], [ -56.34537, -21.63848 ], [ -56.34524, -21.6387 ], [ -56.34488, -21.63859 ], [ -56.34476, -21.63881 ], [ -56.3444, -21.63881 ], [ -56.34403, -21.63915 ], [ -56.34367, -21.63915 ], [ -56.34355, -21.63949 ], [ -56.34294, -21.6396 ], [ -56.34294, -21.63971 ], [ -56.34161, -21.63971 ], [ -56.34161, -21.63959 ], [ -56.34101, -21.63959 ], [ -56.34101, -21.63948 ], [ -56.34041, -21.63959 ], [ -56.34029, -21.63936 ], [ -56.33944, -21.63936 ], [ -56.33944, -21.63925 ], [ -56.33871, -21.63936 ], [ -56.33871, -21.63924 ], [ -56.33811, -21.63913 ], [ -56.33787, -21.63879 ], [ -56.33775, -21.63913 ], [ -56.33739, -21.63924 ], [ -56.33738, -21.63946 ], [ -56.33726, -21.63946 ], [ -56.33726, -21.63992 ], [ -56.33738, -21.63992 ], [ -56.3375, -21.64048 ], [ -56.33714, -21.64082 ], [ -56.33689, -21.64082 ], [ -56.33677, -21.64104 ], [ -56.33653, -21.64104 ], [ -56.33641, -21.64172 ], [ -56.3358, -21.64228 ], [ -56.33556, -21.64228 ], [ -56.33544, -21.64251 ], [ -56.33507, -21.64251 ], [ -56.33459, -21.64296 ], [ -56.33459, -21.64318 ], [ -56.33471, -21.64318 ], [ -56.33458, -21.64386 ], [ -56.33422, -21.64386 ], [ -56.3341, -21.64408 ], [ -56.33374, -21.64408 ], [ -56.33374, -21.64419 ], [ -56.33289, -21.64442 ], [ -56.3324, -21.64475 ], [ -56.33204, -21.64475 ], [ -56.3318, -21.64498 ], [ -56.3312, -21.64498 ], [ -56.33119, -21.64509 ], [ -56.33095, -21.64509 ], [ -56.33095, -21.64531 ], [ -56.33035, -21.64554 ], [ -56.33046, -21.64667 ], [ -56.3301, -21.64667 ], [ -56.32974, -21.647 ], [ -56.32973, -21.64836 ], [ -56.32949, -21.64847 ], [ -56.32949, -21.6487 ], [ -56.32924, -21.64892 ], [ -56.32803, -21.64926 ], [ -56.32803, -21.64993 ], [ -56.32767, -21.65016 ], [ -56.32754, -21.65072 ], [ -56.3267, -21.65083 ], [ -56.3267, -21.65095 ], [ -56.32633, -21.65094 ], [ -56.32621, -21.65117 ], [ -56.32597, -21.65117 ], [ -56.32597, -21.65139 ], [ -56.32633, -21.6514 ], [ -56.32633, -21.65162 ], [ -56.32645, -21.65162 ], [ -56.32645, -21.6523 ], [ -56.32621, -21.6523 ], [ -56.3262, -21.65253 ], [ -56.32584, -21.65264 ], [ -56.32572, -21.65298 ], [ -56.32548, -21.65297 ], [ -56.32536, -21.6532 ], [ -56.32499, -21.65331 ], [ -56.32499, -21.65365 ], [ -56.3245, -21.65433 ], [ -56.3245, -21.65478 ], [ -56.32426, -21.655 ], [ -56.32378, -21.655 ], [ -56.32378, -21.65511 ], [ -56.32281, -21.65522 ], [ -56.32281, -21.65534 ], [ -56.32245, -21.65522 ], [ -56.3222, -21.65545 ], [ -56.32172, -21.65545 ], [ -56.3216, -21.65522 ], [ -56.32148, -21.65533 ], [ -56.32039, -21.65521 ], [ -56.32039, -21.6551 ], [ -56.31942, -21.65521 ], [ -56.31918, -21.65555 ], [ -56.31918, -21.65589 ], [ -56.31906, -21.656 ], [ -56.31857, -21.65588 ], [ -56.31857, -21.65611 ], [ -56.31833, -21.65634 ], [ -56.31761, -21.65622 ], [ -56.31736, -21.65644 ], [ -56.31652, -21.65644 ], [ -56.31639, -21.65701 ], [ -56.31651, -21.65701 ], [ -56.31651, -21.65723 ], [ -56.31603, -21.65791 ], [ -56.31602, -21.65825 ], [ -56.31457, -21.65813 ], [ -56.31457, -21.65824 ], [ -56.31433, -21.65824 ], [ -56.31397, -21.65801 ], [ -56.31349, -21.65801 ], [ -56.31349, -21.65812 ], [ -56.31288, -21.65823 ], [ -56.31288, -21.65801 ], [ -56.31264, -21.65789 ], [ -56.31264, -21.65823 ], [ -56.31179, -21.65823 ], [ -56.31179, -21.65812 ], [ -56.31143, -21.65812 ], [ -56.31095, -21.65766 ], [ -56.31059, -21.65766 ], [ -56.31047, -21.658 ], [ -56.3101, -21.658 ], [ -56.3101, -21.65845 ], [ -56.30974, -21.65867 ], [ -56.30974, -21.65901 ], [ -56.30949, -21.65901 ], [ -56.30913, -21.65935 ], [ -56.30913, -21.65957 ], [ -56.30889, -21.6598 ], [ -56.30864, -21.6598 ], [ -56.30852, -21.66002 ], [ -56.30804, -21.66002 ], [ -56.30792, -21.66025 ], [ -56.30731, -21.66036 ], [ -56.30731, -21.66047 ], [ -56.30659, -21.66047 ], [ -56.30659, -21.66058 ], [ -56.30598, -21.66047 ], [ -56.30562, -21.66069 ], [ -56.30526, -21.66069 ], [ -56.30501, -21.66046 ], [ -56.30502, -21.66012 ], [ -56.30477, -21.66012 ], [ -56.30478, -21.6599 ], [ -56.30441, -21.65978 ], [ -56.30442, -21.65922 ], [ -56.30394, -21.65876 ], [ -56.30406, -21.6582 ], [ -56.30394, -21.65808 ], [ -56.30345, -21.65819 ], [ -56.30309, -21.65763 ], [ -56.30273, -21.65751 ], [ -56.30273, -21.65729 ], [ -56.30225, -21.65729 ], [ -56.30213, -21.65695 ], [ -56.30165, -21.65672 ], [ -56.30129, -21.65593 ], [ -56.30105, -21.65592 ], [ -56.30105, -21.65604 ], [ -56.30081, -21.65592 ], [ -56.30044, -21.65615 ], [ -56.30008, -21.65569 ], [ -56.29948, -21.65558 ], [ -56.29935, -21.65626 ], [ -56.29875, -21.65659 ], [ -56.29875, -21.65716 ], [ -56.29838, -21.65716 ], [ -56.29838, -21.65738 ], [ -56.29802, -21.65761 ], [ -56.29802, -21.65795 ], [ -56.29632, -21.65805 ], [ -56.29632, -21.65816 ], [ -56.29608, -21.65816 ], [ -56.29608, -21.65805 ], [ -56.29427, -21.65816 ], [ -56.29403, -21.65793 ], [ -56.29379, -21.65793 ], [ -56.29367, -21.6577 ], [ -56.29318, -21.65781 ], [ -56.29318, -21.6577 ], [ -56.29258, -21.65758 ], [ -56.29246, -21.65724 ], [ -56.29198, -21.65736 ], [ -56.29173, -21.65713 ], [ -56.29149, -21.65713 ], [ -56.29149, -21.6569 ], [ -56.29113, -21.6569 ], [ -56.29113, -21.65667 ], [ -56.29089, -21.65667 ], [ -56.29053, -21.65633 ], [ -56.28968, -21.65633 ], [ -56.28945, -21.65576 ], [ -56.28896, -21.65576 ], [ -56.28872, -21.6561 ], [ -56.28836, -21.6561 ], [ -56.28835, -21.65621 ], [ -56.28763, -21.65609 ], [ -56.28751, -21.65587 ], [ -56.28679, -21.65586 ], [ -56.28667, -21.65541 ], [ -56.28703, -21.65541 ], [ -56.28752, -21.65485 ], [ -56.28776, -21.65485 ], [ -56.288, -21.65406 ], [ -56.28812, -21.65406 ], [ -56.28813, -21.65327 ], [ -56.28825, -21.65316 ], [ -56.28813, -21.65316 ], [ -56.28813, -21.65293 ], [ -56.28849, -21.65271 ], [ -56.28849, -21.65237 ], [ -56.28825, -21.65225 ], [ -56.28826, -21.6518 ], [ -56.28801, -21.65169 ], [ -56.28814, -21.65056 ], [ -56.28935, -21.65068 ], [ -56.28935, -21.65056 ], [ -56.28983, -21.65057 ], [ -56.28983, -21.65034 ], [ -56.28996, -21.65034 ], [ -56.28984, -21.64955 ], [ -56.29008, -21.64921 ], [ -56.28984, -21.64887 ], [ -56.28984, -21.64842 ], [ -56.28972, -21.64842 ], [ -56.28972, -21.64819 ], [ -56.28936, -21.64808 ], [ -56.28936, -21.6474 ], [ -56.289, -21.6474 ], [ -56.289, -21.64706 ], [ -56.28876, -21.64695 ], [ -56.28877, -21.64649 ], [ -56.28925, -21.64638 ], [ -56.28914, -21.64457 ], [ -56.28902, -21.64457 ], [ -56.28902, -21.64412 ], [ -56.2889, -21.64412 ], [ -56.28878, -21.64367 ], [ -56.28914, -21.64344 ], [ -56.28939, -21.64288 ], [ -56.28963, -21.64288 ], [ -56.28963, -21.64209 ], [ -56.29024, -21.64198 ], [ -56.29024, -21.6413 ], [ -56.29048, -21.64096 ], [ -56.29012, -21.64051 ], [ -56.28988, -21.64062 ], [ -56.28988, -21.64051 ], [ -56.28964, -21.64051 ], [ -56.28952, -21.63972 ], [ -56.28916, -21.63938 ], [ -56.28856, -21.63926 ], [ -56.28856, -21.63915 ], [ -56.28783, -21.63915 ], [ -56.28784, -21.63892 ], [ -56.28711, -21.6388 ], [ -56.28687, -21.63858 ], [ -56.28687, -21.63835 ], [ -56.28627, -21.63846 ], [ -56.28615, -21.63823 ], [ -56.28591, -21.63823 ], [ -56.28542, -21.63789 ], [ -56.28482, -21.63812 ], [ -56.28482, -21.638 ], [ -56.28446, -21.638 ], [ -56.28409, -21.63777 ], [ -56.28422, -21.63698 ], [ -56.28374, -21.63664 ], [ -56.28374, -21.6363 ], [ -56.2835, -21.63619 ], [ -56.2835, -21.63574 ], [ -56.28326, -21.63551 ], [ -56.28338, -21.63528 ], [ -56.2823, -21.63505 ], [ -56.28242, -21.63472 ], [ -56.2823, -21.63472 ], [ -56.28242, -21.63449 ], [ -56.2823, -21.63449 ], [ -56.28242, -21.63404 ], [ -56.2823, -21.63404 ], [ -56.2823, -21.63359 ], [ -56.28242, -21.63359 ], [ -56.28243, -21.63291 ], [ -56.28255, -21.6328 ], [ -56.28206, -21.63279 ], [ -56.28158, -21.63211 ], [ -56.28074, -21.63177 ], [ -56.28051, -21.63041 ], [ -56.28002, -21.6303 ], [ -56.28002, -21.63007 ], [ -56.27978, -21.62996 ], [ -56.27979, -21.62928 ], [ -56.27967, -21.62917 ], [ -56.27979, -21.62917 ], [ -56.27979, -21.6286 ], [ -56.27967, -21.6286 ], [ -56.27967, -21.62838 ], [ -56.27943, -21.62837 ], [ -56.27943, -21.62815 ], [ -56.27919, -21.62815 ], [ -56.27883, -21.62769 ], [ -56.27859, -21.62769 ], [ -56.27823, -21.62724 ], [ -56.27762, -21.62701 ], [ -56.27762, -21.62679 ], [ -56.2769, -21.62701 ], [ -56.27677, -21.62723 ], [ -56.27581, -21.62712 ], [ -56.27569, -21.62723 ], [ -56.27533, -21.627 ], [ -56.27496, -21.62711 ], [ -56.27496, -21.627 ], [ -56.27448, -21.627 ], [ -56.27412, -21.62677 ], [ -56.274, -21.62632 ], [ -56.27364, -21.62632 ], [ -56.27352, -21.62552 ], [ -56.27316, -21.6253 ], [ -56.27316, -21.62496 ], [ -56.2728, -21.62473 ], [ -56.27244, -21.62473 ], [ -56.27244, -21.62462 ], [ -56.27207, -21.62461 ], [ -56.27208, -21.62416 ], [ -56.27171, -21.62416 ], [ -56.2716, -21.62348 ], [ -56.27172, -21.62348 ], [ -56.27184, -21.62269 ], [ -56.27172, -21.62269 ], [ -56.27172, -21.62235 ], [ -56.2716, -21.62235 ], [ -56.27149, -21.62167 ], [ -56.27136, -21.62167 ], [ -56.27149, -21.62111 ], [ -56.27161, -21.62111 ], [ -56.27161, -21.62066 ], [ -56.27125, -21.62054 ], [ -56.27125, -21.62032 ], [ -56.27065, -21.62031 ], [ -56.27065, -21.62009 ], [ -56.27041, -21.62009 ], [ -56.27041, -21.61986 ], [ -56.27029, -21.61986 ], [ -56.27029, -21.61963 ], [ -56.26993, -21.61941 ], [ -56.26993, -21.61884 ], [ -56.27017, -21.61873 ], [ -56.26993, -21.61816 ], [ -56.26969, -21.61839 ], [ -56.26945, -21.61839 ], [ -56.26933, -21.61816 ], [ -56.26897, -21.61816 ], [ -56.26872, -21.61793 ], [ -56.26873, -21.61725 ], [ -56.26897, -21.61714 ], [ -56.26897, -21.61658 ], [ -56.26873, -21.61635 ], [ -56.26849, -21.61635 ], [ -56.26837, -21.61612 ], [ -56.26813, -21.61612 ], [ -56.26764, -21.61669 ], [ -56.26716, -21.61668 ], [ -56.26716, -21.61657 ], [ -56.26692, -21.61657 ], [ -56.26692, -21.61634 ], [ -56.26668, -21.61612 ], [ -56.26668, -21.61544 ], [ -56.26717, -21.61499 ], [ -56.26717, -21.6142 ], [ -56.26741, -21.6142 ], [ -56.26742, -21.61397 ], [ -56.26778, -21.61397 ], [ -56.2679, -21.61364 ], [ -56.26814, -21.61364 ], [ -56.26815, -21.61296 ], [ -56.26863, -21.61262 ], [ -56.26863, -21.61217 ], [ -56.26912, -21.61206 ], [ -56.26936, -21.61127 ], [ -56.26912, -21.61127 ], [ -56.26912, -21.61082 ], [ -56.26949, -21.61082 ], [ -56.26961, -21.61048 ], [ -56.26985, -21.61048 ], [ -56.27009, -21.61026 ], [ -56.27022, -21.60969 ], [ -56.27034, -21.60969 ], [ -56.27022, -21.60947 ], [ -56.27046, -21.60924 ], [ -56.27046, -21.60901 ], [ -56.2707, -21.60879 ], [ -56.27131, -21.60868 ], [ -56.27192, -21.60812 ], [ -56.27192, -21.60687 ], [ -56.27216, -21.60687 ], [ -56.27217, -21.60642 ], [ -56.27241, -21.60631 ], [ -56.27241, -21.60586 ], [ -56.27253, -21.60586 ], [ -56.27278, -21.6053 ], [ -56.27217, -21.60529 ], [ -56.27206, -21.60428 ], [ -56.27169, -21.60405 ], [ -56.2717, -21.60382 ], [ -56.27194, -21.60394 ], [ -56.27194, -21.60382 ], [ -56.27339, -21.60383 ], [ -56.27339, -21.60326 ], [ -56.27291, -21.60292 ], [ -56.27279, -21.60247 ], [ -56.27255, -21.60236 ], [ -56.27255, -21.60202 ], [ -56.2734, -21.60168 ], [ -56.27328, -21.60123 ], [ -56.27364, -21.60089 ], [ -56.27377, -21.60044 ], [ -56.27449, -21.60011 ], [ -56.27377, -21.59965 ], [ -56.27378, -21.59863 ], [ -56.27426, -21.59818 ], [ -56.27462, -21.59807 ], [ -56.27463, -21.59751 ], [ -56.27451, -21.59751 ], [ -56.27463, -21.59717 ], [ -56.27451, -21.59717 ], [ -56.27463, -21.59626 ], [ -56.27512, -21.59615 ], [ -56.27524, -21.59525 ], [ -56.2756, -21.59525 ], [ -56.27597, -21.5948 ], [ -56.27585, -21.5939 ], [ -56.27622, -21.59356 ], [ -56.27646, -21.59356 ], [ -56.27658, -21.59333 ], [ -56.27694, -21.59334 ], [ -56.27695, -21.59266 ], [ -56.27731, -21.59255 ], [ -56.27743, -21.59232 ], [ -56.27767, -21.59232 ], [ -56.2778, -21.5921 ], [ -56.2784, -21.5921 ], [ -56.2784, -21.59187 ], [ -56.27864, -21.59187 ], [ -56.27888, -21.59165 ], [ -56.27889, -21.5912 ], [ -56.27925, -21.59097 ], [ -56.27925, -21.59075 ], [ -56.27974, -21.59075 ], [ -56.27974, -21.59052 ], [ -56.27998, -21.59041 ], [ -56.27998, -21.58951 ], [ -56.2801, -21.58951 ], [ -56.27974, -21.58917 ], [ -56.27975, -21.5886 ], [ -56.28011, -21.58827 ], [ -56.28011, -21.58793 ], [ -56.28035, -21.58793 ], [ -56.2806, -21.58759 ], [ -56.2812, -21.58748 ], [ -56.28096, -21.58714 ], [ -56.28096, -21.58669 ], [ -56.28121, -21.58658 ], [ -56.28121, -21.58624 ], [ -56.28157, -21.58579 ], [ -56.28122, -21.58352 ], [ -56.28098, -21.58352 ], [ -56.28098, -21.58318 ], [ -56.28074, -21.58307 ], [ -56.28074, -21.58284 ], [ -56.2799, -21.58273 ], [ -56.27978, -21.58182 ], [ -56.28002, -21.5816 ], [ -56.28038, -21.58171 ], [ -56.28051, -21.58149 ], [ -56.28087, -21.58149 ], [ -56.28099, -21.58104 ], [ -56.2816, -21.58093 ], [ -56.28172, -21.58048 ], [ -56.28208, -21.58025 ], [ -56.28208, -21.58003 ], [ -56.28257, -21.57991 ], [ -56.28257, -21.57946 ], [ -56.28221, -21.57912 ], [ -56.28221, -21.57844 ], [ -56.28185, -21.57844 ], [ -56.28161, -21.57822 ], [ -56.28161, -21.57844 ], [ -56.281, -21.57844 ], [ -56.28089, -21.57776 ], [ -56.28028, -21.57731 ], [ -56.28029, -21.57629 ], [ -56.28053, -21.57595 ], [ -56.28041, -21.57584 ], [ -56.28054, -21.57516 ], [ -56.2803, -21.57482 ], [ -56.27994, -21.57471 ], [ -56.27994, -21.57448 ], [ -56.28018, -21.57448 ], [ -56.28054, -21.57403 ], [ -56.28102, -21.57415 ], [ -56.28114, -21.57437 ], [ -56.28175, -21.57437 ], [ -56.28175, -21.57426 ], [ -56.28247, -21.57415 ], [ -56.28248, -21.57359 ], [ -56.2826, -21.57359 ], [ -56.2826, -21.57336 ], [ -56.28284, -21.57336 ], [ -56.28284, -21.57291 ], [ -56.28369, -21.57246 ], [ -56.28381, -21.57201 ], [ -56.28369, -21.57201 ], [ -56.2837, -21.57156 ], [ -56.2843, -21.57133 ], [ -56.2843, -21.57077 ], [ -56.28454, -21.57077 ], [ -56.28467, -21.57055 ], [ -56.28515, -21.57055 ], [ -56.28515, -21.57021 ], [ -56.28576, -21.56965 ], [ -56.286, -21.56965 ], [ -56.28588, -21.56852 ], [ -56.28685, -21.56841 ], [ -56.28685, -21.56852 ], [ -56.28721, -21.56852 ], [ -56.28721, -21.56841 ], [ -56.28746, -21.56841 ], [ -56.28746, -21.56818 ], [ -56.2877, -21.56819 ], [ -56.2877, -21.56841 ], [ -56.2883, -21.56841 ], [ -56.28843, -21.5674 ], [ -56.28879, -21.5674 ], [ -56.28879, -21.56717 ], [ -56.28891, -21.56717 ], [ -56.2888, -21.56593 ], [ -56.28904, -21.56593 ], [ -56.28904, -21.56537 ], [ -56.28952, -21.56526 ], [ -56.28953, -21.56514 ], [ -56.2894, -21.56514 ], [ -56.28941, -21.56458 ], [ -56.28905, -21.56424 ], [ -56.28905, -21.5639 ], [ -56.28869, -21.5639 ], [ -56.28869, -21.56367 ], [ -56.28832, -21.56367 ], [ -56.28833, -21.56344 ], [ -56.28808, -21.56333 ], [ -56.28797, -21.56299 ], [ -56.28724, -21.56287 ], [ -56.28688, -21.56242 ], [ -56.28664, -21.56242 ], [ -56.28628, -21.56208 ], [ -56.28628, -21.56151 ], [ -56.28604, -21.56151 ], [ -56.28604, -21.56106 ], [ -56.2858, -21.56083 ], [ -56.28592, -21.56038 ], [ -56.28568, -21.56027 ], [ -56.28568, -21.56004 ], [ -56.28544, -21.56004 ], [ -56.2852, -21.55981 ], [ -56.2852, -21.55947 ], [ -56.28472, -21.55947 ], [ -56.28472, -21.55925 ], [ -56.28436, -21.55891 ], [ -56.28352, -21.55868 ], [ -56.28328, -21.55845 ], [ -56.28328, -21.55788 ], [ -56.28292, -21.55788 ], [ -56.28268, -21.55754 ], [ -56.28268, -21.55709 ], [ -56.28304, -21.55687 ], [ -56.28304, -21.55653 ], [ -56.28341, -21.55653 ], [ -56.28353, -21.55608 ], [ -56.28377, -21.55585 ], [ -56.28426, -21.55574 ], [ -56.28426, -21.55563 ], [ -56.28389, -21.55563 ], [ -56.28378, -21.55529 ], [ -56.28353, -21.55529 ], [ -56.28342, -21.55416 ], [ -56.28463, -21.55382 ], [ -56.28475, -21.55314 ], [ -56.28367, -21.55314 ], [ -56.2833, -21.55291 ], [ -56.28319, -21.55235 ], [ -56.2827, -21.55223 ], [ -56.28259, -21.55167 ], [ -56.28234, -21.55155 ], [ -56.28235, -21.55087 ], [ -56.28223, -21.55076 ], [ -56.28187, -21.55076 ], [ -56.28162, -21.55053 ], [ -56.28138, -21.55053 ], [ -56.28114, -21.55087 ], [ -56.28042, -21.55075 ], [ -56.2803, -21.54872 ], [ -56.27994, -21.54838 ], [ -56.27983, -21.54747 ], [ -56.27971, -21.54747 ], [ -56.27984, -21.546 ], [ -56.2802, -21.54567 ], [ -56.28008, -21.54488 ], [ -56.27984, -21.54465 ], [ -56.27997, -21.54408 ], [ -56.27936, -21.54397 ], [ -56.27924, -21.54352 ], [ -56.27876, -21.54306 ], [ -56.27852, -21.54306 ], [ -56.27828, -21.54261 ], [ -56.27792, -21.54249 ], [ -56.27804, -21.54182 ], [ -56.27816, -21.54182 ], [ -56.27805, -21.54069 ], [ -56.27853, -21.54069 ], [ -56.27914, -21.54013 ], [ -56.27962, -21.54013 ], [ -56.27987, -21.53979 ], [ -56.28023, -21.53979 ], [ -56.28059, -21.53923 ], [ -56.28132, -21.53934 ], [ -56.2818, -21.53878 ], [ -56.28204, -21.53878 ], [ -56.28241, -21.53844 ], [ -56.28253, -21.53811 ], [ -56.28289, -21.538 ], [ -56.2829, -21.53766 ], [ -56.28314, -21.53766 ], [ -56.28314, -21.53698 ], [ -56.2835, -21.53687 ], [ -56.28375, -21.53653 ], [ -56.28363, -21.53642 ], [ -56.28363, -21.53563 ], [ -56.28315, -21.53517 ], [ -56.28315, -21.53438 ], [ -56.28279, -21.53404 ], [ -56.28268, -21.53268 ], [ -56.28292, -21.53257 ], [ -56.28292, -21.53235 ], [ -56.28316, -21.53235 ], [ -56.28329, -21.53156 ], [ -56.28389, -21.53145 ], [ -56.28402, -21.53077 ], [ -56.2839, -21.53077 ], [ -56.2839, -21.5302 ], [ -56.28366, -21.53009 ], [ -56.28342, -21.52918 ], [ -56.2833, -21.52918 ], [ -56.2833, -21.52862 ], [ -56.28342, -21.52862 ], [ -56.28331, -21.52771 ], [ -56.28283, -21.52715 ], [ -56.28234, -21.52715 ], [ -56.28222, -21.52692 ], [ -56.28162, -21.5268 ], [ -56.28175, -21.52601 ], [ -56.28162, -21.52601 ], [ -56.28163, -21.52545 ], [ -56.28139, -21.52522 ], [ -56.28151, -21.52488 ], [ -56.28175, -21.52477 ], [ -56.28175, -21.52443 ], [ -56.28224, -21.52398 ], [ -56.28236, -21.52285 ], [ -56.2814, -21.52206 ], [ -56.28044, -21.52205 ], [ -56.28044, -21.52183 ], [ -56.2802, -21.5216 ], [ -56.27923, -21.5216 ], [ -56.27899, -21.52137 ], [ -56.27899, -21.52114 ], [ -56.27851, -21.5208 ], [ -56.27839, -21.52012 ], [ -56.27827, -21.52012 ], [ -56.27827, -21.51967 ], [ -56.27864, -21.51967 ], [ -56.27864, -21.51945 ], [ -56.27876, -21.51945 ], [ -56.27852, -21.51865 ], [ -56.27888, -21.51832 ], [ -56.27889, -21.51798 ], [ -56.27864, -21.51798 ], [ -56.27865, -21.51741 ], [ -56.27889, -21.5173 ], [ -56.27889, -21.51696 ], [ -56.27901, -21.51696 ], [ -56.27901, -21.51651 ], [ -56.27853, -21.51606 ], [ -56.27854, -21.51549 ], [ -56.27842, -21.51549 ], [ -56.27842, -21.51492 ], [ -56.27866, -21.51481 ], [ -56.27866, -21.51425 ], [ -56.27891, -21.51391 ], [ -56.27879, -21.5138 ], [ -56.27879, -21.51301 ], [ -56.27964, -21.51278 ], [ -56.27976, -21.51211 ], [ -56.28012, -21.51177 ], [ -56.27904, -21.51176 ], [ -56.2788, -21.51154 ], [ -56.27831, -21.51153 ], [ -56.2782, -21.5112 ], [ -56.27795, -21.51119 ], [ -56.27796, -21.5104 ], [ -56.27688, -21.50938 ], [ -56.27676, -21.50904 ], [ -56.27652, -21.50904 ], [ -56.27652, -21.50882 ], [ -56.27628, -21.50881 ], [ -56.27591, -21.50847 ], [ -56.27592, -21.50768 ], [ -56.27568, -21.50746 ], [ -56.27568, -21.50723 ], [ -56.27508, -21.50711 ], [ -56.27484, -21.50689 ], [ -56.27484, -21.50666 ], [ -56.27291, -21.50665 ], [ -56.2729, -21.50688 ], [ -56.27218, -21.50676 ], [ -56.27206, -21.50665 ], [ -56.27218, -21.50608 ], [ -56.27182, -21.50597 ], [ -56.27182, -21.50563 ], [ -56.27207, -21.50552 ], [ -56.27195, -21.50473 ], [ -56.27159, -21.5045 ], [ -56.27147, -21.50416 ], [ -56.27087, -21.50404 ], [ -56.27062, -21.50427 ], [ -56.27014, -21.50427 ], [ -56.27002, -21.50404 ], [ -56.26978, -21.50404 ], [ -56.26978, -21.50314 ], [ -56.26966, -21.50314 ], [ -56.26954, -21.50268 ], [ -56.26858, -21.50257 ], [ -56.26858, -21.50268 ], [ -56.26834, -21.50268 ], [ -56.26834, -21.50256 ], [ -56.26773, -21.50245 ], [ -56.26761, -21.50222 ], [ -56.26689, -21.50233 ], [ -56.26665, -21.50256 ], [ -56.26628, -21.50256 ], [ -56.26616, -21.50233 ], [ -56.26544, -21.50233 ], [ -56.2652, -21.50176 ], [ -56.2646, -21.50153 ], [ -56.2646, -21.50119 ], [ -56.26436, -21.50119 ], [ -56.26412, -21.50096 ], [ -56.26364, -21.50096 ], [ -56.26364, -21.50085 ], [ -56.26291, -21.50085 ], [ -56.26279, -21.50073 ], [ -56.26291, -21.50062 ], [ -56.2628, -21.49972 ], [ -56.26256, -21.49949 ], [ -56.26232, -21.49949 ], [ -56.26232, -21.49926 ], [ -56.26208, -21.49915 ], [ -56.26208, -21.49881 ], [ -56.26232, -21.4987 ], [ -56.26232, -21.49847 ], [ -56.26196, -21.49847 ], [ -56.26172, -21.49824 ], [ -56.26172, -21.49802 ], [ -56.26148, -21.49801 ], [ -56.26112, -21.49767 ], [ -56.26112, -21.49734 ], [ -56.261, -21.49733 ], [ -56.26113, -21.49598 ], [ -56.26076, -21.49575 ], [ -56.26161, -21.49564 ], [ -56.26149, -21.49508 ], [ -56.26161, -21.49508 ], [ -56.26162, -21.49474 ], [ -56.26198, -21.49429 ], [ -56.26198, -21.49406 ], [ -56.26174, -21.49406 ], [ -56.26162, -21.49361 ], [ -56.2609, -21.49293 ], [ -56.26066, -21.49293 ], [ -56.26066, -21.49259 ], [ -56.2603, -21.49236 ], [ -56.26018, -21.49191 ], [ -56.26006, -21.49191 ], [ -56.26006, -21.49145 ], [ -56.25982, -21.49111 ], [ -56.25983, -21.4901 ], [ -56.25959, -21.48998 ], [ -56.25959, -21.48919 ], [ -56.25971, -21.48919 ], [ -56.25971, -21.48874 ], [ -56.25996, -21.48863 ], [ -56.26008, -21.48818 ], [ -56.26044, -21.48818 ], [ -56.26044, -21.48795 ], [ -56.26081, -21.48762 ], [ -56.26153, -21.48739 ], [ -56.26141, -21.48728 ], [ -56.26142, -21.48638 ], [ -56.26117, -21.48637 ], [ -56.2613, -21.48592 ], [ -56.26166, -21.4857 ], [ -56.26154, -21.48502 ], [ -56.26179, -21.4848 ], [ -56.26263, -21.48469 ], [ -56.26287, -21.48446 ], [ -56.26288, -21.48378 ], [ -56.26312, -21.48367 ], [ -56.26312, -21.48322 ], [ -56.26361, -21.48254 ], [ -56.26313, -21.4822 ], [ -56.26252, -21.4822 ], [ -56.26241, -21.48141 ], [ -56.26217, -21.48141 ], [ -56.26217, -21.48118 ], [ -56.26192, -21.48118 ], [ -56.26193, -21.48084 ], [ -56.26217, -21.48084 ], [ -56.26217, -21.48028 ], [ -56.26169, -21.47982 ], [ -56.26157, -21.47937 ], [ -56.26133, -21.47937 ], [ -56.26121, -21.4788 ], [ -56.26085, -21.47869 ], [ -56.26085, -21.47824 ], [ -56.26013, -21.47778 ], [ -56.26025, -21.47767 ], [ -56.26026, -21.47643 ], [ -56.26062, -21.4762 ], [ -56.26062, -21.47586 ], [ -56.26087, -21.47575 ], [ -56.26087, -21.4753 ], [ -56.26039, -21.47496 ], [ -56.26039, -21.47451 ], [ -56.26087, -21.4744 ], [ -56.26148, -21.47383 ], [ -56.261, -21.47338 ], [ -56.261, -21.47293 ], [ -56.26076, -21.47293 ], [ -56.26076, -21.4727 ], [ -56.25968, -21.47247 ], [ -56.25931, -21.47224 ], [ -56.25944, -21.47145 ], [ -56.2592, -21.47134 ], [ -56.25933, -21.46964 ], [ -56.25921, -21.46964 ], [ -56.25909, -21.46908 ], [ -56.25993, -21.46886 ], [ -56.25994, -21.46863 ], [ -56.2603, -21.4684 ], [ -56.2603, -21.46807 ], [ -56.26066, -21.46784 ], [ -56.26067, -21.46762 ], [ -56.26115, -21.4675 ], [ -56.26115, -21.46728 ], [ -56.26139, -21.46728 ], [ -56.26151, -21.46694 ], [ -56.26188, -21.46683 ], [ -56.26188, -21.4666 ], [ -56.26212, -21.46649 ], [ -56.26224, -21.46559 ], [ -56.26249, -21.46525 ], [ -56.26273, -21.46525 ], [ -56.26285, -21.46469 ], [ -56.26273, -21.46469 ], [ -56.26273, -21.46435 ], [ -56.26249, -21.46435 ], [ -56.26226, -21.46355 ], [ -56.26201, -21.46344 ], [ -56.26202, -21.46321 ], [ -56.26238, -21.46299 ], [ -56.26214, -21.46209 ], [ -56.26166, -21.46197 ], [ -56.26082, -21.46118 ], [ -56.26046, -21.46129 ], [ -56.26033, -21.46151 ], [ -56.25997, -21.46151 ], [ -56.25998, -21.46083 ], [ -56.25974, -21.46049 ], [ -56.25974, -21.46015 ], [ -56.25962, -21.46015 ], [ -56.25962, -21.45993 ], [ -56.25914, -21.45981 ], [ -56.25902, -21.45891 ], [ -56.25866, -21.45891 ], [ -56.25866, -21.45902 ], [ -56.25805, -21.4589 ], [ -56.25806, -21.45845 ], [ -56.25818, -21.45845 ], [ -56.2583, -21.458 ], [ -56.25854, -21.458 ], [ -56.25818, -21.45766 ], [ -56.25842, -21.45744 ], [ -56.25867, -21.45586 ], [ -56.25891, -21.45574 ], [ -56.25904, -21.4554 ], [ -56.26012, -21.45552 ], [ -56.26025, -21.45518 ], [ -56.26049, -21.45507 ], [ -56.26049, -21.45485 ], [ -56.26109, -21.45428 ], [ -56.26097, -21.45417 ], [ -56.2611, -21.45349 ], [ -56.26074, -21.45338 ], [ -56.26062, -21.45315 ], [ -56.26038, -21.45315 ], [ -56.26038, -21.45292 ], [ -56.26014, -21.45292 ], [ -56.26014, -21.4527 ], [ -56.26002, -21.4527 ], [ -56.26002, -21.45247 ], [ -56.2605, -21.45236 ], [ -56.2605, -21.45259 ], [ -56.26086, -21.45259 ], [ -56.26098, -21.45236 ], [ -56.26147, -21.45225 ], [ -56.26159, -21.45214 ], [ -56.26147, -21.45112 ], [ -56.26172, -21.4509 ], [ -56.26148, -21.4492 ], [ -56.26173, -21.44898 ], [ -56.26161, -21.44807 ], [ -56.26173, -21.44807 ], [ -56.26173, -21.44728 ], [ -56.26137, -21.44694 ], [ -56.26113, -21.44694 ], [ -56.26126, -21.44604 ], [ -56.26138, -21.44604 ], [ -56.26127, -21.44378 ], [ -56.26103, -21.44378 ], [ -56.26067, -21.44343 ], [ -56.26067, -21.4431 ], [ -56.2597, -21.4432 ], [ -56.2591, -21.44275 ], [ -56.2591, -21.44218 ], [ -56.25886, -21.44207 ], [ -56.25898, -21.44196 ], [ -56.25899, -21.44094 ], [ -56.25911, -21.44094 ], [ -56.25911, -21.44049 ], [ -56.25935, -21.44026 ], [ -56.25936, -21.43959 ], [ -56.25972, -21.43936 ], [ -56.2596, -21.43891 ], [ -56.25936, -21.43868 ], [ -56.25961, -21.43767 ], [ -56.26021, -21.43778 ], [ -56.26033, -21.43756 ], [ -56.26058, -21.43756 ], [ -56.26094, -21.43722 ], [ -56.26094, -21.43688 ], [ -56.26118, -21.43666 ], [ -56.26119, -21.43598 ], [ -56.26179, -21.43587 ], [ -56.26203, -21.43564 ], [ -56.26239, -21.43587 ], [ -56.26348, -21.43588 ], [ -56.2636, -21.43576 ], [ -56.26348, -21.43509 ], [ -56.26324, -21.43508 ], [ -56.263, -21.43474 ], [ -56.26264, -21.43474 ], [ -56.26264, -21.43429 ], [ -56.26301, -21.43395 ], [ -56.26397, -21.43396 ], [ -56.2641, -21.43362 ], [ -56.26446, -21.43328 ], [ -56.2647, -21.43328 ], [ -56.26482, -21.43294 ], [ -56.26531, -21.43295 ], [ -56.26531, -21.43272 ], [ -56.26507, -21.43272 ], [ -56.26495, -21.43238 ], [ -56.26471, -21.43227 ], [ -56.26471, -21.4317 ], [ -56.26519, -21.4317 ], [ -56.26543, -21.43136 ], [ -56.26568, -21.43137 ], [ -56.2658, -21.43069 ], [ -56.26604, -21.43069 ], [ -56.2658, -21.4299 ], [ -56.26629, -21.42979 ], [ -56.26629, -21.42945 ], [ -56.26677, -21.42911 ], [ -56.26677, -21.42888 ], [ -56.26726, -21.42889 ], [ -56.26762, -21.42855 ], [ -56.26834, -21.42855 ], [ -56.26859, -21.42833 ], [ -56.26979, -21.42856 ], [ -56.26967, -21.42799 ], [ -56.26992, -21.42777 ], [ -56.26944, -21.42765 ], [ -56.26932, -21.42743 ], [ -56.26895, -21.42743 ], [ -56.26895, -21.42731 ], [ -56.26847, -21.42731 ], [ -56.26847, -21.42663 ], [ -56.26799, -21.42618 ], [ -56.26788, -21.42539 ], [ -56.26715, -21.42516 ], [ -56.26704, -21.42459 ], [ -56.2668, -21.42448 ], [ -56.2668, -21.4238 ], [ -56.26644, -21.4238 ], [ -56.26584, -21.42323 ], [ -56.26584, -21.42233 ], [ -56.26548, -21.42221 ], [ -56.265, -21.42176 ], [ -56.26488, -21.42108 ], [ -56.26464, -21.42085 ], [ -56.26428, -21.42085 ], [ -56.26428, -21.42051 ], [ -56.26392, -21.42051 ], [ -56.26368, -21.42074 ], [ -56.26319, -21.42073 ], [ -56.26319, -21.42085 ], [ -56.26271, -21.42096 ], [ -56.26247, -21.42118 ], [ -56.26247, -21.42163 ], [ -56.26222, -21.42163 ], [ -56.26222, -21.42175 ], [ -56.26126, -21.42174 ], [ -56.26077, -21.42219 ], [ -56.26077, -21.42253 ], [ -56.25969, -21.42241 ], [ -56.25969, -21.42207 ], [ -56.25993, -21.42196 ], [ -56.25993, -21.42174 ], [ -56.25921, -21.42106 ], [ -56.25909, -21.42049 ], [ -56.25897, -21.42049 ], [ -56.25897, -21.42015 ], [ -56.25922, -21.42015 ], [ -56.25946, -21.41981 ], [ -56.25946, -21.41925 ], [ -56.2597, -21.41925 ], [ -56.25971, -21.41789 ], [ -56.25887, -21.41766 ], [ -56.25863, -21.41744 ], [ -56.25814, -21.41755 ], [ -56.25802, -21.41743 ], [ -56.2579, -21.41698 ], [ -56.25778, -21.41698 ], [ -56.25779, -21.41619 ], [ -56.25695, -21.41562 ], [ -56.25695, -21.41438 ], [ -56.25671, -21.41426 ], [ -56.2566, -21.41279 ], [ -56.25599, -21.41279 ], [ -56.25599, -21.41268 ], [ -56.25563, -21.41279 ], [ -56.25527, -21.412 ], [ -56.25407, -21.41188 ], [ -56.25395, -21.41165 ], [ -56.25359, -21.41154 ], [ -56.25359, -21.41131 ], [ -56.25335, -21.41131 ], [ -56.25323, -21.41086 ], [ -56.25275, -21.41086 ], [ -56.25263, -21.41063 ], [ -56.25202, -21.41063 ], [ -56.2519, -21.4104 ], [ -56.25154, -21.4104 ], [ -56.25154, -21.41017 ], [ -56.25118, -21.41006 ], [ -56.25119, -21.40848 ], [ -56.25143, -21.40836 ], [ -56.25143, -21.40769 ], [ -56.25107, -21.40735 ], [ -56.25108, -21.40678 ], [ -56.25072, -21.40644 ], [ -56.25048, -21.40644 ], [ -56.25048, -21.40621 ], [ -56.25024, -21.40621 ], [ -56.25024, -21.40599 ], [ -56.24988, -21.40587 ], [ -56.24988, -21.40565 ], [ -56.24916, -21.40508 ], [ -56.24904, -21.40463 ], [ -56.2488, -21.40462 ], [ -56.2488, -21.4044 ], [ -56.24856, -21.4044 ], [ -56.24868, -21.40395 ], [ -56.24892, -21.40395 ], [ -56.24856, -21.40315 ], [ -56.24941, -21.40259 ], [ -56.24941, -21.40192 ], [ -56.24953, -21.40192 ], [ -56.24942, -21.40146 ], [ -56.25002, -21.40101 ], [ -56.25014, -21.40056 ], [ -56.25075, -21.40068 ], [ -56.25099, -21.40045 ], [ -56.25087, -21.40034 ], [ -56.25087, -21.39966 ] ] ] } },
{ "type": "Feature", "properties": { "titulo": "Formoso", "subtitulo": "Bacia dos Rios Cênicos", "area_ha": 131196 }, "geometry": { "type": "Polygon", "coordinates": [ [ [ -56.67662, -21.3174 ], [ -56.67554, -21.31842 ], [ -56.6753, -21.31842 ], [ -56.67505, -21.31864 ], [ -56.67517, -21.31909 ], [ -56.67554, -21.31943 ], [ -56.67589, -21.3209 ], [ -56.67529, -21.32147 ], [ -56.67529, -21.32316 ], [ -56.67504, -21.32339 ], [ -56.67456, -21.3235 ], [ -56.67408, -21.32384 ], [ -56.67384, -21.32327 ], [ -56.67336, -21.32293 ], [ -56.67299, -21.32293 ], [ -56.67275, -21.32259 ], [ -56.67131, -21.32248 ], [ -56.67131, -21.32236 ], [ -56.67083, -21.32225 ], [ -56.67083, -21.32191 ], [ -56.67034, -21.32157 ], [ -56.6701, -21.32157 ], [ -56.6701, -21.32123 ], [ -56.66986, -21.32112 ], [ -56.66986, -21.32123 ], [ -56.66938, -21.32123 ], [ -56.6689, -21.32168 ], [ -56.66805, -21.32179 ], [ -56.66793, -21.32292 ], [ -56.66757, -21.32326 ], [ -56.66757, -21.3236 ], [ -56.66733, -21.3236 ], [ -56.66721, -21.32315 ], [ -56.6666, -21.32315 ], [ -56.6666, -21.32303 ], [ -56.666, -21.32303 ], [ -56.666, -21.32292 ], [ -56.66564, -21.32292 ], [ -56.66552, -21.32314 ], [ -56.66467, -21.32314 ], [ -56.66467, -21.32348 ], [ -56.66443, -21.32348 ], [ -56.66407, -21.32382 ], [ -56.66419, -21.3245 ], [ -56.66358, -21.32495 ], [ -56.6625, -21.32483 ], [ -56.66238, -21.32551 ], [ -56.66213, -21.32562 ], [ -56.66213, -21.32607 ], [ -56.66274, -21.32619 ], [ -56.66274, -21.32641 ], [ -56.66334, -21.32698 ], [ -56.66334, -21.32777 ], [ -56.66322, -21.32777 ], [ -56.66309, -21.32834 ], [ -56.66345, -21.32845 ], [ -56.66394, -21.3289 ], [ -56.66381, -21.32947 ], [ -56.66357, -21.32947 ], [ -56.66357, -21.32969 ], [ -56.66333, -21.32981 ], [ -56.66333, -21.33015 ], [ -56.66345, -21.33015 ], [ -56.66345, -21.3306 ], [ -56.66405, -21.33105 ], [ -56.66417, -21.33173 ], [ -56.66453, -21.33184 ], [ -56.66453, -21.33229 ], [ -56.66429, -21.33241 ], [ -56.66429, -21.33275 ], [ -56.66513, -21.33286 ], [ -56.66501, -21.3341 ], [ -56.66513, -21.3341 ], [ -56.66513, -21.33456 ], [ -56.66477, -21.33467 ], [ -56.66477, -21.33489 ], [ -56.66452, -21.33512 ], [ -56.66452, -21.33535 ], [ -56.66477, -21.33546 ], [ -56.66476, -21.3358 ], [ -56.66489, -21.3358 ], [ -56.66488, -21.33682 ], [ -56.66524, -21.33682 ], [ -56.66524, -21.33693 ], [ -56.66585, -21.33682 ], [ -56.66621, -21.33738 ], [ -56.66741, -21.33761 ], [ -56.66753, -21.33784 ], [ -56.66778, -21.33784 ], [ -56.66802, -21.33806 ], [ -56.66802, -21.33852 ], [ -56.66753, -21.33919 ], [ -56.66608, -21.3393 ], [ -56.66596, -21.33953 ], [ -56.6656, -21.33953 ], [ -56.6656, -21.33975 ], [ -56.66548, -21.33975 ], [ -56.66536, -21.34032 ], [ -56.66584, -21.34066 ], [ -56.66584, -21.34122 ], [ -56.66548, -21.34134 ], [ -56.66547, -21.34224 ], [ -56.66559, -21.34224 ], [ -56.66559, -21.34247 ], [ -56.66644, -21.34236 ], [ -56.66644, -21.34269 ], [ -56.66656, -21.34269 ], [ -56.66619, -21.3436 ], [ -56.66571, -21.34382 ], [ -56.66571, -21.34394 ], [ -56.66619, -21.34394 ], [ -56.66643, -21.34416 ], [ -56.66643, -21.34473 ], [ -56.66631, -21.34473 ], [ -56.66619, -21.34529 ], [ -56.66607, -21.34529 ], [ -56.66595, -21.3462 ], [ -56.66498, -21.34653 ], [ -56.66498, -21.34642 ], [ -56.6645, -21.34642 ], [ -56.6639, -21.34608 ], [ -56.66402, -21.3471 ], [ -56.66462, -21.34755 ], [ -56.66462, -21.348 ], [ -56.66425, -21.34834 ], [ -56.66425, -21.34823 ], [ -56.66365, -21.34823 ], [ -56.66365, -21.34811 ], [ -56.66305, -21.348 ], [ -56.66293, -21.3489 ], [ -56.66268, -21.34902 ], [ -56.66268, -21.34947 ], [ -56.66256, -21.34947 ], [ -56.66268, -21.35048 ], [ -56.66196, -21.35093 ], [ -56.66195, -21.3515 ], [ -56.66183, -21.3515 ], [ -56.66183, -21.35206 ], [ -56.66243, -21.35263 ], [ -56.66243, -21.35286 ], [ -56.66195, -21.35286 ], [ -56.66147, -21.35331 ], [ -56.66074, -21.35342 ], [ -56.66062, -21.35364 ], [ -56.65966, -21.35398 ], [ -56.65966, -21.35432 ], [ -56.6599, -21.35432 ], [ -56.66026, -21.35466 ], [ -56.66026, -21.35534 ], [ -56.66002, -21.35556 ], [ -56.65965, -21.35556 ], [ -56.65965, -21.3559 ], [ -56.65941, -21.3559 ], [ -56.65941, -21.35624 ], [ -56.65917, -21.35624 ], [ -56.65917, -21.35635 ], [ -56.65941, -21.35635 ], [ -56.65941, -21.35658 ], [ -56.65965, -21.35658 ], [ -56.65965, -21.35692 ], [ -56.65941, -21.35714 ], [ -56.65917, -21.35714 ], [ -56.65905, -21.35771 ], [ -56.65844, -21.35827 ], [ -56.6576, -21.35816 ], [ -56.6576, -21.35793 ], [ -56.65736, -21.35793 ], [ -56.65736, -21.35759 ], [ -56.65724, -21.35759 ], [ -56.65724, -21.35714 ], [ -56.65688, -21.35714 ], [ -56.65676, -21.35691 ], [ -56.65458, -21.3568 ], [ -56.65422, -21.35713 ], [ -56.65338, -21.35713 ], [ -56.65326, -21.35702 ], [ -56.65338, -21.35657 ], [ -56.65314, -21.35657 ], [ -56.65266, -21.35611 ], [ -56.65241, -21.35611 ], [ -56.65229, -21.35634 ], [ -56.65205, -21.35634 ], [ -56.65169, -21.356 ], [ -56.65073, -21.356 ], [ -56.6506, -21.35622 ], [ -56.65036, -21.35622 ], [ -56.65, -21.35577 ], [ -56.64976, -21.35577 ], [ -56.64952, -21.35554 ], [ -56.64904, -21.35554 ], [ -56.64856, -21.35588 ], [ -56.64807, -21.35588 ], [ -56.64807, -21.35599 ], [ -56.64747, -21.35599 ], [ -56.64735, -21.35655 ], [ -56.64662, -21.35644 ], [ -56.6465, -21.35655 ], [ -56.6465, -21.35633 ], [ -56.64614, -21.35621 ], [ -56.64602, -21.35587 ], [ -56.64542, -21.35576 ], [ -56.64542, -21.35599 ], [ -56.64518, -21.35621 ], [ -56.64506, -21.3561 ], [ -56.64397, -21.3561 ], [ -56.64397, -21.35621 ], [ -56.64337, -21.35621 ], [ -56.64337, -21.35632 ], [ -56.6412, -21.35632 ], [ -56.64107, -21.35654 ], [ -56.64095, -21.35654 ], [ -56.64095, -21.35632 ], [ -56.64071, -21.35631 ], [ -56.64059, -21.35688 ], [ -56.63999, -21.35677 ], [ -56.63999, -21.35654 ], [ -56.63951, -21.35654 ], [ -56.63939, -21.35631 ], [ -56.63914, -21.35642 ], [ -56.63902, -21.3562 ], [ -56.63878, -21.3562 ], [ -56.63878, -21.35586 ], [ -56.63854, -21.35575 ], [ -56.63854, -21.35597 ], [ -56.63818, -21.35597 ], [ -56.6377, -21.35631 ], [ -56.63721, -21.35631 ], [ -56.63685, -21.35687 ], [ -56.63661, -21.35687 ], [ -56.63637, -21.35653 ], [ -56.63541, -21.35653 ], [ -56.63541, -21.35642 ], [ -56.63516, -21.35642 ], [ -56.63516, -21.35664 ], [ -56.63492, -21.35687 ], [ -56.63444, -21.35675 ], [ -56.6342, -21.35698 ], [ -56.6342, -21.35732 ], [ -56.63444, -21.35743 ], [ -56.63444, -21.35766 ], [ -56.63468, -21.35766 ], [ -56.63492, -21.35788 ], [ -56.63504, -21.35822 ], [ -56.6348, -21.35834 ], [ -56.6348, -21.35868 ], [ -56.63443, -21.35867 ], [ -56.63407, -21.35901 ], [ -56.63383, -21.35901 ], [ -56.63383, -21.3589 ], [ -56.63359, -21.3589 ], [ -56.63359, -21.35867 ], [ -56.63323, -21.35833 ], [ -56.63275, -21.35822 ], [ -56.63275, -21.35788 ], [ -56.63263, -21.35788 ], [ -56.63275, -21.35698 ], [ -56.63263, -21.35698 ], [ -56.63263, -21.35652 ], [ -56.63275, -21.35641 ], [ -56.63251, -21.35641 ], [ -56.63227, -21.35618 ], [ -56.63215, -21.35584 ], [ -56.63179, -21.35618 ], [ -56.63118, -21.35629 ], [ -56.63058, -21.35686 ], [ -56.63046, -21.35494 ], [ -56.6307, -21.35482 ], [ -56.63071, -21.35449 ], [ -56.63107, -21.35437 ], [ -56.63107, -21.35392 ], [ -56.63059, -21.35358 ], [ -56.6301, -21.35358 ], [ -56.62938, -21.35313 ], [ -56.62878, -21.35312 ], [ -56.62878, -21.35301 ], [ -56.6283, -21.3529 ], [ -56.6283, -21.35335 ], [ -56.62781, -21.35369 ], [ -56.62769, -21.35437 ], [ -56.62721, -21.35448 ], [ -56.62721, -21.35516 ], [ -56.62745, -21.35538 ], [ -56.62793, -21.35538 ], [ -56.62793, -21.35583 ], [ -56.62769, -21.35606 ], [ -56.62708, -21.35606 ], [ -56.62696, -21.35628 ], [ -56.62684, -21.35628 ], [ -56.62684, -21.35606 ], [ -56.62612, -21.35583 ], [ -56.626, -21.35538 ], [ -56.62588, -21.35538 ], [ -56.62588, -21.35493 ], [ -56.62479, -21.35492 ], [ -56.62455, -21.3547 ], [ -56.62456, -21.35391 ], [ -56.62492, -21.35379 ], [ -56.6254, -21.35334 ], [ -56.6254, -21.353 ], [ -56.62492, -21.35289 ], [ -56.62468, -21.35255 ], [ -56.62444, -21.35255 ], [ -56.62456, -21.35232 ], [ -56.62444, -21.35232 ], [ -56.62444, -21.35153 ], [ -56.62348, -21.35097 ], [ -56.6236, -21.3504 ], [ -56.62324, -21.35029 ], [ -56.62312, -21.34938 ], [ -56.62288, -21.34916 ], [ -56.62288, -21.34882 ], [ -56.62312, -21.34882 ], [ -56.62312, -21.34859 ], [ -56.6236, -21.34825 ], [ -56.62348, -21.3478 ], [ -56.62361, -21.3478 ], [ -56.62361, -21.34724 ], [ -56.62385, -21.34712 ], [ -56.62385, -21.3469 ], [ -56.62445, -21.3469 ], [ -56.62445, -21.34679 ], [ -56.62385, -21.34667 ], [ -56.62373, -21.34633 ], [ -56.62313, -21.34645 ], [ -56.62264, -21.3469 ], [ -56.62228, -21.3469 ], [ -56.62228, -21.34701 ], [ -56.62192, -21.34689 ], [ -56.62192, -21.34723 ], [ -56.62156, -21.34723 ], [ -56.62144, -21.34746 ], [ -56.62059, -21.34757 ], [ -56.62059, -21.34746 ], [ -56.62035, -21.34746 ], [ -56.62035, -21.34712 ], [ -56.61914, -21.34711 ], [ -56.6189, -21.34689 ], [ -56.61806, -21.34689 ], [ -56.61806, -21.34666 ], [ -56.61734, -21.34666 ], [ -56.61722, -21.34688 ], [ -56.61673, -21.347 ], [ -56.61601, -21.34632 ], [ -56.61577, -21.34632 ], [ -56.61553, -21.34699 ], [ -56.61541, -21.34699 ], [ -56.6154, -21.34733 ], [ -56.6148, -21.34778 ], [ -56.6148, -21.34812 ], [ -56.61456, -21.34835 ], [ -56.61456, -21.34925 ], [ -56.61407, -21.34959 ], [ -56.61407, -21.34981 ], [ -56.61395, -21.34993 ], [ -56.61286, -21.34992 ], [ -56.6125, -21.35015 ], [ -56.61069, -21.35026 ], [ -56.61069, -21.35116 ], [ -56.61093, -21.35116 ], [ -56.61093, -21.35139 ], [ -56.61069, -21.3515 ], [ -56.61033, -21.35116 ], [ -56.61033, -21.35071 ], [ -56.61009, -21.35037 ], [ -56.60985, -21.35037 ], [ -56.60985, -21.35048 ], [ -56.60924, -21.35037 ], [ -56.60828, -21.34969 ], [ -56.6084, -21.34878 ], [ -56.60828, -21.34878 ], [ -56.60817, -21.34811 ], [ -56.6078, -21.34788 ], [ -56.6072, -21.34788 ], [ -56.6066, -21.34844 ], [ -56.60587, -21.34844 ], [ -56.60587, -21.34855 ], [ -56.60527, -21.34844 ], [ -56.60442, -21.34889 ], [ -56.6043, -21.34855 ], [ -56.60406, -21.34855 ], [ -56.60382, -21.34821 ], [ -56.60358, -21.34821 ], [ -56.60358, -21.34798 ], [ -56.60382, -21.34798 ], [ -56.60407, -21.34764 ], [ -56.60346, -21.3473 ], [ -56.60286, -21.3473 ], [ -56.6025, -21.3464 ], [ -56.60178, -21.3464 ], [ -56.60141, -21.34673 ], [ -56.60057, -21.34662 ], [ -56.60021, -21.34696 ], [ -56.59997, -21.34628 ], [ -56.59973, -21.34628 ], [ -56.59985, -21.3447 ], [ -56.59949, -21.34447 ], [ -56.59937, -21.34311 ], [ -56.59889, -21.34266 ], [ -56.59889, -21.34232 ], [ -56.59841, -21.34221 ], [ -56.59829, -21.34187 ], [ -56.59805, -21.34187 ], [ -56.59805, -21.34096 ], [ -56.59781, -21.34085 ], [ -56.59793, -21.34028 ], [ -56.59781, -21.34028 ], [ -56.5977, -21.33904 ], [ -56.59733, -21.33881 ], [ -56.59722, -21.33825 ], [ -56.5971, -21.33825 ], [ -56.59709, -21.33847 ], [ -56.59661, -21.33847 ], [ -56.59661, -21.33859 ], [ -56.59625, -21.33836 ], [ -56.59625, -21.33813 ], [ -56.59589, -21.33813 ], [ -56.59577, -21.33836 ], [ -56.59529, -21.33836 ], [ -56.59505, -21.33813 ], [ -56.59505, -21.3379 ], [ -56.5948, -21.3379 ], [ -56.59481, -21.33757 ], [ -56.59372, -21.33756 ], [ -56.59348, -21.33734 ], [ -56.59348, -21.337 ], [ -56.59252, -21.33711 ], [ -56.5924, -21.33677 ], [ -56.59179, -21.3362 ], [ -56.59179, -21.33586 ], [ -56.59167, -21.33586 ], [ -56.5918, -21.33507 ], [ -56.59144, -21.33484 ], [ -56.59144, -21.33462 ], [ -56.5912, -21.33462 ], [ -56.5912, -21.33417 ], [ -56.59132, -21.33417 ], [ -56.5912, -21.3336 ], [ -56.59084, -21.33349 ], [ -56.59059, -21.33383 ], [ -56.59035, -21.33383 ], [ -56.58999, -21.33473 ], [ -56.5889, -21.33473 ], [ -56.58842, -21.33506 ], [ -56.58842, -21.33484 ], [ -56.58806, -21.3345 ], [ -56.58818, -21.33359 ], [ -56.58794, -21.33348 ], [ -56.58794, -21.33314 ], [ -56.5877, -21.33291 ], [ -56.58662, -21.33303 ], [ -56.5865, -21.3328 ], [ -56.58613, -21.3328 ], [ -56.58613, -21.33268 ], [ -56.58433, -21.33279 ], [ -56.58408, -21.33302 ], [ -56.58408, -21.33324 ], [ -56.58348, -21.33381 ], [ -56.5801, -21.33369 ], [ -56.5801, -21.33312 ], [ -56.57926, -21.33289 ], [ -56.5789, -21.33312 ], [ -56.57866, -21.33278 ], [ -56.57733, -21.33255 ], [ -56.57721, -21.33221 ], [ -56.57661, -21.33255 ], [ -56.576, -21.33255 ], [ -56.57588, -21.33232 ], [ -56.5754, -21.33221 ], [ -56.57528, -21.33187 ], [ -56.57492, -21.33187 ], [ -56.5748, -21.3322 ], [ -56.57456, -21.33232 ], [ -56.57456, -21.33254 ], [ -56.57419, -21.33277 ], [ -56.57287, -21.33276 ], [ -56.57287, -21.33288 ], [ -56.57166, -21.33276 ], [ -56.57154, -21.33321 ], [ -56.57238, -21.33367 ], [ -56.5725, -21.33435 ], [ -56.57262, -21.33435 ], [ -56.57262, -21.33457 ], [ -56.57238, -21.33468 ], [ -56.57226, -21.33615 ], [ -56.57238, -21.33615 ], [ -56.57238, -21.33638 ], [ -56.57262, -21.33638 ], [ -56.57286, -21.33661 ], [ -56.57274, -21.33672 ], [ -56.57285, -21.3374 ], [ -56.57237, -21.33751 ], [ -56.57237, -21.33796 ], [ -56.57116, -21.33796 ], [ -56.57104, -21.3383 ], [ -56.5708, -21.3383 ], [ -56.57056, -21.33852 ], [ -56.57031, -21.34056 ], [ -56.56935, -21.34067 ], [ -56.56923, -21.34044 ], [ -56.56766, -21.34032 ], [ -56.56766, -21.34044 ], [ -56.56706, -21.34043 ], [ -56.56693, -21.34066 ], [ -56.5638, -21.34065 ], [ -56.5638, -21.34088 ], [ -56.56331, -21.34133 ], [ -56.56319, -21.34121 ], [ -56.56223, -21.34133 ], [ -56.56175, -21.34178 ], [ -56.56186, -21.34234 ], [ -56.56223, -21.34257 ], [ -56.56222, -21.34302 ], [ -56.5621, -21.34302 ], [ -56.5621, -21.34347 ], [ -56.56162, -21.34358 ], [ -56.56162, -21.34392 ], [ -56.56138, -21.34415 ], [ -56.5615, -21.3446 ], [ -56.56125, -21.34483 ], [ -56.56065, -21.34482 ], [ -56.56065, -21.34471 ], [ -56.56017, -21.34482 ], [ -56.56005, -21.34527 ], [ -56.55993, -21.34527 ], [ -56.56041, -21.34573 ], [ -56.56089, -21.34573 ], [ -56.56113, -21.34607 ], [ -56.56113, -21.34629 ], [ -56.56089, -21.34641 ], [ -56.56089, -21.34675 ], [ -56.56077, -21.34675 ], [ -56.56064, -21.34765 ], [ -56.56052, -21.34765 ], [ -56.56052, -21.34867 ], [ -56.56016, -21.34878 ], [ -56.5604, -21.349 ], [ -56.5604, -21.34957 ], [ -56.56015, -21.34968 ], [ -56.56015, -21.34991 ], [ -56.55991, -21.35013 ], [ -56.55955, -21.35013 ], [ -56.55955, -21.35036 ], [ -56.55907, -21.35036 ], [ -56.55859, -21.34979 ], [ -56.5581, -21.34968 ], [ -56.55811, -21.349 ], [ -56.55774, -21.34866 ], [ -56.55702, -21.34911 ], [ -56.5563, -21.34911 ], [ -56.55618, -21.34899 ], [ -56.5563, -21.34865 ], [ -56.55606, -21.34854 ], [ -56.55606, -21.34832 ], [ -56.55569, -21.34831 ], [ -56.55558, -21.34775 ], [ -56.55509, -21.34763 ], [ -56.55509, -21.34752 ], [ -56.55413, -21.34752 ], [ -56.55425, -21.34741 ], [ -56.55425, -21.34673 ], [ -56.55365, -21.34684 ], [ -56.55353, -21.34661 ], [ -56.55317, -21.34661 ], [ -56.55293, -21.34639 ], [ -56.55293, -21.34514 ], [ -56.55317, -21.34503 ], [ -56.55317, -21.3448 ], [ -56.55269, -21.3448 ], [ -56.55257, -21.34458 ], [ -56.55148, -21.34446 ], [ -56.55149, -21.34378 ], [ -56.55076, -21.34367 ], [ -56.5504, -21.34333 ], [ -56.55028, -21.34288 ], [ -56.55004, -21.34276 ], [ -56.55004, -21.34242 ], [ -56.54944, -21.3422 ], [ -56.54908, -21.34174 ], [ -56.54908, -21.34152 ], [ -56.54848, -21.34152 ], [ -56.54836, -21.34174 ], [ -56.54739, -21.34174 ], [ -56.54739, -21.34163 ], [ -56.54667, -21.34162 ], [ -56.54619, -21.34128 ], [ -56.54558, -21.34128 ], [ -56.54583, -21.33993 ], [ -56.54487, -21.33902 ], [ -56.54451, -21.33902 ], [ -56.54451, -21.33913 ], [ -56.54439, -21.33902 ], [ -56.54306, -21.33901 ], [ -56.5427, -21.33856 ], [ -56.54222, -21.33845 ], [ -56.5421, -21.33766 ], [ -56.5415, -21.33743 ], [ -56.54162, -21.33675 ], [ -56.54029, -21.33663 ], [ -56.54029, -21.33584 ], [ -56.54041, -21.33584 ], [ -56.54042, -21.33539 ], [ -56.54066, -21.33539 ], [ -56.54066, -21.33528 ], [ -56.54042, -21.33517 ], [ -56.5403, -21.33471 ], [ -56.54006, -21.3346 ], [ -56.54006, -21.33437 ], [ -56.53958, -21.33392 ], [ -56.53958, -21.33313 ], [ -56.54018, -21.3329 ], [ -56.54079, -21.33223 ], [ -56.54031, -21.33189 ], [ -56.54019, -21.33155 ], [ -56.54007, -21.33166 ], [ -56.53983, -21.33155 ], [ -56.53983, -21.33132 ], [ -56.53947, -21.33098 ], [ -56.53874, -21.33087 ], [ -56.5385, -21.33064 ], [ -56.53826, -21.33064 ], [ -56.53826, -21.33087 ], [ -56.5379, -21.33086 ], [ -56.53754, -21.33064 ], [ -56.53717, -21.33064 ], [ -56.53718, -21.33007 ], [ -56.53669, -21.32996 ], [ -56.53658, -21.3295 ], [ -56.53621, -21.3295 ], [ -56.53609, -21.32894 ], [ -56.53561, -21.32882 ], [ -56.53561, -21.32848 ], [ -56.53549, -21.32848 ], [ -56.5355, -21.3269 ], [ -56.53562, -21.3269 ], [ -56.53562, -21.32668 ], [ -56.53417, -21.32645 ], [ -56.53381, -21.32611 ], [ -56.53381, -21.3252 ], [ -56.53357, -21.32509 ], [ -56.53357, -21.32486 ], [ -56.53309, -21.32486 ], [ -56.53285, -21.32509 ], [ -56.53237, -21.32452 ], [ -56.53189, -21.32441 ], [ -56.53177, -21.32452 ], [ -56.53141, -21.32407 ], [ -56.53117, -21.32407 ], [ -56.53093, -21.3235 ], [ -56.53044, -21.32305 ], [ -56.52996, -21.32305 ], [ -56.52985, -21.32203 ], [ -56.53009, -21.3218 ], [ -56.53093, -21.3218 ], [ -56.53093, -21.32192 ], [ -56.53165, -21.32181 ], [ -56.53178, -21.32192 ], [ -56.53178, -21.32169 ], [ -56.5319, -21.32169 ], [ -56.53178, -21.32113 ], [ -56.53142, -21.32079 ], [ -56.53118, -21.32079 ], [ -56.5313, -21.31864 ], [ -56.53094, -21.31841 ], [ -56.53094, -21.31819 ], [ -56.53167, -21.31796 ], [ -56.53155, -21.31751 ], [ -56.53131, -21.3174 ], [ -56.53119, -21.31627 ], [ -56.53095, -21.31604 ], [ -56.53095, -21.31548 ], [ -56.53119, -21.31536 ], [ -56.53119, -21.31469 ], [ -56.53095, -21.31457 ], [ -56.53096, -21.31423 ], [ -56.53035, -21.31378 ], [ -56.53035, -21.31355 ], [ -56.53011, -21.31378 ], [ -56.52975, -21.31378 ], [ -56.52963, -21.31321 ], [ -56.52951, -21.31321 ], [ -56.52951, -21.31276 ], [ -56.52927, -21.31276 ], [ -56.52927, -21.31174 ], [ -56.52903, -21.31152 ], [ -56.52867, -21.31152 ], [ -56.52831, -21.31106 ], [ -56.52771, -21.31106 ], [ -56.52759, -21.31072 ], [ -56.52711, -21.31106 ], [ -56.52614, -21.31106 ], [ -56.52614, -21.31083 ], [ -56.5259, -21.3106 ], [ -56.52518, -21.31049 ], [ -56.52518, -21.31015 ], [ -56.52506, -21.31015 ], [ -56.52518, -21.31004 ], [ -56.52518, -21.30868 ], [ -56.52543, -21.30846 ], [ -56.52567, -21.30846 ], [ -56.52579, -21.30823 ], [ -56.52603, -21.30823 ], [ -56.52603, -21.30755 ], [ -56.52615, -21.30744 ], [ -56.52676, -21.30733 ], [ -56.52724, -21.30677 ], [ -56.52772, -21.30665 ], [ -56.52772, -21.30643 ], [ -56.52797, -21.30643 ], [ -56.52797, -21.3062 ], [ -56.52833, -21.30586 ], [ -56.52869, -21.30575 ], [ -56.52869, -21.30462 ], [ -56.52809, -21.30451 ], [ -56.52809, -21.30462 ], [ -56.52773, -21.30462 ], [ -56.52737, -21.30507 ], [ -56.5264, -21.30518 ], [ -56.5264, -21.30541 ], [ -56.52604, -21.30541 ], [ -56.52604, -21.30529 ], [ -56.52411, -21.30529 ], [ -56.52411, -21.3054 ], [ -56.52266, -21.30528 ], [ -56.5223, -21.30506 ], [ -56.5217, -21.30505 ], [ -56.5217, -21.30483 ], [ -56.52122, -21.30483 ], [ -56.52122, -21.30471 ], [ -56.52098, -21.30494 ], [ -56.52074, -21.30494 ], [ -56.52061, -21.30516 ], [ -56.52037, -21.30516 ], [ -56.51989, -21.30573 ], [ -56.51953, -21.30573 ], [ -56.51905, -21.30527 ], [ -56.51905, -21.30448 ], [ -56.51929, -21.30414 ], [ -56.51965, -21.30414 ], [ -56.51965, -21.30403 ], [ -56.51869, -21.3038 ], [ -56.51845, -21.30324 ], [ -56.51809, -21.30312 ], [ -56.51809, -21.30267 ], [ -56.51785, -21.30233 ], [ -56.51785, -21.30154 ], [ -56.5187, -21.3012 ], [ -56.51882, -21.30075 ], [ -56.5181, -21.3003 ], [ -56.51798, -21.29985 ], [ -56.5175, -21.29973 ], [ -56.5175, -21.29917 ], [ -56.51762, -21.29917 ], [ -56.5175, -21.2986 ], [ -56.51726, -21.29849 ], [ -56.51714, -21.29792 ], [ -56.51678, -21.29781 ], [ -56.51678, -21.29758 ], [ -56.51714, -21.29736 ], [ -56.51727, -21.29645 ], [ -56.51715, -21.29645 ], [ -56.51715, -21.29623 ], [ -56.51678, -21.29623 ], [ -56.51654, -21.296 ], [ -56.51655, -21.29555 ], [ -56.51667, -21.29555 ], [ -56.51655, -21.29498 ], [ -56.51691, -21.29464 ], [ -56.51643, -21.2943 ], [ -56.51631, -21.29363 ], [ -56.51619, -21.29363 ], [ -56.51619, -21.29272 ], [ -56.51511, -21.29238 ], [ -56.51511, -21.29181 ], [ -56.51535, -21.2917 ], [ -56.51535, -21.29148 ], [ -56.51572, -21.29136 ], [ -56.51572, -21.29103 ], [ -56.51487, -21.29046 ], [ -56.515, -21.29012 ], [ -56.51524, -21.29001 ], [ -56.51524, -21.28978 ], [ -56.51548, -21.28967 ], [ -56.51548, -21.28933 ], [ -56.515, -21.28888 ], [ -56.51476, -21.28888 ], [ -56.51476, -21.28831 ], [ -56.515, -21.2882 ], [ -56.515, -21.28786 ], [ -56.51488, -21.28786 ], [ -56.51476, -21.28695 ], [ -56.51452, -21.28673 ], [ -56.51453, -21.28605 ], [ -56.51501, -21.28571 ], [ -56.51465, -21.28549 ], [ -56.51465, -21.28526 ], [ -56.51429, -21.28481 ], [ -56.51405, -21.28481 ], [ -56.51405, -21.28424 ], [ -56.51393, -21.28424 ], [ -56.51405, -21.28322 ], [ -56.51393, -21.28322 ], [ -56.51381, -21.28277 ], [ -56.51249, -21.28288 ], [ -56.51237, -21.28265 ], [ -56.51201, -21.28265 ], [ -56.51141, -21.28209 ], [ -56.51153, -21.28163 ], [ -56.51141, -21.28163 ], [ -56.51129, -21.28107 ], [ -56.51105, -21.28084 ], [ -56.51081, -21.28084 ], [ -56.51081, -21.2805 ], [ -56.51093, -21.2805 ], [ -56.51081, -21.28039 ], [ -56.51081, -21.2796 ], [ -56.51069, -21.2796 ], [ -56.51057, -21.27892 ], [ -56.51045, -21.27892 ], [ -56.51057, -21.27869 ], [ -56.51081, -21.27869 ], [ -56.51118, -21.27836 ], [ -56.51118, -21.27802 ], [ -56.51106, -21.27802 ], [ -56.51106, -21.27768 ], [ -56.51082, -21.27756 ], [ -56.51082, -21.27711 ], [ -56.5107, -21.27711 ], [ -56.51058, -21.27666 ], [ -56.51022, -21.27621 ], [ -56.51034, -21.27553 ], [ -56.50998, -21.27541 ], [ -56.50998, -21.27519 ], [ -56.50974, -21.27519 ], [ -56.50962, -21.27496 ], [ -56.50878, -21.27473 ], [ -56.50878, -21.27451 ], [ -56.50817, -21.27473 ], [ -56.50757, -21.27529 ], [ -56.50685, -21.27529 ], [ -56.50685, -21.27541 ], [ -56.50661, -21.27518 ], [ -56.50661, -21.27495 ], [ -56.50564, -21.27484 ], [ -56.50565, -21.27371 ], [ -56.50541, -21.27359 ], [ -56.50553, -21.27303 ], [ -56.50505, -21.27258 ], [ -56.50481, -21.27257 ], [ -56.50469, -21.27224 ], [ -56.50445, -21.27223 ], [ -56.50445, -21.27144 ], [ -56.50481, -21.27111 ], [ -56.50481, -21.27077 ], [ -56.50445, -21.27043 ], [ -56.50445, -21.26997 ], [ -56.50397, -21.26952 ], [ -56.50409, -21.26907 ], [ -56.50446, -21.26896 ], [ -56.50446, -21.26805 ], [ -56.5041, -21.26771 ], [ -56.50362, -21.2676 ], [ -56.5035, -21.26715 ], [ -56.50302, -21.26703 ], [ -56.50302, -21.26658 ], [ -56.50314, -21.26658 ], [ -56.50314, -21.26602 ], [ -56.5029, -21.2659 ], [ -56.50302, -21.26534 ], [ -56.50266, -21.26534 ], [ -56.50254, -21.26477 ], [ -56.50242, -21.26477 ], [ -56.50242, -21.26432 ], [ -56.50278, -21.26421 ], [ -56.50279, -21.26398 ], [ -56.50303, -21.26376 ], [ -56.50291, -21.26319 ], [ -56.50315, -21.26308 ], [ -56.50315, -21.26263 ], [ -56.50243, -21.26172 ], [ -56.50243, -21.26104 ], [ -56.50267, -21.26093 ], [ -56.50268, -21.26036 ], [ -56.50232, -21.26025 ], [ -56.5022, -21.25991 ], [ -56.50195, -21.25991 ], [ -56.50196, -21.25968 ], [ -56.50171, -21.25957 ], [ -56.50172, -21.25934 ], [ -56.50148, -21.25912 ], [ -56.50003, -21.259 ], [ -56.49967, -21.25934 ], [ -56.49882, -21.25911 ], [ -56.49931, -21.25877 ], [ -56.49931, -21.25809 ], [ -56.49943, -21.25809 ], [ -56.49919, -21.25775 ], [ -56.49883, -21.25764 ], [ -56.49883, -21.2573 ], [ -56.49907, -21.25719 ], [ -56.49919, -21.25662 ], [ -56.49931, -21.25663 ], [ -56.49932, -21.25606 ], [ -56.4992, -21.25606 ], [ -56.4992, -21.25572 ], [ -56.49908, -21.25572 ], [ -56.49908, -21.25538 ], [ -56.49896, -21.25538 ], [ -56.49872, -21.25459 ], [ -56.498, -21.25436 ], [ -56.498, -21.25391 ], [ -56.49752, -21.25334 ], [ -56.49728, -21.25334 ], [ -56.49728, -21.25323 ], [ -56.49607, -21.25334 ], [ -56.49607, -21.25323 ], [ -56.49547, -21.25311 ], [ -56.49534, -21.25413 ], [ -56.49498, -21.25379 ], [ -56.49378, -21.25367 ], [ -56.4933, -21.25412 ], [ -56.49341, -21.25514 ], [ -56.49317, -21.25525 ], [ -56.49317, -21.25548 ], [ -56.49293, -21.25548 ], [ -56.49293, -21.2557 ], [ -56.49269, -21.25581 ], [ -56.49269, -21.25604 ], [ -56.49244, -21.25627 ], [ -56.4922, -21.25626 ], [ -56.49208, -21.25672 ], [ -56.49184, -21.25672 ], [ -56.49184, -21.2566 ], [ -56.49124, -21.2566 ], [ -56.49112, -21.25637 ], [ -56.49064, -21.25626 ], [ -56.49064, -21.25615 ], [ -56.49027, -21.25615 ], [ -56.49016, -21.25592 ], [ -56.48979, -21.25592 ], [ -56.48919, -21.25535 ], [ -56.48835, -21.25535 ], [ -56.48835, -21.25546 ], [ -56.48775, -21.25535 ], [ -56.48763, -21.25546 ], [ -56.48762, -21.25625 ], [ -56.48714, -21.25614 ], [ -56.48702, -21.25591 ], [ -56.48666, -21.2558 ], [ -56.48666, -21.25546 ], [ -56.48642, -21.25512 ], [ -56.48642, -21.25444 ], [ -56.48546, -21.25376 ], [ -56.48534, -21.25331 ], [ -56.48498, -21.2533 ], [ -56.48498, -21.25319 ], [ -56.48426, -21.2533 ], [ -56.48389, -21.25353 ], [ -56.48317, -21.25353 ], [ -56.48305, -21.25386 ], [ -56.48269, -21.25364 ], [ -56.48209, -21.25363 ], [ -56.4816, -21.25397 ], [ -56.48124, -21.25397 ], [ -56.481, -21.25363 ], [ -56.48028, -21.25363 ], [ -56.47992, -21.2534 ], [ -56.47968, -21.2525 ], [ -56.47884, -21.25238 ], [ -56.4786, -21.25216 ], [ -56.47823, -21.25215 ], [ -56.47811, -21.25193 ], [ -56.47775, -21.25193 ], [ -56.47763, -21.25249 ], [ -56.47715, -21.2526 ], [ -56.47655, -21.25204 ], [ -56.47498, -21.25192 ], [ -56.4745, -21.25259 ], [ -56.47425, -21.25259 ], [ -56.47425, -21.25305 ], [ -56.47377, -21.2535 ], [ -56.47388, -21.25497 ], [ -56.47364, -21.2553 ], [ -56.474, -21.25553 ], [ -56.474, -21.25587 ], [ -56.47412, -21.25587 ], [ -56.474, -21.257 ], [ -56.47364, -21.25734 ], [ -56.47375, -21.25779 ], [ -56.47351, -21.2579 ], [ -56.47327, -21.25847 ], [ -56.47279, -21.25869 ], [ -56.47279, -21.25892 ], [ -56.47315, -21.25926 ], [ -56.47314, -21.25994 ], [ -56.4735, -21.26028 ], [ -56.47338, -21.26039 ], [ -56.4723, -21.26038 ], [ -56.4723, -21.26072 ], [ -56.47193, -21.26106 ], [ -56.47193, -21.26151 ], [ -56.47205, -21.26151 ], [ -56.47229, -21.26231 ], [ -56.47145, -21.26242 ], [ -56.47132, -21.26355 ], [ -56.47011, -21.26445 ], [ -56.47011, -21.26479 ], [ -56.46987, -21.2649 ], [ -56.46975, -21.26524 ], [ -56.46939, -21.26535 ], [ -56.46903, -21.26489 ], [ -56.46891, -21.26501 ], [ -56.46842, -21.26489 ], [ -56.46842, -21.26501 ], [ -56.46722, -21.26489 ], [ -56.46722, -21.265 ], [ -56.46686, -21.265 ], [ -56.46674, -21.26523 ], [ -56.46637, -21.26523 ], [ -56.46638, -21.26489 ], [ -56.46601, -21.26455 ], [ -56.46602, -21.26432 ], [ -56.46578, -21.26421 ], [ -56.46578, -21.26398 ], [ -56.46517, -21.26375 ], [ -56.46505, -21.2642 ], [ -56.46481, -21.26432 ], [ -56.46481, -21.26466 ], [ -56.46469, -21.26465 ], [ -56.46469, -21.26511 ], [ -56.46445, -21.26511 ], [ -56.46445, -21.26499 ], [ -56.46324, -21.2651 ], [ -56.46324, -21.26555 ], [ -56.46288, -21.26555 ], [ -56.46276, -21.26578 ], [ -56.46191, -21.266 ], [ -56.46167, -21.26623 ], [ -56.46167, -21.26657 ], [ -56.4607, -21.26634 ], [ -56.46034, -21.26588 ], [ -56.45986, -21.26588 ], [ -56.45986, -21.26577 ], [ -56.45974, -21.26588 ], [ -56.45902, -21.26577 ], [ -56.4589, -21.26599 ], [ -56.45757, -21.26587 ], [ -56.45745, -21.26565 ], [ -56.45673, -21.26542 ], [ -56.45673, -21.26452 ], [ -56.45516, -21.26485 ], [ -56.4548, -21.2644 ], [ -56.45432, -21.2644 ], [ -56.45396, -21.26417 ], [ -56.45239, -21.26416 ], [ -56.45239, -21.26405 ], [ -56.45179, -21.26394 ], [ -56.45167, -21.26371 ], [ -56.45107, -21.26371 ], [ -56.45047, -21.26337 ], [ -56.45011, -21.26336 ], [ -56.44986, -21.26359 ], [ -56.44975, -21.26336 ], [ -56.44926, -21.26325 ], [ -56.44975, -21.26099 ], [ -56.45036, -21.26088 ], [ -56.4506, -21.26054 ], [ -56.4506, -21.2602 ], [ -56.45084, -21.2602 ], [ -56.45096, -21.25986 ], [ -56.4512, -21.25975 ], [ -56.45121, -21.25941 ], [ -56.45145, -21.2593 ], [ -56.45145, -21.25908 ], [ -56.45121, -21.25907 ], [ -56.45133, -21.25851 ], [ -56.45157, -21.2584 ], [ -56.45157, -21.25817 ], [ -56.45193, -21.25817 ], [ -56.45194, -21.25772 ], [ -56.45314, -21.25693 ], [ -56.45315, -21.25659 ], [ -56.45278, -21.25637 ], [ -56.45279, -21.25603 ], [ -56.45327, -21.25558 ], [ -56.45327, -21.25524 ], [ -56.45363, -21.25524 ], [ -56.45363, -21.25535 ], [ -56.45411, -21.25524 ], [ -56.4546, -21.25457 ], [ -56.45568, -21.25468 ], [ -56.45593, -21.25446 ], [ -56.45581, -21.25367 ], [ -56.45533, -21.2531 ], [ -56.45533, -21.25242 ], [ -56.45545, -21.25242 ], [ -56.45545, -21.25186 ], [ -56.45557, -21.25186 ], [ -56.45558, -21.25084 ], [ -56.4557, -21.25084 ], [ -56.4557, -21.25061 ], [ -56.45534, -21.25027 ], [ -56.45534, -21.24948 ], [ -56.45558, -21.24914 ], [ -56.45559, -21.24869 ], [ -56.45631, -21.24858 ], [ -56.45631, -21.24869 ], [ -56.45679, -21.2487 ], [ -56.45691, -21.24858 ], [ -56.45691, -21.24824 ], [ -56.45607, -21.24756 ], [ -56.45595, -21.24689 ], [ -56.45644, -21.24677 ], [ -56.45716, -21.2461 ], [ -56.45704, -21.2461 ], [ -56.45704, -21.24519 ], [ -56.45656, -21.24474 ], [ -56.45669, -21.24418 ], [ -56.45633, -21.24406 ], [ -56.45633, -21.24361 ], [ -56.45561, -21.24293 ], [ -56.45512, -21.24293 ], [ -56.45476, -21.24259 ], [ -56.45476, -21.24236 ], [ -56.4544, -21.24236 ], [ -56.4544, -21.24213 ], [ -56.45465, -21.24202 ], [ -56.45465, -21.24157 ], [ -56.45477, -21.24157 ], [ -56.45465, -21.24078 ], [ -56.45525, -21.24067 ], [ -56.45562, -21.24033 ], [ -56.45562, -21.23965 ], [ -56.45586, -21.23965 ], [ -56.4549, -21.23829 ], [ -56.4549, -21.23773 ], [ -56.45514, -21.23773 ], [ -56.45514, -21.2375 ], [ -56.45466, -21.2375 ], [ -56.45442, -21.23716 ], [ -56.45382, -21.23716 ], [ -56.45358, -21.23693 ], [ -56.45322, -21.23693 ], [ -56.45298, -21.23716 ], [ -56.45285, -21.23761 ], [ -56.45225, -21.23749 ], [ -56.45225, -21.23761 ], [ -56.45141, -21.2376 ], [ -56.45105, -21.23783 ], [ -56.45032, -21.23771 ], [ -56.44984, -21.23726 ], [ -56.4496, -21.23726 ], [ -56.44924, -21.2359 ], [ -56.44876, -21.23579 ], [ -56.44852, -21.23545 ], [ -56.44804, -21.23545 ], [ -56.4478, -21.23511 ], [ -56.44756, -21.23522 ], [ -56.44744, -21.23409 ], [ -56.4466, -21.23409 ], [ -56.44648, -21.23329 ], [ -56.446, -21.23295 ], [ -56.44612, -21.2325 ], [ -56.44624, -21.2325 ], [ -56.44613, -21.23194 ], [ -56.44516, -21.23205 ], [ -56.44492, -21.23239 ], [ -56.4442, -21.23238 ], [ -56.4442, -21.23227 ], [ -56.44263, -21.23238 ], [ -56.44251, -21.23249 ], [ -56.4425, -21.23373 ], [ -56.44274, -21.23385 ], [ -56.44274, -21.23407 ], [ -56.4419, -21.23418 ], [ -56.44178, -21.23441 ], [ -56.4413, -21.23441 ], [ -56.44142, -21.23452 ], [ -56.44129, -21.23475 ], [ -56.44033, -21.23474 ], [ -56.44021, -21.2344 ], [ -56.44033, -21.2344 ], [ -56.44033, -21.23407 ], [ -56.43937, -21.23395 ], [ -56.43925, -21.23372 ], [ -56.43901, -21.23384 ], [ -56.43889, -21.2335 ], [ -56.43853, -21.23349 ], [ -56.43816, -21.23383 ], [ -56.4378, -21.23383 ], [ -56.43732, -21.23428 ], [ -56.4372, -21.2336 ], [ -56.43696, -21.23349 ], [ -56.43684, -21.23304 ], [ -56.43516, -21.23213 ], [ -56.43516, -21.23168 ], [ -56.43528, -21.23168 ], [ -56.43516, -21.231 ], [ -56.43504, -21.231 ], [ -56.43516, -21.23032 ], [ -56.4336, -21.2302 ], [ -56.43324, -21.22918 ], [ -56.43276, -21.22907 ], [ -56.43264, -21.22873 ], [ -56.43228, -21.22873 ], [ -56.43228, -21.22861 ], [ -56.43095, -21.22872 ], [ -56.43095, -21.2285 ], [ -56.43059, -21.22816 ], [ -56.42939, -21.22849 ], [ -56.42939, -21.22872 ], [ -56.42914, -21.22883 ], [ -56.42914, -21.22962 ], [ -56.42878, -21.22985 ], [ -56.42781, -21.22984 ], [ -56.42769, -21.22996 ], [ -56.42758, -21.22916 ], [ -56.42733, -21.22905 ], [ -56.42734, -21.22882 ], [ -56.42709, -21.22882 ], [ -56.42649, -21.22972 ], [ -56.4254, -21.22983 ], [ -56.42516, -21.23006 ], [ -56.42504, -21.23096 ], [ -56.42468, -21.23119 ], [ -56.42395, -21.23119 ], [ -56.42383, -21.23051 ], [ -56.42299, -21.23005 ], [ -56.42275, -21.23028 ], [ -56.42275, -21.2305 ], [ -56.42227, -21.2305 ], [ -56.42202, -21.23174 ], [ -56.42094, -21.23163 ], [ -56.42082, -21.2314 ], [ -56.42058, -21.2314 ], [ -56.42058, -21.23117 ], [ -56.42034, -21.23117 ], [ -56.4201, -21.23083 ], [ -56.4201, -21.23027 ], [ -56.41962, -21.22981 ], [ -56.41914, -21.22981 ], [ -56.41901, -21.23026 ], [ -56.41877, -21.23049 ], [ -56.41805, -21.23037 ], [ -56.41793, -21.2306 ], [ -56.41696, -21.23071 ], [ -56.41672, -21.2315 ], [ -56.416, -21.23161 ], [ -56.41551, -21.2324 ], [ -56.41479, -21.2324 ], [ -56.41442, -21.23273 ], [ -56.41454, -21.23307 ], [ -56.41382, -21.23352 ], [ -56.41369, -21.23443 ], [ -56.41285, -21.23499 ], [ -56.41273, -21.23533 ], [ -56.41237, -21.23521 ], [ -56.41224, -21.23533 ], [ -56.41224, -21.23623 ], [ -56.41212, -21.23623 ], [ -56.412, -21.23668 ], [ -56.41127, -21.23736 ], [ -56.41079, -21.23747 ], [ -56.41055, -21.2369 ], [ -56.40983, -21.23679 ], [ -56.40947, -21.23712 ], [ -56.40946, -21.23735 ], [ -56.40922, -21.23735 ], [ -56.40922, -21.23758 ], [ -56.40826, -21.23769 ], [ -56.40826, -21.23802 ], [ -56.40765, -21.23836 ], [ -56.40765, -21.2387 ], [ -56.40669, -21.2387 ], [ -56.40584, -21.23948 ], [ -56.4056, -21.23948 ], [ -56.40548, -21.2396 ], [ -56.40547, -21.24118 ], [ -56.40523, -21.2414 ], [ -56.40439, -21.24129 ], [ -56.40403, -21.24083 ], [ -56.40367, -21.24083 ], [ -56.40366, -21.24106 ], [ -56.4033, -21.24106 ], [ -56.4033, -21.24128 ], [ -56.40294, -21.24162 ], [ -56.40234, -21.24162 ], [ -56.40209, -21.24207 ], [ -56.40125, -21.24195 ], [ -56.40113, -21.24173 ], [ -56.40089, -21.24173 ], [ -56.40077, -21.24139 ], [ -56.40029, -21.24127 ], [ -56.40029, -21.24116 ], [ -56.3986, -21.24127 ], [ -56.39848, -21.24115 ], [ -56.39848, -21.24172 ], [ -56.39812, -21.24183 ], [ -56.39752, -21.24126 ], [ -56.39776, -21.24047 ], [ -56.39728, -21.24036 ], [ -56.39704, -21.24013 ], [ -56.39668, -21.24047 ], [ -56.39607, -21.24035 ], [ -56.39547, -21.24069 ], [ -56.39463, -21.2408 ], [ -56.3945, -21.24125 ], [ -56.39426, -21.24125 ], [ -56.39414, -21.2417 ], [ -56.3939, -21.24193 ], [ -56.3939, -21.24148 ], [ -56.3933, -21.24147 ], [ -56.39294, -21.24125 ], [ -56.39233, -21.24124 ], [ -56.39233, -21.24113 ], [ -56.39161, -21.24113 ], [ -56.39125, -21.24079 ], [ -56.39125, -21.24056 ], [ -56.39089, -21.24034 ], [ -56.39077, -21.23932 ], [ -56.3909, -21.23932 ], [ -56.3909, -21.23887 ], [ -56.39138, -21.2383 ], [ -56.39138, -21.23763 ], [ -56.39223, -21.2374 ], [ -56.39223, -21.23672 ], [ -56.39199, -21.2365 ], [ -56.39187, -21.23571 ], [ -56.39163, -21.23548 ], [ -56.39139, -21.23548 ], [ -56.39139, -21.23525 ], [ -56.39115, -21.23503 ], [ -56.39043, -21.23502 ], [ -56.39043, -21.23468 ], [ -56.39007, -21.23446 ], [ -56.38995, -21.234 ], [ -56.38959, -21.23378 ], [ -56.38947, -21.23344 ], [ -56.38923, -21.23344 ], [ -56.3896, -21.23242 ], [ -56.38912, -21.23208 ], [ -56.38888, -21.23208 ], [ -56.38876, -21.23174 ], [ -56.38803, -21.23162 ], [ -56.38791, -21.2314 ], [ -56.38767, -21.2314 ], [ -56.38695, -21.23218 ], [ -56.38671, -21.23218 ], [ -56.38671, -21.23196 ], [ -56.38647, -21.23196 ], [ -56.38623, -21.23162 ], [ -56.38623, -21.23117 ], [ -56.38551, -21.23094 ], [ -56.38539, -21.2306 ], [ -56.38515, -21.23048 ], [ -56.38515, -21.23026 ], [ -56.38491, -21.23014 ], [ -56.38491, -21.22992 ], [ -56.38455, -21.22992 ], [ -56.3843, -21.23025 ], [ -56.38334, -21.23014 ], [ -56.38322, -21.23036 ], [ -56.38286, -21.23036 ], [ -56.38286, -21.23047 ], [ -56.38262, -21.23025 ], [ -56.38238, -21.23036 ], [ -56.38226, -21.23002 ], [ -56.38166, -21.22957 ], [ -56.38166, -21.229 ], [ -56.38142, -21.229 ], [ -56.38142, -21.22877 ], [ -56.38118, -21.22855 ], [ -56.3807, -21.22855 ], [ -56.38033, -21.22877 ], [ -56.38034, -21.22821 ], [ -56.37997, -21.22809 ], [ -56.3801, -21.22764 ], [ -56.38022, -21.22764 ], [ -56.38022, -21.22685 ], [ -56.37998, -21.22685 ], [ -56.37998, -21.22617 ], [ -56.3801, -21.22606 ], [ -56.3789, -21.22605 ], [ -56.3789, -21.22583 ], [ -56.3783, -21.22526 ], [ -56.37794, -21.22548 ], [ -56.37721, -21.22548 ], [ -56.37721, -21.22526 ], [ -56.37685, -21.22503 ], [ -56.37698, -21.22424 ], [ -56.37626, -21.22378 ], [ -56.37626, -21.22333 ], [ -56.3765, -21.22322 ], [ -56.3765, -21.22288 ], [ -56.37686, -21.22254 ], [ -56.37662, -21.22232 ], [ -56.37675, -21.22153 ], [ -56.37699, -21.2213 ], [ -56.37747, -21.22119 ], [ -56.37735, -21.22062 ], [ -56.37747, -21.22062 ], [ -56.37748, -21.2204 ], [ -56.37772, -21.2204 ], [ -56.37772, -21.21995 ], [ -56.37808, -21.21984 ], [ -56.37808, -21.21938 ], [ -56.37832, -21.21927 ], [ -56.37833, -21.21893 ], [ -56.37845, -21.21893 ], [ -56.37833, -21.21803 ], [ -56.37869, -21.2178 ], [ -56.3787, -21.21667 ], [ -56.37846, -21.21645 ], [ -56.37882, -21.21622 ], [ -56.37906, -21.21566 ], [ -56.37894, -21.21566 ], [ -56.37894, -21.21532 ], [ -56.37858, -21.21487 ], [ -56.37822, -21.21486 ], [ -56.3781, -21.21509 ], [ -56.37786, -21.21509 ], [ -56.37714, -21.21441 ], [ -56.37654, -21.21452 ], [ -56.37642, -21.21441 ], [ -56.37654, -21.21339 ], [ -56.3763, -21.21327 ], [ -56.37618, -21.2135 ], [ -56.3757, -21.2135 ], [ -56.37534, -21.21316 ], [ -56.37534, -21.21282 ], [ -56.3751, -21.21259 ], [ -56.3751, -21.21225 ], [ -56.37546, -21.21214 ], [ -56.37546, -21.21192 ], [ -56.3751, -21.2118 ], [ -56.3751, -21.21146 ], [ -56.37474, -21.21124 ], [ -56.37462, -21.21067 ], [ -56.37511, -21.20999 ], [ -56.37511, -21.20965 ], [ -56.37535, -21.20954 ], [ -56.37535, -21.20932 ], [ -56.37523, -21.20932 ], [ -56.37536, -21.20807 ], [ -56.37524, -21.20807 ], [ -56.37524, -21.20739 ], [ -56.3756, -21.20706 ], [ -56.37561, -21.20559 ], [ -56.37537, -21.20547 ], [ -56.37549, -21.20502 ], [ -56.37513, -21.20491 ], [ -56.37489, -21.20446 ], [ -56.37465, -21.20445 ], [ -56.37453, -21.204 ], [ -56.37502, -21.20355 ], [ -56.37562, -21.20355 ], [ -56.37586, -21.20322 ], [ -56.37575, -21.20175 ], [ -56.37611, -21.20164 ], [ -56.37611, -21.20141 ], [ -56.37623, -21.20141 ], [ -56.37623, -21.20084 ], [ -56.37647, -21.20062 ], [ -56.37636, -21.20005 ], [ -56.3766, -21.19983 ], [ -56.3766, -21.19926 ], [ -56.37636, -21.19915 ], [ -56.37612, -21.19858 ], [ -56.37648, -21.19825 ], [ -56.37637, -21.19768 ], [ -56.37661, -21.19734 ], [ -56.37661, -21.19689 ], [ -56.37697, -21.19667 ], [ -56.37697, -21.19621 ], [ -56.37661, -21.1961 ], [ -56.37662, -21.19531 ], [ -56.37686, -21.1952 ], [ -56.37686, -21.19486 ], [ -56.37722, -21.19463 ], [ -56.37722, -21.19407 ], [ -56.3771, -21.19407 ], [ -56.37687, -21.19271 ], [ -56.37723, -21.19271 ], [ -56.37771, -21.19237 ], [ -56.37784, -21.19192 ], [ -56.37796, -21.19192 ], [ -56.37796, -21.19147 ], [ -56.37748, -21.19124 ], [ -56.37724, -21.19057 ], [ -56.37676, -21.19056 ], [ -56.37664, -21.19022 ], [ -56.37592, -21.19022 ], [ -56.37592, -21.18943 ], [ -56.37616, -21.18932 ], [ -56.37616, -21.18909 ], [ -56.377, -21.18921 ], [ -56.37701, -21.18864 ], [ -56.37689, -21.18864 ], [ -56.37689, -21.18819 ], [ -56.37665, -21.18785 ], [ -56.37665, -21.18706 ], [ -56.37641, -21.18706 ], [ -56.37641, -21.18683 ], [ -56.37617, -21.18683 ], [ -56.37605, -21.18661 ], [ -56.37497, -21.18671 ], [ -56.37498, -21.18445 ], [ -56.37522, -21.18412 ], [ -56.3751, -21.18412 ], [ -56.37498, -21.18366 ], [ -56.37462, -21.18344 ], [ -56.37486, -21.18265 ], [ -56.3745, -21.18219 ], [ -56.37378, -21.18208 ], [ -56.37354, -21.18185 ], [ -56.37354, -21.18196 ], [ -56.37306, -21.18207 ], [ -56.37294, -21.18241 ], [ -56.37245, -21.18241 ], [ -56.37233, -21.18275 ], [ -56.37197, -21.18275 ], [ -56.37173, -21.18309 ], [ -56.37125, -21.18308 ], [ -56.37112, -21.18331 ], [ -56.3704, -21.18319 ], [ -56.3704, -21.18331 ], [ -56.36992, -21.18331 ], [ -56.36956, -21.18308 ], [ -56.3692, -21.18308 ], [ -56.3692, -21.18217 ], [ -56.36896, -21.18195 ], [ -56.36824, -21.18206 ], [ -56.368, -21.18183 ], [ -56.36776, -21.18183 ], [ -56.36836, -21.18127 ], [ -56.36848, -21.18081 ], [ -56.368, -21.1807 ], [ -56.36776, -21.18036 ], [ -56.36777, -21.17968 ], [ -56.36801, -21.17957 ], [ -56.36801, -21.179 ], [ -56.36765, -21.17866 ], [ -56.36729, -21.17866 ], [ -56.36717, -21.17844 ], [ -56.36729, -21.17844 ], [ -56.36729, -21.1781 ], [ -56.36765, -21.17776 ], [ -56.36766, -21.17753 ], [ -56.36814, -21.17754 ], [ -56.36802, -21.17629 ], [ -56.36706, -21.17606 ], [ -56.36682, -21.17584 ], [ -56.3667, -21.17538 ], [ -56.36634, -21.17538 ], [ -56.36634, -21.1747 ], [ -56.36586, -21.17425 ], [ -56.36562, -21.17425 ], [ -56.36562, -21.17357 ], [ -56.36611, -21.17323 ], [ -56.36611, -21.17301 ], [ -56.36647, -21.17267 ], [ -56.36647, -21.17233 ], [ -56.36671, -21.17211 ], [ -56.36744, -21.172 ], [ -56.36756, -21.17143 ], [ -56.36792, -21.17109 ], [ -56.36732, -21.17075 ], [ -56.3672, -21.17019 ], [ -56.36684, -21.16996 ], [ -56.36685, -21.1694 ], [ -56.36745, -21.16895 ], [ -56.36733, -21.16815 ], [ -56.36745, -21.16815 ], [ -56.36746, -21.16793 ], [ -56.36782, -21.16782 ], [ -56.36758, -21.16748 ], [ -56.36794, -21.16748 ], [ -56.36782, -21.16669 ], [ -56.36806, -21.16669 ], [ -56.36831, -21.16624 ], [ -56.36795, -21.1659 ], [ -56.36795, -21.16556 ], [ -56.36807, -21.16556 ], [ -56.36795, -21.16522 ], [ -56.36771, -21.16522 ], [ -56.36771, -21.16533 ], [ -56.36698, -21.16522 ], [ -56.36675, -21.16476 ], [ -56.36723, -21.16431 ], [ -56.36735, -21.16397 ], [ -56.36771, -21.16397 ], [ -56.36772, -21.16307 ], [ -56.36808, -21.16262 ], [ -56.36808, -21.16206 ], [ -56.36856, -21.16206 ], [ -56.36857, -21.16172 ], [ -56.3682, -21.16172 ], [ -56.36809, -21.16138 ], [ -56.36736, -21.16081 ], [ -56.36532, -21.16069 ], [ -56.3652, -21.1599 ], [ -56.3646, -21.15944 ], [ -56.36424, -21.15944 ], [ -56.36412, -21.15922 ], [ -56.36376, -21.15955 ], [ -56.36376, -21.15978 ], [ -56.36291, -21.16 ], [ -56.36279, -21.15955 ], [ -56.36243, -21.15921 ], [ -56.36256, -21.15819 ], [ -56.36208, -21.15796 ], [ -56.36208, -21.15763 ], [ -56.36244, -21.15717 ], [ -56.36244, -21.1565 ], [ -56.36269, -21.15616 ], [ -56.36269, -21.15559 ], [ -56.36305, -21.1556 ], [ -56.36329, -21.15537 ], [ -56.36329, -21.15503 ], [ -56.36354, -21.15469 ], [ -56.36366, -21.15334 ], [ -56.36463, -21.15323 ], [ -56.36463, -21.15187 ], [ -56.36487, -21.15165 ], [ -56.36488, -21.15142 ], [ -56.36524, -21.15142 ], [ -56.36536, -21.15063 ], [ -56.36512, -21.1504 ], [ -56.36536, -21.15029 ], [ -56.36548, -21.14973 ], [ -56.36585, -21.1495 ], [ -56.36585, -21.14928 ], [ -56.36669, -21.14951 ], [ -56.36705, -21.14906 ], [ -56.36729, -21.14906 ], [ -56.3673, -21.14849 ], [ -56.36766, -21.14849 ], [ -56.36802, -21.14793 ], [ -56.36899, -21.14771 ], [ -56.36899, -21.14748 ], [ -56.36935, -21.14737 ], [ -56.36935, -21.14714 ], [ -56.36923, -21.14714 ], [ -56.36924, -21.14579 ], [ -56.36936, -21.14579 ], [ -56.36936, -21.14556 ], [ -56.36924, -21.14556 ], [ -56.36924, -21.14534 ], [ -56.36876, -21.14522 ], [ -56.36876, -21.14511 ], [ -56.3684, -21.14511 ], [ -56.36804, -21.14465 ], [ -56.36804, -21.14397 ], [ -56.3684, -21.14375 ], [ -56.36852, -21.1433 ], [ -56.36876, -21.1433 ], [ -56.36877, -21.14251 ], [ -56.36841, -21.14251 ], [ -56.36817, -21.14228 ], [ -56.36817, -21.14205 ], [ -56.36781, -21.14205 ], [ -56.36769, -21.14183 ], [ -56.36708, -21.14182 ], [ -56.36708, -21.14171 ], [ -56.36636, -21.1416 ], [ -56.36649, -21.14069 ], [ -56.36625, -21.14069 ], [ -56.36613, -21.14001 ], [ -56.36577, -21.1399 ], [ -56.36529, -21.13944 ], [ -56.36541, -21.13809 ], [ -56.36517, -21.13798 ], [ -56.36518, -21.13718 ], [ -56.36494, -21.13718 ], [ -56.36494, -21.13696 ], [ -56.36458, -21.13696 ], [ -56.36458, -21.13684 ], [ -56.36337, -21.13673 ], [ -56.36313, -21.1365 ], [ -56.36277, -21.1365 ], [ -56.36265, -21.13627 ], [ -56.36217, -21.13627 ], [ -56.36217, -21.13593 ], [ -56.36205, -21.13593 ], [ -56.36205, -21.13559 ], [ -56.36241, -21.13525 ], [ -56.36242, -21.13469 ], [ -56.36266, -21.13458 ], [ -56.36278, -21.13412 ], [ -56.36302, -21.13401 ], [ -56.36302, -21.13379 ], [ -56.36314, -21.13379 ], [ -56.36302, -21.13345 ], [ -56.36327, -21.13333 ], [ -56.36315, -21.133 ], [ -56.36327, -21.133 ], [ -56.36327, -21.13254 ], [ -56.36303, -21.13232 ], [ -56.36303, -21.13186 ], [ -56.36279, -21.13152 ], [ -56.36279, -21.1313 ], [ -56.36291, -21.1313 ], [ -56.3628, -21.13028 ], [ -56.36316, -21.12994 ], [ -56.36352, -21.12995 ], [ -56.3634, -21.12949 ], [ -56.36328, -21.12949 ], [ -56.36328, -21.12904 ], [ -56.36304, -21.12904 ], [ -56.36305, -21.12859 ], [ -56.36341, -21.12859 ], [ -56.36365, -21.12825 ], [ -56.36353, -21.12746 ], [ -56.36365, -21.12735 ], [ -56.36341, -21.12735 ], [ -56.36305, -21.12701 ], [ -56.36318, -21.12633 ], [ -56.36306, -21.12633 ], [ -56.36306, -21.12599 ], [ -56.36258, -21.12554 ], [ -56.36161, -21.12542 ], [ -56.36161, -21.12531 ], [ -56.36041, -21.12541 ], [ -56.35993, -21.12586 ], [ -56.35956, -21.12586 ], [ -56.35956, -21.12609 ], [ -56.35932, -21.12631 ], [ -56.35908, -21.12631 ], [ -56.35848, -21.12575 ], [ -56.35848, -21.12507 ], [ -56.358, -21.1245 ], [ -56.35716, -21.1245 ], [ -56.3568, -21.12495 ], [ -56.35547, -21.12472 ], [ -56.35512, -21.12381 ], [ -56.35476, -21.12347 ], [ -56.35452, -21.12347 ], [ -56.35428, -21.12313 ], [ -56.35392, -21.12313 ], [ -56.3538, -21.12256 ], [ -56.35344, -21.12245 ], [ -56.35344, -21.12188 ], [ -56.3526, -21.12177 ], [ -56.3526, -21.12199 ], [ -56.35211, -21.12244 ], [ -56.35163, -21.12244 ], [ -56.35127, -21.1221 ], [ -56.35055, -21.1221 ], [ -56.35043, -21.12187 ], [ -56.34983, -21.12187 ], [ -56.34983, -21.12131 ], [ -56.34947, -21.1213 ], [ -56.34923, -21.12153 ], [ -56.34863, -21.12096 ], [ -56.34851, -21.12062 ], [ -56.34791, -21.12039 ], [ -56.34791, -21.12006 ], [ -56.34815, -21.11972 ], [ -56.34803, -21.11926 ], [ -56.34779, -21.11915 ], [ -56.34779, -21.11892 ], [ -56.34743, -21.11892 ], [ -56.34743, -21.1187 ], [ -56.34719, -21.11847 ], [ -56.34719, -21.11802 ], [ -56.34695, -21.11779 ], [ -56.34696, -21.11745 ], [ -56.34636, -21.117 ], [ -56.34636, -21.11666 ], [ -56.34612, -21.11655 ], [ -56.34612, -21.11621 ], [ -56.34672, -21.11621 ], [ -56.34696, -21.11598 ], [ -56.34696, -21.11564 ], [ -56.34612, -21.11553 ], [ -56.346, -21.11564 ], [ -56.3454, -21.11507 ], [ -56.34468, -21.1153 ], [ -56.34456, -21.11484 ], [ -56.34384, -21.11439 ], [ -56.3436, -21.11439 ], [ -56.34348, -21.11473 ], [ -56.34323, -21.11473 ], [ -56.34323, -21.11484 ], [ -56.34263, -21.11472 ], [ -56.34239, -21.11393 ], [ -56.34155, -21.11427 ], [ -56.34155, -21.11472 ], [ -56.34131, -21.11472 ], [ -56.34131, -21.11438 ], [ -56.34107, -21.11438 ], [ -56.34071, -21.11404 ], [ -56.34047, -21.11404 ], [ -56.34047, -21.11438 ], [ -56.33998, -21.11437 ], [ -56.33998, -21.11449 ], [ -56.3395, -21.11449 ], [ -56.33914, -21.11415 ], [ -56.33915, -21.11347 ], [ -56.33902, -21.11347 ], [ -56.33915, -21.11313 ], [ -56.33891, -21.11313 ], [ -56.33879, -21.11222 ], [ -56.33939, -21.11223 ], [ -56.33951, -21.11189 ], [ -56.33927, -21.11166 ], [ -56.33879, -21.11166 ], [ -56.33831, -21.11132 ], [ -56.33783, -21.1112 ], [ -56.33771, -21.11086 ], [ -56.33687, -21.11086 ], [ -56.33687, -21.11109 ], [ -56.33663, -21.11108 ], [ -56.33639, -21.11086 ], [ -56.33639, -21.11063 ], [ -56.33651, -21.11063 ], [ -56.33639, -21.11029 ], [ -56.33615, -21.11029 ], [ -56.33567, -21.10995 ], [ -56.33567, -21.10961 ], [ -56.33603, -21.1095 ], [ -56.33603, -21.10927 ], [ -56.33627, -21.10916 ], [ -56.33628, -21.1086 ], [ -56.33652, -21.10826 ], [ -56.3364, -21.10826 ], [ -56.33628, -21.10747 ], [ -56.3358, -21.10747 ], [ -56.33568, -21.10701 ], [ -56.33556, -21.10701 ], [ -56.33556, -21.10667 ], [ -56.3358, -21.10656 ], [ -56.33581, -21.10532 ], [ -56.33569, -21.10532 ], [ -56.33569, -21.10498 ], [ -56.33521, -21.10452 ], [ -56.33509, -21.10351 ], [ -56.33486, -21.10328 ], [ -56.33425, -21.10317 ], [ -56.33438, -21.10271 ], [ -56.33426, -21.1026 ], [ -56.33389, -21.1026 ], [ -56.33378, -21.10237 ], [ -56.33305, -21.10237 ], [ -56.33281, -21.1018 ], [ -56.33257, -21.1018 ], [ -56.33257, -21.10158 ], [ -56.33197, -21.10112 ], [ -56.33186, -21.10067 ], [ -56.33137, -21.10067 ], [ -56.33102, -21.1001 ], [ -56.33065, -21.1001 ], [ -56.33054, -21.09965 ], [ -56.32994, -21.09908 ], [ -56.32982, -21.09851 ], [ -56.3297, -21.09851 ], [ -56.32982, -21.09784 ], [ -56.32958, -21.09784 ], [ -56.32958, -21.0975 ], [ -56.32922, -21.09727 ], [ -56.3291, -21.0967 ], [ -56.32886, -21.09659 ], [ -56.32887, -21.09625 ], [ -56.32923, -21.09603 ], [ -56.32935, -21.09557 ], [ -56.32971, -21.09558 ], [ -56.32947, -21.09524 ], [ -56.3296, -21.09456 ], [ -56.32936, -21.09444 ], [ -56.32936, -21.09411 ], [ -56.329, -21.09388 ], [ -56.32815, -21.09387 ], [ -56.32815, -21.09376 ], [ -56.32767, -21.09365 ], [ -56.32792, -21.09331 ], [ -56.32816, -21.09331 ], [ -56.3284, -21.09308 ], [ -56.3284, -21.09252 ], [ -56.32828, -21.09252 ], [ -56.32828, -21.09218 ], [ -56.32792, -21.09173 ], [ -56.32732, -21.09161 ], [ -56.32732, -21.09127 ], [ -56.32648, -21.09127 ], [ -56.32636, -21.09104 ], [ -56.32612, -21.09104 ], [ -56.32612, -21.09082 ], [ -56.32564, -21.09081 ], [ -56.32516, -21.09036 ], [ -56.3248, -21.09036 ], [ -56.3248, -21.09058 ], [ -56.32444, -21.09058 ], [ -56.32384, -21.09002 ], [ -56.32311, -21.09001 ], [ -56.32311, -21.0899 ], [ -56.32239, -21.08978 ], [ -56.32227, -21.09001 ], [ -56.32155, -21.09001 ], [ -56.32119, -21.08967 ], [ -56.32083, -21.08966 ], [ -56.32071, -21.08944 ], [ -56.32035, -21.08944 ], [ -56.32035, -21.08932 ], [ -56.31999, -21.08932 ], [ -56.31987, -21.08955 ], [ -56.31938, -21.08955 ], [ -56.31926, -21.08977 ], [ -56.3189, -21.08977 ], [ -56.3189, -21.09 ], [ -56.31878, -21.09 ], [ -56.31866, -21.08977 ], [ -56.31818, -21.08977 ], [ -56.31794, -21.08954 ], [ -56.31782, -21.08841 ], [ -56.31722, -21.08784 ], [ -56.31698, -21.08784 ], [ -56.31662, -21.08739 ], [ -56.31626, -21.0875 ], [ -56.31626, -21.08739 ], [ -56.31602, -21.08739 ], [ -56.3159, -21.08761 ], [ -56.31506, -21.08772 ], [ -56.31493, -21.0884 ], [ -56.31469, -21.08862 ], [ -56.31409, -21.08862 ], [ -56.31385, -21.08896 ], [ -56.31385, -21.0893 ], [ -56.31409, -21.08941 ], [ -56.31396, -21.09032 ], [ -56.31287, -21.0911 ], [ -56.31275, -21.09178 ], [ -56.31263, -21.09178 ], [ -56.31275, -21.09201 ], [ -56.31239, -21.09234 ], [ -56.31215, -21.09234 ], [ -56.31202, -21.09279 ], [ -56.31178, -21.09279 ], [ -56.31178, -21.09257 ], [ -56.31094, -21.09245 ], [ -56.31082, -21.09369 ], [ -56.31009, -21.09358 ], [ -56.30973, -21.09391 ], [ -56.30961, -21.0947 ], [ -56.30924, -21.09504 ], [ -56.30876, -21.09515 ], [ -56.30876, -21.09572 ], [ -56.30828, -21.09594 ], [ -56.30827, -21.09651 ], [ -56.30839, -21.09651 ], [ -56.30827, -21.0973 ], [ -56.30803, -21.0973 ], [ -56.30767, -21.09763 ], [ -56.30766, -21.09809 ], [ -56.30742, -21.0982 ], [ -56.30742, -21.09842 ], [ -56.30778, -21.09865 ], [ -56.30778, -21.0991 ], [ -56.30742, -21.0991 ], [ -56.30705, -21.09989 ], [ -56.30645, -21.09978 ], [ -56.30657, -21.10057 ], [ -56.30681, -21.10068 ], [ -56.30669, -21.10125 ], [ -56.30572, -21.10113 ], [ -56.30572, -21.10102 ], [ -56.30488, -21.10079 ], [ -56.30464, -21.10045 ], [ -56.3044, -21.10045 ], [ -56.30453, -21.09977 ], [ -56.30356, -21.09943 ], [ -56.30332, -21.0992 ], [ -56.30333, -21.09886 ], [ -56.30309, -21.09886 ], [ -56.30273, -21.09852 ], [ -56.30176, -21.0984 ], [ -56.30152, -21.09784 ], [ -56.30068, -21.09783 ], [ -56.30056, -21.09761 ], [ -56.30008, -21.0976 ], [ -56.30008, -21.09738 ], [ -56.29984, -21.09715 ], [ -56.2996, -21.09726 ], [ -56.29948, -21.0976 ], [ -56.29912, -21.09771 ], [ -56.29899, -21.09816 ], [ -56.29912, -21.09816 ], [ -56.29935, -21.09884 ], [ -56.29911, -21.09884 ], [ -56.29911, -21.09918 ], [ -56.29875, -21.09929 ], [ -56.29839, -21.09895 ], [ -56.29827, -21.09794 ], [ -56.29635, -21.09781 ], [ -56.29635, -21.09759 ], [ -56.29611, -21.09747 ], [ -56.29611, -21.09702 ], [ -56.29539, -21.09702 ], [ -56.29478, -21.09803 ], [ -56.29406, -21.09803 ], [ -56.29406, -21.09814 ], [ -56.2937, -21.09803 ], [ -56.2937, -21.09837 ], [ -56.29321, -21.09871 ], [ -56.29273, -21.0987 ], [ -56.29237, -21.09848 ], [ -56.29165, -21.09859 ], [ -56.29165, -21.09847 ], [ -56.29105, -21.09847 ], [ -56.29069, -21.09813 ], [ -56.28996, -21.09813 ], [ -56.28972, -21.0979 ], [ -56.28973, -21.09756 ], [ -56.28985, -21.09756 ], [ -56.28973, -21.097 ], [ -56.28949, -21.09699 ], [ -56.28937, -21.09677 ], [ -56.2878, -21.09654 ], [ -56.28744, -21.09619 ], [ -56.28745, -21.09597 ], [ -56.28696, -21.09597 ], [ -56.28684, -21.09642 ], [ -56.28648, -21.09664 ], [ -56.28647, -21.09766 ], [ -56.28611, -21.09766 ], [ -56.28599, -21.09743 ], [ -56.28551, -21.09743 ], [ -56.28551, -21.09732 ], [ -56.28515, -21.09743 ], [ -56.28515, -21.09686 ], [ -56.28491, -21.09664 ], [ -56.28467, -21.09664 ], [ -56.28455, -21.09641 ], [ -56.28407, -21.09641 ], [ -56.28395, -21.09618 ], [ -56.28323, -21.09629 ], [ -56.28287, -21.09674 ], [ -56.28274, -21.09889 ], [ -56.28238, -21.09843 ], [ -56.28117, -21.09854 ], [ -56.28117, -21.09843 ], [ -56.28081, -21.09843 ], [ -56.28045, -21.09797 ], [ -56.27985, -21.09786 ], [ -56.27985, -21.09797 ], [ -56.27937, -21.09797 ], [ -56.27937, -21.09808 ], [ -56.2784, -21.09796 ], [ -56.27828, -21.09819 ], [ -56.2778, -21.09819 ], [ -56.27768, -21.09898 ], [ -56.27744, -21.0992 ], [ -56.27683, -21.09897 ], [ -56.27683, -21.09909 ], [ -56.27599, -21.09931 ], [ -56.27599, -21.09954 ], [ -56.27526, -21.10021 ], [ -56.27502, -21.10021 ], [ -56.27502, -21.10055 ], [ -56.2749, -21.10055 ], [ -56.27501, -21.10191 ], [ -56.27513, -21.10191 ], [ -56.27501, -21.10292 ], [ -56.27525, -21.10315 ], [ -56.27525, -21.1036 ], [ -56.27501, -21.1036 ], [ -56.27465, -21.10315 ], [ -56.27417, -21.10314 ], [ -56.27405, -21.10281 ], [ -56.27381, -21.1028 ], [ -56.27381, -21.10258 ], [ -56.27345, -21.10235 ], [ -56.27345, -21.10212 ], [ -56.27321, -21.1019 ], [ -56.27248, -21.10201 ], [ -56.27249, -21.10189 ], [ -56.27116, -21.10178 ], [ -56.27104, -21.102 ], [ -56.26972, -21.10188 ], [ -56.26972, -21.10166 ], [ -56.26924, -21.1012 ], [ -56.269, -21.10131 ], [ -56.26899, -21.10165 ], [ -56.26839, -21.10176 ], [ -56.26815, -21.1021 ], [ -56.26779, -21.1021 ], [ -56.26779, -21.10187 ], [ -56.26755, -21.10187 ], [ -56.26743, -21.10165 ], [ -56.26671, -21.10176 ], [ -56.26634, -21.10221 ], [ -56.26634, -21.10255 ], [ -56.26598, -21.10277 ], [ -56.2661, -21.10311 ], [ -56.26598, -21.10311 ], [ -56.26598, -21.10334 ], [ -56.26573, -21.10345 ], [ -56.26573, -21.10401 ], [ -56.26585, -21.10401 ], [ -56.26609, -21.10492 ], [ -56.26585, -21.10492 ], [ -56.26572, -21.10548 ], [ -56.26585, -21.10548 ], [ -56.26584, -21.10571 ], [ -56.26572, -21.10571 ], [ -56.26572, -21.10605 ], [ -56.26548, -21.10616 ], [ -56.26548, -21.1065 ], [ -56.26488, -21.10638 ], [ -56.26488, -21.10627 ], [ -56.26428, -21.10638 ], [ -56.26404, -21.10615 ], [ -56.26404, -21.1057 ], [ -56.2638, -21.1057 ], [ -56.26356, -21.10525 ], [ -56.26332, -21.10524 ], [ -56.2632, -21.10468 ], [ -56.26296, -21.10468 ], [ -56.26296, -21.10445 ], [ -56.26272, -21.10445 ], [ -56.26272, -21.10422 ], [ -56.26248, -21.10411 ], [ -56.26248, -21.10377 ], [ -56.26236, -21.10377 ], [ -56.26248, -21.10332 ], [ -56.26224, -21.10321 ], [ -56.26224, -21.10298 ], [ -56.26201, -21.10275 ], [ -56.2614, -21.10275 ], [ -56.26104, -21.10241 ], [ -56.26068, -21.10241 ], [ -56.26056, -21.10218 ], [ -56.2602, -21.10218 ], [ -56.2602, -21.10207 ], [ -56.25984, -21.10218 ], [ -56.25972, -21.1024 ], [ -56.25936, -21.1024 ], [ -56.25924, -21.10218 ], [ -56.25876, -21.10217 ], [ -56.25864, -21.10229 ], [ -56.25863, -21.10296 ], [ -56.25839, -21.10308 ], [ -56.25839, -21.10375 ], [ -56.25851, -21.10375 ], [ -56.25863, -21.10432 ], [ -56.25851, -21.10432 ], [ -56.2585, -21.10455 ], [ -56.25826, -21.10454 ], [ -56.25826, -21.10556 ], [ -56.25862, -21.10556 ], [ -56.2591, -21.10613 ], [ -56.25934, -21.10613 ], [ -56.25946, -21.10647 ], [ -56.25825, -21.10647 ], [ -56.25826, -21.10613 ], [ -56.25765, -21.10612 ], [ -56.25741, -21.1059 ], [ -56.25742, -21.10544 ], [ -56.25657, -21.10533 ], [ -56.25657, -21.10555 ], [ -56.25633, -21.10578 ], [ -56.25609, -21.10578 ], [ -56.25597, -21.10623 ], [ -56.25573, -21.10623 ], [ -56.25573, -21.10645 ], [ -56.25548, -21.10657 ], [ -56.25548, -21.10781 ], [ -56.25488, -21.10781 ], [ -56.25427, -21.10837 ], [ -56.25367, -21.10837 ], [ -56.25331, -21.1087 ], [ -56.2533, -21.10893 ], [ -56.25258, -21.10915 ], [ -56.25258, -21.1096 ], [ -56.2521, -21.10972 ], [ -56.25197, -21.11017 ], [ -56.25053, -21.11016 ], [ -56.25053, -21.11027 ], [ -56.24993, -21.11027 ], [ -56.2498, -21.1105 ], [ -56.24944, -21.11049 ], [ -56.2492, -21.11027 ], [ -56.24884, -21.11027 ], [ -56.24884, -21.11038 ], [ -56.24788, -21.11026 ], [ -56.24776, -21.1106 ], [ -56.24752, -21.11071 ], [ -56.24751, -21.11094 ], [ -56.24703, -21.11105 ], [ -56.24703, -21.11128 ], [ -56.24691, -21.11127 ], [ -56.24703, -21.11184 ], [ -56.24715, -21.11184 ], [ -56.24714, -21.11252 ], [ -56.2469, -21.11252 ], [ -56.24678, -21.11274 ], [ -56.2463, -21.11274 ], [ -56.2463, -21.11263 ], [ -56.24582, -21.11263 ], [ -56.24582, -21.11251 ], [ -56.24546, -21.11251 ], [ -56.24534, -21.11274 ], [ -56.24124, -21.11272 ], [ -56.24124, -21.11261 ], [ -56.24016, -21.11237 ], [ -56.24016, -21.11226 ], [ -56.23944, -21.11215 ], [ -56.23908, -21.1118 ], [ -56.23908, -21.11158 ], [ -56.23884, -21.11158 ], [ -56.23872, -21.11135 ], [ -56.23619, -21.11179 ], [ -56.23571, -21.11122 ], [ -56.23487, -21.11099 ], [ -56.23463, -21.11077 ], [ -56.23463, -21.11054 ], [ -56.23427, -21.11054 ], [ -56.23403, -21.11031 ], [ -56.23355, -21.11076 ], [ -56.23331, -21.11076 ], [ -56.23307, -21.11042 ], [ -56.23258, -21.11031 ], [ -56.23259, -21.10997 ], [ -56.23223, -21.10997 ], [ -56.23223, -21.10974 ], [ -56.23187, -21.10963 ], [ -56.23187, -21.1094 ], [ -56.23163, -21.10917 ], [ -56.23127, -21.10917 ], [ -56.23115, -21.10883 ], [ -56.22838, -21.10882 ], [ -56.2285, -21.10837 ], [ -56.22886, -21.10837 ], [ -56.22886, -21.10792 ], [ -56.22826, -21.10735 ], [ -56.22802, -21.10735 ], [ -56.22778, -21.10712 ], [ -56.22779, -21.10656 ], [ -56.22755, -21.10655 ], [ -56.22731, -21.1061 ], [ -56.22599, -21.10564 ], [ -56.22587, -21.10496 ], [ -56.22611, -21.10474 ], [ -56.22515, -21.10462 ], [ -56.22503, -21.10428 ], [ -56.22467, -21.10428 ], [ -56.22431, -21.10394 ], [ -56.22383, -21.10383 ], [ -56.22275, -21.10292 ], [ -56.22299, -21.10201 ], [ -56.22336, -21.10202 ], [ -56.22336, -21.10168 ], [ -56.22372, -21.10168 ], [ -56.22384, -21.10134 ], [ -56.22408, -21.10123 ], [ -56.22433, -21.1001 ], [ -56.22493, -21.10067 ], [ -56.22529, -21.10067 ], [ -56.22529, -21.10078 ], [ -56.22746, -21.10068 ], [ -56.22794, -21.10034 ], [ -56.22794, -21.10012 ], [ -56.22938, -21.10035 ], [ -56.22938, -21.10069 ], [ -56.2301, -21.10137 ], [ -56.22998, -21.10171 ], [ -56.23022, -21.10182 ], [ -56.23034, -21.10261 ], [ -56.2307, -21.10307 ], [ -56.23081, -21.10374 ], [ -56.23105, -21.10375 ], [ -56.23166, -21.10307 ], [ -56.23214, -21.10296 ], [ -56.23214, -21.10285 ], [ -56.23274, -21.10285 ], [ -56.23299, -21.10251 ], [ -56.23371, -21.10274 ], [ -56.23407, -21.10308 ], [ -56.23407, -21.10274 ], [ -56.23431, -21.10263 ], [ -56.23431, -21.1024 ], [ -56.23491, -21.10229 ], [ -56.23528, -21.1015 ], [ -56.23672, -21.1014 ], [ -56.23685, -21.10095 ], [ -56.23709, -21.10083 ], [ -56.23697, -21.10016 ], [ -56.23673, -21.10004 ], [ -56.23661, -21.0997 ], [ -56.23637, -21.0997 ], [ -56.23637, -21.09936 ], [ -56.23601, -21.09913 ], [ -56.2359, -21.0988 ], [ -56.23445, -21.09868 ], [ -56.23458, -21.09743 ], [ -56.23482, -21.09743 ], [ -56.23494, -21.09721 ], [ -56.23446, -21.09675 ], [ -56.23386, -21.09664 ], [ -56.23362, -21.0963 ], [ -56.23326, -21.09618 ], [ -56.23326, -21.09573 ], [ -56.2335, -21.09562 ], [ -56.2335, -21.09539 ], [ -56.23303, -21.09494 ], [ -56.23315, -21.09438 ], [ -56.23279, -21.09426 ], [ -56.23267, -21.0937 ], [ -56.23207, -21.09347 ], [ -56.23219, -21.09256 ], [ -56.23244, -21.09256 ], [ -56.23244, -21.09245 ], [ -56.2322, -21.09245 ], [ -56.23196, -21.09222 ], [ -56.23172, -21.09154 ], [ -56.23136, -21.09143 ], [ -56.23136, -21.0912 ], [ -56.23124, -21.0912 ], [ -56.23124, -21.09041 ], [ -56.2316, -21.0903 ], [ -56.23149, -21.08962 ], [ -56.23173, -21.08951 ], [ -56.23173, -21.08849 ], [ -56.23185, -21.08849 ], [ -56.23198, -21.08793 ], [ -56.23186, -21.08793 ], [ -56.23186, -21.0877 ], [ -56.23114, -21.08781 ], [ -56.23114, -21.0877 ], [ -56.2309, -21.0877 ], [ -56.23078, -21.08759 ], [ -56.23078, -21.08679 ], [ -56.23042, -21.08657 ], [ -56.23042, -21.08611 ], [ -56.23066, -21.08589 ], [ -56.23079, -21.08544 ], [ -56.23103, -21.08521 ], [ -56.23127, -21.08521 ], [ -56.23127, -21.08499 ], [ -56.23163, -21.08499 ], [ -56.23163, -21.08454 ], [ -56.23212, -21.08454 ], [ -56.23236, -21.08432 ], [ -56.2326, -21.0833 ], [ -56.23296, -21.08341 ], [ -56.23296, -21.0833 ], [ -56.23453, -21.0832 ], [ -56.23453, -21.08286 ], [ -56.23489, -21.08263 ], [ -56.23454, -21.08184 ], [ -56.23502, -21.08139 ], [ -56.2355, -21.08128 ], [ -56.23563, -21.08094 ], [ -56.23587, -21.08094 ], [ -56.23587, -21.08038 ], [ -56.23611, -21.08026 ], [ -56.23623, -21.07947 ], [ -56.23539, -21.07936 ], [ -56.23503, -21.07902 ], [ -56.23431, -21.07901 ], [ -56.23407, -21.07856 ], [ -56.23371, -21.07856 ], [ -56.23335, -21.07822 ], [ -56.23287, -21.0781 ], [ -56.23275, -21.07776 ], [ -56.23251, -21.07754 ], [ -56.23227, -21.07754 ], [ -56.23216, -21.07674 ], [ -56.23131, -21.07663 ], [ -56.23144, -21.07538 ], [ -56.23132, -21.07538 ], [ -56.23132, -21.07493 ], [ -56.23096, -21.07459 ], [ -56.23072, -21.07459 ], [ -56.23072, -21.07414 ], [ -56.23036, -21.0738 ], [ -56.23037, -21.07346 ], [ -56.22977, -21.07312 ], [ -56.22916, -21.07311 ], [ -56.22904, -21.07289 ], [ -56.22856, -21.073 ], [ -56.22832, -21.07277 ], [ -56.22832, -21.07255 ], [ -56.22796, -21.07232 ], [ -56.22785, -21.07187 ], [ -56.22761, -21.07175 ], [ -56.22773, -21.07119 ], [ -56.22761, -21.07119 ], [ -56.22761, -21.07073 ], [ -56.22737, -21.07062 ], [ -56.22749, -21.07006 ], [ -56.22702, -21.06949 ], [ -56.22653, -21.06949 ], [ -56.22618, -21.06813 ], [ -56.22582, -21.0679 ], [ -56.22582, -21.06756 ], [ -56.22558, -21.06745 ], [ -56.22535, -21.06632 ], [ -56.22499, -21.0662 ], [ -56.22499, -21.06598 ], [ -56.22451, -21.06552 ], [ -56.22367, -21.06529 ], [ -56.22343, -21.06506 ], [ -56.22343, -21.06382 ], [ -56.22428, -21.06371 ], [ -56.2244, -21.06326 ], [ -56.22476, -21.06304 ], [ -56.22452, -21.06236 ], [ -56.22513, -21.0618 ], [ -56.22526, -21.06067 ], [ -56.2255, -21.06089 ], [ -56.2261, -21.0609 ], [ -56.2261, -21.06067 ], [ -56.22634, -21.06045 ], [ -56.22635, -21.05932 ], [ -56.22611, -21.0592 ], [ -56.22611, -21.05751 ], [ -56.22599, -21.05751 ], [ -56.226, -21.05717 ], [ -56.22564, -21.05694 ], [ -56.22564, -21.05671 ], [ -56.22528, -21.05649 ], [ -56.22528, -21.05626 ], [ -56.22504, -21.05615 ], [ -56.22516, -21.05558 ], [ -56.22528, -21.05558 ], [ -56.22528, -21.05536 ], [ -56.22552, -21.05536 ], [ -56.22552, -21.05558 ], [ -56.22588, -21.0557 ], [ -56.22625, -21.05547 ], [ -56.22721, -21.05548 ], [ -56.22721, -21.05536 ], [ -56.22769, -21.05525 ], [ -56.22781, -21.05514 ], [ -56.22782, -21.05435 ], [ -56.22818, -21.05424 ], [ -56.22818, -21.05401 ], [ -56.22866, -21.05356 ], [ -56.22914, -21.05357 ], [ -56.22951, -21.05311 ], [ -56.22963, -21.05221 ], [ -56.22987, -21.05221 ], [ -56.22987, -21.05199 ], [ -56.22952, -21.05165 ], [ -56.22903, -21.05153 ], [ -56.22904, -21.05119 ], [ -56.22928, -21.05119 ], [ -56.2294, -21.05063 ], [ -56.22964, -21.05052 ], [ -56.22964, -21.05018 ], [ -56.22928, -21.04995 ], [ -56.22929, -21.04961 ], [ -56.22904, -21.0495 ], [ -56.22893, -21.04916 ], [ -56.22929, -21.04893 ], [ -56.23001, -21.04882 ], [ -56.22977, -21.04814 ], [ -56.2305, -21.04792 ], [ -56.2305, -21.04747 ], [ -56.23074, -21.04747 ], [ -56.23074, -21.04724 ], [ -56.23098, -21.04702 ], [ -56.23099, -21.04657 ], [ -56.23135, -21.04634 ], [ -56.23135, -21.04612 ], [ -56.23087, -21.046 ], [ -56.23087, -21.04476 ], [ -56.23112, -21.04453 ], [ -56.23112, -21.0442 ], [ -56.23196, -21.0442 ], [ -56.23196, -21.04409 ], [ -56.23244, -21.04409 ], [ -56.23281, -21.04386 ], [ -56.23269, -21.04319 ], [ -56.23209, -21.04307 ], [ -56.23185, -21.04284 ], [ -56.23197, -21.04194 ], [ -56.23221, -21.04194 ], [ -56.23246, -21.0416 ], [ -56.23282, -21.0416 ], [ -56.23294, -21.04127 ], [ -56.23402, -21.04116 ], [ -56.23427, -21.04082 ], [ -56.23523, -21.04094 ], [ -56.23547, -21.04071 ], [ -56.23547, -21.04037 ], [ -56.23571, -21.04037 ], [ -56.23583, -21.04004 ], [ -56.23607, -21.04004 ], [ -56.23608, -21.03981 ], [ -56.23644, -21.03959 ], [ -56.23656, -21.03925 ], [ -56.23716, -21.03936 ], [ -56.23716, -21.03914 ], [ -56.2374, -21.03914 ], [ -56.23752, -21.03925 ], [ -56.23764, -21.03914 ], [ -56.23765, -21.03835 ], [ -56.23789, -21.03824 ], [ -56.23789, -21.03801 ], [ -56.23837, -21.03801 ], [ -56.23862, -21.03745 ], [ -56.23898, -21.03722 ], [ -56.23898, -21.037 ], [ -56.23934, -21.03689 ], [ -56.23923, -21.03519 ], [ -56.23983, -21.03508 ], [ -56.24031, -21.03554 ], [ -56.24031, -21.03587 ], [ -56.24067, -21.0361 ], [ -56.24103, -21.0361 ], [ -56.24127, -21.03577 ], [ -56.24151, -21.03577 ], [ -56.242, -21.03532 ], [ -56.24164, -21.03475 ], [ -56.24212, -21.03453 ], [ -56.24225, -21.03227 ], [ -56.24249, -21.03204 ], [ -56.24286, -21.03216 ], [ -56.24309, -21.0325 ], [ -56.2437, -21.03239 ], [ -56.24406, -21.03273 ], [ -56.24478, -21.03296 ], [ -56.2449, -21.03239 ], [ -56.24514, -21.03239 ], [ -56.2449, -21.03217 ], [ -56.24503, -21.03138 ], [ -56.24515, -21.03138 ], [ -56.24503, -21.03092 ], [ -56.24527, -21.03059 ], [ -56.24551, -21.03059 ], [ -56.24551, -21.03025 ], [ -56.24587, -21.03025 ], [ -56.24588, -21.02991 ], [ -56.24612, -21.0298 ], [ -56.24612, -21.02969 ], [ -56.24588, -21.02968 ], [ -56.24588, -21.02935 ], [ -56.2466, -21.0289 ], [ -56.24745, -21.0289 ], [ -56.24757, -21.02856 ], [ -56.24781, -21.02856 ], [ -56.24805, -21.02834 ], [ -56.24793, -21.02789 ], [ -56.24842, -21.02744 ], [ -56.24914, -21.02766 ], [ -56.2495, -21.02801 ], [ -56.24986, -21.02789 ], [ -56.25009, -21.02891 ], [ -56.25106, -21.02903 ], [ -56.25105, -21.02948 ], [ -56.25117, -21.02948 ], [ -56.25117, -21.02982 ], [ -56.25141, -21.03005 ], [ -56.25189, -21.03016 ], [ -56.25189, -21.03028 ], [ -56.25285, -21.03028 ], [ -56.25285, -21.03051 ], [ -56.25309, -21.03051 ], [ -56.25333, -21.03073 ], [ -56.25333, -21.03107 ], [ -56.25466, -21.03108 ], [ -56.25514, -21.0304 ], [ -56.25586, -21.03052 ], [ -56.25598, -21.03075 ], [ -56.25622, -21.03075 ], [ -56.25622, -21.03097 ], [ -56.25646, -21.0312 ], [ -56.25634, -21.03199 ], [ -56.25646, -21.03199 ], [ -56.25645, -21.03301 ], [ -56.25657, -21.03312 ], [ -56.25681, -21.03312 ], [ -56.2573, -21.03279 ], [ -56.25742, -21.03233 ], [ -56.25814, -21.03234 ], [ -56.25814, -21.03222 ], [ -56.2585, -21.03223 ], [ -56.25862, -21.032 ], [ -56.25946, -21.03212 ], [ -56.25959, -21.03189 ], [ -56.25983, -21.03189 ], [ -56.25983, -21.03167 ], [ -56.26043, -21.03156 ], [ -56.26031, -21.0311 ], [ -56.26019, -21.0311 ], [ -56.2602, -21.03043 ], [ -56.26116, -21.03009 ], [ -56.26128, -21.02975 ], [ -56.26152, -21.02964 ], [ -56.26165, -21.02908 ], [ -56.26213, -21.02896 ], [ -56.26249, -21.02851 ], [ -56.26226, -21.02682 ], [ -56.26238, -21.02682 ], [ -56.2625, -21.02625 ], [ -56.26262, -21.02625 ], [ -56.26251, -21.02546 ], [ -56.26275, -21.02546 ], [ -56.26275, -21.02524 ], [ -56.26299, -21.02524 ], [ -56.26311, -21.02467 ], [ -56.26348, -21.02434 ], [ -56.2636, -21.02377 ], [ -56.26408, -21.02332 ], [ -56.26444, -21.02332 ], [ -56.26444, -21.0231 ], [ -56.26517, -21.0231 ], [ -56.26577, -21.02277 ], [ -56.26601, -21.02299 ], [ -56.26637, -21.02299 ], [ -56.26649, -21.02333 ], [ -56.26697, -21.02334 ], [ -56.26709, -21.02254 ], [ -56.2683, -21.02266 ], [ -56.2683, -21.02255 ], [ -56.26878, -21.02255 ], [ -56.26866, -21.02221 ], [ -56.26878, -21.02221 ], [ -56.26878, -21.02187 ], [ -56.26854, -21.02165 ], [ -56.26854, -21.02142 ], [ -56.26866, -21.02142 ], [ -56.26867, -21.02018 ], [ -56.26891, -21.01995 ], [ -56.26879, -21.01984 ], [ -56.2688, -21.01905 ], [ -56.26904, -21.01905 ], [ -56.26964, -21.01962 ], [ -56.27012, -21.01962 ], [ -56.27048, -21.02019 ], [ -56.27096, -21.02019 ], [ -56.27132, -21.01974 ], [ -56.27168, -21.01974 ], [ -56.27168, -21.01985 ], [ -56.27216, -21.01997 ], [ -56.27216, -21.02065 ], [ -56.27348, -21.02076 ], [ -56.27372, -21.02054 ], [ -56.27444, -21.02066 ], [ -56.27469, -21.02043 ], [ -56.27517, -21.02043 ], [ -56.27529, -21.02066 ], [ -56.27577, -21.02066 ], [ -56.27601, -21.021 ], [ -56.27637, -21.021 ], [ -56.27637, -21.02123 ], [ -56.27661, -21.02123 ], [ -56.27685, -21.02157 ], [ -56.27721, -21.02157 ], [ -56.27733, -21.02191 ], [ -56.27781, -21.02203 ], [ -56.27781, -21.02214 ], [ -56.27817, -21.02214 ], [ -56.27817, -21.02225 ], [ -56.27889, -21.02214 ], [ -56.27901, -21.02248 ], [ -56.27925, -21.02226 ], [ -56.28058, -21.02226 ], [ -56.28093, -21.02272 ], [ -56.28117, -21.02272 ], [ -56.28118, -21.02238 ], [ -56.28154, -21.02204 ], [ -56.28154, -21.02182 ], [ -56.28142, -21.02182 ], [ -56.28154, -21.02148 ], [ -56.2813, -21.02136 ], [ -56.28131, -21.02035 ], [ -56.28191, -21.01978 ], [ -56.28191, -21.01933 ], [ -56.28203, -21.01933 ], [ -56.28191, -21.01899 ], [ -56.28228, -21.01888 ], [ -56.28228, -21.01854 ], [ -56.28252, -21.01832 ], [ -56.28264, -21.01787 ], [ -56.28349, -21.01776 ], [ -56.28361, -21.0173 ], [ -56.28397, -21.01685 ], [ -56.28361, -21.01651 ], [ -56.28409, -21.01618 ], [ -56.2841, -21.01584 ], [ -56.28434, -21.01584 ], [ -56.28446, -21.01527 ], [ -56.28506, -21.01505 ], [ -56.2853, -21.01483 ], [ -56.28531, -21.0146 ], [ -56.28555, -21.0146 ], [ -56.28555, -21.01415 ], [ -56.28579, -21.01404 ], [ -56.28579, -21.01358 ], [ -56.28603, -21.01325 ], [ -56.28639, -21.01336 ], [ -56.28639, -21.01359 ], [ -56.28627, -21.01359 ], [ -56.28639, -21.01404 ], [ -56.28735, -21.01404 ], [ -56.28771, -21.01438 ], [ -56.28771, -21.01472 ], [ -56.28795, -21.01495 ], [ -56.28819, -21.01472 ], [ -56.28819, -21.0145 ], [ -56.28868, -21.01416 ], [ -56.29132, -21.01429 ], [ -56.29145, -21.01395 ], [ -56.29169, -21.01383 ], [ -56.29169, -21.01361 ], [ -56.29229, -21.01372 ], [ -56.29241, -21.01361 ], [ -56.29301, -21.01429 ], [ -56.29397, -21.01418 ], [ -56.29409, -21.01441 ], [ -56.29445, -21.01441 ], [ -56.29469, -21.01419 ], [ -56.29493, -21.01453 ], [ -56.29541, -21.01453 ], [ -56.29565, -21.01555 ], [ -56.29697, -21.01555 ], [ -56.29733, -21.01601 ], [ -56.29757, -21.01601 ], [ -56.29793, -21.01635 ], [ -56.2983, -21.01624 ], [ -56.29854, -21.0159 ], [ -56.29842, -21.01556 ], [ -56.29854, -21.01556 ], [ -56.29854, -21.01443 ], [ -56.29939, -21.01353 ], [ -56.29987, -21.01353 ], [ -56.29999, -21.01376 ], [ -56.30023, -21.01376 ], [ -56.30035, -21.0141 ], [ -56.30107, -21.01399 ], [ -56.30155, -21.01433 ], [ -56.30239, -21.01456 ], [ -56.30276, -21.01422 ], [ -56.30336, -21.01422 ], [ -56.30348, -21.014 ], [ -56.30384, -21.014 ], [ -56.3042, -21.01355 ], [ -56.30444, -21.01377 ], [ -56.30541, -21.01378 ], [ -56.30541, -21.01367 ], [ -56.30589, -21.01367 ], [ -56.30589, -21.01355 ], [ -56.30637, -21.01344 ], [ -56.30637, -21.01378 ], [ -56.30709, -21.01424 ], [ -56.30757, -21.01424 ], [ -56.30757, -21.01413 ], [ -56.30805, -21.01402 ], [ -56.30841, -21.01436 ], [ -56.30926, -21.01436 ], [ -56.30949, -21.0147 ], [ -56.30974, -21.0147 ], [ -56.30997, -21.01549 ], [ -56.31033, -21.01572 ], [ -56.31033, -21.01595 ], [ -56.31069, -21.01629 ], [ -56.31153, -21.01618 ], [ -56.31165, -21.01595 ], [ -56.31214, -21.01595 ], [ -56.31237, -21.01641 ], [ -56.31394, -21.01653 ], [ -56.31394, -21.01664 ], [ -56.3143, -21.01664 ], [ -56.31454, -21.01698 ], [ -56.31514, -21.01664 ], [ -56.31538, -21.01642 ], [ -56.31538, -21.01619 ], [ -56.31611, -21.01597 ], [ -56.31647, -21.01552 ], [ -56.31683, -21.01552 ], [ -56.31683, -21.01541 ], [ -56.3178, -21.01541 ], [ -56.31803, -21.01564 ], [ -56.31803, -21.01598 ], [ -56.31852, -21.01587 ], [ -56.31864, -21.01564 ], [ -56.319, -21.01553 ], [ -56.31924, -21.01485 ], [ -56.3196, -21.01474 ], [ -56.31973, -21.01418 ], [ -56.32021, -21.01406 ], [ -56.32021, -21.01384 ], [ -56.32045, -21.01384 ], [ -56.32045, -21.01361 ], [ -56.32105, -21.01362 ], [ -56.32141, -21.01407 ], [ -56.32189, -21.01418 ], [ -56.32189, -21.01441 ], [ -56.3231, -21.01441 ], [ -56.32321, -21.01487 ], [ -56.32357, -21.01509 ], [ -56.32357, -21.016 ], [ -56.32393, -21.016 ], [ -56.32405, -21.01634 ], [ -56.32441, -21.01645 ], [ -56.32441, -21.01668 ], [ -56.32501, -21.01668 ], [ -56.32501, -21.01725 ], [ -56.32525, -21.01702 ], [ -56.32561, -21.01702 ], [ -56.3261, -21.01635 ], [ -56.3267, -21.01646 ], [ -56.32682, -21.01669 ], [ -56.32742, -21.01658 ], [ -56.32754, -21.01601 ], [ -56.3279, -21.01602 ], [ -56.32802, -21.01579 ], [ -56.3285, -21.01568 ], [ -56.32911, -21.01478 ], [ -56.32983, -21.01478 ], [ -56.33044, -21.01422 ], [ -56.332, -21.01411 ], [ -56.33224, -21.01434 ], [ -56.33224, -21.01456 ], [ -56.33248, -21.01456 ], [ -56.33248, -21.01468 ], [ -56.33272, -21.01457 ], [ -56.33284, -21.01468 ], [ -56.33308, -21.01434 ], [ -56.33369, -21.01434 ], [ -56.33369, -21.01446 ], [ -56.33405, -21.01435 ], [ -56.33417, -21.01355 ], [ -56.33453, -21.01322 ], [ -56.33574, -21.01311 ], [ -56.33586, -21.01288 ], [ -56.33622, -21.01288 ], [ -56.33634, -21.01187 ], [ -56.33659, -21.01187 ], [ -56.33659, -21.01164 ], [ -56.33731, -21.01119 ], [ -56.33731, -21.01052 ], [ -56.33743, -21.01052 ], [ -56.33756, -21.00984 ], [ -56.3384, -21.0095 ], [ -56.33852, -21.00905 ], [ -56.33864, -21.00905 ], [ -56.33865, -21.00849 ], [ -56.33805, -21.00792 ], [ -56.33805, -21.00769 ], [ -56.33877, -21.00702 ], [ -56.33877, -21.00668 ], [ -56.33853, -21.00657 ], [ -56.33854, -21.00623 ], [ -56.33878, -21.00611 ], [ -56.3389, -21.00498 ], [ -56.33902, -21.00499 ], [ -56.33903, -21.00408 ], [ -56.33891, -21.00408 ], [ -56.33891, -21.0034 ], [ -56.33879, -21.0034 ], [ -56.33891, -21.00329 ], [ -56.33879, -21.00318 ], [ -56.33879, -21.00216 ], [ -56.33952, -21.0016 ], [ -56.33952, -21.00069 ], [ -56.33928, -21.00058 ], [ -56.33929, -20.99956 ], [ -56.33941, -20.99956 ], [ -56.33953, -20.99889 ], [ -56.33977, -20.99877 ], [ -56.33977, -20.99832 ], [ -56.33929, -20.99787 ], [ -56.3393, -20.99742 ], [ -56.33942, -20.99742 ], [ -56.33954, -20.99674 ], [ -56.33978, -20.99663 ], [ -56.33978, -20.99595 ], [ -56.33942, -20.99583 ], [ -56.33942, -20.99549 ], [ -56.34015, -20.99471 ], [ -56.34015, -20.99403 ], [ -56.3404, -20.9938 ], [ -56.34124, -20.99369 ], [ -56.34124, -20.99347 ], [ -56.34148, -20.99324 ], [ -56.34148, -20.99279 ], [ -56.34185, -20.99245 ], [ -56.34185, -20.99223 ], [ -56.34173, -20.99223 ], [ -56.34185, -20.99189 ], [ -56.34209, -20.99189 ], [ -56.34221, -20.99166 ], [ -56.34305, -20.99155 ], [ -56.34318, -20.99099 ], [ -56.34294, -20.99076 ], [ -56.34269, -20.99076 ], [ -56.3427, -20.99031 ], [ -56.34318, -20.98997 ], [ -56.34306, -20.98952 ], [ -56.3433, -20.98941 ], [ -56.3433, -20.98884 ], [ -56.34342, -20.98884 ], [ -56.34355, -20.98828 ], [ -56.34379, -20.98828 ], [ -56.34379, -20.98805 ], [ -56.34439, -20.98828 ], [ -56.34439, -20.98817 ], [ -56.34523, -20.98806 ], [ -56.34548, -20.98772 ], [ -56.34608, -20.9875 ], [ -56.34632, -20.98716 ], [ -56.34668, -20.98716 ], [ -56.3468, -20.98739 ], [ -56.348, -20.98728 ], [ -56.348, -20.98739 ], [ -56.3486, -20.98751 ], [ -56.34872, -20.98773 ], [ -56.34993, -20.98785 ], [ -56.34993, -20.98796 ], [ -56.35041, -20.98808 ], [ -56.35053, -20.98842 ], [ -56.35077, -20.98842 ], [ -56.35089, -20.98865 ], [ -56.35113, -20.98865 ], [ -56.35185, -20.98797 ], [ -56.35245, -20.98809 ], [ -56.35305, -20.98854 ], [ -56.35341, -20.98854 ], [ -56.35329, -20.98877 ], [ -56.35341, -20.98877 ], [ -56.35353, -20.98967 ], [ -56.35365, -20.98967 ], [ -56.35365, -20.99012 ], [ -56.35389, -20.99013 ], [ -56.35388, -20.9908 ], [ -56.35437, -20.99092 ], [ -56.35436, -20.99137 ], [ -56.3546, -20.99171 ], [ -56.35448, -20.99261 ], [ -56.35496, -20.99329 ], [ -56.3552, -20.99329 ], [ -56.35532, -20.99296 ], [ -56.35616, -20.99307 ], [ -56.35616, -20.99285 ], [ -56.35628, -20.99285 ], [ -56.35616, -20.99251 ], [ -56.35665, -20.99206 ], [ -56.35869, -20.99184 ], [ -56.35894, -20.99161 ], [ -56.35894, -20.99127 ], [ -56.35942, -20.99094 ], [ -56.35954, -20.99037 ], [ -56.35978, -20.99037 ], [ -56.35991, -20.98992 ], [ -56.36027, -20.9897 ], [ -56.36027, -20.98936 ], [ -56.36051, -20.98925 ], [ -56.36051, -20.98902 ], [ -56.36099, -20.98902 ], [ -56.36111, -20.98936 ], [ -56.36135, -20.98959 ], [ -56.36159, -20.98959 ], [ -56.36171, -20.98982 ], [ -56.36279, -20.98982 ], [ -56.36303, -20.99016 ], [ -56.36351, -20.99005 ], [ -56.36387, -20.99028 ], [ -56.36375, -20.99039 ], [ -56.36387, -20.99073 ], [ -56.36423, -20.99073 ], [ -56.36435, -20.99096 ], [ -56.36483, -20.99096 ], [ -56.36507, -20.99119 ], [ -56.36507, -20.99141 ], [ -56.36531, -20.99152 ], [ -56.36531, -20.99175 ], [ -56.36567, -20.99175 ], [ -56.36591, -20.99209 ], [ -56.36579, -20.99243 ], [ -56.36555, -20.99243 ], [ -56.36555, -20.99299 ], [ -56.36591, -20.99311 ], [ -56.36603, -20.99334 ], [ -56.36663, -20.99311 ], [ -56.36687, -20.99255 ], [ -56.36724, -20.99232 ], [ -56.36724, -20.9921 ], [ -56.36772, -20.99165 ], [ -56.36856, -20.99176 ], [ -56.3688, -20.99154 ], [ -56.36952, -20.99154 ], [ -56.36952, -20.99165 ], [ -56.37121, -20.99155 ], [ -56.37145, -20.99121 ], [ -56.37253, -20.99121 ], [ -56.37277, -20.99144 ], [ -56.37314, -20.99121 ], [ -56.37338, -20.99155 ], [ -56.37337, -20.99212 ], [ -56.37385, -20.99212 ], [ -56.37397, -20.99235 ], [ -56.37433, -20.99235 ], [ -56.37458, -20.99212 ], [ -56.37518, -20.99213 ], [ -56.37554, -20.99258 ], [ -56.37674, -20.99258 ], [ -56.3771, -20.99225 ], [ -56.37782, -20.99225 ], [ -56.37782, -20.99236 ], [ -56.3783, -20.99248 ], [ -56.37831, -20.99236 ], [ -56.37867, -20.99237 ], [ -56.37867, -20.99214 ], [ -56.37903, -20.99191 ], [ -56.37903, -20.99158 ], [ -56.37939, -20.99124 ], [ -56.37963, -20.99124 ], [ -56.37988, -20.9909 ], [ -56.38024, -20.9909 ], [ -56.38072, -20.99045 ], [ -56.38072, -20.9909 ], [ -56.38096, -20.99113 ], [ -56.38096, -20.99136 ], [ -56.38132, -20.99124 ], [ -56.38144, -20.9917 ], [ -56.38156, -20.9917 ], [ -56.38144, -20.99204 ], [ -56.38107, -20.99226 ], [ -56.38107, -20.99271 ], [ -56.38131, -20.99294 ], [ -56.38215, -20.99317 ], [ -56.38239, -20.99407 ], [ -56.38275, -20.99419 ], [ -56.38275, -20.99453 ], [ -56.38299, -20.99464 ], [ -56.38311, -20.99555 ], [ -56.38335, -20.99577 ], [ -56.38346, -20.99645 ], [ -56.3837, -20.99668 ], [ -56.38418, -20.99657 ], [ -56.38443, -20.99634 ], [ -56.38443, -20.996 ], [ -56.38527, -20.99623 ], [ -56.38623, -20.99714 ], [ -56.38623, -20.99736 ], [ -56.38659, -20.99759 ], [ -56.38659, -20.99793 ], [ -56.38683, -20.99804 ], [ -56.38682, -20.99827 ], [ -56.38707, -20.99827 ], [ -56.38706, -20.9985 ], [ -56.38767, -20.9985 ], [ -56.38827, -20.99794 ], [ -56.38899, -20.99794 ], [ -56.38923, -20.9976 ], [ -56.3908, -20.99749 ], [ -56.39092, -20.99682 ], [ -56.39164, -20.99659 ], [ -56.39189, -20.99626 ], [ -56.39213, -20.99626 ], [ -56.39213, -20.99592 ], [ -56.39237, -20.9958 ], [ -56.39237, -20.99558 ], [ -56.39273, -20.99524 ], [ -56.39382, -20.99547 ], [ -56.39382, -20.99513 ], [ -56.39406, -20.99513 ], [ -56.39406, -20.99536 ], [ -56.3943, -20.99536 ], [ -56.39442, -20.99559 ], [ -56.39526, -20.99559 ], [ -56.39526, -20.99548 ], [ -56.39622, -20.99548 ], [ -56.39622, -20.99537 ], [ -56.39646, -20.99537 ], [ -56.39646, -20.99514 ], [ -56.39743, -20.99503 ], [ -56.39743, -20.99492 ], [ -56.39791, -20.99503 ], [ -56.39791, -20.99515 ], [ -56.39851, -20.99504 ], [ -56.39851, -20.99515 ], [ -56.39911, -20.99515 ], [ -56.39923, -20.9947 ], [ -56.39911, -20.9947 ], [ -56.39912, -20.99413 ], [ -56.39936, -20.99413 ], [ -56.39972, -20.9938 ], [ -56.39984, -20.99346 ], [ -56.40032, -20.99346 ], [ -56.40056, -20.99312 ], [ -56.40092, -20.99312 ], [ -56.40105, -20.9929 ], [ -56.40141, -20.9929 ], [ -56.40165, -20.99313 ], [ -56.40164, -20.99358 ], [ -56.40225, -20.99369 ], [ -56.40225, -20.99381 ], [ -56.40249, -20.99369 ], [ -56.40249, -20.99392 ], [ -56.40297, -20.99392 ], [ -56.40357, -20.9946 ], [ -56.40453, -20.99472 ], [ -56.40477, -20.99506 ], [ -56.40501, -20.99483 ], [ -56.40525, -20.99483 ], [ -56.40549, -20.99449 ], [ -56.40585, -20.9945 ], [ -56.40597, -20.99472 ], [ -56.40669, -20.99461 ], [ -56.40682, -20.99416 ], [ -56.40718, -20.99394 ], [ -56.40718, -20.9936 ], [ -56.40742, -20.9936 ], [ -56.40754, -20.99382 ], [ -56.4079, -20.99383 ], [ -56.4079, -20.99371 ], [ -56.4085, -20.9936 ], [ -56.40887, -20.99326 ], [ -56.40922, -20.99372 ], [ -56.40959, -20.99372 ], [ -56.40995, -20.99406 ], [ -56.41067, -20.99395 ], [ -56.41103, -20.99485 ], [ -56.41127, -20.99485 ], [ -56.41175, -20.99531 ], [ -56.41174, -20.99599 ], [ -56.41198, -20.99599 ], [ -56.41222, -20.99633 ], [ -56.41439, -20.99622 ], [ -56.41439, -20.99633 ], [ -56.41511, -20.99656 ], [ -56.41547, -20.99702 ], [ -56.41583, -20.9969 ], [ -56.41595, -20.99713 ], [ -56.41763, -20.99714 ], [ -56.41775, -20.99748 ], [ -56.41763, -20.99748 ], [ -56.41763, -20.99781 ], [ -56.41775, -20.99781 ], [ -56.41763, -20.99849 ], [ -56.41847, -20.99917 ], [ -56.41847, -20.99962 ], [ -56.41883, -20.99985 ], [ -56.41883, -21.00019 ], [ -56.41834, -21.00064 ], [ -56.41786, -21.00075 ], [ -56.41786, -21.00109 ], [ -56.41726, -21.00109 ], [ -56.41665, -21.00165 ], [ -56.41665, -21.00199 ], [ -56.41629, -21.00222 ], [ -56.41617, -21.00289 ], [ -56.41677, -21.00346 ], [ -56.41773, -21.00358 ], [ -56.41785, -21.00335 ], [ -56.41821, -21.00335 ], [ -56.41833, -21.00313 ], [ -56.41894, -21.00313 ], [ -56.41918, -21.00336 ], [ -56.41954, -21.00336 ], [ -56.4199, -21.00359 ], [ -56.41989, -21.00392 ], [ -56.42038, -21.00393 ], [ -56.42074, -21.00427 ], [ -56.42098, -21.00427 ], [ -56.42122, -21.00449 ], [ -56.42122, -21.00472 ], [ -56.4217, -21.00506 ], [ -56.42181, -21.0054 ], [ -56.42254, -21.0054 ], [ -56.42278, -21.00563 ], [ -56.42278, -21.00585 ], [ -56.42302, -21.00597 ], [ -56.42301, -21.00631 ], [ -56.42337, -21.00665 ], [ -56.42398, -21.00676 ], [ -56.42398, -21.00665 ], [ -56.42458, -21.00654 ], [ -56.42458, -21.00665 ], [ -56.42494, -21.00665 ], [ -56.42542, -21.00722 ], [ -56.42674, -21.00722 ], [ -56.42686, -21.00666 ], [ -56.42747, -21.00632 ], [ -56.42951, -21.00633 ], [ -56.42951, -21.00667 ], [ -56.42999, -21.00678 ], [ -56.43011, -21.00701 ], [ -56.43059, -21.0069 ], [ -56.43096, -21.00656 ], [ -56.43108, -21.0052 ], [ -56.43156, -21.00509 ], [ -56.43181, -21.00476 ], [ -56.43277, -21.00465 ], [ -56.43289, -21.00363 ], [ -56.43253, -21.00318 ], [ -56.43254, -21.00205 ], [ -56.43266, -21.00205 ], [ -56.43266, -21.00171 ], [ -56.43302, -21.00126 ], [ -56.43302, -21.00092 ], [ -56.43363, -21.00035 ], [ -56.43399, -21.00036 ], [ -56.43387, -20.9999 ], [ -56.43411, -20.9999 ], [ -56.43435, -20.99934 ], [ -56.43447, -20.99934 ], [ -56.43436, -20.99821 ], [ -56.43484, -20.99776 ], [ -56.43496, -20.99731 ], [ -56.43593, -20.9972 ], [ -56.43604, -20.99742 ], [ -56.43749, -20.99732 ], [ -56.43761, -20.99709 ], [ -56.43749, -20.99698 ], [ -56.43761, -20.99698 ], [ -56.4375, -20.99573 ], [ -56.43774, -20.99573 ], [ -56.43798, -20.9954 ], [ -56.43822, -20.9954 ], [ -56.43858, -20.99483 ], [ -56.44039, -20.99473 ], [ -56.44039, -20.99461 ], [ -56.44087, -20.9945 ], [ -56.44087, -20.99428 ], [ -56.44123, -20.99428 ], [ -56.44123, -20.99462 ], [ -56.44147, -20.99484 ], [ -56.44147, -20.99507 ], [ -56.44135, -20.99507 ], [ -56.44146, -20.9962 ], [ -56.44134, -20.99631 ], [ -56.44206, -20.99688 ], [ -56.44206, -20.9971 ], [ -56.44302, -20.99722 ], [ -56.44314, -20.99745 ], [ -56.44351, -20.99745 ], [ -56.44351, -20.99734 ], [ -56.44447, -20.99734 ], [ -56.44447, -20.99711 ], [ -56.44459, -20.99711 ], [ -56.44495, -20.99745 ], [ -56.44663, -20.99757 ], [ -56.44688, -20.99723 ], [ -56.44748, -20.99712 ], [ -56.44748, -20.9969 ], [ -56.44772, -20.9969 ], [ -56.44796, -20.99803 ], [ -56.44844, -20.99837 ], [ -56.44843, -20.99859 ], [ -56.4488, -20.99882 ], [ -56.44879, -20.99905 ], [ -56.44939, -20.99961 ], [ -56.44988, -20.99928 ], [ -56.45, -20.99883 ], [ -56.45012, -20.99883 ], [ -56.45024, -20.99792 ], [ -56.45036, -20.99792 ], [ -56.45049, -20.99736 ], [ -56.45061, -20.99736 ], [ -56.45061, -20.99668 ], [ -56.45109, -20.99657 ], [ -56.45133, -20.996 ], [ -56.45193, -20.99589 ], [ -56.45194, -20.99442 ], [ -56.4523, -20.99443 ], [ -56.45278, -20.99499 ], [ -56.45326, -20.99499 ], [ -56.45398, -20.99545 ], [ -56.45458, -20.99534 ], [ -56.45482, -20.99568 ], [ -56.4553, -20.99568 ], [ -56.45602, -20.99613 ], [ -56.45651, -20.99613 ], [ -56.45651, -20.99591 ], [ -56.45675, -20.99591 ], [ -56.45699, -20.99501 ], [ -56.45819, -20.99512 ], [ -56.45831, -20.99546 ], [ -56.45952, -20.99547 ], [ -56.45976, -20.99569 ], [ -56.45976, -20.99603 ], [ -56.46024, -20.99603 ], [ -56.4606, -20.99637 ], [ -56.46035, -20.99829 ], [ -56.46047, -20.99829 ], [ -56.46047, -20.99875 ], [ -56.46107, -20.99886 ], [ -56.46107, -20.99931 ], [ -56.46119, -20.99931 ], [ -56.46106, -21.00157 ], [ -56.46154, -21.00157 ], [ -56.46178, -21.0018 ], [ -56.46238, -21.00192 ], [ -56.46263, -21.0009 ], [ -56.46275, -21.0009 ], [ -56.46263, -21.00045 ], [ -56.46275, -21.00045 ], [ -56.46287, -21.0 ], [ -56.46359, -20.99989 ], [ -56.46383, -20.99955 ], [ -56.46384, -20.99921 ], [ -56.4642, -20.99898 ], [ -56.46456, -20.99899 ], [ -56.46468, -20.99842 ], [ -56.46492, -20.9982 ], [ -56.4654, -20.99808 ], [ -56.46552, -20.99842 ], [ -56.46516, -20.99865 ], [ -56.46516, -20.99899 ], [ -56.46492, -20.99933 ], [ -56.46516, -20.99955 ], [ -56.46515, -21.00079 ], [ -56.46539, -21.00102 ], [ -56.46539, -21.00125 ], [ -56.46587, -21.00125 ], [ -56.46611, -21.00159 ], [ -56.46684, -21.0017 ], [ -56.46695, -21.00193 ], [ -56.46756, -21.00193 ], [ -56.46756, -21.00182 ], [ -56.46816, -21.00171 ], [ -56.46816, -21.00182 ], [ -56.46912, -21.00194 ], [ -56.46924, -21.00216 ], [ -56.46948, -21.00216 ], [ -56.46948, -21.00262 ], [ -56.4696, -21.00262 ], [ -56.46972, -21.00307 ], [ -56.47056, -21.00318 ], [ -56.47092, -21.00353 ], [ -56.47189, -21.00285 ], [ -56.47189, -21.00296 ], [ -56.47285, -21.00297 ], [ -56.47285, -21.00319 ], [ -56.47309, -21.00319 ], [ -56.47309, -21.00331 ], [ -56.47369, -21.00331 ], [ -56.47393, -21.00353 ], [ -56.47453, -21.00365 ], [ -56.47489, -21.00331 ], [ -56.47489, -21.00309 ], [ -56.47513, -21.00297 ], [ -56.47513, -21.00275 ], [ -56.47598, -21.00264 ], [ -56.47598, -21.0023 ], [ -56.47634, -21.00207 ], [ -56.47803, -21.00219 ], [ -56.47803, -21.00197 ], [ -56.47899, -21.00197 ], [ -56.47899, -21.00174 ], [ -56.47935, -21.00152 ], [ -56.47935, -21.00129 ], [ -56.47971, -21.00118 ], [ -56.47983, -21.00084 ], [ -56.48008, -21.00084 ], [ -56.48032, -21.0005 ], [ -56.48068, -21.0005 ], [ -56.48068, -21.00028 ], [ -56.48092, -21.00005 ], [ -56.48116, -21.00005 ], [ -56.48117, -20.99825 ], [ -56.48225, -20.9978 ], [ -56.48225, -20.99712 ], [ -56.4831, -20.99712 ], [ -56.48334, -20.99678 ], [ -56.48478, -20.99679 ], [ -56.48502, -20.99656 ], [ -56.48575, -20.99656 ], [ -56.48575, -20.99679 ], [ -56.48587, -20.99679 ], [ -56.48611, -20.99623 ], [ -56.48647, -20.99623 ], [ -56.48659, -20.996 ], [ -56.48852, -20.99601 ], [ -56.48851, -20.99623 ], [ -56.4896, -20.99635 ], [ -56.48948, -20.99624 ], [ -56.48949, -20.99341 ], [ -56.48937, -20.99341 ], [ -56.48937, -20.99285 ], [ -56.48949, -20.99285 ], [ -56.48961, -20.99239 ], [ -56.48949, -20.99239 ], [ -56.48949, -20.99194 ], [ -56.48937, -20.99194 ], [ -56.48938, -20.99059 ], [ -56.48926, -20.99059 ], [ -56.48926, -20.99036 ], [ -56.48974, -20.99002 ], [ -56.4895, -20.98855 ], [ -56.48974, -20.98844 ], [ -56.48987, -20.98754 ], [ -56.49023, -20.9872 ], [ -56.49155, -20.98732 ], [ -56.49155, -20.98743 ], [ -56.49203, -20.98732 ], [ -56.49204, -20.9872 ], [ -56.49312, -20.98732 ], [ -56.49348, -20.98766 ], [ -56.49348, -20.98811 ], [ -56.4936, -20.98811 ], [ -56.49371, -20.98868 ], [ -56.49407, -20.98902 ], [ -56.49407, -20.98992 ], [ -56.49552, -20.98993 ], [ -56.496, -20.98948 ], [ -56.49732, -20.98948 ], [ -56.49732, -20.98971 ], [ -56.49756, -20.98971 ], [ -56.49756, -20.98993 ], [ -56.49804, -20.98993 ], [ -56.49816, -20.98948 ], [ -56.49804, -20.98948 ], [ -56.49804, -20.98926 ], [ -56.49817, -20.98914 ], [ -56.49781, -20.98869 ], [ -56.49757, -20.98869 ], [ -56.49757, -20.98835 ], [ -56.49781, -20.98824 ], [ -56.49781, -20.98643 ], [ -56.49769, -20.98643 ], [ -56.49769, -20.9862 ], [ -56.49794, -20.98598 ], [ -56.49794, -20.98519 ], [ -56.49782, -20.98519 ], [ -56.49782, -20.98462 ], [ -56.4977, -20.98462 ], [ -56.4977, -20.98417 ], [ -56.49758, -20.98417 ], [ -56.4977, -20.98383 ], [ -56.49758, -20.98372 ], [ -56.4977, -20.98372 ], [ -56.4977, -20.98349 ], [ -56.49794, -20.98349 ], [ -56.49794, -20.98315 ], [ -56.49782, -20.98315 ], [ -56.49771, -20.98259 ], [ -56.49735, -20.98247 ], [ -56.49747, -20.98225 ], [ -56.49735, -20.98225 ], [ -56.49735, -20.98157 ], [ -56.49759, -20.98134 ], [ -56.49759, -20.98044 ], [ -56.49783, -20.98021 ], [ -56.49796, -20.97976 ], [ -56.49832, -20.97976 ], [ -56.49856, -20.97943 ], [ -56.49844, -20.97943 ], [ -56.49844, -20.97909 ], [ -56.4982, -20.97897 ], [ -56.4982, -20.97875 ], [ -56.4976, -20.97863 ], [ -56.4976, -20.97829 ], [ -56.49724, -20.97818 ], [ -56.49724, -20.97761 ], [ -56.49748, -20.97739 ], [ -56.49748, -20.97694 ], [ -56.49857, -20.97683 ], [ -56.49881, -20.97705 ], [ -56.50025, -20.97706 ], [ -56.50025, -20.97728 ], [ -56.50061, -20.97728 ], [ -56.50109, -20.97785 ], [ -56.50229, -20.97785 ], [ -56.50325, -20.97887 ], [ -56.50325, -20.97865 ], [ -56.50349, -20.97865 ], [ -56.50386, -20.97831 ], [ -56.50398, -20.97741 ], [ -56.50374, -20.97718 ], [ -56.50386, -20.97696 ], [ -56.50374, -20.97695 ], [ -56.50374, -20.97673 ], [ -56.50386, -20.97673 ], [ -56.50386, -20.97628 ], [ -56.50423, -20.97605 ], [ -56.50435, -20.97526 ], [ -56.50483, -20.97481 ], [ -56.50483, -20.97413 ], [ -56.50592, -20.97402 ], [ -56.50616, -20.97425 ], [ -56.5064, -20.97425 ], [ -56.50664, -20.97459 ], [ -56.50688, -20.97459 ], [ -56.50712, -20.97504 ], [ -56.50748, -20.97504 ], [ -56.5076, -20.97538 ], [ -56.50784, -20.97538 ], [ -56.50796, -20.97482 ], [ -56.50856, -20.97493 ], [ -56.50868, -20.9746 ], [ -56.50892, -20.97448 ], [ -56.50892, -20.9746 ], [ -56.5094, -20.97471 ], [ -56.50952, -20.97516 ], [ -56.5106, -20.97539 ], [ -56.51061, -20.97471 ], [ -56.51085, -20.97472 ], [ -56.51097, -20.97415 ], [ -56.51157, -20.97359 ], [ -56.51194, -20.97235 ], [ -56.51254, -20.97189 ], [ -56.51302, -20.9719 ], [ -56.51375, -20.97122 ], [ -56.51387, -20.97077 ], [ -56.51423, -20.97054 ], [ -56.51423, -20.97032 ], [ -56.51447, -20.97021 ], [ -56.51447, -20.96998 ], [ -56.51471, -20.96975 ], [ -56.51544, -20.96976 ], [ -56.51555, -20.9701 ], [ -56.517, -20.97033 ], [ -56.517, -20.97044 ], [ -56.51892, -20.97033 ], [ -56.51916, -20.97067 ], [ -56.51988, -20.97067 ], [ -56.51988, -20.97056 ], [ -56.52061, -20.97045 ], [ -56.52109, -20.97 ], [ -56.52121, -20.96932 ], [ -56.52193, -20.96921 ], [ -56.52205, -20.96932 ], [ -56.52205, -20.96898 ], [ -56.52242, -20.96865 ], [ -56.5229, -20.96876 ], [ -56.5229, -20.96899 ], [ -56.52326, -20.96921 ], [ -56.52446, -20.96933 ], [ -56.52446, -20.96956 ], [ -56.52458, -20.96956 ], [ -56.52494, -20.96933 ], [ -56.52494, -20.9691 ], [ -56.52518, -20.96911 ], [ -56.52567, -20.96865 ], [ -56.52615, -20.96854 ], [ -56.52639, -20.9682 ], [ -56.52711, -20.96809 ], [ -56.52735, -20.96776 ], [ -56.52771, -20.96776 ], [ -56.52808, -20.96742 ], [ -56.52868, -20.96731 ], [ -56.5288, -20.96708 ], [ -56.5294, -20.96708 ], [ -56.52952, -20.96663 ], [ -56.52976, -20.96663 ], [ -56.52988, -20.96686 ], [ -56.53144, -20.96709 ], [ -56.53133, -20.96652 ], [ -56.53157, -20.96641 ], [ -56.53157, -20.96607 ], [ -56.53253, -20.96562 ], [ -56.53241, -20.96494 ], [ -56.53181, -20.96472 ], [ -56.53181, -20.96426 ], [ -56.53157, -20.96404 ], [ -56.53158, -20.96257 ], [ -56.53182, -20.96234 ], [ -56.53182, -20.96212 ], [ -56.53194, -20.962 ], [ -56.53266, -20.96212 ], [ -56.53278, -20.96178 ], [ -56.53387, -20.96178 ], [ -56.53399, -20.96133 ], [ -56.53447, -20.96122 ], [ -56.53459, -20.96099 ], [ -56.53531, -20.96088 ], [ -56.53531, -20.96066 ], [ -56.53556, -20.96066 ], [ -56.53568, -20.95998 ], [ -56.5358, -20.95998 ], [ -56.53568, -20.95942 ], [ -56.53616, -20.95908 ], [ -56.53616, -20.95885 ], [ -56.5364, -20.95863 ], [ -56.53773, -20.95908 ], [ -56.53785, -20.95942 ], [ -56.53929, -20.9592 ], [ -56.54013, -20.95965 ], [ -56.54049, -20.95954 ], [ -56.54085, -20.95988 ], [ -56.54085, -20.96022 ], [ -56.54169, -20.96068 ], [ -56.54169, -20.96135 ], [ -56.54181, -20.96147 ], [ -56.54289, -20.96158 ], [ -56.54289, -20.96136 ], [ -56.54349, -20.96102 ], [ -56.5435, -20.96012 ], [ -56.54302, -20.95966 ], [ -56.5429, -20.95887 ], [ -56.54266, -20.95864 ], [ -56.54278, -20.95808 ], [ -56.54314, -20.95797 ], [ -56.54314, -20.9574 ], [ -56.54339, -20.95718 ], [ -56.54387, -20.95718 ], [ -56.54399, -20.9574 ], [ -56.54435, -20.95741 ], [ -56.54483, -20.95673 ], [ -56.54555, -20.95662 ], [ -56.54592, -20.95605 ], [ -56.5464, -20.95594 ], [ -56.5464, -20.95504 ], [ -56.54688, -20.95459 ], [ -56.54712, -20.95459 ], [ -56.54724, -20.95425 ], [ -56.54785, -20.95436 ], [ -56.54809, -20.95459 ], [ -56.54808, -20.95493 ], [ -56.54929, -20.95493 ], [ -56.54929, -20.95482 ], [ -56.55013, -20.95493 ], [ -56.55013, -20.95505 ], [ -56.55169, -20.95494 ], [ -56.55145, -20.95471 ], [ -56.55109, -20.95482 ], [ -56.55037, -20.95414 ], [ -56.55038, -20.95335 ], [ -56.55062, -20.95324 ], [ -56.55062, -20.952 ], [ -56.5505, -20.95188 ], [ -56.55074, -20.95155 ], [ -56.55074, -20.95109 ], [ -56.5511, -20.95076 ], [ -56.55111, -20.9503 ], [ -56.55123, -20.9503 ], [ -56.55111, -20.94963 ], [ -56.55087, -20.9494 ], [ -56.55087, -20.94895 ], [ -56.55111, -20.94895 ], [ -56.55135, -20.94861 ], [ -56.55183, -20.9485 ], [ -56.55196, -20.94782 ], [ -56.55232, -20.94748 ], [ -56.55268, -20.94748 ], [ -56.5528, -20.94726 ], [ -56.55304, -20.94726 ], [ -56.55304, -20.94703 ], [ -56.55401, -20.94624 ], [ -56.55401, -20.9459 ], [ -56.55425, -20.94557 ], [ -56.55521, -20.94546 ], [ -56.55545, -20.94489 ], [ -56.55569, -20.94489 ], [ -56.55581, -20.94534 ], [ -56.55605, -20.94534 ], [ -56.55629, -20.94602 ], [ -56.55677, -20.94602 ], [ -56.55677, -20.94614 ], [ -56.55701, -20.94614 ], [ -56.55701, -20.94636 ], [ -56.55737, -20.94637 ], [ -56.55737, -20.94648 ], [ -56.55785, -20.94648 ], [ -56.55834, -20.94603 ], [ -56.55834, -20.94524 ], [ -56.5587, -20.9449 ], [ -56.55918, -20.9449 ], [ -56.55978, -20.94434 ], [ -56.55979, -20.94411 ], [ -56.55991, -20.94411 ], [ -56.55991, -20.94389 ], [ -56.55979, -20.94388 ], [ -56.55991, -20.94208 ], [ -56.55955, -20.94174 ], [ -56.55871, -20.94174 ], [ -56.55859, -20.94151 ], [ -56.55811, -20.94151 ], [ -56.55799, -20.94117 ], [ -56.55775, -20.94117 ], [ -56.55775, -20.94094 ], [ -56.55799, -20.94083 ], [ -56.55823, -20.93993 ], [ -56.55884, -20.93948 ], [ -56.55884, -20.93914 ], [ -56.55908, -20.93902 ], [ -56.55896, -20.93835 ], [ -56.55884, -20.93835 ], [ -56.55896, -20.93789 ], [ -56.55872, -20.93778 ], [ -56.55872, -20.93744 ], [ -56.55848, -20.93733 ], [ -56.55861, -20.9362 ], [ -56.55921, -20.93654 ], [ -56.56017, -20.93654 ], [ -56.56017, -20.93643 ], [ -56.56113, -20.93632 ], [ -56.56113, -20.93609 ], [ -56.56149, -20.93575 ], [ -56.56185, -20.93575 ], [ -56.56222, -20.93542 ], [ -56.56222, -20.93508 ], [ -56.56258, -20.93485 ], [ -56.56294, -20.93395 ], [ -56.56354, -20.93372 ], [ -56.56391, -20.93293 ], [ -56.56415, -20.93282 ], [ -56.56415, -20.93226 ], [ -56.56451, -20.93226 ], [ -56.56463, -20.93192 ], [ -56.56535, -20.93192 ], [ -56.56548, -20.9317 ], [ -56.56644, -20.9317 ], [ -56.56704, -20.93204 ], [ -56.56764, -20.93204 ], [ -56.56776, -20.93227 ], [ -56.5686, -20.93227 ], [ -56.56884, -20.93193 ], [ -56.56932, -20.93193 ], [ -56.56944, -20.93171 ], [ -56.57029, -20.93171 ], [ -56.57041, -20.93193 ], [ -56.57149, -20.93194 ], [ -56.57137, -20.93295 ], [ -56.57149, -20.93295 ], [ -56.5716, -20.93352 ], [ -56.57245, -20.93352 ], [ -56.57281, -20.93386 ], [ -56.57353, -20.93386 ], [ -56.57365, -20.93364 ], [ -56.57389, -20.93364 ], [ -56.57425, -20.93409 ], [ -56.57425, -20.93488 ], [ -56.57473, -20.93533 ], [ -56.57485, -20.93567 ], [ -56.57569, -20.93534 ], [ -56.57569, -20.93545 ], [ -56.57605, -20.93545 ], [ -56.57617, -20.93568 ], [ -56.57641, -20.93568 ], [ -56.57653, -20.9359 ], [ -56.57785, -20.93591 ], [ -56.57797, -20.93625 ], [ -56.57845, -20.93659 ], [ -56.57857, -20.93704 ], [ -56.57869, -20.93704 ], [ -56.57881, -20.93772 ], [ -56.58037, -20.93772 ], [ -56.58049, -20.93795 ], [ -56.58158, -20.93806 ], [ -56.58158, -20.93818 ], [ -56.5823, -20.93807 ], [ -56.58242, -20.93829 ], [ -56.58338, -20.93818 ], [ -56.58362, -20.93784 ], [ -56.58422, -20.93784 ], [ -56.58566, -20.93932 ], [ -56.5859, -20.93932 ], [ -56.58602, -20.93954 ], [ -56.58662, -20.93954 ], [ -56.58662, -20.93966 ], [ -56.58722, -20.93977 ], [ -56.58734, -20.94011 ], [ -56.58782, -20.94045 ], [ -56.58806, -20.94158 ], [ -56.58842, -20.94158 ], [ -56.5889, -20.94204 ], [ -56.58902, -20.9426 ], [ -56.58926, -20.9426 ], [ -56.58938, -20.94283 ], [ -56.58974, -20.94283 ], [ -56.5901, -20.94328 ], [ -56.59058, -20.94328 ], [ -56.59082, -20.94351 ], [ -56.59094, -20.94408 ], [ -56.59142, -20.94475 ], [ -56.59202, -20.94476 ], [ -56.59202, -20.94487 ], [ -56.59286, -20.94498 ], [ -56.59322, -20.94521 ], [ -56.59346, -20.94521 ], [ -56.59371, -20.94487 ], [ -56.59587, -20.94522 ], [ -56.59599, -20.94556 ], [ -56.59623, -20.94567 ], [ -56.59611, -20.94635 ], [ -56.59671, -20.94635 ], [ -56.59671, -20.94646 ], [ -56.59707, -20.94646 ], [ -56.59731, -20.9468 ], [ -56.59803, -20.9468 ], [ -56.59803, -20.94692 ], [ -56.59875, -20.94681 ], [ -56.59948, -20.94602 ], [ -56.59972, -20.94602 ], [ -56.59984, -20.94647 ], [ -56.6002, -20.94658 ], [ -56.6002, -20.94726 ], [ -56.60044, -20.94749 ], [ -56.60116, -20.9476 ], [ -56.60152, -20.94806 ], [ -56.60176, -20.94806 ], [ -56.60188, -20.9484 ], [ -56.60212, -20.94851 ], [ -56.60212, -20.94885 ], [ -56.60248, -20.94885 ], [ -56.60284, -20.94942 ], [ -56.6032, -20.94942 ], [ -56.60332, -20.94964 ], [ -56.6038, -20.94964 ], [ -56.60416, -20.9501 ], [ -56.60536, -20.95032 ], [ -56.60524, -20.95145 ], [ -56.60536, -20.95157 ], [ -56.60584, -20.95168 ], [ -56.60584, -20.9518 ], [ -56.60632, -20.9518 ], [ -56.60644, -20.95157 ], [ -56.60704, -20.95157 ], [ -56.60704, -20.95146 ], [ -56.608, -20.95157 ], [ -56.60872, -20.95248 ], [ -56.60908, -20.95237 ], [ -56.60908, -20.95248 ], [ -56.60932, -20.95248 ], [ -56.60956, -20.95282 ], [ -56.61005, -20.95293 ], [ -56.61041, -20.95339 ], [ -56.61089, -20.95339 ], [ -56.61113, -20.95373 ], [ -56.61173, -20.95362 ], [ -56.61185, -20.95384 ], [ -56.61209, -20.95384 ], [ -56.61233, -20.95407 ], [ -56.61233, -20.95441 ], [ -56.61353, -20.9543 ], [ -56.61365, -20.95407 ], [ -56.61389, -20.95407 ], [ -56.61389, -20.9543 ], [ -56.61401, -20.9543 ], [ -56.61389, -20.95486 ], [ -56.61425, -20.9552 ], [ -56.61425, -20.95554 ], [ -56.61461, -20.95577 ], [ -56.61449, -20.95634 ], [ -56.61473, -20.95656 ], [ -56.61473, -20.95758 ], [ -56.61448, -20.95769 ], [ -56.61436, -20.95848 ], [ -56.61412, -20.95848 ], [ -56.61412, -20.95893 ], [ -56.61448, -20.95939 ], [ -56.6146, -20.96006 ], [ -56.61496, -20.96007 ], [ -56.61484, -20.96052 ], [ -56.61472, -20.96052 ], [ -56.61484, -20.96108 ], [ -56.6158, -20.96199 ], [ -56.61592, -20.96278 ], [ -56.61567, -20.96278 ], [ -56.61567, -20.96312 ], [ -56.61603, -20.96335 ], [ -56.61603, -20.96357 ], [ -56.61639, -20.9638 ], [ -56.61639, -20.96414 ], [ -56.61651, -20.96414 ], [ -56.61651, -20.96448 ], [ -56.61627, -20.96448 ], [ -56.61627, -20.96493 ], [ -56.61603, -20.96515 ], [ -56.61603, -20.96572 ], [ -56.61627, -20.96572 ], [ -56.61627, -20.96594 ], [ -56.61651, -20.96606 ], [ -56.61651, -20.9664 ], [ -56.61675, -20.96662 ], [ -56.61795, -20.96674 ], [ -56.61831, -20.96708 ], [ -56.61891, -20.96708 ], [ -56.61915, -20.96731 ], [ -56.61939, -20.96731 ], [ -56.61939, -20.96753 ], [ -56.61987, -20.96742 ], [ -56.61987, -20.96731 ], [ -56.62192, -20.9672 ], [ -56.62204, -20.96697 ], [ -56.62228, -20.96698 ], [ -56.6224, -20.96743 ], [ -56.62264, -20.96765 ], [ -56.62252, -20.96788 ], [ -56.62264, -20.96799 ], [ -56.62348, -20.96811 ], [ -56.6236, -20.96788 ], [ -56.62396, -20.96788 ], [ -56.62396, -20.96777 ], [ -56.62432, -20.96788 ], [ -56.62432, -20.96777 ], [ -56.62505, -20.96777 ], [ -56.62505, -20.96766 ], [ -56.62553, -20.96766 ], [ -56.62553, -20.96755 ], [ -56.62601, -20.96755 ], [ -56.62601, -20.96744 ], [ -56.62685, -20.96744 ], [ -56.62685, -20.96755 ], [ -56.62805, -20.96744 ], [ -56.62818, -20.9671 ], [ -56.62854, -20.96699 ], [ -56.62866, -20.96654 ], [ -56.62914, -20.9662 ], [ -56.62914, -20.96586 ], [ -56.6289, -20.96575 ], [ -56.6289, -20.96552 ], [ -56.62914, -20.96552 ], [ -56.6295, -20.96507 ], [ -56.62975, -20.96507 ], [ -56.6307, -20.9662 ], [ -56.63155, -20.9662 ], [ -56.63203, -20.96654 ], [ -56.63239, -20.96655 ], [ -56.63239, -20.96677 ], [ -56.63359, -20.96677 ], [ -56.63371, -20.96666 ], [ -56.63383, -20.96689 ], [ -56.63419, -20.96689 ], [ -56.63419, -20.967 ], [ -56.63443, -20.96678 ], [ -56.63467, -20.96678 ], [ -56.63479, -20.967 ], [ -56.63503, -20.967 ], [ -56.63528, -20.96666 ], [ -56.63576, -20.96655 ], [ -56.63576, -20.96621 ], [ -56.63672, -20.96622 ], [ -56.63708, -20.96644 ], [ -56.63708, -20.96667 ], [ -56.63756, -20.96667 ], [ -56.63768, -20.96644 ], [ -56.63804, -20.96644 ], [ -56.63804, -20.96633 ], [ -56.63889, -20.96633 ], [ -56.63901, -20.96611 ], [ -56.63937, -20.96611 ], [ -56.63937, -20.966 ], [ -56.64033, -20.96588 ], [ -56.64057, -20.96611 ], [ -56.64057, -20.96656 ], [ -56.64141, -20.96668 ], [ -56.64189, -20.96736 ], [ -56.64333, -20.96747 ], [ -56.64333, -20.96781 ], [ -56.64357, -20.96781 ], [ -56.64358, -20.96736 ], [ -56.64334, -20.96736 ], [ -56.64334, -20.96646 ], [ -56.6437, -20.96623 ], [ -56.6437, -20.966 ], [ -56.64394, -20.966 ], [ -56.64406, -20.96578 ], [ -56.64538, -20.96567 ], [ -56.64599, -20.96522 ], [ -56.64587, -20.96375 ], [ -56.64611, -20.96364 ], [ -56.64611, -20.96251 ], [ -56.64623, -20.96262 ], [ -56.64756, -20.96262 ], [ -56.64756, -20.96251 ], [ -56.6478, -20.96251 ], [ -56.64792, -20.96274 ], [ -56.64912, -20.96274 ], [ -56.64924, -20.96251 ], [ -56.64972, -20.9624 ], [ -56.65033, -20.96172 ], [ -56.65057, -20.96172 ], [ -56.65057, -20.96218 ], [ -56.65117, -20.96263 ], [ -56.65117, -20.96297 ], [ -56.65129, -20.96297 ], [ -56.6514, -20.96387 ], [ -56.65152, -20.96387 ], [ -56.65152, -20.9641 ], [ -56.6514, -20.9641 ], [ -56.6514, -20.965 ], [ -56.65152, -20.965 ], [ -56.6514, -20.96613 ], [ -56.65164, -20.96636 ], [ -56.65164, -20.96659 ], [ -56.65188, -20.9667 ], [ -56.65188, -20.96738 ], [ -56.652, -20.96749 ], [ -56.65248, -20.96749 ], [ -56.65296, -20.96704 ], [ -56.65356, -20.96704 ], [ -56.65356, -20.96693 ], [ -56.65585, -20.96705 ], [ -56.65621, -20.96671 ], [ -56.65645, -20.96671 ], [ -56.65669, -20.96705 ], [ -56.65729, -20.96705 ], [ -56.65765, -20.96682 ], [ -56.6579, -20.96626 ], [ -56.65886, -20.96637 ], [ -56.65886, -20.96649 ], [ -56.65982, -20.96638 ], [ -56.65982, -20.96649 ], [ -56.66162, -20.96661 ], [ -56.66162, -20.96649 ], [ -56.66211, -20.96638 ], [ -56.66235, -20.96582 ], [ -56.66319, -20.9657 ], [ -56.66319, -20.96548 ], [ -56.66343, -20.96548 ], [ -56.66343, -20.96571 ], [ -56.66367, -20.96571 ], [ -56.66379, -20.96548 ], [ -56.66536, -20.9656 ], [ -56.66536, -20.96548 ], [ -56.6656, -20.96548 ], [ -56.66572, -20.96503 ], [ -56.66632, -20.96503 ], [ -56.66632, -20.96469 ], [ -56.66656, -20.96447 ], [ -56.6674, -20.96447 ], [ -56.66752, -20.96481 ], [ -56.66812, -20.96538 ], [ -56.66897, -20.9656 ], [ -56.66933, -20.96515 ], [ -56.67017, -20.96504 ], [ -56.67065, -20.96459 ], [ -56.67149, -20.96448 ], [ -56.67185, -20.96493 ], [ -56.67186, -20.96391 ], [ -56.6721, -20.96369 ], [ -56.6721, -20.96324 ], [ -56.67258, -20.96324 ], [ -56.67282, -20.96301 ], [ -56.67282, -20.96279 ], [ -56.6733, -20.96279 ], [ -56.6733, -20.96256 ], [ -56.67391, -20.96245 ], [ -56.67391, -20.96234 ], [ -56.67451, -20.96234 ], [ -56.67451, -20.96245 ], [ -56.67523, -20.96256 ], [ -56.67511, -20.9629 ], [ -56.67559, -20.96358 ], [ -56.67607, -20.96358 ], [ -56.67619, -20.96381 ], [ -56.67679, -20.96392 ], [ -56.67655, -20.96517 ], [ -56.67691, -20.96517 ], [ -56.67691, -20.96539 ], [ -56.67775, -20.96528 ], [ -56.67871, -20.96641 ], [ -56.67931, -20.96641 ], [ -56.68003, -20.96687 ], [ -56.68039, -20.96676 ], [ -56.68039, -20.96732 ], [ -56.68003, -20.96755 ], [ -56.68003, -20.96777 ], [ -56.68051, -20.96811 ], [ -56.68087, -20.96811 ], [ -56.68099, -20.96856 ], [ -56.68123, -20.96856 ], [ -56.68135, -20.96902 ], [ -56.68171, -20.96924 ], [ -56.68171, -20.97026 ], [ -56.68123, -20.97071 ], [ -56.68122, -20.9715 ], [ -56.6811, -20.97162 ], [ -56.68159, -20.97173 ], [ -56.6817, -20.97207 ], [ -56.68207, -20.97218 ], [ -56.6823, -20.97297 ], [ -56.68206, -20.97331 ], [ -56.68182, -20.97331 ], [ -56.68182, -20.97365 ], [ -56.68158, -20.97388 ], [ -56.68134, -20.97388 ], [ -56.68122, -20.9741 ], [ -56.68062, -20.9741 ], [ -56.68062, -20.97433 ], [ -56.6805, -20.97433 ], [ -56.68049, -20.9758 ], [ -56.68073, -20.97591 ], [ -56.68073, -20.97647 ], [ -56.68085, -20.97647 ], [ -56.68085, -20.97704 ], [ -56.68097, -20.97704 ], [ -56.68097, -20.97794 ], [ -56.68133, -20.97806 ], [ -56.68145, -20.97828 ], [ -56.68181, -20.97828 ], [ -56.68181, -20.97851 ], [ -56.68205, -20.97851 ], [ -56.68205, -20.97874 ], [ -56.68229, -20.97885 ], [ -56.68229, -20.97953 ], [ -56.68289, -20.97976 ], [ -56.68289, -20.97998 ], [ -56.68325, -20.9801 ], [ -56.68337, -20.98043 ], [ -56.68445, -20.98044 ], [ -56.68494, -20.98078 ], [ -56.68505, -20.98145 ], [ -56.68493, -20.98145 ], [ -56.68505, -20.98157 ], [ -56.68493, -20.98225 ], [ -56.68517, -20.98236 ], [ -56.68505, -20.98405 ], [ -56.68529, -20.98428 ], [ -56.68565, -20.98428 ], [ -56.68577, -20.98406 ], [ -56.68601, -20.98406 ], [ -56.68601, -20.98372 ], [ -56.68697, -20.98361 ], [ -56.68698, -20.98349 ], [ -56.68722, -20.98349 ], [ -56.68722, -20.98372 ], [ -56.68746, -20.98383 ], [ -56.68745, -20.98417 ], [ -56.6877, -20.98417 ], [ -56.6877, -20.98428 ], [ -56.6889, -20.9844 ], [ -56.68914, -20.98463 ], [ -56.68938, -20.98463 ], [ -56.68938, -20.9844 ], [ -56.68974, -20.98418 ], [ -56.68998, -20.9844 ], [ -56.69034, -20.9844 ], [ -56.69034, -20.98485 ], [ -56.6907, -20.98486 ], [ -56.69106, -20.98531 ], [ -56.6913, -20.98531 ], [ -56.6913, -20.9861 ], [ -56.69142, -20.98621 ], [ -56.6925, -20.9861 ], [ -56.69275, -20.98576 ], [ -56.69323, -20.98576 ], [ -56.69323, -20.98588 ], [ -56.69371, -20.98599 ], [ -56.69383, -20.98622 ], [ -56.69503, -20.98611 ], [ -56.69515, -20.98622 ], [ -56.69515, -20.98712 ], [ -56.69539, -20.98724 ], [ -56.69539, -20.98758 ], [ -56.69527, -20.98758 ], [ -56.69539, -20.98814 ], [ -56.69587, -20.98825 ], [ -56.69587, -20.98837 ], [ -56.69635, -20.98837 ], [ -56.69659, -20.98871 ], [ -56.69707, -20.98871 ], [ -56.69707, -20.98882 ], [ -56.69731, -20.98882 ], [ -56.69743, -20.98848 ], [ -56.6984, -20.98849 ], [ -56.69852, -20.98871 ], [ -56.69876, -20.98871 ], [ -56.69876, -20.98928 ], [ -56.699, -20.9895 ], [ -56.69948, -20.9895 ], [ -56.69984, -20.98984 ], [ -56.70044, -20.98984 ], [ -56.70032, -20.99041 ], [ -56.70128, -20.99154 ], [ -56.70188, -20.99154 ], [ -56.70224, -20.99177 ], [ -56.7032, -20.99177 ], [ -56.70332, -20.99211 ], [ -56.70356, -20.99211 ], [ -56.70356, -20.99222 ], [ -56.7038, -20.99222 ], [ -56.70392, -20.992 ], [ -56.70429, -20.992 ], [ -56.70429, -20.99189 ], [ -56.70513, -20.992 ], [ -56.70525, -20.99166 ], [ -56.70549, -20.99177 ], [ -56.70561, -20.99211 ], [ -56.70669, -20.99223 ], [ -56.70669, -20.99212 ], [ -56.70729, -20.992 ], [ -56.70741, -20.99223 ], [ -56.70789, -20.99223 ], [ -56.70789, -20.99336 ], [ -56.70825, -20.99347 ], [ -56.70837, -20.9937 ], [ -56.70922, -20.9937 ], [ -56.70958, -20.99404 ], [ -56.70969, -20.99483 ], [ -56.71066, -20.99574 ], [ -56.71102, -20.99574 ], [ -56.71102, -20.99642 ], [ -56.71126, -20.99653 ], [ -56.71126, -20.99687 ], [ -56.71162, -20.99698 ], [ -56.71174, -20.99744 ], [ -56.71294, -20.99755 ], [ -56.71282, -20.99857 ], [ -56.71318, -20.99891 ], [ -56.71402, -20.99913 ], [ -56.71402, -20.99925 ], [ -56.71522, -20.99936 ], [ -56.71522, -20.9997 ], [ -56.7163, -20.99993 ], [ -56.71654, -21.00016 ], [ -56.71691, -21.00016 ], [ -56.71703, -20.99993 ], [ -56.71763, -20.99982 ], [ -56.71787, -21.00016 ], [ -56.71787, -21.0005 ], [ -56.71847, -21.0005 ], [ -56.71883, -21.00073 ], [ -56.71871, -21.00174 ], [ -56.71847, -21.00208 ], [ -56.71846, -21.00366 ], [ -56.71822, -21.00366 ], [ -56.71822, -21.00434 ], [ -56.71798, -21.00445 ], [ -56.7181, -21.0057 ], [ -56.71798, -21.0057 ], [ -56.71798, -21.00592 ], [ -56.7181, -21.00604 ], [ -56.71786, -21.00603 ], [ -56.71786, -21.00649 ], [ -56.71762, -21.00649 ], [ -56.71761, -21.00694 ], [ -56.71737, -21.00694 ], [ -56.71737, -21.00728 ], [ -56.71713, -21.0075 ], [ -56.71689, -21.0075 ], [ -56.71689, -21.00807 ], [ -56.71605, -21.00852 ], [ -56.71593, -21.00897 ], [ -56.71568, -21.0092 ], [ -56.7158, -21.00999 ], [ -56.71532, -21.0101 ], [ -56.71532, -21.01066 ], [ -56.71592, -21.01123 ], [ -56.7158, -21.01213 ], [ -56.71604, -21.01236 ], [ -56.71604, -21.01293 ], [ -56.71592, -21.01292 ], [ -56.71592, -21.01315 ], [ -56.71544, -21.01315 ], [ -56.71532, -21.01338 ], [ -56.71471, -21.01337 ], [ -56.71459, -21.01349 ], [ -56.71471, -21.01428 ], [ -56.71411, -21.0145 ], [ -56.71411, -21.01473 ], [ -56.71254, -21.01473 ], [ -56.71194, -21.01427 ], [ -56.7117, -21.01506 ], [ -56.71134, -21.01518 ], [ -56.71134, -21.0154 ], [ -56.7111, -21.01563 ], [ -56.71098, -21.01619 ], [ -56.7111, -21.01619 ], [ -56.7111, -21.01642 ], [ -56.71158, -21.01653 ], [ -56.71182, -21.01676 ], [ -56.71182, -21.01699 ], [ -56.71098, -21.01721 ], [ -56.71109, -21.01789 ], [ -56.71134, -21.018 ], [ -56.71145, -21.01868 ], [ -56.71157, -21.01868 ], [ -56.71157, -21.01925 ], [ -56.71085, -21.01936 ], [ -56.71085, -21.0197 ], [ -56.71109, -21.02004 ], [ -56.71145, -21.02004 ], [ -56.71145, -21.02015 ], [ -56.71229, -21.02004 ], [ -56.71217, -21.02094 ], [ -56.71241, -21.02094 ], [ -56.71265, -21.02128 ], [ -56.71277, -21.02219 ], [ -56.71229, -21.02219 ], [ -56.71193, -21.02252 ], [ -56.71085, -21.02241 ], [ -56.71084, -21.02252 ], [ -56.71024, -21.02252 ], [ -56.71024, -21.02263 ], [ -56.70976, -21.02275 ], [ -56.70952, -21.02241 ], [ -56.70928, -21.02241 ], [ -56.70928, -21.02218 ], [ -56.70844, -21.02207 ], [ -56.70832, -21.02229 ], [ -56.70808, -21.02229 ], [ -56.70808, -21.02252 ], [ -56.70784, -21.02252 ], [ -56.70771, -21.02297 ], [ -56.70735, -21.02331 ], [ -56.70603, -21.0233 ], [ -56.70603, -21.02319 ], [ -56.70555, -21.02308 ], [ -56.70531, -21.02342 ], [ -56.70495, -21.02342 ], [ -56.7047, -21.02364 ], [ -56.7047, -21.02443 ], [ -56.70446, -21.02466 ], [ -56.70446, -21.025 ], [ -56.70494, -21.02556 ], [ -56.70506, -21.02624 ], [ -56.70566, -21.02647 ], [ -56.70566, -21.02692 ], [ -56.70554, -21.02692 ], [ -56.70554, -21.02737 ], [ -56.70542, -21.02737 ], [ -56.70542, -21.02816 ], [ -56.7053, -21.02816 ], [ -56.70529, -21.02952 ], [ -56.70554, -21.02963 ], [ -56.70553, -21.0302 ], [ -56.70517, -21.03054 ], [ -56.70517, -21.03099 ], [ -56.70505, -21.03099 ], [ -56.70505, -21.03155 ], [ -56.70529, -21.03189 ], [ -56.70529, -21.03223 ], [ -56.70493, -21.03246 ], [ -56.70493, -21.03268 ], [ -56.70577, -21.03314 ], [ -56.70577, -21.03393 ], [ -56.70601, -21.03404 ], [ -56.70601, -21.03438 ], [ -56.70625, -21.03461 ], [ -56.70661, -21.03461 ], [ -56.70661, -21.03495 ], [ -56.70685, -21.03506 ], [ -56.70697, -21.03551 ], [ -56.70721, -21.03562 ], [ -56.70721, -21.03608 ], [ -56.70757, -21.03642 ], [ -56.70805, -21.03642 ], [ -56.70805, -21.03676 ], [ -56.70841, -21.03676 ], [ -56.70841, -21.03698 ], [ -56.70865, -21.03687 ], [ -56.70889, -21.0371 ], [ -56.70973, -21.03721 ], [ -56.70985, -21.03789 ], [ -56.70973, -21.038 ], [ -56.71045, -21.03846 ], [ -56.71045, -21.03879 ], [ -56.70997, -21.03902 ], [ -56.70985, -21.0397 ], [ -56.70973, -21.0397 ], [ -56.70973, -21.04026 ], [ -56.70949, -21.04049 ], [ -56.70913, -21.04037 ], [ -56.70924, -21.04128 ], [ -56.70876, -21.04184 ], [ -56.70972, -21.04173 ], [ -56.70972, -21.04184 ], [ -56.70997, -21.04184 ], [ -56.71009, -21.04196 ], [ -56.70996, -21.04264 ], [ -56.71068, -21.0432 ], [ -56.7108, -21.04354 ], [ -56.71117, -21.04365 ], [ -56.71129, -21.04399 ], [ -56.71153, -21.04399 ], [ -56.71165, -21.04422 ], [ -56.71261, -21.04411 ], [ -56.71261, -21.04434 ], [ -56.71297, -21.04434 ], [ -56.71309, -21.04513 ], [ -56.71345, -21.04513 ], [ -56.71381, -21.04547 ], [ -56.71369, -21.04637 ], [ -56.71381, -21.04637 ], [ -56.71381, -21.0466 ], [ -56.71429, -21.04671 ], [ -56.71453, -21.04705 ], [ -56.71513, -21.04716 ], [ -56.71561, -21.04762 ], [ -56.71573, -21.0483 ], [ -56.71585, -21.0483 ], [ -56.71573, -21.0492 ], [ -56.71585, -21.0492 ], [ -56.71585, -21.04965 ], [ -56.71537, -21.0501 ], [ -56.71573, -21.05067 ], [ -56.71512, -21.05078 ], [ -56.71512, -21.05146 ], [ -56.71524, -21.05157 ], [ -56.71428, -21.05168 ], [ -56.71428, -21.05157 ], [ -56.71368, -21.05146 ], [ -56.71368, -21.05191 ], [ -56.71332, -21.05191 ], [ -56.71271, -21.05247 ], [ -56.71271, -21.0527 ], [ -56.71247, -21.0527 ], [ -56.71187, -21.05202 ], [ -56.71103, -21.05168 ], [ -56.71103, -21.05202 ], [ -56.71043, -21.05258 ], [ -56.71042, -21.05337 ], [ -56.71006, -21.05371 ], [ -56.70982, -21.05371 ], [ -56.7097, -21.05394 ], [ -56.70934, -21.05394 ], [ -56.70898, -21.0536 ], [ -56.70862, -21.05359 ], [ -56.70814, -21.05416 ], [ -56.70789, -21.05416 ], [ -56.70789, -21.05472 ], [ -56.70825, -21.05506 ], [ -56.70862, -21.05506 ], [ -56.70898, -21.05552 ], [ -56.70922, -21.05552 ], [ -56.70921, -21.0562 ], [ -56.70909, -21.05619 ], [ -56.70921, -21.05687 ], [ -56.70969, -21.05733 ], [ -56.71018, -21.05721 ], [ -56.71018, -21.05778 ], [ -56.71042, -21.05801 ], [ -56.71041, -21.05857 ], [ -56.71053, -21.05857 ], [ -56.71053, -21.05902 ], [ -56.71065, -21.05902 ], [ -56.71077, -21.06004 ], [ -56.71089, -21.06004 ], [ -56.71065, -21.06027 ], [ -56.71077, -21.06038 ], [ -56.71077, -21.0614 ], [ -56.71113, -21.06151 ], [ -56.71113, -21.06174 ], [ -56.71125, -21.06174 ], [ -56.71125, -21.06241 ], [ -56.71137, -21.06241 ], [ -56.71137, -21.06287 ], [ -56.71149, -21.06287 ], [ -56.71149, -21.06309 ], [ -56.71101, -21.06343 ], [ -56.71101, -21.06388 ], [ -56.71089, -21.06388 ], [ -56.71101, -21.06422 ], [ -56.71088, -21.06422 ], [ -56.71088, -21.06456 ], [ -56.71076, -21.06456 ], [ -56.71052, -21.06512 ], [ -56.71088, -21.06558 ], [ -56.71076, -21.06648 ], [ -56.71112, -21.06693 ], [ -56.71124, -21.06795 ], [ -56.71136, -21.06795 ], [ -56.71136, -21.06818 ], [ -56.71184, -21.06829 ], [ -56.71172, -21.06863 ], [ -56.71184, -21.06863 ], [ -56.71184, -21.06908 ], [ -56.71208, -21.06931 ], [ -56.71172, -21.06965 ], [ -56.71148, -21.06965 ], [ -56.71148, -21.06987 ], [ -56.71111, -21.0701 ], [ -56.71099, -21.07044 ], [ -56.71003, -21.07044 ], [ -56.70979, -21.07021 ], [ -56.70955, -21.07021 ], [ -56.70955, -21.07043 ], [ -56.70895, -21.07043 ], [ -56.70834, -21.071 ], [ -56.70798, -21.071 ], [ -56.70786, -21.07077 ], [ -56.70774, -21.07088 ], [ -56.70702, -21.07077 ], [ -56.70702, -21.07088 ], [ -56.70594, -21.07088 ], [ -56.70581, -21.07122 ], [ -56.70557, -21.07122 ], [ -56.70569, -21.07167 ], [ -56.70485, -21.07167 ], [ -56.70461, -21.07201 ], [ -56.70437, -21.07201 ], [ -56.70437, -21.07235 ], [ -56.70413, -21.07246 ], [ -56.70413, -21.07269 ], [ -56.70437, -21.07291 ], [ -56.70461, -21.07291 ], [ -56.70461, -21.07314 ], [ -56.70545, -21.07314 ], [ -56.70569, -21.07337 ], [ -56.70569, -21.07359 ], [ -56.70629, -21.07404 ], [ -56.70629, -21.07427 ], [ -56.70653, -21.07427 ], [ -56.70677, -21.07484 ], [ -56.70749, -21.07495 ], [ -56.70761, -21.07518 ], [ -56.70809, -21.07518 ], [ -56.7087, -21.07574 ], [ -56.70893, -21.07733 ], [ -56.70917, -21.07744 ], [ -56.70905, -21.07755 ], [ -56.70905, -21.07846 ], [ -56.70929, -21.07868 ], [ -56.70929, -21.07902 ], [ -56.70941, -21.07902 ], [ -56.70941, -21.07981 ], [ -56.70953, -21.07981 ], [ -56.70953, -21.0806 ], [ -56.70965, -21.08061 ], [ -56.70989, -21.0823 ], [ -56.70965, -21.0823 ], [ -56.70928, -21.08275 ], [ -56.70904, -21.08264 ], [ -56.7088, -21.08332 ], [ -56.70856, -21.08354 ], [ -56.7082, -21.08354 ], [ -56.70808, -21.08309 ], [ -56.70772, -21.08275 ], [ -56.70772, -21.0823 ], [ -56.70676, -21.08241 ], [ -56.70663, -21.08275 ], [ -56.70615, -21.08297 ], [ -56.70603, -21.08365 ], [ -56.70615, -21.08365 ], [ -56.70627, -21.08422 ], [ -56.70651, -21.08422 ], [ -56.70699, -21.08478 ], [ -56.70675, -21.08501 ], [ -56.70651, -21.08501 ], [ -56.70615, -21.08535 ], [ -56.70615, -21.08557 ], [ -56.70591, -21.08557 ], [ -56.70591, -21.08568 ], [ -56.7053, -21.08568 ], [ -56.7053, -21.08591 ], [ -56.70494, -21.08591 ], [ -56.70482, -21.08613 ], [ -56.70302, -21.08613 ], [ -56.7029, -21.0859 ], [ -56.70205, -21.08568 ], [ -56.70205, -21.08602 ], [ -56.70181, -21.08602 ], [ -56.70169, -21.08624 ], [ -56.70145, -21.08613 ], [ -56.70145, -21.08635 ], [ -56.70036, -21.08714 ], [ -56.7, -21.08771 ], [ -56.69819, -21.08838 ], [ -56.69771, -21.08883 ], [ -56.69735, -21.08883 ], [ -56.69723, -21.08861 ], [ -56.69615, -21.0886 ], [ -56.69615, -21.08849 ], [ -56.69579, -21.08849 ], [ -56.69567, -21.08872 ], [ -56.69506, -21.0886 ], [ -56.69494, -21.08962 ], [ -56.6947, -21.08962 ], [ -56.6947, -21.08973 ], [ -56.69338, -21.08928 ], [ -56.69338, -21.08973 ], [ -56.69313, -21.08984 ], [ -56.69301, -21.09018 ], [ -56.69277, -21.09018 ], [ -56.69253, -21.09041 ], [ -56.69253, -21.09075 ], [ -56.69229, -21.09075 ], [ -56.69229, -21.09108 ], [ -56.69205, -21.0912 ], [ -56.69217, -21.09187 ], [ -56.69241, -21.09188 ], [ -56.69229, -21.09267 ], [ -56.6906, -21.09266 ], [ -56.6906, -21.09278 ], [ -56.68855, -21.09266 ], [ -56.68855, -21.09289 ], [ -56.6859, -21.09299 ], [ -56.6859, -21.09288 ], [ -56.68518, -21.09265 ], [ -56.68494, -21.0922 ], [ -56.68458, -21.09231 ], [ -56.6841, -21.09197 ], [ -56.68386, -21.09197 ], [ -56.68326, -21.09254 ], [ -56.68241, -21.09287 ], [ -56.68193, -21.09333 ], [ -56.68169, -21.09332 ], [ -56.68157, -21.094 ], [ -56.68133, -21.094 ], [ -56.68108, -21.09423 ], [ -56.68108, -21.09457 ], [ -56.68096, -21.09457 ], [ -56.68108, -21.09592 ], [ -56.68096, -21.09592 ], [ -56.68096, -21.09637 ], [ -56.67903, -21.0984 ], [ -56.67867, -21.09818 ], [ -56.67831, -21.09818 ], [ -56.6777, -21.09863 ], [ -56.67578, -21.09874 ], [ -56.67578, -21.09885 ], [ -56.67553, -21.09885 ], [ -56.67553, -21.09919 ], [ -56.67541, -21.09919 ], [ -56.67553, -21.09975 ], [ -56.67541, -21.09975 ], [ -56.67541, -21.09998 ], [ -56.67433, -21.1002 ], [ -56.67421, -21.10043 ], [ -56.67348, -21.10043 ], [ -56.67348, -21.10122 ], [ -56.6736, -21.10133 ], [ -56.67336, -21.10145 ], [ -56.67336, -21.10178 ], [ -56.67312, -21.10178 ], [ -56.67312, -21.1028 ], [ -56.67336, -21.10291 ], [ -56.67348, -21.10382 ], [ -56.6736, -21.10382 ], [ -56.6736, -21.10404 ], [ -56.67384, -21.10405 ], [ -56.67384, -21.1045 ], [ -56.67396, -21.1045 ], [ -56.67396, -21.10518 ], [ -56.67408, -21.10518 ], [ -56.67407, -21.10585 ], [ -56.67419, -21.10597 ], [ -56.67407, -21.10597 ], [ -56.67395, -21.10653 ], [ -56.67431, -21.10665 ], [ -56.67431, -21.10687 ], [ -56.67455, -21.10698 ], [ -56.67455, -21.10721 ], [ -56.67491, -21.10766 ], [ -56.67478, -21.11162 ], [ -56.67491, -21.11162 ], [ -56.6749, -21.11196 ], [ -56.67478, -21.11196 ], [ -56.67478, -21.11252 ], [ -56.67358, -21.11365 ], [ -56.67358, -21.11399 ], [ -56.67261, -21.11478 ], [ -56.67261, -21.115 ], [ -56.67225, -21.11534 ], [ -56.6702, -21.1159 ], [ -56.67008, -21.11613 ], [ -56.66935, -21.11635 ], [ -56.6691, -21.12087 ], [ -56.66886, -21.12099 ], [ -56.66886, -21.12144 ], [ -56.66862, -21.12178 ], [ -56.66934, -21.12246 ], [ -56.67043, -21.12257 ], [ -56.67139, -21.12348 ], [ -56.67151, -21.12404 ], [ -56.67139, -21.12404 ], [ -56.67126, -21.12472 ], [ -56.67175, -21.12472 ], [ -56.67174, -21.12483 ], [ -56.67211, -21.12483 ], [ -56.67223, -21.12506 ], [ -56.67247, -21.12506 ], [ -56.67259, -21.1254 ], [ -56.67247, -21.1254 ], [ -56.67247, -21.12585 ], [ -56.67259, -21.12597 ], [ -56.67331, -21.12597 ], [ -56.67331, -21.12585 ], [ -56.67379, -21.12574 ], [ -56.67403, -21.1254 ], [ -56.67475, -21.1254 ], [ -56.67488, -21.12518 ], [ -56.67572, -21.12518 ], [ -56.67584, -21.12541 ], [ -56.67668, -21.12541 ], [ -56.67692, -21.12564 ], [ -56.67692, -21.12609 ], [ -56.67704, -21.12609 ], [ -56.67704, -21.1288 ], [ -56.67728, -21.12903 ], [ -56.67739, -21.12993 ], [ -56.678, -21.13004 ], [ -56.67812, -21.12982 ], [ -56.67848, -21.12982 ], [ -56.6786, -21.13005 ], [ -56.67884, -21.13005 ], [ -56.67884, -21.1305 ], [ -56.67908, -21.1305 ], [ -56.67932, -21.13084 ], [ -56.67967, -21.1357 ], [ -56.67979, -21.1357 ], [ -56.67979, -21.13705 ], [ -56.67991, -21.13705 ], [ -56.67979, -21.13773 ], [ -56.68015, -21.13785 ], [ -56.68015, -21.13807 ], [ -56.68063, -21.13852 ], [ -56.68159, -21.13875 ], [ -56.68183, -21.13909 ], [ -56.68207, -21.13909 ], [ -56.68291, -21.13989 ], [ -56.68291, -21.14022 ], [ -56.68375, -21.14079 ], [ -56.68387, -21.14147 ], [ -56.68472, -21.14158 ], [ -56.68508, -21.14204 ], [ -56.68544, -21.14204 ], [ -56.68556, -21.14226 ], [ -56.68664, -21.14227 ], [ -56.68676, -21.14238 ], [ -56.68712, -21.14441 ], [ -56.68724, -21.14441 ], [ -56.68724, -21.14487 ], [ -56.68736, -21.14487 ], [ -56.68736, -21.14532 ], [ -56.68748, -21.14532 ], [ -56.68748, -21.14588 ], [ -56.68796, -21.14656 ], [ -56.68808, -21.14758 ], [ -56.68844, -21.14781 ], [ -56.68783, -21.14837 ], [ -56.68783, -21.1486 ], [ -56.68747, -21.14882 ], [ -56.68639, -21.14871 ], [ -56.68639, -21.14882 ], [ -56.68615, -21.14882 ], [ -56.68615, -21.14927 ], [ -56.68566, -21.14938 ], [ -56.68542, -21.14961 ], [ -56.68542, -21.14995 ], [ -56.68506, -21.1504 ], [ -56.68482, -21.15108 ], [ -56.68446, -21.15141 ], [ -56.68421, -21.15141 ], [ -56.68289, -21.15265 ], [ -56.68265, -21.15265 ], [ -56.6824, -21.15299 ], [ -56.68168, -21.1531 ], [ -56.68132, -21.15356 ], [ -56.68011, -21.15355 ], [ -56.68011, -21.15434 ], [ -56.67975, -21.15468 ], [ -56.67951, -21.15468 ], [ -56.67939, -21.15491 ], [ -56.67818, -21.15536 ], [ -56.67806, -21.15637 ], [ -56.67758, -21.15637 ], [ -56.6771, -21.15682 ], [ -56.67709, -21.15716 ], [ -56.67685, -21.15716 ], [ -56.67673, -21.15739 ], [ -56.67649, -21.15739 ], [ -56.67637, -21.15761 ], [ -56.67613, -21.15761 ], [ -56.67589, -21.15784 ], [ -56.67613, -21.15874 ], [ -56.67685, -21.15931 ], [ -56.67696, -21.16146 ], [ -56.67709, -21.16146 ], [ -56.67708, -21.16225 ], [ -56.67684, -21.16236 ], [ -56.67684, -21.16259 ], [ -56.6766, -21.16281 ], [ -56.67672, -21.16372 ], [ -56.67684, -21.16372 ], [ -56.67684, -21.1644 ], [ -56.6766, -21.16462 ], [ -56.67659, -21.16609 ], [ -56.67647, -21.16609 ], [ -56.67647, -21.16688 ], [ -56.67635, -21.16688 ], [ -56.67635, -21.16778 ], [ -56.67623, -21.16778 ], [ -56.67635, -21.16812 ], [ -56.67526, -21.16812 ], [ -56.67526, -21.16823 ], [ -56.67261, -21.16812 ], [ -56.67188, -21.1706 ], [ -56.67152, -21.17105 ], [ -56.67128, -21.17105 ], [ -56.67092, -21.17139 ], [ -56.67092, -21.17162 ], [ -56.67056, -21.17184 ], [ -56.67056, -21.17207 ], [ -56.66935, -21.17218 ], [ -56.66923, -21.17195 ], [ -56.66863, -21.17195 ], [ -56.66875, -21.17263 ], [ -56.66815, -21.17285 ], [ -56.66814, -21.17308 ], [ -56.66766, -21.17319 ], [ -56.66766, -21.17342 ], [ -56.6673, -21.17376 ], [ -56.66634, -21.17375 ], [ -56.66634, -21.17398 ], [ -56.66585, -21.17398 ], [ -56.66585, -21.17409 ], [ -56.66393, -21.17431 ], [ -56.66392, -21.17443 ], [ -56.66308, -21.17443 ], [ -56.6632, -21.17488 ], [ -56.66308, -21.17488 ], [ -56.66296, -21.17623 ], [ -56.6638, -21.17646 ], [ -56.66476, -21.17737 ], [ -56.66488, -21.17963 ], [ -56.66476, -21.17963 ], [ -56.66476, -21.18008 ], [ -56.66415, -21.18008 ], [ -56.66415, -21.18053 ], [ -56.66391, -21.18053 ], [ -56.66367, -21.18132 ], [ -56.66379, -21.18132 ], [ -56.66379, -21.18155 ], [ -56.66415, -21.18155 ], [ -56.66403, -21.182 ], [ -56.66463, -21.18223 ], [ -56.66487, -21.18257 ], [ -56.66475, -21.18257 ], [ -56.66463, -21.18336 ], [ -56.6639, -21.18347 ], [ -56.6639, -21.18358 ], [ -56.66378, -21.18347 ], [ -56.66186, -21.18346 ], [ -56.66125, -21.18403 ], [ -56.66125, -21.18448 ], [ -56.66149, -21.18459 ], [ -56.66149, -21.18516 ], [ -56.66137, -21.18516 ], [ -56.66125, -21.18584 ], [ -56.66149, -21.18606 ], [ -56.66185, -21.18606 ], [ -56.66185, -21.18629 ], [ -56.66209, -21.18629 ], [ -56.66161, -21.18731 ], [ -56.66185, -21.18731 ], [ -56.66185, -21.18753 ], [ -56.66209, -21.18753 ], [ -56.66233, -21.18787 ], [ -56.66281, -21.18799 ], [ -56.66293, -21.18833 ], [ -56.66353, -21.18833 ], [ -56.66389, -21.18855 ], [ -56.66425, -21.18855 ], [ -56.66425, -21.18923 ], [ -56.66449, -21.18946 ], [ -56.66437, -21.18991 ], [ -56.66461, -21.19002 ], [ -56.66437, -21.19036 ], [ -56.66425, -21.19138 ], [ -56.66232, -21.19138 ], [ -56.66232, -21.19205 ], [ -56.6622, -21.19205 ], [ -56.6622, -21.1925 ], [ -56.66208, -21.1925 ], [ -56.66196, -21.19296 ], [ -56.6622, -21.19318 ], [ -56.66244, -21.19318 ], [ -56.66244, -21.19341 ], [ -56.66232, -21.19341 ], [ -56.66219, -21.19397 ], [ -56.66183, -21.1942 ], [ -56.66183, -21.19454 ], [ -56.66207, -21.19454 ], [ -56.66219, -21.19477 ], [ -56.66195, -21.19488 ], [ -56.66195, -21.19522 ], [ -56.66183, -21.19522 ], [ -56.66183, -21.19601 ], [ -56.66159, -21.19601 ], [ -56.66159, -21.19657 ], [ -56.66183, -21.19669 ], [ -56.66183, -21.19691 ], [ -56.66255, -21.1968 ], [ -56.66267, -21.19646 ], [ -56.66303, -21.19624 ], [ -56.66303, -21.19601 ], [ -56.66388, -21.19579 ], [ -56.664, -21.19511 ], [ -56.66424, -21.19488 ], [ -56.6646, -21.19488 ], [ -56.66484, -21.19466 ], [ -56.66496, -21.19421 ], [ -56.66521, -21.19421 ], [ -56.66533, -21.19398 ], [ -56.66677, -21.19398 ], [ -56.66677, -21.19421 ], [ -56.66725, -21.19432 ], [ -56.66725, -21.19455 ], [ -56.66749, -21.19455 ], [ -56.66749, -21.19478 ], [ -56.66773, -21.19478 ], [ -56.66773, -21.195 ], [ -56.66834, -21.19546 ], [ -56.66906, -21.19546 ], [ -56.66918, -21.19568 ], [ -56.66942, -21.19568 ], [ -56.66966, -21.19546 ], [ -56.67014, -21.19546 ], [ -56.67038, -21.19569 ], [ -56.67087, -21.19569 ], [ -56.67099, -21.19591 ], [ -56.67123, -21.19591 ], [ -56.67159, -21.19625 ], [ -56.67159, -21.19648 ], [ -56.67219, -21.19659 ], [ -56.67207, -21.19682 ], [ -56.67243, -21.19727 ], [ -56.67291, -21.19727 ], [ -56.67303, -21.1975 ], [ -56.67339, -21.1975 ], [ -56.67339, -21.19761 ], [ -56.67411, -21.19761 ], [ -56.67424, -21.19739 ], [ -56.67508, -21.19728 ], [ -56.6752, -21.1975 ], [ -56.67508, -21.1975 ], [ -56.67508, -21.19784 ], [ -56.67544, -21.19818 ], [ -56.67544, -21.19931 ], [ -56.67532, -21.19931 ], [ -56.67507, -21.20033 ], [ -56.67495, -21.20033 ], [ -56.67483, -21.20168 ], [ -56.67447, -21.20202 ], [ -56.67447, -21.20236 ], [ -56.67422, -21.20259 ], [ -56.67398, -21.20259 ], [ -56.67398, -21.20349 ], [ -56.67362, -21.20383 ], [ -56.67314, -21.20371 ], [ -56.67289, -21.2045 ], [ -56.67277, -21.2045 ], [ -56.67289, -21.20496 ], [ -56.67325, -21.2053 ], [ -56.67325, -21.20564 ], [ -56.67289, -21.20609 ], [ -56.67289, -21.20654 ], [ -56.67277, -21.20654 ], [ -56.67265, -21.20699 ], [ -56.67229, -21.2071 ], [ -56.67229, -21.20744 ], [ -56.67253, -21.20755 ], [ -56.67264, -21.20936 ], [ -56.67252, -21.20936 ], [ -56.67252, -21.2097 ], [ -56.67168, -21.21038 ], [ -56.67168, -21.21049 ], [ -56.67216, -21.21049 ], [ -56.67216, -21.21061 ], [ -56.673, -21.21061 ], [ -56.67312, -21.21117 ], [ -56.67433, -21.21129 ], [ -56.67469, -21.21174 ], [ -56.67469, -21.21197 ], [ -56.67444, -21.21197 ], [ -56.67408, -21.21242 ], [ -56.67408, -21.21276 ], [ -56.67432, -21.21276 ], [ -56.67456, -21.21298 ], [ -56.67456, -21.21332 ], [ -56.67444, -21.21332 ], [ -56.67444, -21.21377 ], [ -56.6742, -21.21411 ], [ -56.6742, -21.21456 ], [ -56.67408, -21.21456 ], [ -56.67395, -21.21558 ], [ -56.67371, -21.21592 ], [ -56.67347, -21.21728 ], [ -56.67323, -21.21761 ], [ -56.67323, -21.2184 ], [ -56.67311, -21.2184 ], [ -56.6731, -21.21874 ], [ -56.67286, -21.21897 ], [ -56.67274, -21.21953 ], [ -56.6725, -21.21953 ], [ -56.6725, -21.22032 ], [ -56.67226, -21.22032 ], [ -56.67226, -21.22044 ], [ -56.6719, -21.22032 ], [ -56.67177, -21.221 ], [ -56.67141, -21.22123 ], [ -56.67141, -21.22168 ], [ -56.67129, -21.22168 ], [ -56.67129, -21.2219 ], [ -56.67105, -21.2219 ], [ -56.67105, -21.22224 ], [ -56.67032, -21.22235 ], [ -56.67032, -21.22258 ], [ -56.66996, -21.22258 ], [ -56.66996, -21.22269 ], [ -56.669, -21.22269 ], [ -56.669, -21.22246 ], [ -56.66815, -21.22258 ], [ -56.66815, -21.22325 ], [ -56.66827, -21.22325 ], [ -56.66827, -21.22382 ], [ -56.66839, -21.22382 ], [ -56.66839, -21.22461 ], [ -56.66851, -21.22461 ], [ -56.66839, -21.22574 ], [ -56.66863, -21.22585 ], [ -56.66887, -21.22653 ], [ -56.66923, -21.22687 ], [ -56.66923, -21.22755 ], [ -56.66959, -21.228 ], [ -56.66959, -21.22845 ], [ -56.66971, -21.22846 ], [ -56.66971, -21.22868 ], [ -56.67043, -21.22857 ], [ -56.67043, -21.2288 ], [ -56.67091, -21.2288 ], [ -56.67127, -21.22914 ], [ -56.67163, -21.23253 ], [ -56.67139, -21.23275 ], [ -56.67126, -21.23354 ], [ -56.67102, -21.23354 ], [ -56.67114, -21.23377 ], [ -56.6709, -21.23388 ], [ -56.6709, -21.23456 ], [ -56.67114, -21.23479 ], [ -56.67102, -21.23524 ], [ -56.67138, -21.23535 ], [ -56.67162, -21.23592 ], [ -56.67186, -21.23592 ], [ -56.67222, -21.23682 ], [ -56.67282, -21.23694 ], [ -56.67282, -21.23728 ], [ -56.67258, -21.23739 ], [ -56.67258, -21.23874 ], [ -56.67282, -21.23897 ], [ -56.67246, -21.23931 ], [ -56.67245, -21.24044 ], [ -56.67233, -21.24044 ], [ -56.67233, -21.241 ], [ -56.67221, -21.241 ], [ -56.67221, -21.24157 ], [ -56.67197, -21.24191 ], [ -56.67209, -21.24247 ], [ -56.67245, -21.24293 ], [ -56.67245, -21.24338 ], [ -56.67209, -21.2436 ], [ -56.67196, -21.24417 ], [ -56.6716, -21.24417 ], [ -56.67136, -21.24439 ], [ -56.67112, -21.24541 ], [ -56.67088, -21.24552 ], [ -56.67136, -21.24597 ], [ -56.6716, -21.24597 ], [ -56.67184, -21.24631 ], [ -56.67172, -21.24665 ], [ -56.67123, -21.24699 ], [ -56.67123, -21.24744 ], [ -56.67256, -21.24756 ], [ -56.67268, -21.24801 ], [ -56.67316, -21.24846 ], [ -56.67424, -21.24869 ], [ -56.67436, -21.24892 ], [ -56.67473, -21.24903 ], [ -56.67472, -21.24926 ], [ -56.67509, -21.2496 ], [ -56.67545, -21.2496 ], [ -56.67581, -21.24994 ], [ -56.67641, -21.24994 ], [ -56.67653, -21.2505 ], [ -56.67713, -21.25039 ], [ -56.67749, -21.25062 ], [ -56.67798, -21.25062 ], [ -56.6781, -21.25039 ], [ -56.67858, -21.25051 ], [ -56.6787, -21.25096 ], [ -56.67822, -21.25141 ], [ -56.67822, -21.25164 ], [ -56.67797, -21.25175 ], [ -56.67797, -21.25198 ], [ -56.67773, -21.25209 ], [ -56.67761, -21.25299 ], [ -56.67797, -21.25333 ], [ -56.67797, -21.25345 ], [ -56.67773, -21.25344 ], [ -56.67785, -21.25491 ], [ -56.67773, -21.25491 ], [ -56.67772, -21.25548 ], [ -56.67797, -21.25559 ], [ -56.6782, -21.25763 ], [ -56.67844, -21.25763 ], [ -56.67856, -21.25819 ], [ -56.67844, -21.25819 ], [ -56.67844, -21.25853 ], [ -56.6788, -21.25887 ], [ -56.67892, -21.25977 ], [ -56.67868, -21.26 ], [ -56.67832, -21.26 ], [ -56.67844, -21.26034 ], [ -56.6782, -21.26045 ], [ -56.67807, -21.2609 ], [ -56.67711, -21.26181 ], [ -56.67711, -21.26203 ], [ -56.67675, -21.26203 ], [ -56.67675, -21.26237 ], [ -56.67638, -21.26237 ], [ -56.67638, -21.26282 ], [ -56.6759, -21.26327 ], [ -56.67554, -21.26338 ], [ -56.67566, -21.26418 ], [ -56.67542, -21.26429 ], [ -56.67541, -21.26451 ], [ -56.67457, -21.26463 ], [ -56.67457, -21.26485 ], [ -56.67409, -21.2653 ], [ -56.67396, -21.26587 ], [ -56.67348, -21.26609 ], [ -56.67348, -21.26632 ], [ -56.67324, -21.26654 ], [ -56.67288, -21.26654 ], [ -56.67252, -21.26688 ], [ -56.67251, -21.26801 ], [ -56.67191, -21.2679 ], [ -56.67191, -21.26801 ], [ -56.67167, -21.26801 ], [ -56.67167, -21.26835 ], [ -56.67131, -21.26869 ], [ -56.67046, -21.26891 ], [ -56.67058, -21.26993 ], [ -56.67082, -21.27004 ], [ -56.67082, -21.27038 ], [ -56.67118, -21.27072 ], [ -56.67118, -21.2714 ], [ -56.67142, -21.27151 ], [ -56.67142, -21.2723 ], [ -56.67118, -21.27242 ], [ -56.67118, -21.27309 ], [ -56.67154, -21.27343 ], [ -56.67178, -21.27343 ], [ -56.67214, -21.27389 ], [ -56.67395, -21.27412 ], [ -56.67455, -21.27468 ], [ -56.67455, -21.27491 ], [ -56.67491, -21.27514 ], [ -56.67491, -21.27536 ], [ -56.67527, -21.27559 ], [ -56.67515, -21.27717 ], [ -56.67527, -21.27717 ], [ -56.67527, -21.27774 ], [ -56.67563, -21.27796 ], [ -56.67574, -21.28045 ], [ -56.67598, -21.28045 ], [ -56.67586, -21.28056 ], [ -56.67586, -21.28158 ], [ -56.67658, -21.28226 ], [ -56.67658, -21.28248 ], [ -56.6761, -21.28294 ], [ -56.6761, -21.28327 ], [ -56.67622, -21.28327 ], [ -56.67622, -21.28361 ], [ -56.67694, -21.28418 ], [ -56.67706, -21.28486 ], [ -56.67766, -21.28509 ], [ -56.67766, -21.28542 ], [ -56.67814, -21.28543 ], [ -56.67814, -21.28554 ], [ -56.67898, -21.28577 ], [ -56.67898, -21.28622 ], [ -56.67922, -21.28633 ], [ -56.67934, -21.28667 ], [ -56.68139, -21.28679 ], [ -56.68151, -21.28713 ], [ -56.68188, -21.28713 ], [ -56.68199, -21.28781 ], [ -56.68236, -21.28803 ], [ -56.68284, -21.28803 ], [ -56.68284, -21.28815 ], [ -56.68356, -21.28803 ], [ -56.68356, -21.28758 ], [ -56.68417, -21.2877 ], [ -56.68429, -21.28792 ], [ -56.68585, -21.28793 ], [ -56.68585, -21.28815 ], [ -56.68621, -21.28838 ], [ -56.68621, -21.28883 ], [ -56.68645, -21.28883 ], [ -56.68657, -21.28974 ], [ -56.68681, -21.29007 ], [ -56.68681, -21.29019 ], [ -56.68633, -21.29019 ], [ -56.68633, -21.2903 ], [ -56.68344, -21.29063 ], [ -56.68439, -21.29414 ], [ -56.68271, -21.2938 ], [ -56.68259, -21.29346 ], [ -56.68234, -21.29346 ], [ -56.68234, -21.29323 ], [ -56.68186, -21.29323 ], [ -56.68162, -21.29289 ], [ -56.68005, -21.29289 ], [ -56.67993, -21.29311 ], [ -56.67945, -21.29311 ], [ -56.67945, -21.293 ], [ -56.67897, -21.293 ], [ -56.67861, -21.29266 ], [ -56.67825, -21.29266 ], [ -56.678, -21.29288 ], [ -56.678, -21.29322 ], [ -56.67788, -21.29322 ], [ -56.678, -21.29367 ], [ -56.67788, -21.29367 ], [ -56.67788, -21.29424 ], [ -56.67776, -21.29424 ], [ -56.67764, -21.29492 ], [ -56.67716, -21.29537 ], [ -56.67715, -21.29571 ], [ -56.67691, -21.29571 ], [ -56.67691, -21.29605 ], [ -56.67655, -21.29638 ], [ -56.67655, -21.29661 ], [ -56.67619, -21.29683 ], [ -56.67619, -21.29729 ], [ -56.67594, -21.29751 ], [ -56.67582, -21.29796 ], [ -56.6751, -21.29785 ], [ -56.67486, -21.29762 ], [ -56.67462, -21.29762 ], [ -56.6745, -21.2974 ], [ -56.67426, -21.2974 ], [ -56.67414, -21.29717 ], [ -56.67281, -21.2966 ], [ -56.67281, -21.29717 ], [ -56.67245, -21.29717 ], [ -56.67245, -21.29762 ], [ -56.67209, -21.29796 ], [ -56.67208, -21.29818 ], [ -56.67221, -21.29818 ], [ -56.6722, -21.29965 ], [ -56.67256, -21.29999 ], [ -56.67256, -21.30078 ], [ -56.67304, -21.30124 ], [ -56.67316, -21.30225 ], [ -56.6734, -21.30237 ], [ -56.67328, -21.30259 ], [ -56.67352, -21.30259 ], [ -56.67376, -21.30282 ], [ -56.67376, -21.30305 ], [ -56.674, -21.30316 ], [ -56.674, -21.30338 ], [ -56.67436, -21.30361 ], [ -56.67424, -21.30678 ], [ -56.674, -21.30677 ], [ -56.67399, -21.307 ], [ -56.67448, -21.30768 ], [ -56.67448, -21.30791 ], [ -56.67472, -21.30802 ], [ -56.67459, -21.30836 ], [ -56.67496, -21.3087 ], [ -56.67495, -21.30915 ], [ -56.6752, -21.30915 ], [ -56.6752, -21.30938 ], [ -56.67556, -21.30938 ], [ -56.67556, -21.30972 ], [ -56.67604, -21.31039 ], [ -56.67591, -21.31265 ], [ -56.67579, -21.31265 ], [ -56.67567, -21.31322 ], [ -56.67531, -21.31344 ], [ -56.67531, -21.31367 ], [ -56.67579, -21.31435 ], [ -56.67579, -21.31491 ], [ -56.67591, -21.31491 ], [ -56.67603, -21.31559 ], [ -56.67615, -21.31559 ], [ -56.67615, -21.31627 ], [ -56.67627, -21.31627 ], [ -56.67639, -21.31672 ], [ -56.67663, -21.31684 ], [ -56.67662, -21.3174 ] ] ] } },
{ "type": "Feature", "properties": { "titulo": "Salobra", "subtitulo": "Bacia dos Rios Cênicos", "area_ha": 232991 }, "geometry": { "type": "Polygon", "coordinates": [ [ [ -56.87646, -20.56432 ], [ -56.87394, -20.56569 ], [ -56.87515, -20.56762 ], [ -56.87599, -20.57071 ], [ -56.87444, -20.57251 ], [ -56.87008, -20.57564 ], [ -56.86839, -20.58013 ], [ -56.86972, -20.58027 ], [ -56.86944, -20.58028 ], [ -56.86944, -20.58056 ], [ -56.87056, -20.58056 ], [ -56.87056, -20.58083 ], [ -56.87111, -20.58083 ], [ -56.87111, -20.58111 ], [ -56.87194, -20.58111 ], [ -56.87194, -20.58083 ], [ -56.87278, -20.58083 ], [ -56.87278, -20.58111 ], [ -56.87333, -20.58111 ], [ -56.87333, -20.58139 ], [ -56.87361, -20.58139 ], [ -56.87361, -20.58167 ], [ -56.87417, -20.58167 ], [ -56.87417, -20.58194 ], [ -56.87444, -20.58194 ], [ -56.87444, -20.58222 ], [ -56.87556, -20.58222 ], [ -56.87556, -20.58194 ], [ -56.87573, -20.58194 ], [ -56.87611, -20.58241 ], [ -56.87611, -20.58306 ], [ -56.87694, -20.58306 ], [ -56.87694, -20.58333 ], [ -56.87731, -20.58333 ], [ -56.8775, -20.58361 ], [ -56.87778, -20.58369 ], [ -56.87778, -20.58389 ], [ -56.87806, -20.5839 ], [ -56.87806, -20.58417 ], [ -56.87833, -20.58417 ], [ -56.87833, -20.58444 ], [ -56.87861, -20.58444 ], [ -56.87861, -20.58472 ], [ -56.87917, -20.58473 ], [ -56.87917, -20.585 ], [ -56.87944, -20.585 ], [ -56.87944, -20.58528 ], [ -56.87972, -20.58528 ], [ -56.87972, -20.58556 ], [ -56.88, -20.58556 ], [ -56.88, -20.58583 ], [ -56.88111, -20.58583 ], [ -56.88111, -20.58556 ], [ -56.88167, -20.58556 ], [ -56.88167, -20.58528 ], [ -56.88222, -20.58528 ], [ -56.88222, -20.585 ], [ -56.88306, -20.585 ], [ -56.88306, -20.58472 ], [ -56.88361, -20.58472 ], [ -56.88361, -20.58444 ], [ -56.88472, -20.58444 ], [ -56.88472, -20.58429 ], [ -56.88556, -20.5853 ], [ -56.88556, -20.58556 ], [ -56.88577, -20.58556 ], [ -56.88583, -20.58583 ], [ -56.88611, -20.58583 ], [ -56.88611, -20.58611 ], [ -56.88639, -20.58611 ], [ -56.88639, -20.58639 ], [ -56.88667, -20.58639 ], [ -56.88667, -20.58667 ], [ -56.88694, -20.58667 ], [ -56.88694, -20.58694 ], [ -56.88778, -20.58694 ], [ -56.88778, -20.58722 ], [ -56.88827, -20.58722 ], [ -56.88833, -20.58737 ], [ -56.88747, -20.58759 ], [ -56.88639, -20.58925 ], [ -56.88616, -20.59013 ], [ -56.88415, -20.58938 ], [ -56.88184, -20.58914 ], [ -56.87984, -20.59239 ], [ -56.87772, -20.59494 ], [ -56.87509, -20.5942 ], [ -56.87201, -20.59489 ], [ -56.87098, -20.59478 ], [ -56.87062, -20.59832 ], [ -56.87215, -20.60239 ], [ -56.87046, -20.60443 ], [ -56.86713, -20.6072 ], [ -56.86656, -20.61275 ], [ -56.87036, -20.61705 ], [ -56.87086, -20.62044 ], [ -56.87147, -20.6215 ], [ -56.87197, -20.62322 ], [ -56.8725, -20.62337 ], [ -56.8725, -20.62389 ], [ -56.87278, -20.62389 ], [ -56.87278, -20.62417 ], [ -56.87306, -20.62417 ], [ -56.87306, -20.62444 ], [ -56.87333, -20.62444 ], [ -56.87333, -20.62472 ], [ -56.87361, -20.62472 ], [ -56.87361, -20.625 ], [ -56.87389, -20.625 ], [ -56.87389, -20.62528 ], [ -56.87403, -20.62528 ], [ -56.87335, -20.63116 ], [ -56.86783, -20.63291 ], [ -56.86809, -20.63543 ], [ -56.86861, -20.63617 ], [ -56.86861, -20.63667 ], [ -56.86889, -20.63667 ], [ -56.86889, -20.63694 ], [ -56.86916, -20.63694 ], [ -56.87056, -20.63891 ], [ -56.87056, -20.63917 ], [ -56.87073, -20.63917 ], [ -56.87143, -20.64015 ], [ -56.87203, -20.64477 ], [ -56.87306, -20.64611 ], [ -56.87417, -20.64722 ], [ -56.87444, -20.64722 ], [ -56.87444, -20.64778 ], [ -56.87528, -20.64778 ], [ -56.87528, -20.6475 ], [ -56.87583, -20.6475 ], [ -56.87583, -20.64778 ], [ -56.87667, -20.64778 ], [ -56.87667, -20.64806 ], [ -56.87806, -20.64806 ], [ -56.87806, -20.64778 ], [ -56.87917, -20.64778 ], [ -56.87917, -20.6475 ], [ -56.87931, -20.6475 ], [ -56.88182, -20.65152 ], [ -56.87975, -20.65484 ], [ -56.87914, -20.65887 ], [ -56.87606, -20.66025 ], [ -56.87571, -20.6646 ], [ -56.87713, -20.66626 ], [ -56.87806, -20.66677 ], [ -56.87806, -20.66694 ], [ -56.88, -20.66756 ], [ -56.88, -20.66778 ], [ -56.88056, -20.66778 ], [ -56.88056, -20.66806 ], [ -56.88083, -20.66806 ], [ -56.88083, -20.66833 ], [ -56.88222, -20.66833 ], [ -56.88222, -20.66861 ], [ -56.88278, -20.66861 ], [ -56.88278, -20.66889 ], [ -56.88306, -20.66889 ], [ -56.88306, -20.66917 ], [ -56.885, -20.66917 ], [ -56.885, -20.66944 ], [ -56.88611, -20.66944 ], [ -56.88611, -20.66972 ], [ -56.8875, -20.66972 ], [ -56.8875, -20.67 ], [ -56.88833, -20.67 ], [ -56.88833, -20.67028 ], [ -56.88867, -20.67028 ], [ -56.88814, -20.67167 ], [ -56.88972, -20.67417 ], [ -56.89, -20.6742 ], [ -56.89, -20.67444 ], [ -56.89028, -20.67444 ], [ -56.89028, -20.67472 ], [ -56.89056, -20.67472 ], [ -56.89056, -20.675 ], [ -56.89083, -20.675 ], [ -56.89083, -20.67528 ], [ -56.89111, -20.67528 ], [ -56.89111, -20.67556 ], [ -56.8916, -20.67556 ], [ -56.89137, -20.67736 ], [ -56.89148, -20.67819 ], [ -56.8909, -20.68279 ], [ -56.88758, -20.68545 ], [ -56.89053, -20.68771 ], [ -56.89261, -20.68746 ], [ -56.89238, -20.6893 ], [ -56.89263, -20.69135 ], [ -56.89153, -20.69273 ], [ -56.8903, -20.69372 ], [ -56.88981, -20.69489 ], [ -56.88813, -20.69559 ], [ -56.88474, -20.69983 ], [ -56.88369, -20.70155 ], [ -56.88256, -20.70246 ], [ -56.88203, -20.70433 ], [ -56.881, -20.70701 ], [ -56.88075, -20.70902 ], [ -56.88117, -20.71242 ], [ -56.87981, -20.71322 ], [ -56.87725, -20.71395 ], [ -56.87641, -20.71538 ], [ -56.87585, -20.71672 ], [ -56.87388, -20.7183 ], [ -56.87308, -20.72038 ], [ -56.87258, -20.72267 ], [ -56.87197, -20.72427 ], [ -56.87182, -20.72611 ], [ -56.87167, -20.72611 ], [ -56.87167, -20.72639 ], [ -56.87139, -20.72639 ], [ -56.87139, -20.72722 ], [ -56.87167, -20.72722 ], [ -56.87167, -20.72778 ], [ -56.87198, -20.72778 ], [ -56.8712, -20.72983 ], [ -56.87172, -20.73407 ], [ -56.87029, -20.7365 ], [ -56.87065, -20.73936 ], [ -56.86911, -20.74337 ], [ -56.86697, -20.74427 ], [ -56.86547, -20.74515 ], [ -56.86595, -20.74896 ], [ -56.8662, -20.74917 ], [ -56.86611, -20.74944 ], [ -56.86583, -20.74944 ], [ -56.86583, -20.74972 ], [ -56.86611, -20.74972 ], [ -56.86611, -20.75 ], [ -56.86722, -20.74998 ], [ -56.86751, -20.75022 ], [ -56.86808, -20.75156 ], [ -56.86917, -20.75327 ], [ -56.86917, -20.75389 ], [ -56.86944, -20.75389 ], [ -56.86944, -20.75417 ], [ -56.86974, -20.75417 ], [ -56.87056, -20.75606 ], [ -56.87024, -20.75867 ], [ -56.87222, -20.76194 ], [ -56.8725, -20.76198 ], [ -56.8725, -20.76222 ], [ -56.87278, -20.76222 ], [ -56.87278, -20.7625 ], [ -56.8732, -20.76254 ], [ -56.87389, -20.7634 ], [ -56.87389, -20.76361 ], [ -56.87406, -20.76361 ], [ -56.87505, -20.76485 ], [ -56.87561, -20.7668 ], [ -56.87363, -20.76816 ], [ -56.87253, -20.77116 ], [ -56.87141, -20.77205 ], [ -56.87007, -20.77524 ], [ -56.87028, -20.77778 ], [ -56.87038, -20.77778 ], [ -56.87047, -20.77847 ], [ -56.87007, -20.78167 ], [ -56.86481, -20.78023 ], [ -56.86408, -20.78195 ], [ -56.86252, -20.7826 ], [ -56.86203, -20.78322 ], [ -56.85974, -20.78372 ], [ -56.85955, -20.78417 ], [ -56.85917, -20.78417 ], [ -56.85917, -20.78389 ], [ -56.85889, -20.78389 ], [ -56.85889, -20.78361 ], [ -56.85861, -20.78361 ], [ -56.85861, -20.78333 ], [ -56.85806, -20.78333 ], [ -56.85806, -20.78306 ], [ -56.85778, -20.78306 ], [ -56.85778, -20.78278 ], [ -56.85706, -20.78278 ], [ -56.85616, -20.7818 ], [ -56.85234, -20.78098 ], [ -56.8492, -20.78373 ], [ -56.84851, -20.78597 ], [ -56.84701, -20.78765 ], [ -56.84526, -20.78922 ], [ -56.84607, -20.79071 ], [ -56.8442, -20.79373 ], [ -56.84368, -20.79598 ], [ -56.8426, -20.79694 ], [ -56.84222, -20.79694 ], [ -56.84222, -20.79722 ], [ -56.84194, -20.79722 ], [ -56.84194, -20.7975 ], [ -56.84167, -20.7975 ], [ -56.84167, -20.79778 ], [ -56.84042, -20.79889 ], [ -56.84074, -20.80028 ], [ -56.84056, -20.80028 ], [ -56.84056, -20.80056 ], [ -56.84081, -20.80056 ], [ -56.84143, -20.80321 ], [ -56.84361, -20.80389 ], [ -56.84361, -20.80417 ], [ -56.84389, -20.80417 ], [ -56.84389, -20.80444 ], [ -56.84411, -20.80444 ], [ -56.84476, -20.80654 ], [ -56.84667, -20.8105 ], [ -56.8475, -20.81143 ], [ -56.8475, -20.81167 ], [ -56.84771, -20.81167 ], [ -56.84778, -20.81194 ], [ -56.84833, -20.81231 ], [ -56.84833, -20.81278 ], [ -56.84889, -20.81281 ], [ -56.84865, -20.8171 ], [ -56.85029, -20.81785 ], [ -56.84913, -20.81998 ], [ -56.85, -20.82076 ], [ -56.85, -20.82111 ], [ -56.85028, -20.82111 ], [ -56.85028, -20.82139 ], [ -56.85056, -20.82139 ], [ -56.85056, -20.82167 ], [ -56.85101, -20.82167 ], [ -56.85265, -20.82313 ], [ -56.85423, -20.8254 ], [ -56.85611, -20.82855 ], [ -56.85611, -20.82889 ], [ -56.85639, -20.82895 ], [ -56.85639, -20.82972 ], [ -56.85693, -20.82972 ], [ -56.85701, -20.82984 ], [ -56.85917, -20.83414 ], [ -56.85917, -20.83444 ], [ -56.85944, -20.83444 ], [ -56.85944, -20.83472 ], [ -56.85972, -20.83472 ], [ -56.85972, -20.835 ], [ -56.86, -20.835 ], [ -56.86, -20.83528 ], [ -56.86028, -20.83528 ], [ -56.86028, -20.83556 ], [ -56.86056, -20.83556 ], [ -56.86056, -20.83528 ], [ -56.86083, -20.83528 ], [ -56.86083, -20.835 ], [ -56.86157, -20.835 ], [ -56.86283, -20.8368 ], [ -56.86361, -20.83702 ], [ -56.86361, -20.83722 ], [ -56.86389, -20.83722 ], [ -56.86389, -20.8375 ], [ -56.86444, -20.8375 ], [ -56.86444, -20.83778 ], [ -56.86472, -20.83778 ], [ -56.86472, -20.83806 ], [ -56.86529, -20.83806 ], [ -56.86583, -20.83889 ], [ -56.86611, -20.83889 ], [ -56.86611, -20.83944 ], [ -56.86639, -20.83944 ], [ -56.86639, -20.83972 ], [ -56.86806, -20.83972 ], [ -56.86806, -20.84028 ], [ -56.86861, -20.84028 ], [ -56.86861, -20.84083 ], [ -56.86917, -20.84083 ], [ -56.86917, -20.84111 ], [ -56.86972, -20.84111 ], [ -56.86972, -20.84098 ], [ -56.86994, -20.84126 ], [ -56.86973, -20.84264 ], [ -56.87037, -20.84541 ], [ -56.87023, -20.84639 ], [ -56.87108, -20.84856 ], [ -56.87194, -20.84916 ], [ -56.87194, -20.84944 ], [ -56.87236, -20.84944 ], [ -56.8725, -20.84972 ], [ -56.87276, -20.84972 ], [ -56.8737, -20.85038 ], [ -56.8761, -20.85232 ], [ -56.87667, -20.85255 ], [ -56.87667, -20.85278 ], [ -56.8775, -20.85289 ], [ -56.8775, -20.85306 ], [ -56.87778, -20.85306 ], [ -56.87778, -20.85333 ], [ -56.87838, -20.85333 ], [ -56.88005, -20.85458 ], [ -56.87931, -20.85606 ], [ -56.87746, -20.8581 ], [ -56.87709, -20.86051 ], [ -56.87641, -20.86093 ], [ -56.87332, -20.86502 ], [ -56.86873, -20.8669 ], [ -56.86832, -20.86971 ], [ -56.86917, -20.86989 ], [ -56.86917, -20.87056 ], [ -56.86944, -20.87056 ], [ -56.86944, -20.87083 ], [ -56.87083, -20.87083 ], [ -56.87083, -20.87111 ], [ -56.87139, -20.87111 ], [ -56.87139, -20.87139 ], [ -56.87167, -20.87139 ], [ -56.87167, -20.87167 ], [ -56.87194, -20.87167 ], [ -56.87194, -20.87194 ], [ -56.87222, -20.87194 ], [ -56.87222, -20.87167 ], [ -56.8725, -20.87167 ], [ -56.8725, -20.87139 ], [ -56.87278, -20.87139 ], [ -56.87278, -20.87111 ], [ -56.87312, -20.87111 ], [ -56.87252, -20.87427 ], [ -56.87227, -20.8768 ], [ -56.87201, -20.87711 ], [ -56.86879, -20.87641 ], [ -56.86631, -20.87958 ], [ -56.86652, -20.88219 ], [ -56.86518, -20.88809 ], [ -56.86031, -20.88873 ], [ -56.85535, -20.88995 ], [ -56.85586, -20.89099 ], [ -56.85667, -20.89201 ], [ -56.85667, -20.89222 ], [ -56.85683, -20.89222 ], [ -56.8577, -20.89334 ], [ -56.85702, -20.89488 ], [ -56.8561, -20.89567 ], [ -56.85864, -20.89766 ], [ -56.85988, -20.89821 ], [ -56.85975, -20.89988 ], [ -56.86, -20.89997 ], [ -56.86, -20.90028 ], [ -56.86028, -20.90028 ], [ -56.86028, -20.90056 ], [ -56.86139, -20.90056 ], [ -56.86139, -20.90083 ], [ -56.86227, -20.90083 ], [ -56.86287, -20.90106 ], [ -56.86475, -20.90432 ], [ -56.86572, -20.90515 ], [ -56.8648, -20.90821 ], [ -56.86368, -20.9102 ], [ -56.86421, -20.9133 ], [ -56.86587, -20.91473 ], [ -56.86534, -20.91601 ], [ -56.86359, -20.91503 ], [ -56.86192, -20.91648 ], [ -56.86255, -20.91722 ], [ -56.8625, -20.91778 ], [ -56.86278, -20.91778 ], [ -56.86278, -20.91806 ], [ -56.86306, -20.91806 ], [ -56.86306, -20.91833 ], [ -56.86351, -20.91833 ], [ -56.86361, -20.91861 ], [ -56.86552, -20.92069 ], [ -56.8642, -20.9233 ], [ -56.86253, -20.92317 ], [ -56.8615, -20.92548 ], [ -56.86061, -20.92625 ], [ -56.85944, -20.92605 ], [ -56.85944, -20.92583 ], [ -56.8589, -20.92583 ], [ -56.85889, -20.92556 ], [ -56.85843, -20.92556 ], [ -56.85784, -20.92521 ], [ -56.85528, -20.92552 ], [ -56.85528, -20.925 ], [ -56.855, -20.925 ], [ -56.855, -20.92444 ], [ -56.85528, -20.92444 ], [ -56.85528, -20.92361 ], [ -56.85556, -20.92361 ], [ -56.85556, -20.92333 ], [ -56.85583, -20.92333 ], [ -56.85583, -20.92306 ], [ -56.85556, -20.92306 ], [ -56.85556, -20.92278 ], [ -56.855, -20.92278 ], [ -56.855, -20.9225 ], [ -56.85472, -20.9225 ], [ -56.85472, -20.92222 ], [ -56.85444, -20.92222 ], [ -56.85444, -20.92194 ], [ -56.85423, -20.92194 ], [ -56.85417, -20.92167 ], [ -56.85391, -20.92167 ], [ -56.85278, -20.92076 ], [ -56.85278, -20.92028 ], [ -56.8525, -20.92028 ], [ -56.8525, -20.92 ], [ -56.85222, -20.92 ], [ -56.85222, -20.91972 ], [ -56.85148, -20.91972 ], [ -56.85089, -20.91925 ], [ -56.84905, -20.92033 ], [ -56.84628, -20.92068 ], [ -56.84611, -20.92054 ], [ -56.84611, -20.92028 ], [ -56.84583, -20.92028 ], [ -56.84583, -20.91917 ], [ -56.84556, -20.91917 ], [ -56.84556, -20.91861 ], [ -56.845, -20.91861 ], [ -56.845, -20.91806 ], [ -56.84455, -20.91806 ], [ -56.84417, -20.9171 ], [ -56.84417, -20.91694 ], [ -56.84444, -20.91694 ], [ -56.84444, -20.91611 ], [ -56.84417, -20.91611 ], [ -56.84417, -20.91583 ], [ -56.84389, -20.91583 ], [ -56.84389, -20.91556 ], [ -56.84354, -20.91556 ], [ -56.84306, -20.91472 ], [ -56.84222, -20.91382 ], [ -56.84222, -20.91361 ], [ -56.84139, -20.91345 ], [ -56.84139, -20.9125 ], [ -56.84083, -20.9125 ], [ -56.84083, -20.91222 ], [ -56.84043, -20.91222 ], [ -56.84027, -20.91185 ], [ -56.83811, -20.91212 ], [ -56.83474, -20.9117 ], [ -56.83283, -20.91291 ], [ -56.83309, -20.91488 ], [ -56.83333, -20.91528 ], [ -56.83361, -20.91533 ], [ -56.83361, -20.91556 ], [ -56.83389, -20.91557 ], [ -56.83389, -20.91583 ], [ -56.83419, -20.91583 ], [ -56.83489, -20.91644 ], [ -56.83752, -20.92064 ], [ -56.8353, -20.92255 ], [ -56.83522, -20.92488 ], [ -56.83583, -20.92541 ], [ -56.83583, -20.92611 ], [ -56.83662, -20.92611 ], [ -56.8375, -20.92718 ], [ -56.8375, -20.9275 ], [ -56.83776, -20.9275 ], [ -56.83778, -20.92778 ], [ -56.83799, -20.92778 ], [ -56.83806, -20.92806 ], [ -56.83822, -20.92806 ], [ -56.83917, -20.92919 ], [ -56.83917, -20.92944 ], [ -56.83944, -20.92953 ], [ -56.84139, -20.93278 ], [ -56.84167, -20.93279 ], [ -56.84167, -20.93306 ], [ -56.84194, -20.93306 ], [ -56.84194, -20.93333 ], [ -56.84222, -20.93333 ], [ -56.84222, -20.93361 ], [ -56.84278, -20.93361 ], [ -56.84278, -20.93389 ], [ -56.84472, -20.93389 ], [ -56.84472, -20.93417 ], [ -56.84528, -20.93417 ], [ -56.84528, -20.93444 ], [ -56.84583, -20.93444 ], [ -56.84583, -20.935 ], [ -56.84611, -20.935 ], [ -56.84611, -20.93528 ], [ -56.84639, -20.93528 ], [ -56.84639, -20.93556 ], [ -56.84667, -20.93556 ], [ -56.84667, -20.93528 ], [ -56.84697, -20.93528 ], [ -56.84763, -20.93585 ], [ -56.84889, -20.9381 ], [ -56.84889, -20.93833 ], [ -56.84902, -20.93833 ], [ -56.84972, -20.93959 ], [ -56.84924, -20.94099 ], [ -56.84753, -20.94428 ], [ -56.84724, -20.94556 ], [ -56.84722, -20.94528 ], [ -56.84667, -20.94528 ], [ -56.84667, -20.94556 ], [ -56.84583, -20.94556 ], [ -56.84583, -20.94583 ], [ -56.84528, -20.94583 ], [ -56.84528, -20.94611 ], [ -56.84556, -20.94611 ], [ -56.84556, -20.94694 ], [ -56.84528, -20.94694 ], [ -56.84528, -20.94719 ], [ -56.842, -20.94693 ], [ -56.84161, -20.94944 ], [ -56.84139, -20.94944 ], [ -56.84139, -20.94917 ], [ -56.84111, -20.94917 ], [ -56.84111, -20.94889 ], [ -56.84083, -20.94889 ], [ -56.84083, -20.94917 ], [ -56.84056, -20.94917 ], [ -56.84056, -20.94889 ], [ -56.84028, -20.94889 ], [ -56.84028, -20.94861 ], [ -56.84, -20.94861 ], [ -56.84, -20.94806 ], [ -56.83972, -20.94806 ], [ -56.83972, -20.94778 ], [ -56.83944, -20.94778 ], [ -56.83944, -20.9475 ], [ -56.83917, -20.9475 ], [ -56.83917, -20.94778 ], [ -56.83889, -20.94779 ], [ -56.83779, -20.94684 ], [ -56.8375, -20.94651 ], [ -56.8375, -20.94639 ], [ -56.83778, -20.94639 ], [ -56.83778, -20.94611 ], [ -56.8375, -20.94611 ], [ -56.8375, -20.94583 ], [ -56.83683, -20.94583 ], [ -56.83514, -20.94478 ], [ -56.83383, -20.94325 ], [ -56.83146, -20.94599 ], [ -56.82773, -20.94656 ], [ -56.82535, -20.94932 ], [ -56.82349, -20.95015 ], [ -56.82225, -20.95428 ], [ -56.81722, -20.95326 ], [ -56.81722, -20.95306 ], [ -56.81694, -20.95306 ], [ -56.81694, -20.95278 ], [ -56.81667, -20.95278 ], [ -56.81667, -20.9525 ], [ -56.81639, -20.9525 ], [ -56.81639, -20.95139 ], [ -56.81667, -20.95139 ], [ -56.81667, -20.95083 ], [ -56.81639, -20.95083 ], [ -56.81639, -20.95056 ], [ -56.81611, -20.95056 ], [ -56.81611, -20.95028 ], [ -56.81556, -20.95028 ], [ -56.81556, -20.95 ], [ -56.81517, -20.95 ], [ -56.81497, -20.94953 ], [ -56.81114, -20.94849 ], [ -56.80979, -20.95338 ], [ -56.81033, -20.95553 ], [ -56.81083, -20.95611 ], [ -56.81111, -20.9562 ], [ -56.81111, -20.95639 ], [ -56.81139, -20.95644 ], [ -56.81139, -20.95667 ], [ -56.81171, -20.95672 ], [ -56.81065, -20.95796 ], [ -56.80651, -20.96152 ], [ -56.80633, -20.96375 ], [ -56.80667, -20.96382 ], [ -56.80667, -20.96472 ], [ -56.80722, -20.96472 ], [ -56.80722, -20.96444 ], [ -56.8075, -20.96444 ], [ -56.8075, -20.96417 ], [ -56.80874, -20.9643 ], [ -56.8095, -20.9668 ], [ -56.80807, -20.9676 ], [ -56.80759, -20.96823 ], [ -56.80553, -20.9688 ], [ -56.80529, -20.97041 ], [ -56.80544, -20.97147 ], [ -56.80422, -20.97165 ], [ -56.80203, -20.97133 ], [ -56.80099, -20.97386 ], [ -56.79825, -20.97623 ], [ -56.79626, -20.97891 ], [ -56.79648, -20.98041 ], [ -56.7964, -20.98208 ], [ -56.79652, -20.98292 ], [ -56.79632, -20.9843 ], [ -56.79655, -20.98585 ], [ -56.79529, -20.98871 ], [ -56.79481, -20.99045 ], [ -56.79336, -20.99157 ], [ -56.79283, -20.99347 ], [ -56.79125, -20.99417 ], [ -56.79111, -20.99417 ], [ -56.79111, -20.99389 ], [ -56.79028, -20.99389 ], [ -56.79028, -20.99417 ], [ -56.78972, -20.99417 ], [ -56.78972, -20.99389 ], [ -56.78889, -20.99389 ], [ -56.78889, -20.99361 ], [ -56.78833, -20.99361 ], [ -56.78833, -20.99389 ], [ -56.78806, -20.99389 ], [ -56.78806, -20.99444 ], [ -56.78778, -20.99444 ], [ -56.78778, -20.99472 ], [ -56.78667, -20.99472 ], [ -56.78667, -20.995 ], [ -56.78556, -20.995 ], [ -56.78556, -20.99528 ], [ -56.78528, -20.99528 ], [ -56.78528, -20.99556 ], [ -56.785, -20.99556 ], [ -56.785, -20.99583 ], [ -56.78472, -20.99583 ], [ -56.78472, -20.99597 ], [ -56.78432, -20.99611 ], [ -56.78389, -20.99611 ], [ -56.78389, -20.99627 ], [ -56.78296, -20.9966 ], [ -56.78167, -20.99652 ], [ -56.78167, -20.99639 ], [ -56.78139, -20.99639 ], [ -56.78139, -20.99651 ], [ -56.77947, -20.99639 ], [ -56.77809, -20.99762 ], [ -56.77799, -20.99806 ], [ -56.7775, -20.99806 ], [ -56.7775, -20.99833 ], [ -56.77778, -20.99833 ], [ -56.77778, -20.99897 ], [ -56.77722, -21.00094 ], [ -56.77588, -21.00102 ], [ -56.77326, -21.00086 ], [ -56.76903, -21.00316 ], [ -56.76861, -21.00294 ], [ -56.76861, -21.00278 ], [ -56.76833, -21.00278 ], [ -56.76833, -21.0025 ], [ -56.76781, -21.0025 ], [ -56.76695, -21.00203 ], [ -56.76611, -21.00208 ], [ -56.76611, -21.00111 ], [ -56.76583, -21.00111 ], [ -56.76583, -21.00083 ], [ -56.76529, -21.00083 ], [ -56.76492, -21.00004 ], [ -56.76028, -20.99931 ], [ -56.76028, -20.99889 ], [ -56.76, -20.99889 ], [ -56.76, -20.99778 ], [ -56.75972, -20.99778 ], [ -56.75972, -20.9975 ], [ -56.75917, -20.9975 ], [ -56.75889, -20.99699 ], [ -56.75889, -20.99611 ], [ -56.75917, -20.99611 ], [ -56.75917, -20.99556 ], [ -56.75944, -20.99556 ], [ -56.75944, -20.99528 ], [ -56.75917, -20.99528 ], [ -56.75917, -20.995 ], [ -56.75889, -20.995 ], [ -56.75889, -20.99444 ], [ -56.75833, -20.99444 ], [ -56.75833, -20.99417 ], [ -56.75809, -20.99417 ], [ -56.75799, -20.99371 ], [ -56.755, -20.99388 ], [ -56.755, -20.99333 ], [ -56.75431, -20.99333 ], [ -56.75333, -20.99231 ], [ -56.75333, -20.99194 ], [ -56.75305, -20.99194 ], [ -56.75305, -20.99167 ], [ -56.75278, -20.99167 ], [ -56.75278, -20.99139 ], [ -56.7525, -20.99139 ], [ -56.7525, -20.99111 ], [ -56.75229, -20.99111 ], [ -56.75222, -20.99083 ], [ -56.75194, -20.99062 ], [ -56.75194, -20.98917 ], [ -56.75167, -20.98917 ], [ -56.75167, -20.98861 ], [ -56.75139, -20.98861 ], [ -56.75139, -20.98833 ], [ -56.75095, -20.98833 ], [ -56.7509, -20.98818 ], [ -56.74972, -20.98764 ], [ -56.74972, -20.98694 ], [ -56.74917, -20.98694 ], [ -56.74917, -20.98667 ], [ -56.74889, -20.98667 ], [ -56.74889, -20.98639 ], [ -56.74865, -20.98639 ], [ -56.74861, -20.98583 ], [ -56.74889, -20.98583 ], [ -56.74889, -20.98444 ], [ -56.74861, -20.98444 ], [ -56.74861, -20.98417 ], [ -56.74833, -20.98417 ], [ -56.74833, -20.98333 ], [ -56.74861, -20.98333 ], [ -56.74861, -20.98278 ], [ -56.74833, -20.98278 ], [ -56.74833, -20.98056 ], [ -56.74805, -20.98056 ], [ -56.74805, -20.97833 ], [ -56.74778, -20.97833 ], [ -56.74778, -20.97806 ], [ -56.7475, -20.97806 ], [ -56.7475, -20.97778 ], [ -56.74704, -20.97778 ], [ -56.74701, -20.97762 ], [ -56.74555, -20.97739 ], [ -56.74555, -20.97722 ], [ -56.74472, -20.97726 ], [ -56.74351, -20.97708 ], [ -56.74333, -20.97667 ], [ -56.74314, -20.97667 ], [ -56.74305, -20.97639 ], [ -56.74278, -20.97626 ], [ -56.74278, -20.97528 ], [ -56.7425, -20.97528 ], [ -56.7425, -20.97556 ], [ -56.74215, -20.97556 ], [ -56.74154, -20.97487 ], [ -56.74067, -20.97555 ], [ -56.73882, -20.97762 ], [ -56.73778, -20.97681 ], [ -56.73778, -20.97583 ], [ -56.73345, -20.97594 ], [ -56.73152, -20.97898 ], [ -56.73028, -20.97876 ], [ -56.73028, -20.97833 ], [ -56.73, -20.97833 ], [ -56.73, -20.97861 ], [ -56.72945, -20.97861 ], [ -56.72573, -20.97795 ], [ -56.72411, -20.97883 ], [ -56.72222, -20.97855 ], [ -56.72222, -20.97611 ], [ -56.72194, -20.97611 ], [ -56.72194, -20.97583 ], [ -56.72167, -20.97583 ], [ -56.72167, -20.97556 ], [ -56.72139, -20.97556 ], [ -56.72139, -20.97417 ], [ -56.72111, -20.97417 ], [ -56.72111, -20.97389 ], [ -56.72034, -20.97386 ], [ -56.72087, -20.97096 ], [ -56.72199, -20.96886 ], [ -56.72104, -20.96767 ], [ -56.71861, -20.96652 ], [ -56.71861, -20.96611 ], [ -56.71889, -20.96611 ], [ -56.71889, -20.96556 ], [ -56.71917, -20.96556 ], [ -56.71917, -20.96472 ], [ -56.71944, -20.96472 ], [ -56.71944, -20.96306 ], [ -56.71972, -20.96306 ], [ -56.71972, -20.96167 ], [ -56.71944, -20.96167 ], [ -56.71944, -20.96111 ], [ -56.71917, -20.96111 ], [ -56.71917, -20.96 ], [ -56.71944, -20.96 ], [ -56.71944, -20.95972 ], [ -56.71972, -20.95972 ], [ -56.71972, -20.96 ], [ -56.72055, -20.96 ], [ -56.72055, -20.95972 ], [ -56.72083, -20.95972 ], [ -56.72083, -20.95944 ], [ -56.72139, -20.95944 ], [ -56.72139, -20.95861 ], [ -56.72167, -20.95861 ], [ -56.72167, -20.95833 ], [ -56.72194, -20.95833 ], [ -56.72194, -20.95556 ], [ -56.72167, -20.95556 ], [ -56.72167, -20.95528 ], [ -56.72139, -20.95528 ], [ -56.72139, -20.95306 ], [ -56.72111, -20.95306 ], [ -56.72111, -20.95222 ], [ -56.72083, -20.95222 ], [ -56.72083, -20.95111 ], [ -56.72111, -20.95111 ], [ -56.72111, -20.95083 ], [ -56.72139, -20.95083 ], [ -56.72139, -20.95056 ], [ -56.72167, -20.95056 ], [ -56.72167, -20.95028 ], [ -56.72194, -20.95028 ], [ -56.72194, -20.94861 ], [ -56.72222, -20.94861 ], [ -56.72222, -20.94833 ], [ -56.72472, -20.94833 ], [ -56.72472, -20.94806 ], [ -56.725, -20.94806 ], [ -56.725, -20.94778 ], [ -56.72528, -20.94778 ], [ -56.72528, -20.94639 ], [ -56.725, -20.94639 ], [ -56.725, -20.94611 ], [ -56.72444, -20.94611 ], [ -56.72423, -20.9454 ], [ -56.72337, -20.945 ], [ -56.72361, -20.945 ], [ -56.72361, -20.94278 ], [ -56.72389, -20.94278 ], [ -56.72389, -20.94222 ], [ -56.72417, -20.94222 ], [ -56.72417, -20.94167 ], [ -56.72444, -20.94167 ], [ -56.72444, -20.94139 ], [ -56.72417, -20.94139 ], [ -56.72417, -20.94111 ], [ -56.72444, -20.94111 ], [ -56.72444, -20.94028 ], [ -56.72472, -20.94028 ], [ -56.72472, -20.93833 ], [ -56.725, -20.93833 ], [ -56.725, -20.93778 ], [ -56.72528, -20.93778 ], [ -56.72528, -20.93694 ], [ -56.72555, -20.93694 ], [ -56.72555, -20.93667 ], [ -56.72611, -20.93667 ], [ -56.72611, -20.93583 ], [ -56.72639, -20.93583 ], [ -56.72639, -20.935 ], [ -56.72667, -20.935 ], [ -56.72667, -20.9325 ], [ -56.72694, -20.9325 ], [ -56.72694, -20.93139 ], [ -56.72722, -20.93139 ], [ -56.72722, -20.93111 ], [ -56.7275, -20.93111 ], [ -56.7275, -20.93083 ], [ -56.72861, -20.93083 ], [ -56.72861, -20.93056 ], [ -56.72889, -20.93056 ], [ -56.72889, -20.93028 ], [ -56.72917, -20.93028 ], [ -56.72917, -20.93 ], [ -56.72944, -20.93 ], [ -56.72944, -20.92944 ], [ -56.72917, -20.92944 ], [ -56.72917, -20.92889 ], [ -56.72944, -20.92889 ], [ -56.72944, -20.92806 ], [ -56.72972, -20.92806 ], [ -56.72972, -20.92778 ], [ -56.72944, -20.92778 ], [ -56.72944, -20.92694 ], [ -56.72972, -20.92694 ], [ -56.72972, -20.92611 ], [ -56.73, -20.92611 ], [ -56.73, -20.92583 ], [ -56.73028, -20.92583 ], [ -56.73028, -20.92556 ], [ -56.73, -20.92556 ], [ -56.73, -20.92528 ], [ -56.72972, -20.92528 ], [ -56.72972, -20.925 ], [ -56.72944, -20.925 ], [ -56.72944, -20.92417 ], [ -56.72926, -20.92417 ], [ -56.72927, -20.92374 ], [ -56.72833, -20.92287 ], [ -56.72833, -20.92028 ], [ -56.72805, -20.92028 ], [ -56.72805, -20.91944 ], [ -56.72778, -20.91944 ], [ -56.72778, -20.91778 ], [ -56.72805, -20.91778 ], [ -56.72805, -20.9175 ], [ -56.72833, -20.9175 ], [ -56.72833, -20.91722 ], [ -56.72861, -20.91722 ], [ -56.72861, -20.91667 ], [ -56.72889, -20.91667 ], [ -56.72889, -20.91639 ], [ -56.72917, -20.91639 ], [ -56.72917, -20.91583 ], [ -56.72944, -20.91583 ], [ -56.72944, -20.91528 ], [ -56.72972, -20.91528 ], [ -56.72972, -20.91472 ], [ -56.73, -20.91472 ], [ -56.73, -20.91417 ], [ -56.73028, -20.91417 ], [ -56.73028, -20.91389 ], [ -56.73055, -20.91389 ], [ -56.73055, -20.91278 ], [ -56.73028, -20.91278 ], [ -56.73028, -20.91222 ], [ -56.73055, -20.91222 ], [ -56.73055, -20.91194 ], [ -56.73083, -20.91194 ], [ -56.73083, -20.91139 ], [ -56.73111, -20.91139 ], [ -56.73111, -20.91083 ], [ -56.73139, -20.91083 ], [ -56.73139, -20.91056 ], [ -56.73167, -20.91056 ], [ -56.73167, -20.91028 ], [ -56.73222, -20.91028 ], [ -56.73222, -20.90972 ], [ -56.73194, -20.90972 ], [ -56.73194, -20.90833 ], [ -56.73167, -20.90833 ], [ -56.73167, -20.90806 ], [ -56.73194, -20.90806 ], [ -56.73194, -20.90778 ], [ -56.73222, -20.90778 ], [ -56.73222, -20.90722 ], [ -56.7325, -20.90722 ], [ -56.7325, -20.90611 ], [ -56.73278, -20.90611 ], [ -56.73278, -20.90083 ], [ -56.7325, -20.90083 ], [ -56.7325, -20.90056 ], [ -56.73222, -20.90056 ], [ -56.73222, -20.89944 ], [ -56.73194, -20.89944 ], [ -56.73194, -20.89917 ], [ -56.73167, -20.8991 ], [ -56.73167, -20.89889 ], [ -56.73139, -20.89897 ], [ -56.72972, -20.89818 ], [ -56.72972, -20.89806 ], [ -56.72944, -20.89805 ], [ -56.72944, -20.89778 ], [ -56.72917, -20.89778 ], [ -56.72917, -20.8975 ], [ -56.72854, -20.8975 ], [ -56.72778, -20.8968 ], [ -56.72778, -20.89611 ], [ -56.72805, -20.89611 ], [ -56.72805, -20.89528 ], [ -56.72778, -20.89528 ], [ -56.72778, -20.89389 ], [ -56.7275, -20.89389 ], [ -56.7275, -20.89278 ], [ -56.72722, -20.89278 ], [ -56.72722, -20.8925 ], [ -56.72694, -20.8925 ], [ -56.72694, -20.89028 ], [ -56.72722, -20.89028 ], [ -56.72722, -20.88944 ], [ -56.7275, -20.88944 ], [ -56.7275, -20.88917 ], [ -56.72778, -20.88917 ], [ -56.72778, -20.88806 ], [ -56.7275, -20.88806 ], [ -56.7275, -20.8875 ], [ -56.72722, -20.8875 ], [ -56.72722, -20.88639 ], [ -56.72778, -20.88639 ], [ -56.72778, -20.88472 ], [ -56.7275, -20.88472 ], [ -56.7275, -20.88444 ], [ -56.72722, -20.88444 ], [ -56.72722, -20.88417 ], [ -56.72694, -20.88417 ], [ -56.72694, -20.88361 ], [ -56.72639, -20.88361 ], [ -56.72639, -20.88333 ], [ -56.72583, -20.88333 ], [ -56.72574, -20.88361 ], [ -56.72534, -20.88318 ], [ -56.72417, -20.88262 ], [ -56.72417, -20.88222 ], [ -56.72359, -20.88222 ], [ -56.72194, -20.88115 ], [ -56.72194, -20.88083 ], [ -56.72167, -20.88083 ], [ -56.72167, -20.88056 ], [ -56.72139, -20.88056 ], [ -56.72139, -20.88028 ], [ -56.72111, -20.88028 ], [ -56.72111, -20.88 ], [ -56.72083, -20.88 ], [ -56.72083, -20.87944 ], [ -56.72055, -20.87944 ], [ -56.72055, -20.87917 ], [ -56.72028, -20.87917 ], [ -56.72028, -20.87861 ], [ -56.71972, -20.87849 ], [ -56.71972, -20.87611 ], [ -56.72, -20.87611 ], [ -56.72, -20.87306 ], [ -56.71972, -20.87306 ], [ -56.71972, -20.87222 ], [ -56.72, -20.87222 ], [ -56.72, -20.87167 ], [ -56.72028, -20.87167 ], [ -56.72028, -20.87083 ], [ -56.72, -20.87083 ], [ -56.72, -20.86944 ], [ -56.72028, -20.86944 ], [ -56.72028, -20.86917 ], [ -56.72, -20.86917 ], [ -56.72, -20.86861 ], [ -56.71972, -20.86861 ], [ -56.71972, -20.86778 ], [ -56.71944, -20.86778 ], [ -56.71944, -20.86611 ], [ -56.71917, -20.86611 ], [ -56.71917, -20.86444 ], [ -56.71944, -20.86444 ], [ -56.71944, -20.8625 ], [ -56.71972, -20.8625 ], [ -56.71972, -20.86222 ], [ -56.72028, -20.86222 ], [ -56.72028, -20.86194 ], [ -56.72055, -20.86194 ], [ -56.72055, -20.86 ], [ -56.72028, -20.86 ], [ -56.72028, -20.85861 ], [ -56.72055, -20.85861 ], [ -56.72055, -20.85806 ], [ -56.72083, -20.85806 ], [ -56.72083, -20.85778 ], [ -56.72111, -20.85778 ], [ -56.72111, -20.85694 ], [ -56.72167, -20.85694 ], [ -56.72167, -20.85667 ], [ -56.72222, -20.85667 ], [ -56.72222, -20.85694 ], [ -56.72305, -20.85694 ], [ -56.72305, -20.85667 ], [ -56.72333, -20.85667 ], [ -56.72333, -20.85611 ], [ -56.72361, -20.85611 ], [ -56.72361, -20.85556 ], [ -56.72389, -20.85556 ], [ -56.72389, -20.85528 ], [ -56.72417, -20.85528 ], [ -56.72417, -20.85472 ], [ -56.72444, -20.85472 ], [ -56.72444, -20.85389 ], [ -56.72417, -20.85389 ], [ -56.72417, -20.85361 ], [ -56.72278, -20.85361 ], [ -56.72278, -20.85333 ], [ -56.7225, -20.85333 ], [ -56.7225, -20.85306 ], [ -56.72194, -20.85306 ], [ -56.72194, -20.85333 ], [ -56.72111, -20.85333 ], [ -56.72111, -20.85306 ], [ -56.72083, -20.85306 ], [ -56.72083, -20.85278 ], [ -56.72055, -20.85278 ], [ -56.72055, -20.8525 ], [ -56.72028, -20.8525 ], [ -56.72028, -20.85222 ], [ -56.72, -20.85222 ], [ -56.72, -20.8525 ], [ -56.71833, -20.8525 ], [ -56.71833, -20.85222 ], [ -56.71778, -20.85222 ], [ -56.71778, -20.8525 ], [ -56.7175, -20.8525 ], [ -56.7175, -20.85278 ], [ -56.71694, -20.85278 ], [ -56.71694, -20.85306 ], [ -56.71583, -20.85306 ], [ -56.71583, -20.85333 ], [ -56.71472, -20.85333 ], [ -56.71472, -20.85361 ], [ -56.71444, -20.85361 ], [ -56.71444, -20.85389 ], [ -56.71361, -20.85389 ], [ -56.71361, -20.85361 ], [ -56.71333, -20.85361 ], [ -56.71333, -20.85333 ], [ -56.71305, -20.85333 ], [ -56.71305, -20.85361 ], [ -56.71222, -20.85361 ], [ -56.71222, -20.85389 ], [ -56.71194, -20.85389 ], [ -56.71194, -20.85417 ], [ -56.71167, -20.85417 ], [ -56.71167, -20.85444 ], [ -56.71153, -20.85444 ], [ -56.70945, -20.85407 ], [ -56.70944, -20.85306 ], [ -56.70917, -20.85306 ], [ -56.70917, -20.85333 ], [ -56.70889, -20.85341 ], [ -56.70868, -20.85317 ], [ -56.70389, -20.85278 ], [ -56.70389, -20.8525 ], [ -56.70361, -20.8525 ], [ -56.70361, -20.85222 ], [ -56.70333, -20.85222 ], [ -56.70333, -20.85194 ], [ -56.70305, -20.85194 ], [ -56.70305, -20.85167 ], [ -56.70278, -20.85167 ], [ -56.70278, -20.85194 ], [ -56.70222, -20.85194 ], [ -56.70222, -20.85222 ], [ -56.70139, -20.85222 ], [ -56.70139, -20.85233 ], [ -56.70076, -20.85198 ], [ -56.69944, -20.85208 ], [ -56.69944, -20.85194 ], [ -56.69917, -20.85194 ], [ -56.69917, -20.85167 ], [ -56.69889, -20.85167 ], [ -56.69889, -20.85139 ], [ -56.69861, -20.85139 ], [ -56.69861, -20.85111 ], [ -56.69834, -20.85111 ], [ -56.69739, -20.85 ], [ -56.6975, -20.85 ], [ -56.6975, -20.84944 ], [ -56.69778, -20.84944 ], [ -56.69778, -20.84861 ], [ -56.69805, -20.84861 ], [ -56.69805, -20.84833 ], [ -56.69833, -20.84833 ], [ -56.69833, -20.84806 ], [ -56.69917, -20.84806 ], [ -56.69917, -20.84778 ], [ -56.69972, -20.84778 ], [ -56.69972, -20.8475 ], [ -56.7, -20.8475 ], [ -56.7, -20.84722 ], [ -56.70055, -20.84722 ], [ -56.70055, -20.84694 ], [ -56.70083, -20.84694 ], [ -56.70083, -20.84667 ], [ -56.70111, -20.84667 ], [ -56.70111, -20.84611 ], [ -56.70139, -20.84611 ], [ -56.70139, -20.84583 ], [ -56.70111, -20.84583 ], [ -56.70111, -20.84528 ], [ -56.70083, -20.84528 ], [ -56.70083, -20.845 ], [ -56.70055, -20.845 ], [ -56.70055, -20.84417 ], [ -56.70028, -20.84417 ], [ -56.70028, -20.84389 ], [ -56.6999, -20.84389 ], [ -56.69917, -20.84272 ], [ -56.69917, -20.84194 ], [ -56.69889, -20.84194 ], [ -56.69889, -20.84167 ], [ -56.69861, -20.84167 ], [ -56.69861, -20.83917 ], [ -56.69917, -20.83917 ], [ -56.69917, -20.83889 ], [ -56.69972, -20.83889 ], [ -56.69972, -20.83861 ], [ -56.70028, -20.83861 ], [ -56.70028, -20.83694 ], [ -56.7, -20.83694 ], [ -56.7, -20.83667 ], [ -56.69972, -20.83667 ], [ -56.69972, -20.83611 ], [ -56.69917, -20.83611 ], [ -56.69917, -20.83583 ], [ -56.69891, -20.83583 ], [ -56.69889, -20.835 ], [ -56.69825, -20.835 ], [ -56.69722, -20.83368 ], [ -56.69722, -20.83333 ], [ -56.69695, -20.83333 ], [ -56.69694, -20.83306 ], [ -56.69673, -20.83306 ], [ -56.69622, -20.83241 ], [ -56.69309, -20.83266 ], [ -56.69111, -20.83169 ], [ -56.69111, -20.83083 ], [ -56.69167, -20.83083 ], [ -56.69167, -20.83056 ], [ -56.69194, -20.83056 ], [ -56.69194, -20.83028 ], [ -56.69222, -20.83028 ], [ -56.69222, -20.82972 ], [ -56.6925, -20.82972 ], [ -56.6925, -20.82944 ], [ -56.69278, -20.82944 ], [ -56.69278, -20.82917 ], [ -56.6925, -20.82917 ], [ -56.6925, -20.82861 ], [ -56.69278, -20.82861 ], [ -56.69278, -20.82833 ], [ -56.69305, -20.82833 ], [ -56.69305, -20.82806 ], [ -56.69333, -20.82806 ], [ -56.69333, -20.82778 ], [ -56.69417, -20.82778 ], [ -56.69417, -20.8275 ], [ -56.69472, -20.8275 ], [ -56.69472, -20.82722 ], [ -56.69555, -20.82722 ], [ -56.69555, -20.82694 ], [ -56.69611, -20.82694 ], [ -56.69611, -20.82611 ], [ -56.69639, -20.82611 ], [ -56.69639, -20.82556 ], [ -56.69667, -20.82556 ], [ -56.69667, -20.82444 ], [ -56.69694, -20.82444 ], [ -56.69694, -20.8225 ], [ -56.69667, -20.8225 ], [ -56.69667, -20.82167 ], [ -56.69639, -20.82167 ], [ -56.69639, -20.82139 ], [ -56.69584, -20.82139 ], [ -56.69583, -20.82111 ], [ -56.69569, -20.82111 ], [ -56.69538, -20.82056 ], [ -56.69555, -20.82056 ], [ -56.69555, -20.82028 ], [ -56.69583, -20.82028 ], [ -56.69583, -20.81944 ], [ -56.69555, -20.81944 ], [ -56.69555, -20.81889 ], [ -56.69528, -20.81889 ], [ -56.69528, -20.81833 ], [ -56.695, -20.81833 ], [ -56.695, -20.81778 ], [ -56.69472, -20.81778 ], [ -56.69472, -20.8175 ], [ -56.69444, -20.8175 ], [ -56.69444, -20.81722 ], [ -56.69417, -20.81709 ], [ -56.69417, -20.81694 ], [ -56.69389, -20.81689 ], [ -56.69389, -20.81667 ], [ -56.69361, -20.81667 ], [ -56.69361, -20.81639 ], [ -56.69318, -20.81639 ], [ -56.69305, -20.81611 ], [ -56.69278, -20.8161 ], [ -56.69278, -20.81583 ], [ -56.6925, -20.81583 ], [ -56.6925, -20.81556 ], [ -56.69202, -20.81556 ], [ -56.69194, -20.81528 ], [ -56.69164, -20.81528 ], [ -56.69111, -20.8149 ], [ -56.69111, -20.81472 ], [ -56.69086, -20.81472 ], [ -56.68918, -20.81351 ], [ -56.68917, -20.8125 ], [ -56.68889, -20.8125 ], [ -56.68889, -20.81222 ], [ -56.68861, -20.81222 ], [ -56.68861, -20.81167 ], [ -56.68833, -20.81167 ], [ -56.68833, -20.81139 ], [ -56.68805, -20.81139 ], [ -56.68805, -20.81111 ], [ -56.68778, -20.81111 ], [ -56.68778, -20.81083 ], [ -56.68744, -20.81083 ], [ -56.68639, -20.80993 ], [ -56.68639, -20.80944 ], [ -56.68611, -20.80944 ], [ -56.68611, -20.80917 ], [ -56.68583, -20.80917 ], [ -56.68583, -20.80889 ], [ -56.68549, -20.80889 ], [ -56.68475, -20.80821 ], [ -56.68472, -20.80806 ], [ -56.685, -20.80806 ], [ -56.685, -20.80667 ], [ -56.68472, -20.80667 ], [ -56.68472, -20.80639 ], [ -56.68444, -20.80639 ], [ -56.68444, -20.80583 ], [ -56.68417, -20.80583 ], [ -56.68417, -20.805 ], [ -56.68389, -20.805 ], [ -56.68389, -20.80417 ], [ -56.68361, -20.80417 ], [ -56.68361, -20.80333 ], [ -56.68333, -20.80333 ], [ -56.68333, -20.80306 ], [ -56.68279, -20.80306 ], [ -56.68261, -20.80263 ], [ -56.68068, -20.80177 ], [ -56.67889, -20.80123 ], [ -56.67889, -20.80028 ], [ -56.67861, -20.80028 ], [ -56.67861, -20.8 ], [ -56.67805, -20.8 ], [ -56.67805, -20.79972 ], [ -56.67778, -20.79972 ], [ -56.67778, -20.79889 ], [ -56.67805, -20.79889 ], [ -56.67805, -20.79833 ], [ -56.67833, -20.79833 ], [ -56.67833, -20.79722 ], [ -56.67805, -20.79722 ], [ -56.67805, -20.79694 ], [ -56.67778, -20.79694 ], [ -56.67778, -20.79667 ], [ -56.67805, -20.79667 ], [ -56.67805, -20.79639 ], [ -56.67833, -20.79639 ], [ -56.67833, -20.79611 ], [ -56.67861, -20.79611 ], [ -56.67861, -20.79583 ], [ -56.67833, -20.79583 ], [ -56.67833, -20.79556 ], [ -56.67861, -20.79556 ], [ -56.67861, -20.795 ], [ -56.67889, -20.795 ], [ -56.67889, -20.79444 ], [ -56.67917, -20.79444 ], [ -56.67917, -20.79361 ], [ -56.67944, -20.79361 ], [ -56.67944, -20.79333 ], [ -56.67972, -20.79333 ], [ -56.67972, -20.79306 ], [ -56.68, -20.79306 ], [ -56.68, -20.79278 ], [ -56.68055, -20.79278 ], [ -56.68055, -20.7925 ], [ -56.68083, -20.7925 ], [ -56.68083, -20.79222 ], [ -56.68111, -20.79222 ], [ -56.68111, -20.79167 ], [ -56.68139, -20.79167 ], [ -56.68139, -20.79139 ], [ -56.68194, -20.79139 ], [ -56.68194, -20.79111 ], [ -56.68222, -20.79111 ], [ -56.68222, -20.79028 ], [ -56.6825, -20.79028 ], [ -56.6825, -20.78972 ], [ -56.68278, -20.78972 ], [ -56.68278, -20.78944 ], [ -56.68333, -20.78944 ], [ -56.68333, -20.78889 ], [ -56.68361, -20.78889 ], [ -56.68361, -20.78861 ], [ -56.68389, -20.78861 ], [ -56.68389, -20.78778 ], [ -56.68444, -20.78778 ], [ -56.68444, -20.78722 ], [ -56.68472, -20.78722 ], [ -56.68472, -20.78667 ], [ -56.685, -20.78667 ], [ -56.685, -20.78611 ], [ -56.68475, -20.78611 ], [ -56.6851, -20.78528 ], [ -56.68528, -20.78528 ], [ -56.68528, -20.785 ], [ -56.68583, -20.785 ], [ -56.68583, -20.78472 ], [ -56.68694, -20.78472 ], [ -56.68694, -20.78444 ], [ -56.6875, -20.78444 ], [ -56.6875, -20.78361 ], [ -56.68722, -20.78361 ], [ -56.68722, -20.78306 ], [ -56.68694, -20.78306 ], [ -56.68694, -20.78222 ], [ -56.68667, -20.78222 ], [ -56.68667, -20.78194 ], [ -56.68639, -20.78194 ], [ -56.68639, -20.78167 ], [ -56.68611, -20.78167 ], [ -56.68611, -20.78139 ], [ -56.68528, -20.78139 ], [ -56.68528, -20.78083 ], [ -56.685, -20.78083 ], [ -56.685, -20.77944 ], [ -56.68528, -20.77944 ], [ -56.68528, -20.77833 ], [ -56.685, -20.77833 ], [ -56.685, -20.77806 ], [ -56.68528, -20.77806 ], [ -56.68528, -20.77694 ], [ -56.685, -20.77694 ], [ -56.685, -20.77611 ], [ -56.68528, -20.77611 ], [ -56.68528, -20.77556 ], [ -56.68555, -20.77556 ], [ -56.68555, -20.77528 ], [ -56.68583, -20.77528 ], [ -56.68583, -20.775 ], [ -56.68611, -20.775 ], [ -56.68611, -20.77417 ], [ -56.68667, -20.77417 ], [ -56.68667, -20.77389 ], [ -56.68694, -20.77389 ], [ -56.68694, -20.77361 ], [ -56.68722, -20.77361 ], [ -56.68722, -20.77333 ], [ -56.6875, -20.77333 ], [ -56.6875, -20.77222 ], [ -56.68778, -20.77222 ], [ -56.68778, -20.77194 ], [ -56.68805, -20.77194 ], [ -56.68805, -20.77167 ], [ -56.68833, -20.77167 ], [ -56.68833, -20.77139 ], [ -56.68861, -20.77139 ], [ -56.68861, -20.77111 ], [ -56.68889, -20.77111 ], [ -56.68889, -20.77083 ], [ -56.69, -20.77083 ], [ -56.69, -20.77111 ], [ -56.69139, -20.77111 ], [ -56.69139, -20.77083 ], [ -56.69167, -20.77083 ], [ -56.69167, -20.77 ], [ -56.69194, -20.77 ], [ -56.69194, -20.76972 ], [ -56.69222, -20.76972 ], [ -56.69222, -20.76944 ], [ -56.69167, -20.76944 ], [ -56.69167, -20.76917 ], [ -56.68972, -20.76917 ], [ -56.68972, -20.76889 ], [ -56.68944, -20.76889 ], [ -56.68944, -20.76861 ], [ -56.68917, -20.76861 ], [ -56.68917, -20.76806 ], [ -56.68889, -20.76806 ], [ -56.68889, -20.76778 ], [ -56.68833, -20.76778 ], [ -56.68833, -20.76667 ], [ -56.6878, -20.76667 ], [ -56.68667, -20.76576 ], [ -56.68667, -20.76528 ], [ -56.68694, -20.76528 ], [ -56.68694, -20.76472 ], [ -56.68722, -20.76472 ], [ -56.68722, -20.76444 ], [ -56.6875, -20.76444 ], [ -56.6875, -20.76417 ], [ -56.68778, -20.76417 ], [ -56.68778, -20.76389 ], [ -56.68889, -20.76389 ], [ -56.68889, -20.76361 ], [ -56.68917, -20.76361 ], [ -56.68917, -20.76333 ], [ -56.68944, -20.76333 ], [ -56.68944, -20.76306 ], [ -56.69, -20.76306 ], [ -56.69, -20.76278 ], [ -56.69028, -20.76278 ], [ -56.69028, -20.7625 ], [ -56.69055, -20.7625 ], [ -56.69055, -20.76028 ], [ -56.69028, -20.76028 ], [ -56.69028, -20.76 ], [ -56.69016, -20.76 ], [ -56.6903, -20.75962 ], [ -56.68755, -20.75996 ], [ -56.68694, -20.75989 ], [ -56.68694, -20.75944 ], [ -56.68667, -20.75944 ], [ -56.68667, -20.75917 ], [ -56.68639, -20.75917 ], [ -56.68639, -20.75889 ], [ -56.68611, -20.75889 ], [ -56.68611, -20.75861 ], [ -56.68553, -20.75861 ], [ -56.68346, -20.7552 ], [ -56.68091, -20.75412 ], [ -56.68058, -20.75333 ], [ -56.68083, -20.75333 ], [ -56.68083, -20.75278 ], [ -56.68055, -20.75278 ], [ -56.68055, -20.75139 ], [ -56.68028, -20.75139 ], [ -56.68028, -20.75111 ], [ -56.68, -20.75111 ], [ -56.68, -20.75083 ], [ -56.67972, -20.75083 ], [ -56.67972, -20.75056 ], [ -56.67944, -20.75056 ], [ -56.67944, -20.75 ], [ -56.67917, -20.75 ], [ -56.67917, -20.74944 ], [ -56.67944, -20.74944 ], [ -56.67944, -20.74917 ], [ -56.67917, -20.74917 ], [ -56.67917, -20.74861 ], [ -56.67889, -20.74861 ], [ -56.67889, -20.74806 ], [ -56.67861, -20.74806 ], [ -56.67861, -20.74694 ], [ -56.67889, -20.74694 ], [ -56.67889, -20.74639 ], [ -56.67917, -20.74639 ], [ -56.67917, -20.74444 ], [ -56.67889, -20.74444 ], [ -56.67889, -20.74278 ], [ -56.67861, -20.74278 ], [ -56.67861, -20.74232 ], [ -56.67979, -20.7421 ], [ -56.68087, -20.74151 ], [ -56.68423, -20.74098 ], [ -56.68486, -20.73765 ], [ -56.68315, -20.73451 ], [ -56.6852, -20.73357 ], [ -56.68633, -20.73483 ], [ -56.68763, -20.7354 ], [ -56.68948, -20.73164 ], [ -56.68864, -20.72931 ], [ -56.6886, -20.72737 ], [ -56.68641, -20.72598 ], [ -56.68781, -20.72208 ], [ -56.68531, -20.71487 ], [ -56.6854, -20.71334 ], [ -56.68455, -20.71096 ], [ -56.6881, -20.70779 ], [ -56.68893, -20.70334 ], [ -56.69538, -20.70258 ], [ -56.69495, -20.69548 ], [ -56.69355, -20.69423 ], [ -56.69374, -20.69107 ], [ -56.69231, -20.68818 ], [ -56.69423, -20.68543 ], [ -56.69484, -20.68347 ], [ -56.69473, -20.68155 ], [ -56.69698, -20.67817 ], [ -56.69893, -20.67566 ], [ -56.69855, -20.66937 ], [ -56.69923, -20.66876 ], [ -56.70034, -20.66654 ], [ -56.70087, -20.66484 ], [ -56.7024, -20.66265 ], [ -56.70479, -20.66209 ], [ -56.70531, -20.6604 ], [ -56.70623, -20.65958 ], [ -56.70698, -20.65317 ], [ -56.70757, -20.65209 ], [ -56.70813, -20.64609 ], [ -56.70803, -20.64438 ], [ -56.70923, -20.64265 ], [ -56.71057, -20.63782 ], [ -56.70975, -20.63709 ], [ -56.71005, -20.63625 ], [ -56.71331, -20.63344 ], [ -56.71283, -20.63125 ], [ -56.71115, -20.63094 ], [ -56.70888, -20.62831 ], [ -56.70581, -20.6261 ], [ -56.70616, -20.62165 ], [ -56.70424, -20.61984 ], [ -56.70178, -20.61928 ], [ -56.69959, -20.61805 ], [ -56.69688, -20.61374 ], [ -56.69702, -20.61208 ], [ -56.69682, -20.60959 ], [ -56.69586, -20.60877 ], [ -56.69446, -20.60714 ], [ -56.69249, -20.60314 ], [ -56.69269, -20.60057 ], [ -56.69424, -20.59988 ], [ -56.69475, -20.59761 ], [ -56.69595, -20.59547 ], [ -56.6975, -20.5903 ], [ -56.69485, -20.58912 ], [ -56.69424, -20.58695 ], [ -56.69638, -20.5851 ], [ -56.69809, -20.58039 ], [ -56.7004, -20.57987 ], [ -56.70026, -20.57819 ], [ -56.70051, -20.57512 ], [ -56.69975, -20.57377 ], [ -56.69924, -20.57206 ], [ -56.69864, -20.57099 ], [ -56.69801, -20.56339 ], [ -56.69869, -20.56152 ], [ -56.69809, -20.55988 ], [ -56.69757, -20.55742 ], [ -56.6987, -20.5554 ], [ -56.69809, -20.55488 ], [ -56.69751, -20.55233 ], [ -56.69765, -20.55062 ], [ -56.699, -20.54819 ], [ -56.69808, -20.54654 ], [ -56.6983, -20.54387 ], [ -56.69558, -20.54004 ], [ -56.69382, -20.53852 ], [ -56.69283, -20.5368 ], [ -56.69042, -20.53712 ], [ -56.68841, -20.53885 ], [ -56.68975, -20.54099 ], [ -56.6914, -20.54241 ], [ -56.69152, -20.54394 ], [ -56.69077, -20.54643 ], [ -56.68922, -20.54823 ], [ -56.68829, -20.54716 ], [ -56.68691, -20.54705 ], [ -56.6859, -20.54821 ], [ -56.68367, -20.54933 ], [ -56.68106, -20.54861 ], [ -56.67957, -20.54945 ], [ -56.6742, -20.54988 ], [ -56.67324, -20.54877 ], [ -56.66975, -20.54928 ], [ -56.6686, -20.54992 ], [ -56.66646, -20.54872 ], [ -56.66465, -20.54818 ], [ -56.66368, -20.54706 ], [ -56.66007, -20.54651 ], [ -56.65646, -20.5434 ], [ -56.65555, -20.53937 ], [ -56.6545, -20.53847 ], [ -56.65391, -20.5368 ], [ -56.65514, -20.5333 ], [ -56.65421, -20.53153 ], [ -56.65352, -20.52935 ], [ -56.65497, -20.52867 ], [ -56.65587, -20.52752 ], [ -56.65369, -20.52549 ], [ -56.65254, -20.5232 ], [ -56.65201, -20.5204 ], [ -56.65087, -20.51875 ], [ -56.65258, -20.51313 ], [ -56.65529, -20.51185 ], [ -56.65254, -20.51098 ], [ -56.65113, -20.51023 ], [ -56.64878, -20.50769 ], [ -56.64727, -20.50513 ], [ -56.64629, -20.50478 ], [ -56.64436, -20.5049 ], [ -56.64201, -20.50373 ], [ -56.63882, -20.50313 ], [ -56.63698, -20.49932 ], [ -56.6362, -20.49598 ], [ -56.63399, -20.49764 ], [ -56.63223, -20.5004 ], [ -56.62887, -20.49742 ], [ -56.62757, -20.49484 ], [ -56.6247, -20.49135 ], [ -56.62485, -20.48884 ], [ -56.6242, -20.48765 ], [ -56.62368, -20.48595 ], [ -56.62234, -20.48323 ], [ -56.61827, -20.48136 ], [ -56.61757, -20.47762 ], [ -56.61476, -20.47709 ], [ -56.61271, -20.47598 ], [ -56.60698, -20.47651 ], [ -56.60299, -20.47722 ], [ -56.59972, -20.47485 ], [ -56.59979, -20.47373 ], [ -56.5992, -20.47265 ], [ -56.59926, -20.47161 ], [ -56.59701, -20.46928 ], [ -56.59476, -20.46876 ], [ -56.59312, -20.46817 ], [ -56.58846, -20.46845 ], [ -56.58532, -20.46748 ], [ -56.58349, -20.46584 ], [ -56.58087, -20.46265 ], [ -56.58006, -20.46089 ], [ -56.57645, -20.46166 ], [ -56.57698, -20.45762 ], [ -56.57807, -20.45561 ], [ -56.57697, -20.45152 ], [ -56.57808, -20.44948 ], [ -56.57822, -20.44718 ], [ -56.57573, -20.44398 ], [ -56.57752, -20.44069 ], [ -56.57757, -20.43984 ], [ -56.57616, -20.43919 ], [ -56.57496, -20.43276 ], [ -56.57254, -20.43262 ], [ -56.57145, -20.4332 ], [ -56.56696, -20.43473 ], [ -56.56531, -20.43326 ], [ -56.56545, -20.43081 ], [ -56.56283, -20.42847 ], [ -56.5626, -20.42536 ], [ -56.56195, -20.42435 ], [ -56.56148, -20.42092 ], [ -56.56068, -20.41965 ], [ -56.55982, -20.41536 ], [ -56.5584, -20.41435 ], [ -56.55673, -20.41371 ], [ -56.55646, -20.41333 ], [ -56.55694, -20.41333 ], [ -56.55694, -20.41306 ], [ -56.55722, -20.41306 ], [ -56.55722, -20.4125 ], [ -56.5575, -20.4125 ], [ -56.5575, -20.41222 ], [ -56.55778, -20.41222 ], [ -56.55778, -20.41194 ], [ -56.55805, -20.41194 ], [ -56.55805, -20.41139 ], [ -56.5575, -20.41139 ], [ -56.5575, -20.41083 ], [ -56.55722, -20.41083 ], [ -56.55722, -20.41056 ], [ -56.5575, -20.41056 ], [ -56.5575, -20.41028 ], [ -56.55805, -20.41028 ], [ -56.55805, -20.41 ], [ -56.55833, -20.41 ], [ -56.55833, -20.40972 ], [ -56.55944, -20.40972 ], [ -56.55944, -20.40944 ], [ -56.55972, -20.40944 ], [ -56.55972, -20.40861 ], [ -56.56083, -20.40861 ], [ -56.56083, -20.40722 ], [ -56.56111, -20.40722 ], [ -56.56111, -20.40694 ], [ -56.56167, -20.40694 ], [ -56.56167, -20.40667 ], [ -56.56194, -20.40667 ], [ -56.56194, -20.40639 ], [ -56.56222, -20.40639 ], [ -56.56222, -20.40667 ], [ -56.56472, -20.40667 ], [ -56.56472, -20.4064 ], [ -56.56611, -20.40731 ], [ -56.56611, -20.40806 ], [ -56.56667, -20.40806 ], [ -56.56667, -20.40833 ], [ -56.56694, -20.40833 ], [ -56.56694, -20.40806 ], [ -56.5675, -20.40806 ], [ -56.5675, -20.40778 ], [ -56.56805, -20.40778 ], [ -56.56805, -20.4075 ], [ -56.56972, -20.4075 ], [ -56.56972, -20.40722 ], [ -56.57028, -20.40722 ], [ -56.57028, -20.40694 ], [ -56.57055, -20.40694 ], [ -56.57055, -20.40583 ], [ -56.57083, -20.40583 ], [ -56.57083, -20.40556 ], [ -56.57111, -20.40556 ], [ -56.57111, -20.40528 ], [ -56.57139, -20.40528 ], [ -56.57139, -20.405 ], [ -56.57194, -20.405 ], [ -56.57194, -20.40472 ], [ -56.5725, -20.40472 ], [ -56.5725, -20.40389 ], [ -56.57278, -20.40389 ], [ -56.57278, -20.40361 ], [ -56.57305, -20.40361 ], [ -56.57305, -20.40333 ], [ -56.57333, -20.40333 ], [ -56.57333, -20.40306 ], [ -56.57361, -20.40306 ], [ -56.57361, -20.40139 ], [ -56.57389, -20.40139 ], [ -56.57389, -20.40083 ], [ -56.57361, -20.40083 ], [ -56.57361, -20.40028 ], [ -56.57389, -20.40028 ], [ -56.57389, -20.39972 ], [ -56.57417, -20.39972 ], [ -56.57417, -20.39944 ], [ -56.57444, -20.39944 ], [ -56.57444, -20.39917 ], [ -56.57389, -20.39917 ], [ -56.57389, -20.39889 ], [ -56.57333, -20.3981 ], [ -56.57361, -20.39806 ], [ -56.57361, -20.39722 ], [ -56.57333, -20.39722 ], [ -56.57333, -20.39694 ], [ -56.57305, -20.39694 ], [ -56.57305, -20.39639 ], [ -56.57333, -20.39639 ], [ -56.57333, -20.39583 ], [ -56.57361, -20.39583 ], [ -56.57361, -20.39556 ], [ -56.57389, -20.39556 ], [ -56.57389, -20.39528 ], [ -56.57417, -20.39528 ], [ -56.57417, -20.39472 ], [ -56.57389, -20.39472 ], [ -56.57389, -20.39417 ], [ -56.57361, -20.39417 ], [ -56.57361, -20.39389 ], [ -56.57389, -20.39389 ], [ -56.57389, -20.39333 ], [ -56.575, -20.39333 ], [ -56.575, -20.39306 ], [ -56.57528, -20.39306 ], [ -56.57528, -20.3925 ], [ -56.575, -20.3925 ], [ -56.575, -20.39167 ], [ -56.57528, -20.39167 ], [ -56.57528, -20.39139 ], [ -56.57555, -20.39139 ], [ -56.57555, -20.39111 ], [ -56.57583, -20.39111 ], [ -56.57583, -20.39056 ], [ -56.57611, -20.39056 ], [ -56.57611, -20.38972 ], [ -56.57639, -20.38972 ], [ -56.57639, -20.38889 ], [ -56.57611, -20.38889 ], [ -56.57611, -20.38861 ], [ -56.57583, -20.38861 ], [ -56.57583, -20.38806 ], [ -56.57639, -20.38806 ], [ -56.57639, -20.3875 ], [ -56.57667, -20.3875 ], [ -56.57667, -20.38722 ], [ -56.57694, -20.38722 ], [ -56.57694, -20.38694 ], [ -56.57722, -20.38694 ], [ -56.57722, -20.38639 ], [ -56.5775, -20.38639 ], [ -56.5775, -20.38611 ], [ -56.57778, -20.38611 ], [ -56.57778, -20.38583 ], [ -56.57861, -20.38583 ], [ -56.57861, -20.38556 ], [ -56.57972, -20.38556 ], [ -56.57972, -20.38583 ], [ -56.58028, -20.38583 ], [ -56.58028, -20.38528 ], [ -56.58055, -20.38528 ], [ -56.58055, -20.385 ], [ -56.58083, -20.385 ], [ -56.58083, -20.38222 ], [ -56.58055, -20.38222 ], [ -56.58055, -20.38194 ], [ -56.58034, -20.38194 ], [ -56.58032, -20.38167 ], [ -56.5825, -20.38167 ], [ -56.5825, -20.38139 ], [ -56.58278, -20.38139 ], [ -56.58278, -20.38111 ], [ -56.58305, -20.38111 ], [ -56.58305, -20.38083 ], [ -56.58333, -20.38083 ], [ -56.58333, -20.38056 ], [ -56.58361, -20.38056 ], [ -56.58361, -20.38 ], [ -56.58389, -20.38 ], [ -56.58389, -20.37972 ], [ -56.58417, -20.37972 ], [ -56.58417, -20.37944 ], [ -56.58472, -20.37944 ], [ -56.58472, -20.37917 ], [ -56.58528, -20.37917 ], [ -56.58528, -20.37889 ], [ -56.58555, -20.37889 ], [ -56.58555, -20.37917 ], [ -56.58639, -20.37917 ], [ -56.58639, -20.37944 ], [ -56.58667, -20.37944 ], [ -56.58667, -20.37972 ], [ -56.58694, -20.37972 ], [ -56.58694, -20.38 ], [ -56.58722, -20.38 ], [ -56.58722, -20.37972 ], [ -56.58889, -20.37972 ], [ -56.58889, -20.37944 ], [ -56.58972, -20.37944 ], [ -56.58972, -20.37972 ], [ -56.59, -20.37972 ], [ -56.59, -20.37889 ], [ -56.58972, -20.37889 ], [ -56.58972, -20.37833 ], [ -56.58944, -20.37833 ], [ -56.58944, -20.37778 ], [ -56.58917, -20.37778 ], [ -56.58917, -20.37722 ], [ -56.58889, -20.37722 ], [ -56.58889, -20.37694 ], [ -56.58861, -20.37694 ], [ -56.58861, -20.37639 ], [ -56.58833, -20.37639 ], [ -56.58833, -20.37611 ], [ -56.58794, -20.37611 ], [ -56.58621, -20.37528 ], [ -56.58611, -20.37417 ], [ -56.58583, -20.37417 ], [ -56.58583, -20.37389 ], [ -56.585, -20.37389 ], [ -56.585, -20.37361 ], [ -56.58472, -20.37361 ], [ -56.58472, -20.37306 ], [ -56.58444, -20.37306 ], [ -56.58444, -20.3725 ], [ -56.58417, -20.3725 ], [ -56.58417, -20.37111 ], [ -56.58444, -20.37111 ], [ -56.58444, -20.37028 ], [ -56.58417, -20.37028 ], [ -56.58417, -20.36972 ], [ -56.58444, -20.36972 ], [ -56.58444, -20.36833 ], [ -56.58472, -20.36833 ], [ -56.58472, -20.36806 ], [ -56.585, -20.36806 ], [ -56.585, -20.3675 ], [ -56.58472, -20.3675 ], [ -56.58472, -20.36722 ], [ -56.58417, -20.36722 ], [ -56.58417, -20.36694 ], [ -56.58333, -20.36694 ], [ -56.58333, -20.36667 ], [ -56.58305, -20.36667 ], [ -56.58305, -20.36639 ], [ -56.5825, -20.36639 ], [ -56.5825, -20.36611 ], [ -56.58222, -20.36611 ], [ -56.58222, -20.36556 ], [ -56.58194, -20.36556 ], [ -56.58194, -20.36528 ], [ -56.58167, -20.36528 ], [ -56.58167, -20.365 ], [ -56.58139, -20.365 ], [ -56.58139, -20.36472 ], [ -56.58081, -20.36472 ], [ -56.58038, -20.36423 ], [ -56.57838, -20.36439 ], [ -56.57722, -20.36429 ], [ -56.57722, -20.36361 ], [ -56.57694, -20.36361 ], [ -56.57694, -20.36333 ], [ -56.57611, -20.36333 ], [ -56.57611, -20.36306 ], [ -56.57555, -20.36306 ], [ -56.57555, -20.36278 ], [ -56.57528, -20.36278 ], [ -56.57528, -20.36083 ], [ -56.575, -20.36083 ], [ -56.575, -20.36056 ], [ -56.57472, -20.36056 ], [ -56.57472, -20.36 ], [ -56.57444, -20.36 ], [ -56.57415, -20.3579 ], [ -56.57377, -20.35722 ], [ -56.57389, -20.35722 ], [ -56.57389, -20.35694 ], [ -56.57361, -20.35693 ], [ -56.57361, -20.35611 ], [ -56.57389, -20.35611 ], [ -56.57389, -20.35583 ], [ -56.57417, -20.35583 ], [ -56.57417, -20.35528 ], [ -56.57444, -20.35528 ], [ -56.57444, -20.355 ], [ -56.57417, -20.355 ], [ -56.57417, -20.35389 ], [ -56.57389, -20.35389 ], [ -56.57389, -20.35333 ], [ -56.57333, -20.35333 ], [ -56.57327, -20.35361 ], [ -56.57332, -20.353 ], [ -56.57159, -20.3521 ], [ -56.56923, -20.35377 ], [ -56.56833, -20.35369 ], [ -56.56833, -20.35306 ], [ -56.56805, -20.35306 ], [ -56.56805, -20.35278 ], [ -56.56778, -20.35278 ], [ -56.56778, -20.35222 ], [ -56.5675, -20.35222 ], [ -56.5675, -20.35194 ], [ -56.56722, -20.35194 ], [ -56.56722, -20.35167 ], [ -56.56694, -20.35167 ], [ -56.56694, -20.35111 ], [ -56.56667, -20.35111 ], [ -56.56667, -20.35028 ], [ -56.56639, -20.35028 ], [ -56.56639, -20.35 ], [ -56.56611, -20.35 ], [ -56.56611, -20.34806 ], [ -56.56639, -20.34806 ], [ -56.56639, -20.34778 ], [ -56.56667, -20.34778 ], [ -56.56667, -20.3475 ], [ -56.56694, -20.3475 ], [ -56.56694, -20.34694 ], [ -56.56667, -20.34694 ], [ -56.56667, -20.34639 ], [ -56.56611, -20.34639 ], [ -56.56611, -20.34611 ], [ -56.56583, -20.34611 ], [ -56.56583, -20.34583 ], [ -56.56555, -20.34583 ], [ -56.56555, -20.34556 ], [ -56.56528, -20.34556 ], [ -56.56528, -20.34472 ], [ -56.56555, -20.34472 ], [ -56.56555, -20.34389 ], [ -56.56611, -20.34389 ], [ -56.56611, -20.34361 ], [ -56.56639, -20.34361 ], [ -56.56639, -20.34389 ], [ -56.56667, -20.34389 ], [ -56.56667, -20.34306 ], [ -56.56694, -20.34306 ], [ -56.56694, -20.34278 ], [ -56.56722, -20.34278 ], [ -56.56722, -20.3425 ], [ -56.5675, -20.3425 ], [ -56.5675, -20.34222 ], [ -56.56778, -20.34222 ], [ -56.56778, -20.34194 ], [ -56.5675, -20.34194 ], [ -56.5675, -20.34167 ], [ -56.56722, -20.34167 ], [ -56.56722, -20.34139 ], [ -56.56639, -20.34139 ], [ -56.56639, -20.34167 ], [ -56.56555, -20.34167 ], [ -56.56555, -20.34139 ], [ -56.565, -20.34139 ], [ -56.565, -20.34083 ], [ -56.56472, -20.34083 ], [ -56.56472, -20.34056 ], [ -56.56444, -20.34056 ], [ -56.56444, -20.34028 ], [ -56.56417, -20.34028 ], [ -56.56417, -20.34 ], [ -56.56361, -20.34 ], [ -56.56361, -20.33944 ], [ -56.56305, -20.33944 ], [ -56.56305, -20.33917 ], [ -56.56333, -20.33917 ], [ -56.56333, -20.33889 ], [ -56.56278, -20.33889 ], [ -56.56278, -20.33833 ], [ -56.56305, -20.33833 ], [ -56.56305, -20.33806 ], [ -56.56278, -20.33806 ], [ -56.56278, -20.33778 ], [ -56.5625, -20.33778 ], [ -56.5625, -20.3375 ], [ -56.56167, -20.3375 ], [ -56.56167, -20.33778 ], [ -56.56139, -20.33778 ], [ -56.56139, -20.33806 ], [ -56.56111, -20.33806 ], [ -56.56111, -20.33833 ], [ -56.56083, -20.33833 ], [ -56.56083, -20.33806 ], [ -56.56055, -20.33806 ], [ -56.56055, -20.33778 ], [ -56.55972, -20.33778 ], [ -56.55972, -20.3375 ], [ -56.55778, -20.3375 ], [ -56.55778, -20.33722 ], [ -56.55722, -20.33722 ], [ -56.55722, -20.3375 ], [ -56.55694, -20.3375 ], [ -56.55694, -20.33778 ], [ -56.55639, -20.33778 ], [ -56.55639, -20.33806 ], [ -56.55583, -20.33806 ], [ -56.55583, -20.33833 ], [ -56.55528, -20.33833 ], [ -56.55528, -20.33861 ], [ -56.555, -20.33861 ], [ -56.555, -20.34 ], [ -56.55472, -20.34 ], [ -56.55472, -20.34056 ], [ -56.55444, -20.34056 ], [ -56.55444, -20.34083 ], [ -56.55417, -20.34083 ], [ -56.55417, -20.34111 ], [ -56.55389, -20.34111 ], [ -56.55389, -20.34167 ], [ -56.55333, -20.34167 ], [ -56.55333, -20.34194 ], [ -56.55305, -20.34194 ], [ -56.55305, -20.34222 ], [ -56.55278, -20.34222 ], [ -56.55278, -20.34278 ], [ -56.5525, -20.34278 ], [ -56.5525, -20.34306 ], [ -56.55167, -20.34306 ], [ -56.55167, -20.34278 ], [ -56.55151, -20.34278 ], [ -56.55139, -20.3425 ], [ -56.55057, -20.34185 ], [ -56.54954, -20.34139 ], [ -56.54972, -20.34139 ], [ -56.54972, -20.34083 ], [ -56.55, -20.34083 ], [ -56.55, -20.34056 ], [ -56.55028, -20.34056 ], [ -56.55028, -20.34028 ], [ -56.55, -20.34028 ], [ -56.55, -20.33944 ], [ -56.54972, -20.33944 ], [ -56.54972, -20.33639 ], [ -56.54917, -20.33639 ], [ -56.54917, -20.33611 ], [ -56.54889, -20.33611 ], [ -56.54889, -20.33583 ], [ -56.54861, -20.33583 ], [ -56.54861, -20.33556 ], [ -56.54833, -20.33556 ], [ -56.54833, -20.33528 ], [ -56.54805, -20.33528 ], [ -56.54805, -20.33472 ], [ -56.54778, -20.33472 ], [ -56.54778, -20.33444 ], [ -56.5475, -20.33444 ], [ -56.5475, -20.33389 ], [ -56.54722, -20.33389 ], [ -56.54722, -20.33361 ], [ -56.54694, -20.33361 ], [ -56.54694, -20.33333 ], [ -56.54669, -20.33333 ], [ -56.54667, -20.33306 ], [ -56.54646, -20.33306 ], [ -56.54639, -20.33278 ], [ -56.54623, -20.33278 ], [ -56.545, -20.33111 ], [ -56.54476, -20.33098 ], [ -56.54472, -20.32889 ], [ -56.54444, -20.32889 ], [ -56.54444, -20.32833 ], [ -56.54374, -20.32833 ], [ -56.54368, -20.32817 ], [ -56.5425, -20.32781 ], [ -56.5425, -20.32694 ], [ -56.54305, -20.32694 ], [ -56.54305, -20.32667 ], [ -56.54389, -20.32667 ], [ -56.54389, -20.32639 ], [ -56.54417, -20.32639 ], [ -56.54417, -20.32583 ], [ -56.54444, -20.32583 ], [ -56.54444, -20.32333 ], [ -56.54389, -20.32333 ], [ -56.54389, -20.32306 ], [ -56.54333, -20.32306 ], [ -56.54333, -20.32278 ], [ -56.54305, -20.32278 ], [ -56.54305, -20.3225 ], [ -56.54278, -20.3225 ], [ -56.54278, -20.32222 ], [ -56.5425, -20.32222 ], [ -56.54265, -20.32193 ], [ -56.54111, -20.32021 ], [ -56.54111, -20.31972 ], [ -56.54083, -20.31972 ], [ -56.54083, -20.31917 ], [ -56.54055, -20.31917 ], [ -56.54055, -20.31889 ], [ -56.54028, -20.31889 ], [ -56.54028, -20.31861 ], [ -56.54, -20.31861 ], [ -56.54, -20.31833 ], [ -56.53944, -20.31833 ], [ -56.5389, -20.31773 ], [ -56.53645, -20.31758 ], [ -56.53584, -20.31827 ], [ -56.5332, -20.31811 ], [ -56.52531, -20.31873 ], [ -56.52398, -20.31945 ], [ -56.52278, -20.31917 ], [ -56.52278, -20.31889 ], [ -56.5225, -20.31889 ], [ -56.5225, -20.31861 ], [ -56.52139, -20.31861 ], [ -56.52139, -20.31889 ], [ -56.52083, -20.31897 ], [ -56.51917, -20.31872 ], [ -56.51917, -20.31861 ], [ -56.51611, -20.31889 ], [ -56.51611, -20.31861 ], [ -56.51583, -20.31861 ], [ -56.51583, -20.31833 ], [ -56.51555, -20.31833 ], [ -56.51555, -20.31806 ], [ -56.51528, -20.31806 ], [ -56.51528, -20.31861 ], [ -56.515, -20.31861 ], [ -56.515, -20.31906 ], [ -56.51309, -20.31928 ], [ -56.5121, -20.32039 ], [ -56.50992, -20.32034 ], [ -56.50894, -20.32069 ], [ -56.50851, -20.31972 ], [ -56.50861, -20.31861 ], [ -56.50833, -20.31861 ], [ -56.50833, -20.31722 ], [ -56.50805, -20.31722 ], [ -56.50805, -20.31667 ], [ -56.50778, -20.31667 ], [ -56.50778, -20.31639 ], [ -56.50722, -20.31639 ], [ -56.50722, -20.31611 ], [ -56.50705, -20.31611 ], [ -56.50651, -20.31512 ], [ -56.505, -20.31443 ], [ -56.505, -20.31028 ], [ -56.50444, -20.31028 ], [ -56.50449, -20.30958 ], [ -56.50327, -20.30924 ], [ -56.5025, -20.30877 ], [ -56.5025, -20.30861 ], [ -56.50224, -20.30861 ], [ -56.50063, -20.30764 ], [ -56.49917, -20.30739 ], [ -56.49917, -20.30722 ], [ -56.49889, -20.30722 ], [ -56.49889, -20.30667 ], [ -56.49861, -20.30667 ], [ -56.49861, -20.30639 ], [ -56.49833, -20.30639 ], [ -56.49833, -20.30667 ], [ -56.49636, -20.30667 ], [ -56.49441, -20.30587 ], [ -56.49432, -20.30528 ], [ -56.49444, -20.30528 ], [ -56.49444, -20.305 ], [ -56.49472, -20.305 ], [ -56.49472, -20.30472 ], [ -56.49444, -20.30472 ], [ -56.49444, -20.30417 ], [ -56.49472, -20.30417 ], [ -56.49472, -20.30389 ], [ -56.495, -20.30389 ], [ -56.495, -20.30333 ], [ -56.49528, -20.30333 ], [ -56.49528, -20.29917 ], [ -56.49555, -20.29917 ], [ -56.49555, -20.29889 ], [ -56.49583, -20.29889 ], [ -56.49583, -20.29861 ], [ -56.49611, -20.29861 ], [ -56.49611, -20.29694 ], [ -56.49583, -20.29694 ], [ -56.49583, -20.29639 ], [ -56.49555, -20.29639 ], [ -56.49555, -20.29583 ], [ -56.49528, -20.29583 ], [ -56.49528, -20.29472 ], [ -56.495, -20.29472 ], [ -56.495, -20.29417 ], [ -56.49472, -20.29417 ], [ -56.49472, -20.29361 ], [ -56.49444, -20.29361 ], [ -56.49444, -20.29333 ], [ -56.49412, -20.29333 ], [ -56.49278, -20.29278 ], [ -56.49278, -20.29111 ], [ -56.49222, -20.29111 ], [ -56.49222, -20.29056 ], [ -56.49194, -20.29056 ], [ -56.49194, -20.29028 ], [ -56.49143, -20.29028 ], [ -56.49122, -20.28976 ], [ -56.49033, -20.28989 ], [ -56.48942, -20.28976 ], [ -56.48642, -20.29046 ], [ -56.48456, -20.28933 ], [ -56.48333, -20.28972 ], [ -56.48333, -20.28944 ], [ -56.48305, -20.28944 ], [ -56.48305, -20.28889 ], [ -56.4825, -20.28889 ], [ -56.4825, -20.28833 ], [ -56.48222, -20.28833 ], [ -56.48222, -20.28806 ], [ -56.48194, -20.28806 ], [ -56.48194, -20.28778 ], [ -56.48139, -20.28778 ], [ -56.48139, -20.28806 ], [ -56.48055, -20.28806 ], [ -56.48055, -20.28833 ], [ -56.47972, -20.28833 ], [ -56.47972, -20.28778 ], [ -56.47944, -20.28778 ], [ -56.47944, -20.2875 ], [ -56.47917, -20.2875 ], [ -56.47917, -20.28722 ], [ -56.47778, -20.28722 ], [ -56.47778, -20.28667 ], [ -56.4775, -20.28667 ], [ -56.4775, -20.28639 ], [ -56.47722, -20.28639 ], [ -56.47722, -20.285 ], [ -56.47694, -20.285 ], [ -56.47694, -20.28278 ], [ -56.47667, -20.28278 ], [ -56.47667, -20.2825 ], [ -56.47639, -20.2825 ], [ -56.47639, -20.28222 ], [ -56.47611, -20.28222 ], [ -56.47611, -20.28194 ], [ -56.47639, -20.28194 ], [ -56.47639, -20.28111 ], [ -56.47667, -20.28111 ], [ -56.47667, -20.28083 ], [ -56.47694, -20.28083 ], [ -56.47694, -20.28056 ], [ -56.47667, -20.28056 ], [ -56.47667, -20.28028 ], [ -56.47639, -20.28028 ], [ -56.47639, -20.27972 ], [ -56.47611, -20.27972 ], [ -56.47611, -20.27944 ], [ -56.47583, -20.27944 ], [ -56.47583, -20.27917 ], [ -56.47555, -20.27917 ], [ -56.47555, -20.27889 ], [ -56.47528, -20.27889 ], [ -56.47528, -20.27778 ], [ -56.47555, -20.27778 ], [ -56.47555, -20.27722 ], [ -56.47528, -20.27722 ], [ -56.47528, -20.27694 ], [ -56.475, -20.27694 ], [ -56.475, -20.27667 ], [ -56.47472, -20.27667 ], [ -56.47472, -20.27639 ], [ -56.47417, -20.27639 ], [ -56.47417, -20.27611 ], [ -56.47389, -20.27611 ], [ -56.47389, -20.27556 ], [ -56.47333, -20.27556 ], [ -56.47333, -20.27528 ], [ -56.4725, -20.27528 ], [ -56.4725, -20.275 ], [ -56.47222, -20.275 ], [ -56.47222, -20.27528 ], [ -56.47194, -20.27528 ], [ -56.47194, -20.275 ], [ -56.47167, -20.275 ], [ -56.47167, -20.27472 ], [ -56.47139, -20.27472 ], [ -56.47139, -20.27361 ], [ -56.47167, -20.27361 ], [ -56.47167, -20.27278 ], [ -56.47139, -20.27278 ], [ -56.47139, -20.2725 ], [ -56.47111, -20.2725 ], [ -56.47111, -20.27194 ], [ -56.47066, -20.27194 ], [ -56.47055, -20.27167 ], [ -56.47034, -20.27167 ], [ -56.46889, -20.2704 ], [ -56.46889, -20.27 ], [ -56.46843, -20.27 ], [ -56.46833, -20.26972 ], [ -56.46811, -20.26972 ], [ -56.46667, -20.26859 ], [ -56.46667, -20.26833 ], [ -56.46639, -20.26833 ], [ -56.46639, -20.26806 ], [ -56.46611, -20.26806 ], [ -56.46611, -20.26823 ], [ -56.46263, -20.266 ], [ -56.46194, -20.26608 ], [ -56.46194, -20.26528 ], [ -56.46222, -20.26528 ], [ -56.46222, -20.26472 ], [ -56.4625, -20.26472 ], [ -56.4625, -20.26444 ], [ -56.46278, -20.26444 ], [ -56.46278, -20.26389 ], [ -56.46305, -20.26389 ], [ -56.46305, -20.26361 ], [ -56.46333, -20.26361 ], [ -56.46333, -20.26306 ], [ -56.46361, -20.26306 ], [ -56.46361, -20.26222 ], [ -56.46389, -20.26222 ], [ -56.46389, -20.26111 ], [ -56.46361, -20.26111 ], [ -56.46361, -20.26083 ], [ -56.46577, -20.25375 ], [ -56.46795, -20.23558 ], [ -56.47207, -20.23244 ], [ -56.48132, -20.22048 ], [ -56.48612, -20.21536 ], [ -56.49417, -20.21167 ], [ -56.49466, -20.2113 ], [ -56.49965, -20.21013 ], [ -56.50449, -20.20832 ], [ -56.5108, -20.2066 ], [ -56.51359, -20.20561 ], [ -56.51589, -20.20459 ], [ -56.51749, -20.2027 ], [ -56.52278, -20.19917 ], [ -56.52389, -20.19917 ], [ -56.52389, -20.19944 ], [ -56.52472, -20.19944 ], [ -56.52472, -20.19917 ], [ -56.52555, -20.19917 ], [ -56.52555, -20.19944 ], [ -56.52639, -20.19944 ], [ -56.52639, -20.19972 ], [ -56.52722, -20.19972 ], [ -56.52722, -20.19944 ], [ -56.5275, -20.19944 ], [ -56.5275, -20.19972 ], [ -56.52805, -20.19972 ], [ -56.52805, -20.2 ], [ -56.52917, -20.2 ], [ -56.52917, -20.19972 ], [ -56.52944, -20.19972 ], [ -56.52944, -20.19944 ], [ -56.52972, -20.19944 ], [ -56.52972, -20.19917 ], [ -56.53, -20.19917 ], [ -56.53, -20.19861 ], [ -56.53028, -20.19861 ], [ -56.53028, -20.19833 ], [ -56.53139, -20.19833 ], [ -56.53139, -20.19861 ], [ -56.53167, -20.19861 ], [ -56.53167, -20.19889 ], [ -56.5325, -20.19889 ], [ -56.5325, -20.19861 ], [ -56.53474, -20.19861 ], [ -56.53555, -20.20043 ], [ -56.53555, -20.20083 ], [ -56.53611, -20.20111 ], [ -56.53667, -20.20115 ], [ -56.53667, -20.20139 ], [ -56.53722, -20.20139 ], [ -56.53722, -20.20167 ], [ -56.53861, -20.20168 ], [ -56.53861, -20.20194 ], [ -56.53917, -20.20194 ], [ -56.53917, -20.20222 ], [ -56.53972, -20.20222 ], [ -56.53972, -20.2025 ], [ -56.54, -20.2025 ], [ -56.54, -20.20278 ], [ -56.54055, -20.20278 ], [ -56.54055, -20.2025 ], [ -56.54083, -20.2025 ], [ -56.54083, -20.20222 ], [ -56.54139, -20.20222 ], [ -56.54139, -20.20194 ], [ -56.54167, -20.20194 ], [ -56.54167, -20.20056 ], [ -56.54194, -20.20056 ], [ -56.54194, -20.19972 ], [ -56.54222, -20.19972 ], [ -56.54222, -20.19944 ], [ -56.54305, -20.19944 ], [ -56.54305, -20.19972 ], [ -56.54389, -20.19972 ], [ -56.54389, -20.2 ], [ -56.54417, -20.2 ], [ -56.54417, -20.20028 ], [ -56.54472, -20.20028 ], [ -56.54472, -20.2 ], [ -56.54555, -20.2 ], [ -56.54555, -20.20028 ], [ -56.54583, -20.20028 ], [ -56.54583, -20.2 ], [ -56.54611, -20.2 ], [ -56.54611, -20.19972 ], [ -56.54639, -20.19972 ], [ -56.54639, -20.19944 ], [ -56.54694, -20.19944 ], [ -56.54694, -20.19972 ], [ -56.54861, -20.19972 ], [ -56.54861, -20.2 ], [ -56.55055, -20.2 ], [ -56.55055, -20.19972 ], [ -56.55083, -20.19972 ], [ -56.55083, -20.19944 ], [ -56.55222, -20.19944 ], [ -56.55222, -20.19917 ], [ -56.5525, -20.19917 ], [ -56.5525, -20.19889 ], [ -56.55389, -20.19889 ], [ -56.55389, -20.19917 ], [ -56.55444, -20.19917 ], [ -56.55444, -20.19889 ], [ -56.555, -20.19889 ], [ -56.555, -20.19861 ], [ -56.55555, -20.19861 ], [ -56.55555, -20.19833 ], [ -56.55583, -20.19833 ], [ -56.55583, -20.19806 ], [ -56.55611, -20.19806 ], [ -56.55611, -20.19778 ], [ -56.55639, -20.19778 ], [ -56.55639, -20.1975 ], [ -56.55722, -20.1975 ], [ -56.55722, -20.19722 ], [ -56.55778, -20.19722 ], [ -56.55778, -20.19694 ], [ -56.55889, -20.19694 ], [ -56.55889, -20.19722 ], [ -56.55917, -20.19722 ], [ -56.55917, -20.19694 ], [ -56.55944, -20.19694 ], [ -56.55944, -20.19639 ], [ -56.55972, -20.19639 ], [ -56.55972, -20.19611 ], [ -56.56, -20.19611 ], [ -56.56, -20.19583 ], [ -56.56201, -20.19543 ], [ -56.56334, -20.19389 ], [ -56.56389, -20.19389 ], [ -56.56389, -20.19361 ], [ -56.56472, -20.19361 ], [ -56.56472, -20.19333 ], [ -56.565, -20.19333 ], [ -56.565, -20.19306 ], [ -56.56555, -20.19306 ], [ -56.56555, -20.19278 ], [ -56.56639, -20.19278 ], [ -56.56639, -20.1925 ], [ -56.56783, -20.19235 ], [ -56.56845, -20.19187 ], [ -56.56925, -20.19083 ], [ -56.56944, -20.19083 ], [ -56.56947, -20.19056 ], [ -56.56972, -20.19056 ], [ -56.56972, -20.19028 ], [ -56.57028, -20.19028 ], [ -56.57028, -20.19 ], [ -56.57139, -20.19 ], [ -56.57139, -20.18972 ], [ -56.57194, -20.18972 ], [ -56.57194, -20.18944 ], [ -56.57222, -20.18944 ], [ -56.57222, -20.18917 ], [ -56.57278, -20.18917 ], [ -56.57278, -20.18889 ], [ -56.57305, -20.18889 ], [ -56.57305, -20.18861 ], [ -56.57333, -20.18861 ], [ -56.57333, -20.18833 ], [ -56.57361, -20.18833 ], [ -56.57361, -20.18528 ], [ -56.57389, -20.18528 ], [ -56.57389, -20.185 ], [ -56.575, -20.185 ], [ -56.575, -20.18361 ], [ -56.57555, -20.18361 ], [ -56.57555, -20.18306 ], [ -56.57583, -20.18306 ], [ -56.57583, -20.1825 ], [ -56.57555, -20.1825 ], [ -56.57555, -20.18194 ], [ -56.57472, -20.18194 ], [ -56.57472, -20.18167 ], [ -56.57444, -20.18167 ], [ -56.57444, -20.18139 ], [ -56.57472, -20.18139 ], [ -56.57472, -20.18028 ], [ -56.575, -20.18028 ], [ -56.575, -20.17944 ], [ -56.57472, -20.17944 ], [ -56.57472, -20.17917 ], [ -56.575, -20.17917 ], [ -56.575, -20.17833 ], [ -56.57528, -20.17833 ], [ -56.57528, -20.17806 ], [ -56.57555, -20.17806 ], [ -56.57555, -20.17778 ], [ -56.57639, -20.17778 ], [ -56.57639, -20.1775 ], [ -56.57667, -20.1775 ], [ -56.57667, -20.17722 ], [ -56.5775, -20.17722 ], [ -56.5775, -20.17667 ], [ -56.57778, -20.17667 ], [ -56.57778, -20.17583 ], [ -56.57805, -20.17583 ], [ -56.57805, -20.17556 ], [ -56.57889, -20.17556 ], [ -56.57889, -20.17583 ], [ -56.57917, -20.17583 ], [ -56.57917, -20.17556 ], [ -56.58055, -20.17556 ], [ -56.58055, -20.17528 ], [ -56.58083, -20.17528 ], [ -56.58083, -20.17472 ], [ -56.58055, -20.17472 ], [ -56.58055, -20.17444 ], [ -56.58083, -20.17444 ], [ -56.58083, -20.17389 ], [ -56.58111, -20.17389 ], [ -56.58111, -20.17278 ], [ -56.58083, -20.17278 ], [ -56.58083, -20.1725 ], [ -56.58055, -20.1725 ], [ -56.58055, -20.17199 ], [ -56.58281, -20.17232 ], [ -56.58444, -20.1702 ], [ -56.58528, -20.17028 ], [ -56.58528, -20.17 ], [ -56.58555, -20.17 ], [ -56.58555, -20.16972 ], [ -56.58611, -20.16972 ], [ -56.58611, -20.16944 ], [ -56.58639, -20.16944 ], [ -56.58639, -20.16917 ], [ -56.58667, -20.16917 ], [ -56.58667, -20.16889 ], [ -56.58694, -20.16889 ], [ -56.58694, -20.16861 ], [ -56.58722, -20.16861 ], [ -56.58722, -20.16833 ], [ -56.5875, -20.16833 ], [ -56.5875, -20.16778 ], [ -56.58778, -20.16778 ], [ -56.58778, -20.16806 ], [ -56.58833, -20.16806 ], [ -56.58833, -20.16778 ], [ -56.58861, -20.16778 ], [ -56.58861, -20.1675 ], [ -56.59081, -20.1675 ], [ -56.59182, -20.16931 ], [ -56.5922, -20.17236 ], [ -56.59112, -20.17421 ], [ -56.59194, -20.17487 ], [ -56.59194, -20.17528 ], [ -56.59246, -20.17528 ], [ -56.59321, -20.17588 ], [ -56.59217, -20.17763 ], [ -56.59259, -20.17833 ], [ -56.5925, -20.17861 ], [ -56.59278, -20.17865 ], [ -56.59278, -20.17917 ], [ -56.59314, -20.17927 ], [ -56.59361, -20.18039 ], [ -56.59361, -20.18083 ], [ -56.59389, -20.18091 ], [ -56.59389, -20.18139 ], [ -56.59417, -20.18139 ], [ -56.59417, -20.18194 ], [ -56.59444, -20.18194 ], [ -56.59444, -20.18222 ], [ -56.59472, -20.18222 ], [ -56.59472, -20.18194 ], [ -56.59555, -20.18194 ], [ -56.59555, -20.18167 ], [ -56.59639, -20.18167 ], [ -56.59639, -20.18194 ], [ -56.59667, -20.18194 ], [ -56.59667, -20.18222 ], [ -56.59692, -20.18222 ], [ -56.59753, -20.18437 ], [ -56.59778, -20.18451 ], [ -56.59778, -20.18472 ], [ -56.59805, -20.18472 ], [ -56.59805, -20.18528 ], [ -56.59908, -20.18528 ], [ -56.59917, -20.18556 ], [ -56.59955, -20.18556 ], [ -56.6, -20.18582 ], [ -56.6, -20.18611 ], [ -56.60028, -20.18611 ], [ -56.60028, -20.18639 ], [ -56.60055, -20.18639 ], [ -56.60055, -20.18667 ], [ -56.60176, -20.18667 ], [ -56.60314, -20.19151 ], [ -56.60288, -20.19365 ], [ -56.60389, -20.19587 ], [ -56.60389, -20.19639 ], [ -56.60444, -20.19639 ], [ -56.60444, -20.19667 ], [ -56.60472, -20.19667 ], [ -56.60472, -20.19694 ], [ -56.60555, -20.19694 ], [ -56.60555, -20.19722 ], [ -56.60611, -20.19722 ], [ -56.60611, -20.19694 ], [ -56.60639, -20.19694 ], [ -56.60639, -20.19667 ], [ -56.60667, -20.19667 ], [ -56.60667, -20.19639 ], [ -56.60694, -20.19639 ], [ -56.60694, -20.19611 ], [ -56.60722, -20.19611 ], [ -56.60722, -20.19583 ], [ -56.60833, -20.19583 ], [ -56.60833, -20.19472 ], [ -56.60861, -20.19472 ], [ -56.60861, -20.19444 ], [ -56.60889, -20.19444 ], [ -56.60889, -20.19417 ], [ -56.60972, -20.19417 ], [ -56.60972, -20.19389 ], [ -56.61028, -20.19389 ], [ -56.61028, -20.19361 ], [ -56.61083, -20.19361 ], [ -56.61083, -20.19333 ], [ -56.61167, -20.19333 ], [ -56.61167, -20.19306 ], [ -56.61222, -20.19306 ], [ -56.61222, -20.19278 ], [ -56.6125, -20.19278 ], [ -56.6125, -20.1925 ], [ -56.61361, -20.1925 ], [ -56.61361, -20.19278 ], [ -56.61472, -20.19278 ], [ -56.61472, -20.19306 ], [ -56.61528, -20.19306 ], [ -56.61528, -20.19167 ], [ -56.61555, -20.19167 ], [ -56.61555, -20.19139 ], [ -56.61611, -20.19139 ], [ -56.61611, -20.19111 ], [ -56.61639, -20.19111 ], [ -56.61639, -20.19056 ], [ -56.61694, -20.19056 ], [ -56.61694, -20.19028 ], [ -56.61722, -20.19028 ], [ -56.61722, -20.19 ], [ -56.6175, -20.19 ], [ -56.6175, -20.18972 ], [ -56.61805, -20.18972 ], [ -56.61805, -20.18944 ], [ -56.61861, -20.18944 ], [ -56.61861, -20.18917 ], [ -56.61972, -20.18917 ], [ -56.61972, -20.18889 ], [ -56.62028, -20.18889 ], [ -56.62028, -20.18861 ], [ -56.62139, -20.18861 ], [ -56.62139, -20.18833 ], [ -56.62194, -20.18833 ], [ -56.62194, -20.18806 ], [ -56.62333, -20.18806 ], [ -56.62333, -20.18833 ], [ -56.62389, -20.18833 ], [ -56.62389, -20.18806 ], [ -56.62444, -20.18806 ], [ -56.62444, -20.18778 ], [ -56.62472, -20.18778 ], [ -56.62472, -20.1875 ], [ -56.62528, -20.1875 ], [ -56.62528, -20.18722 ], [ -56.62555, -20.18722 ], [ -56.62555, -20.18694 ], [ -56.62583, -20.18694 ], [ -56.62583, -20.18667 ], [ -56.62694, -20.18667 ], [ -56.62694, -20.18639 ], [ -56.62722, -20.18639 ], [ -56.62722, -20.18611 ], [ -56.62778, -20.18611 ], [ -56.62778, -20.18556 ], [ -56.62805, -20.18556 ], [ -56.62805, -20.18472 ], [ -56.6283, -20.18472 ], [ -56.63086, -20.18654 ], [ -56.63167, -20.1867 ], [ -56.63167, -20.18694 ], [ -56.63194, -20.18694 ], [ -56.63194, -20.18722 ], [ -56.63222, -20.18722 ], [ -56.63222, -20.1875 ], [ -56.63389, -20.1875 ], [ -56.63389, -20.18722 ], [ -56.63417, -20.18722 ], [ -56.63417, -20.18694 ], [ -56.635, -20.18694 ], [ -56.635, -20.18556 ], [ -56.63528, -20.18556 ], [ -56.63528, -20.18528 ], [ -56.63555, -20.18528 ], [ -56.63555, -20.185 ], [ -56.63583, -20.185 ], [ -56.63583, -20.18472 ], [ -56.63639, -20.18472 ], [ -56.63639, -20.18444 ], [ -56.63772, -20.18444 ], [ -56.63778, -20.18472 ], [ -56.63795, -20.18472 ], [ -56.63833, -20.18528 ], [ -56.63861, -20.1853 ], [ -56.63861, -20.18556 ], [ -56.63889, -20.18556 ], [ -56.63889, -20.18583 ], [ -56.64, -20.18583 ], [ -56.64, -20.18611 ], [ -56.64028, -20.18611 ], [ -56.64028, -20.18667 ], [ -56.64073, -20.18667 ], [ -56.64094, -20.1874 ], [ -56.64194, -20.18752 ], [ -56.64194, -20.18778 ], [ -56.64305, -20.18778 ], [ -56.64305, -20.18806 ], [ -56.64361, -20.18806 ], [ -56.64361, -20.18778 ], [ -56.64389, -20.18778 ], [ -56.64389, -20.18806 ], [ -56.64417, -20.18806 ], [ -56.64417, -20.18778 ], [ -56.64455, -20.18778 ], [ -56.64381, -20.18969 ], [ -56.64444, -20.1902 ], [ -56.64444, -20.19056 ], [ -56.64472, -20.19056 ], [ -56.64472, -20.19111 ], [ -56.64558, -20.19111 ], [ -56.64694, -20.1922 ], [ -56.64694, -20.1925 ], [ -56.64722, -20.1925 ], [ -56.64722, -20.19278 ], [ -56.6475, -20.19278 ], [ -56.6475, -20.19333 ], [ -56.64805, -20.19333 ], [ -56.64805, -20.19361 ], [ -56.64871, -20.19361 ], [ -56.64914, -20.19396 ], [ -56.64929, -20.19513 ], [ -56.6491, -20.19667 ], [ -56.64889, -20.19667 ], [ -56.64889, -20.19778 ], [ -56.64917, -20.19778 ], [ -56.64917, -20.19806 ], [ -56.64944, -20.19806 ], [ -56.64944, -20.19861 ], [ -56.65028, -20.19861 ], [ -56.65028, -20.19833 ], [ -56.65055, -20.19833 ], [ -56.65055, -20.19806 ], [ -56.65083, -20.19806 ], [ -56.65083, -20.19778 ], [ -56.65139, -20.19778 ], [ -56.65139, -20.1975 ], [ -56.65194, -20.1975 ], [ -56.65194, -20.19722 ], [ -56.65222, -20.19722 ], [ -56.65222, -20.19694 ], [ -56.65305, -20.19694 ], [ -56.65305, -20.19722 ], [ -56.65361, -20.19722 ], [ -56.65361, -20.1975 ], [ -56.65417, -20.1975 ], [ -56.65417, -20.19778 ], [ -56.65583, -20.19778 ], [ -56.65583, -20.19694 ], [ -56.65639, -20.19694 ], [ -56.65639, -20.19667 ], [ -56.65722, -20.19667 ], [ -56.65722, -20.19694 ], [ -56.65805, -20.19694 ], [ -56.65805, -20.19639 ], [ -56.65861, -20.19639 ], [ -56.65861, -20.19583 ], [ -56.65917, -20.19583 ], [ -56.65917, -20.19556 ], [ -56.65944, -20.19556 ], [ -56.65944, -20.195 ], [ -56.65972, -20.195 ], [ -56.65972, -20.19444 ], [ -56.66222, -20.19631 ], [ -56.66222, -20.19667 ], [ -56.66249, -20.19667 ], [ -56.66202, -20.19878 ], [ -56.65987, -20.19851 ], [ -56.65703, -20.19971 ], [ -56.65752, -20.20211 ], [ -56.65833, -20.20276 ], [ -56.65801, -20.20536 ], [ -56.66127, -20.20912 ], [ -56.66205, -20.21186 ], [ -56.66459, -20.20983 ], [ -56.66546, -20.20776 ], [ -56.66763, -20.20685 ], [ -56.66735, -20.2046 ], [ -56.66889, -20.20504 ], [ -56.66889, -20.20528 ], [ -56.66917, -20.20528 ], [ -56.66917, -20.20556 ], [ -56.66972, -20.20556 ], [ -56.66972, -20.20583 ], [ -56.67163, -20.20583 ], [ -56.67137, -20.20791 ], [ -56.67148, -20.20875 ], [ -56.67054, -20.21204 ], [ -56.67139, -20.21191 ], [ -56.67167, -20.21194 ], [ -56.67167, -20.21222 ], [ -56.67305, -20.21222 ], [ -56.67305, -20.2125 ], [ -56.67389, -20.2125 ], [ -56.67389, -20.21278 ], [ -56.67417, -20.21278 ], [ -56.67417, -20.21222 ], [ -56.67444, -20.21222 ], [ -56.67444, -20.21167 ], [ -56.67472, -20.21167 ], [ -56.67472, -20.21139 ], [ -56.67528, -20.21139 ], [ -56.67528, -20.21083 ], [ -56.67555, -20.21083 ], [ -56.67555, -20.21056 ], [ -56.67583, -20.21056 ], [ -56.67583, -20.21028 ], [ -56.6775, -20.21028 ], [ -56.6775, -20.21056 ], [ -56.67805, -20.21056 ], [ -56.67805, -20.21083 ], [ -56.67917, -20.21083 ], [ -56.67917, -20.21111 ], [ -56.68, -20.21111 ], [ -56.68, -20.21139 ], [ -56.68055, -20.21139 ], [ -56.68055, -20.21167 ], [ -56.68139, -20.21167 ], [ -56.68139, -20.21111 ], [ -56.68167, -20.21111 ], [ -56.68167, -20.21083 ], [ -56.68222, -20.21083 ], [ -56.68222, -20.21111 ], [ -56.68267, -20.21111 ], [ -56.6842, -20.21352 ], [ -56.68587, -20.21261 ], [ -56.6884, -20.21276 ], [ -56.68917, -20.2125 ], [ -56.68917, -20.21278 ], [ -56.69028, -20.21278 ], [ -56.69028, -20.2125 ], [ -56.69083, -20.2125 ], [ -56.69083, -20.21278 ], [ -56.69139, -20.21278 ], [ -56.69139, -20.2125 ], [ -56.69167, -20.2125 ], [ -56.69167, -20.21194 ], [ -56.69194, -20.21194 ], [ -56.69194, -20.21167 ], [ -56.69278, -20.21167 ], [ -56.69278, -20.21139 ], [ -56.69291, -20.21139 ], [ -56.69417, -20.21207 ], [ -56.69417, -20.21222 ], [ -56.69444, -20.21222 ], [ -56.69444, -20.2125 ], [ -56.69472, -20.2125 ], [ -56.69472, -20.21278 ], [ -56.69639, -20.21278 ], [ -56.69639, -20.21306 ], [ -56.69667, -20.21306 ], [ -56.69667, -20.21333 ], [ -56.6969, -20.21333 ], [ -56.69861, -20.21919 ], [ -56.69861, -20.21972 ], [ -56.69889, -20.21972 ], [ -56.69889, -20.22 ], [ -56.69917, -20.22 ], [ -56.69917, -20.22028 ], [ -56.69944, -20.22028 ], [ -56.69944, -20.22056 ], [ -56.69972, -20.22056 ], [ -56.69972, -20.22028 ], [ -56.70028, -20.22028 ], [ -56.70028, -20.22 ], [ -56.70083, -20.22 ], [ -56.70083, -20.21972 ], [ -56.70127, -20.21972 ], [ -56.70139, -20.22 ], [ -56.70194, -20.22 ], [ -56.70194, -20.22028 ], [ -56.70305, -20.22025 ], [ -56.70583, -20.22111 ], [ -56.70639, -20.22111 ], [ -56.70639, -20.22139 ], [ -56.70667, -20.22139 ], [ -56.70667, -20.22167 ], [ -56.70722, -20.22167 ], [ -56.70722, -20.22139 ], [ -56.70861, -20.22139 ], [ -56.70861, -20.22111 ], [ -56.70889, -20.22111 ], [ -56.70889, -20.22083 ], [ -56.70917, -20.22083 ], [ -56.70917, -20.22056 ], [ -56.70972, -20.22056 ], [ -56.70972, -20.22028 ], [ -56.70944, -20.22028 ], [ -56.70944, -20.21944 ], [ -56.70972, -20.21944 ], [ -56.70972, -20.21917 ], [ -56.71, -20.21917 ], [ -56.71, -20.21889 ], [ -56.71028, -20.21889 ], [ -56.71028, -20.21861 ], [ -56.71055, -20.21861 ], [ -56.71055, -20.21833 ], [ -56.71083, -20.21833 ], [ -56.71083, -20.21806 ], [ -56.71111, -20.21806 ], [ -56.71111, -20.21778 ], [ -56.71222, -20.21778 ], [ -56.71222, -20.2175 ], [ -56.7125, -20.2175 ], [ -56.7125, -20.21722 ], [ -56.71278, -20.21722 ], [ -56.71278, -20.21694 ], [ -56.71333, -20.21694 ], [ -56.71333, -20.21611 ], [ -56.71389, -20.21611 ], [ -56.71389, -20.21556 ], [ -56.71417, -20.21556 ], [ -56.71417, -20.21528 ], [ -56.71444, -20.21528 ], [ -56.71444, -20.215 ], [ -56.71417, -20.215 ], [ -56.71417, -20.21417 ], [ -56.71444, -20.21417 ], [ -56.71444, -20.21389 ], [ -56.71472, -20.21389 ], [ -56.71472, -20.21361 ], [ -56.715, -20.21361 ], [ -56.715, -20.21333 ], [ -56.71528, -20.21333 ], [ -56.71528, -20.21111 ], [ -56.71555, -20.21111 ], [ -56.71555, -20.21083 ], [ -56.71583, -20.21083 ], [ -56.71583, -20.21056 ], [ -56.71611, -20.21056 ], [ -56.71611, -20.21028 ], [ -56.71639, -20.21028 ], [ -56.71639, -20.21 ], [ -56.71722, -20.21 ], [ -56.71722, -20.21028 ], [ -56.7175, -20.21028 ], [ -56.7175, -20.21056 ], [ -56.71778, -20.21056 ], [ -56.71778, -20.21028 ], [ -56.71805, -20.21028 ], [ -56.71805, -20.21 ], [ -56.71833, -20.21 ], [ -56.71833, -20.20972 ], [ -56.71861, -20.20972 ], [ -56.71861, -20.20861 ], [ -56.71917, -20.20861 ], [ -56.71917, -20.20833 ], [ -56.71972, -20.20833 ], [ -56.71972, -20.20806 ], [ -56.71944, -20.20806 ], [ -56.71944, -20.20778 ], [ -56.71972, -20.20778 ], [ -56.71972, -20.2075 ], [ -56.71944, -20.2075 ], [ -56.71944, -20.20722 ], [ -56.71972, -20.20722 ], [ -56.71972, -20.20694 ], [ -56.72, -20.20694 ], [ -56.72, -20.20667 ], [ -56.72055, -20.20667 ], [ -56.72055, -20.20639 ], [ -56.72139, -20.20639 ], [ -56.72139, -20.20611 ], [ -56.72167, -20.20611 ], [ -56.72167, -20.20583 ], [ -56.72194, -20.20583 ], [ -56.72194, -20.20556 ], [ -56.72222, -20.20556 ], [ -56.72222, -20.20528 ], [ -56.72278, -20.20528 ], [ -56.72278, -20.205 ], [ -56.72333, -20.205 ], [ -56.72333, -20.20472 ], [ -56.72389, -20.20472 ], [ -56.72389, -20.20389 ], [ -56.72417, -20.20389 ], [ -56.72417, -20.20361 ], [ -56.72444, -20.20361 ], [ -56.72444, -20.20333 ], [ -56.72472, -20.20333 ], [ -56.72472, -20.20278 ], [ -56.72528, -20.20278 ], [ -56.72528, -20.2026 ], [ -56.72999, -20.20298 ], [ -56.72962, -20.20761 ], [ -56.73091, -20.20872 ], [ -56.73185, -20.20982 ], [ -56.73313, -20.21039 ], [ -56.73493, -20.21166 ], [ -56.73586, -20.21376 ], [ -56.7404, -20.21459 ], [ -56.74591, -20.2165 ], [ -56.74804, -20.21769 ], [ -56.74864, -20.22099 ], [ -56.74976, -20.22195 ], [ -56.75038, -20.22401 ], [ -56.7517, -20.22637 ], [ -56.75368, -20.22761 ], [ -56.75586, -20.22932 ], [ -56.75807, -20.22983 ], [ -56.76038, -20.22581 ], [ -56.76394, -20.2261 ], [ -56.76616, -20.22592 ], [ -56.76722, -20.22611 ], [ -56.76722, -20.22667 ], [ -56.76833, -20.22667 ], [ -56.76833, -20.22694 ], [ -56.76859, -20.22694 ], [ -56.76861, -20.22722 ], [ -56.76889, -20.22729 ], [ -56.76889, -20.22778 ], [ -56.76917, -20.22778 ], [ -56.76917, -20.22833 ], [ -56.76944, -20.22833 ], [ -56.76944, -20.22861 ], [ -56.77, -20.22861 ], [ -56.77, -20.22889 ], [ -56.77055, -20.22889 ], [ -56.77055, -20.22944 ], [ -56.77083, -20.22944 ], [ -56.77083, -20.22972 ], [ -56.77111, -20.22972 ], [ -56.77111, -20.23 ], [ -56.77167, -20.23 ], [ -56.77167, -20.23028 ], [ -56.77222, -20.23028 ], [ -56.77222, -20.23056 ], [ -56.7725, -20.23056 ], [ -56.7725, -20.23028 ], [ -56.77278, -20.23028 ], [ -56.77278, -20.23 ], [ -56.77333, -20.23 ], [ -56.77333, -20.22972 ], [ -56.77417, -20.22972 ], [ -56.77417, -20.22944 ], [ -56.77472, -20.22944 ], [ -56.77472, -20.22923 ], [ -56.775, -20.22925 ], [ -56.775, -20.22944 ], [ -56.77555, -20.22944 ], [ -56.77555, -20.22972 ], [ -56.77583, -20.22972 ], [ -56.77583, -20.23 ], [ -56.77693, -20.23 ], [ -56.77823, -20.23519 ], [ -56.77944, -20.23556 ], [ -56.77944, -20.23583 ], [ -56.78028, -20.23583 ], [ -56.78028, -20.23611 ], [ -56.78083, -20.23611 ], [ -56.78083, -20.23639 ], [ -56.78111, -20.23639 ], [ -56.78111, -20.23667 ], [ -56.78139, -20.23667 ], [ -56.78139, -20.23694 ], [ -56.78194, -20.23694 ], [ -56.78194, -20.23667 ], [ -56.7825, -20.23667 ], [ -56.78257, -20.2365 ], [ -56.78864, -20.2421 ], [ -56.79253, -20.24434 ], [ -56.79283, -20.24791 ], [ -56.79361, -20.24813 ], [ -56.79361, -20.24833 ], [ -56.79389, -20.24833 ], [ -56.79389, -20.24861 ], [ -56.79447, -20.24861 ], [ -56.79472, -20.24889 ], [ -56.795, -20.24892 ], [ -56.795, -20.24944 ], [ -56.79667, -20.24944 ], [ -56.79667, -20.24972 ], [ -56.79694, -20.24972 ], [ -56.79694, -20.24944 ], [ -56.79833, -20.24944 ], [ -56.79833, -20.24917 ], [ -56.8, -20.24917 ], [ -56.8, -20.24889 ], [ -56.80028, -20.24889 ], [ -56.80028, -20.24833 ], [ -56.80083, -20.24833 ], [ -56.80083, -20.24806 ], [ -56.80111, -20.24806 ], [ -56.80111, -20.2475 ], [ -56.80139, -20.2475 ], [ -56.80139, -20.24694 ], [ -56.80167, -20.24694 ], [ -56.80167, -20.24667 ], [ -56.80222, -20.24667 ], [ -56.80222, -20.24694 ], [ -56.80278, -20.24694 ], [ -56.80278, -20.24639 ], [ -56.80333, -20.24639 ], [ -56.80333, -20.24611 ], [ -56.80361, -20.24611 ], [ -56.80361, -20.24583 ], [ -56.80389, -20.24583 ], [ -56.80389, -20.24556 ], [ -56.80417, -20.24556 ], [ -56.80417, -20.24528 ], [ -56.80472, -20.24528 ], [ -56.80472, -20.245 ], [ -56.80639, -20.245 ], [ -56.80639, -20.24472 ], [ -56.80778, -20.24472 ], [ -56.80778, -20.245 ], [ -56.80861, -20.245 ], [ -56.80861, -20.24472 ], [ -56.80917, -20.24472 ], [ -56.80917, -20.24444 ], [ -56.80944, -20.24444 ], [ -56.80944, -20.24361 ], [ -56.81139, -20.24361 ], [ -56.81139, -20.24389 ], [ -56.81278, -20.24389 ], [ -56.81278, -20.24361 ], [ -56.81306, -20.24361 ], [ -56.81306, -20.24333 ], [ -56.81389, -20.24333 ], [ -56.81389, -20.24306 ], [ -56.81444, -20.24306 ], [ -56.81444, -20.24278 ], [ -56.81472, -20.24278 ], [ -56.81472, -20.2425 ], [ -56.815, -20.2425 ], [ -56.815, -20.24167 ], [ -56.81528, -20.24167 ], [ -56.81528, -20.24139 ], [ -56.81556, -20.24139 ], [ -56.81556, -20.24056 ], [ -56.81583, -20.24056 ], [ -56.81583, -20.23972 ], [ -56.81611, -20.23972 ], [ -56.81611, -20.23944 ], [ -56.81639, -20.23944 ], [ -56.81639, -20.23917 ], [ -56.81611, -20.23917 ], [ -56.81611, -20.23861 ], [ -56.81583, -20.23861 ], [ -56.81583, -20.23833 ], [ -56.81556, -20.23833 ], [ -56.81556, -20.23806 ], [ -56.81528, -20.23806 ], [ -56.81528, -20.23722 ], [ -56.81556, -20.23722 ], [ -56.81556, -20.23667 ], [ -56.81583, -20.23667 ], [ -56.81583, -20.23611 ], [ -56.81556, -20.23611 ], [ -56.81556, -20.23583 ], [ -56.81528, -20.23583 ], [ -56.81539, -20.23535 ], [ -56.81444, -20.23453 ], [ -56.81444, -20.23417 ], [ -56.815, -20.23417 ], [ -56.815, -20.23361 ], [ -56.81556, -20.23361 ], [ -56.81556, -20.23333 ], [ -56.81583, -20.23333 ], [ -56.81583, -20.23306 ], [ -56.81611, -20.23306 ], [ -56.81611, -20.23194 ], [ -56.81583, -20.23194 ], [ -56.81583, -20.23167 ], [ -56.81611, -20.23167 ], [ -56.81611, -20.23028 ], [ -56.81639, -20.23028 ], [ -56.81639, -20.23 ], [ -56.81667, -20.23 ], [ -56.81667, -20.22972 ], [ -56.81694, -20.22972 ], [ -56.81694, -20.22944 ], [ -56.81778, -20.22944 ], [ -56.81778, -20.22917 ], [ -56.81833, -20.22917 ], [ -56.81833, -20.22889 ], [ -56.81861, -20.22889 ], [ -56.81861, -20.22861 ], [ -56.81889, -20.22861 ], [ -56.81889, -20.22833 ], [ -56.81917, -20.22833 ], [ -56.81917, -20.22778 ], [ -56.81944, -20.22778 ], [ -56.81944, -20.22639 ], [ -56.81917, -20.22639 ], [ -56.81917, -20.22556 ], [ -56.81944, -20.22556 ], [ -56.81944, -20.225 ], [ -56.82, -20.225 ], [ -56.82, -20.22472 ], [ -56.82056, -20.22472 ], [ -56.82056, -20.22444 ], [ -56.82083, -20.22444 ], [ -56.82083, -20.22417 ], [ -56.82111, -20.22417 ], [ -56.82111, -20.22361 ], [ -56.82139, -20.22361 ], [ -56.82139, -20.22333 ], [ -56.82167, -20.22333 ], [ -56.82167, -20.22306 ], [ -56.82194, -20.22306 ], [ -56.82194, -20.22278 ], [ -56.82222, -20.22278 ], [ -56.82222, -20.2225 ], [ -56.8225, -20.2225 ], [ -56.8225, -20.22222 ], [ -56.82278, -20.22222 ], [ -56.82278, -20.22194 ], [ -56.82306, -20.22194 ], [ -56.82306, -20.22083 ], [ -56.82278, -20.22083 ], [ -56.82278, -20.22056 ], [ -56.82216, -20.22056 ], [ -56.82167, -20.22023 ], [ -56.82167, -20.21972 ], [ -56.82194, -20.21972 ], [ -56.82194, -20.21917 ], [ -56.82222, -20.21917 ], [ -56.82222, -20.21889 ], [ -56.8225, -20.21889 ], [ -56.8225, -20.21861 ], [ -56.82222, -20.21861 ], [ -56.82222, -20.21806 ], [ -56.82194, -20.21806 ], [ -56.82194, -20.21778 ], [ -56.82167, -20.21778 ], [ -56.82167, -20.21722 ], [ -56.82194, -20.21722 ], [ -56.82194, -20.21611 ], [ -56.82167, -20.21611 ], [ -56.82167, -20.21583 ], [ -56.82194, -20.21583 ], [ -56.82194, -20.21528 ], [ -56.82222, -20.21528 ], [ -56.82222, -20.21472 ], [ -56.82167, -20.21472 ], [ -56.82167, -20.21444 ], [ -56.82118, -20.21444 ], [ -56.82, -20.21352 ], [ -56.82, -20.21306 ], [ -56.81972, -20.21306 ], [ -56.81972, -20.21278 ], [ -56.81917, -20.21278 ], [ -56.81917, -20.2125 ], [ -56.8187, -20.2125 ], [ -56.81861, -20.21222 ], [ -56.81833, -20.21222 ], [ -56.81833, -20.21167 ], [ -56.81806, -20.21167 ], [ -56.81806, -20.21139 ], [ -56.81722, -20.21139 ], [ -56.81722, -20.21167 ], [ -56.81694, -20.21167 ], [ -56.81694, -20.21111 ], [ -56.81667, -20.21111 ], [ -56.81667, -20.21048 ], [ -56.81783, -20.21067 ], [ -56.8195, -20.20944 ], [ -56.82, -20.20944 ], [ -56.82, -20.21 ], [ -56.82194, -20.21 ], [ -56.82194, -20.21028 ], [ -56.82333, -20.21028 ], [ -56.82333, -20.21 ], [ -56.82361, -20.21 ], [ -56.82361, -20.20981 ], [ -56.82422, -20.20989 ], [ -56.82611, -20.20965 ], [ -56.82639, -20.20972 ], [ -56.82639, -20.21 ], [ -56.82667, -20.21 ], [ -56.82667, -20.21028 ], [ -56.82722, -20.21028 ], [ -56.82722, -20.21083 ], [ -56.82833, -20.21083 ], [ -56.82833, -20.21111 ], [ -56.82861, -20.21111 ], [ -56.82861, -20.21139 ], [ -56.82917, -20.21139 ], [ -56.82917, -20.21111 ], [ -56.82972, -20.21111 ], [ -56.82972, -20.21056 ], [ -56.83, -20.21056 ], [ -56.83, -20.21033 ], [ -56.83111, -20.21056 ], [ -56.83111, -20.21083 ], [ -56.83139, -20.21083 ], [ -56.83139, -20.21111 ], [ -56.83194, -20.21111 ], [ -56.83194, -20.21083 ], [ -56.83333, -20.21083 ], [ -56.83333, -20.21056 ], [ -56.83444, -20.21056 ], [ -56.83444, -20.21028 ], [ -56.83472, -20.21028 ], [ -56.83472, -20.21056 ], [ -56.835, -20.21056 ], [ -56.835, -20.21083 ], [ -56.83528, -20.21083 ], [ -56.83528, -20.20944 ], [ -56.83556, -20.20944 ], [ -56.83556, -20.20889 ], [ -56.83583, -20.20889 ], [ -56.83583, -20.20861 ], [ -56.83639, -20.20861 ], [ -56.83639, -20.20778 ], [ -56.83667, -20.20778 ], [ -56.83667, -20.2075 ], [ -56.83694, -20.2075 ], [ -56.83694, -20.20698 ], [ -56.84036, -20.20655 ], [ -56.84082, -20.20389 ], [ -56.84111, -20.20389 ], [ -56.84111, -20.20361 ], [ -56.84167, -20.20361 ], [ -56.84167, -20.20333 ], [ -56.8425, -20.20333 ], [ -56.8425, -20.20222 ], [ -56.84278, -20.20222 ], [ -56.84278, -20.20194 ], [ -56.84306, -20.20194 ], [ -56.84306, -20.20167 ], [ -56.84333, -20.20167 ], [ -56.84333, -20.20139 ], [ -56.84361, -20.20139 ], [ -56.84361, -20.20128 ], [ -56.84389, -20.20148 ], [ -56.84389, -20.20167 ], [ -56.84417, -20.20168 ], [ -56.84417, -20.20222 ], [ -56.84444, -20.20222 ], [ -56.84444, -20.2025 ], [ -56.84472, -20.2025 ], [ -56.84472, -20.20278 ], [ -56.84528, -20.20278 ], [ -56.84405, -20.20489 ], [ -56.8443, -20.20686 ], [ -56.84592, -20.20816 ], [ -56.84642, -20.20878 ], [ -56.8475, -20.20865 ], [ -56.8475, -20.20889 ], [ -56.84778, -20.20889 ], [ -56.84778, -20.20917 ], [ -56.84806, -20.20917 ], [ -56.84806, -20.20889 ], [ -56.84861, -20.20889 ], [ -56.84861, -20.20917 ], [ -56.84889, -20.20917 ], [ -56.84889, -20.20944 ], [ -56.85028, -20.20944 ], [ -56.85028, -20.20917 ], [ -56.85139, -20.20932 ], [ -56.85139, -20.20944 ], [ -56.85167, -20.20944 ], [ -56.85167, -20.20972 ], [ -56.85194, -20.20972 ], [ -56.85194, -20.21 ], [ -56.85361, -20.21 ], [ -56.85361, -20.21028 ], [ -56.85417, -20.21028 ], [ -56.85417, -20.21 ], [ -56.85444, -20.21 ], [ -56.85444, -20.20972 ], [ -56.85472, -20.20972 ], [ -56.85472, -20.20959 ], [ -56.8575, -20.20982 ], [ -56.8575, -20.21 ], [ -56.85778, -20.21 ], [ -56.85778, -20.21028 ], [ -56.85806, -20.21028 ], [ -56.85806, -20.21056 ], [ -56.85859, -20.21056 ], [ -56.85889, -20.21078 ], [ -56.85889, -20.21111 ], [ -56.85917, -20.21111 ], [ -56.85917, -20.21139 ], [ -56.85944, -20.21139 ], [ -56.85944, -20.21167 ], [ -56.86, -20.21167 ], [ -56.86, -20.21194 ], [ -56.86083, -20.21194 ], [ -56.86083, -20.21167 ], [ -56.86139, -20.21167 ], [ -56.86139, -20.21194 ], [ -56.86167, -20.21194 ], [ -56.86167, -20.21222 ], [ -56.86194, -20.21222 ], [ -56.86194, -20.2125 ], [ -56.86336, -20.2125 ], [ -56.86361, -20.21278 ], [ -56.86389, -20.21278 ], [ -56.86389, -20.21306 ], [ -56.86444, -20.21306 ], [ -56.86444, -20.21333 ], [ -56.86472, -20.21333 ], [ -56.86472, -20.21361 ], [ -56.865, -20.21361 ], [ -56.865, -20.21333 ], [ -56.86639, -20.21333 ], [ -56.86639, -20.21361 ], [ -56.86722, -20.21361 ], [ -56.86722, -20.21333 ], [ -56.86806, -20.21333 ], [ -56.86806, -20.21361 ], [ -56.86833, -20.21361 ], [ -56.86833, -20.21389 ], [ -56.86882, -20.21389 ], [ -56.87061, -20.21624 ], [ -56.87088, -20.21419 ], [ -56.87111, -20.21399 ], [ -56.87111, -20.21417 ], [ -56.87139, -20.21417 ], [ -56.87139, -20.21444 ], [ -56.87222, -20.21444 ], [ -56.87222, -20.21417 ], [ -56.8725, -20.21417 ], [ -56.8725, -20.21389 ], [ -56.87306, -20.21389 ], [ -56.87306, -20.2125 ], [ -56.87333, -20.2125 ], [ -56.87333, -20.21194 ], [ -56.87361, -20.21194 ], [ -56.87361, -20.21134 ], [ -56.87489, -20.21096 ], [ -56.87476, -20.20944 ], [ -56.875, -20.20944 ], [ -56.875, -20.20917 ], [ -56.87528, -20.20917 ], [ -56.87528, -20.20889 ], [ -56.875, -20.20889 ], [ -56.875, -20.20833 ], [ -56.87528, -20.20833 ], [ -56.87528, -20.20556 ], [ -56.87667, -20.20556 ], [ -56.87667, -20.20583 ], [ -56.87722, -20.20583 ], [ -56.87722, -20.20611 ], [ -56.87806, -20.20611 ], [ -56.87806, -20.20639 ], [ -56.87889, -20.20639 ], [ -56.87889, -20.20611 ], [ -56.88111, -20.20611 ], [ -56.88111, -20.20639 ], [ -56.88139, -20.20639 ], [ -56.88139, -20.20667 ], [ -56.88222, -20.20667 ], [ -56.88222, -20.20639 ], [ -56.88306, -20.20639 ], [ -56.88306, -20.20667 ], [ -56.88472, -20.20667 ], [ -56.88472, -20.20694 ], [ -56.885, -20.20694 ], [ -56.885, -20.20722 ], [ -56.88528, -20.20722 ], [ -56.88528, -20.20694 ], [ -56.88556, -20.20694 ], [ -56.88556, -20.20667 ], [ -56.88667, -20.20667 ], [ -56.88667, -20.20694 ], [ -56.88694, -20.20694 ], [ -56.88694, -20.20722 ], [ -56.88722, -20.20722 ], [ -56.88722, -20.2075 ], [ -56.88833, -20.2075 ], [ -56.88833, -20.20694 ], [ -56.88889, -20.20694 ], [ -56.88889, -20.20611 ], [ -56.88917, -20.20611 ], [ -56.88917, -20.20528 ], [ -56.88944, -20.20528 ], [ -56.88944, -20.205 ], [ -56.88972, -20.205 ], [ -56.88972, -20.20528 ], [ -56.89, -20.20528 ], [ -56.89, -20.20556 ], [ -56.89139, -20.20556 ], [ -56.89139, -20.20583 ], [ -56.89185, -20.20583 ], [ -56.89333, -20.20639 ], [ -56.89333, -20.20667 ], [ -56.89389, -20.20667 ], [ -56.89389, -20.20694 ], [ -56.89417, -20.20694 ], [ -56.89417, -20.2075 ], [ -56.895, -20.2075 ], [ -56.895, -20.20778 ], [ -56.89611, -20.20778 ], [ -56.89611, -20.20806 ], [ -56.89639, -20.20806 ], [ -56.89639, -20.20639 ], [ -56.89667, -20.20639 ], [ -56.89667, -20.20583 ], [ -56.89694, -20.20583 ], [ -56.89694, -20.20556 ], [ -56.89722, -20.20556 ], [ -56.89722, -20.20528 ], [ -56.8975, -20.20528 ], [ -56.8975, -20.20472 ], [ -56.89722, -20.20472 ], [ -56.89722, -20.20444 ], [ -56.89694, -20.20444 ], [ -56.89694, -20.20417 ], [ -56.89667, -20.20417 ], [ -56.89667, -20.20361 ], [ -56.89639, -20.20361 ], [ -56.89639, -20.20333 ], [ -56.89611, -20.20333 ], [ -56.89611, -20.20167 ], [ -56.89639, -20.20167 ], [ -56.89639, -20.20139 ], [ -56.89667, -20.20139 ], [ -56.89667, -20.20056 ], [ -56.89694, -20.20056 ], [ -56.89694, -20.20028 ], [ -56.89722, -20.20028 ], [ -56.89722, -20.2 ], [ -56.8975, -20.2 ], [ -56.8975, -20.19944 ], [ -56.89722, -20.19944 ], [ -56.89722, -20.19806 ], [ -56.8975, -20.19806 ], [ -56.8975, -20.1975 ], [ -56.89722, -20.1975 ], [ -56.89722, -20.19722 ], [ -56.89694, -20.19722 ], [ -56.89694, -20.19667 ], [ -56.89722, -20.19667 ], [ -56.89722, -20.19639 ], [ -56.8975, -20.19639 ], [ -56.8975, -20.19583 ], [ -56.89778, -20.19583 ], [ -56.89778, -20.19556 ], [ -56.89806, -20.19556 ], [ -56.89806, -20.19528 ], [ -56.89833, -20.19528 ], [ -56.89833, -20.19472 ], [ -56.89861, -20.19472 ], [ -56.89861, -20.195 ], [ -56.89889, -20.195 ], [ -56.89889, -20.19528 ], [ -56.89917, -20.19528 ], [ -56.89917, -20.195 ], [ -56.89944, -20.195 ], [ -56.89944, -20.19472 ], [ -56.90056, -20.19472 ], [ -56.90056, -20.195 ], [ -56.90139, -20.195 ], [ -56.90139, -20.19472 ], [ -56.90194, -20.19472 ], [ -56.90194, -20.19444 ], [ -56.90222, -20.19444 ], [ -56.90222, -20.19426 ], [ -56.90419, -20.1941 ], [ -56.90667, -20.19272 ], [ -56.90667, -20.19306 ], [ -56.90694, -20.19306 ], [ -56.90694, -20.19333 ], [ -56.90722, -20.19333 ], [ -56.90722, -20.19361 ], [ -56.9075, -20.19361 ], [ -56.9075, -20.19389 ], [ -56.90833, -20.19389 ], [ -56.90833, -20.19361 ], [ -56.90861, -20.19361 ], [ -56.90861, -20.19333 ], [ -56.90972, -20.19333 ], [ -56.90972, -20.19306 ], [ -56.91056, -20.19306 ], [ -56.91056, -20.19278 ], [ -56.91106, -20.1928 ], [ -56.91167, -20.19258 ], [ -56.91167, -20.19278 ], [ -56.91194, -20.19278 ], [ -56.91194, -20.19306 ], [ -56.9125, -20.19306 ], [ -56.9125, -20.19278 ], [ -56.91306, -20.19278 ], [ -56.91306, -20.1925 ], [ -56.91361, -20.1925 ], [ -56.91361, -20.19222 ], [ -56.91444, -20.19222 ], [ -56.91444, -20.19278 ], [ -56.91472, -20.19278 ], [ -56.91472, -20.1925 ], [ -56.915, -20.1925 ], [ -56.915, -20.19222 ], [ -56.91528, -20.19222 ], [ -56.91528, -20.19194 ], [ -56.91556, -20.19194 ], [ -56.91556, -20.19167 ], [ -56.91583, -20.19167 ], [ -56.91583, -20.19111 ], [ -56.91611, -20.19111 ], [ -56.91611, -20.19083 ], [ -56.91583, -20.19083 ], [ -56.91583, -20.19056 ], [ -56.91611, -20.19056 ], [ -56.91611, -20.19028 ], [ -56.91583, -20.19028 ], [ -56.91583, -20.19 ], [ -56.91611, -20.19 ], [ -56.91611, -20.18889 ], [ -56.91583, -20.18889 ], [ -56.91583, -20.18861 ], [ -56.91556, -20.18861 ], [ -56.91556, -20.18833 ], [ -56.91528, -20.18833 ], [ -56.91528, -20.18667 ], [ -56.915, -20.18667 ], [ -56.915, -20.18639 ], [ -56.91472, -20.18639 ], [ -56.91472, -20.18611 ], [ -56.91427, -20.18611 ], [ -56.91417, -20.18593 ], [ -56.91419, -20.18556 ], [ -56.91444, -20.18556 ], [ -56.91444, -20.18528 ], [ -56.91556, -20.18528 ], [ -56.91556, -20.185 ], [ -56.91639, -20.185 ], [ -56.91639, -20.18528 ], [ -56.91694, -20.18528 ], [ -56.91694, -20.18556 ], [ -56.91722, -20.18556 ], [ -56.91722, -20.18583 ], [ -56.9175, -20.18583 ], [ -56.9175, -20.18611 ], [ -56.91778, -20.18611 ], [ -56.91778, -20.18639 ], [ -56.91806, -20.18639 ], [ -56.91806, -20.18667 ], [ -56.91833, -20.18667 ], [ -56.91833, -20.18694 ], [ -56.91889, -20.18694 ], [ -56.91889, -20.18667 ], [ -56.91944, -20.18667 ], [ -56.91944, -20.18639 ], [ -56.91972, -20.18639 ], [ -56.91972, -20.18611 ], [ -56.91944, -20.18611 ], [ -56.91944, -20.18528 ], [ -56.91972, -20.18528 ], [ -56.91972, -20.185 ], [ -56.92, -20.185 ], [ -56.92, -20.18472 ], [ -56.92056, -20.18472 ], [ -56.92056, -20.18444 ], [ -56.92083, -20.18444 ], [ -56.92083, -20.18333 ], [ -56.92111, -20.18333 ], [ -56.92111, -20.18278 ], [ -56.92306, -20.18374 ], [ -56.92306, -20.18389 ], [ -56.92417, -20.18418 ], [ -56.92417, -20.18444 ], [ -56.92444, -20.18444 ], [ -56.92444, -20.18472 ], [ -56.925, -20.18472 ], [ -56.925, -20.18444 ], [ -56.92556, -20.18444 ], [ -56.92556, -20.18417 ], [ -56.92611, -20.18417 ], [ -56.92611, -20.18389 ], [ -56.92694, -20.18389 ], [ -56.92694, -20.18361 ], [ -56.9275, -20.18361 ], [ -56.9275, -20.18306 ], [ -56.92806, -20.18306 ], [ -56.92806, -20.18278 ], [ -56.92833, -20.18278 ], [ -56.92833, -20.1825 ], [ -56.92889, -20.1825 ], [ -56.92889, -20.18222 ], [ -56.92917, -20.18222 ], [ -56.92917, -20.18167 ], [ -56.93, -20.18167 ], [ -56.93, -20.18111 ], [ -56.93028, -20.18111 ], [ -56.93028, -20.18083 ], [ -56.93056, -20.18083 ], [ -56.93056, -20.18056 ], [ -56.93083, -20.18056 ], [ -56.93083, -20.18028 ], [ -56.93139, -20.18028 ], [ -56.93139, -20.18 ], [ -56.93194, -20.18 ], [ -56.93194, -20.17972 ], [ -56.93222, -20.17972 ], [ -56.93222, -20.17835 ], [ -56.9325, -20.17833 ], [ -56.93252, -20.17778 ], [ -56.93278, -20.17778 ], [ -56.93278, -20.1775 ], [ -56.93306, -20.1775 ], [ -56.93306, -20.17694 ], [ -56.93361, -20.17694 ], [ -56.93361, -20.17667 ], [ -56.93389, -20.17667 ], [ -56.93389, -20.17639 ], [ -56.93417, -20.17639 ], [ -56.93417, -20.17583 ], [ -56.93444, -20.17583 ], [ -56.93444, -20.175 ], [ -56.93472, -20.175 ], [ -56.93472, -20.17444 ], [ -56.93528, -20.17444 ], [ -56.93528, -20.17417 ], [ -56.93556, -20.17417 ], [ -56.93556, -20.17389 ], [ -56.93639, -20.17417 ], [ -56.93639, -20.17444 ], [ -56.93722, -20.17444 ], [ -56.93722, -20.17472 ], [ -56.93778, -20.17472 ], [ -56.93778, -20.175 ], [ -56.93833, -20.175 ], [ -56.93833, -20.17528 ], [ -56.93861, -20.17528 ], [ -56.93861, -20.17556 ], [ -56.93905, -20.17556 ], [ -56.94028, -20.17651 ], [ -56.94028, -20.17667 ], [ -56.94056, -20.17667 ], [ -56.94056, -20.17694 ], [ -56.94083, -20.17694 ], [ -56.94083, -20.17722 ], [ -56.94111, -20.17722 ], [ -56.94111, -20.17694 ], [ -56.94139, -20.17694 ], [ -56.94139, -20.17667 ], [ -56.94194, -20.17667 ], [ -56.94194, -20.17645 ], [ -56.94306, -20.17654 ], [ -56.94306, -20.17667 ], [ -56.94361, -20.17667 ], [ -56.94361, -20.17694 ], [ -56.94389, -20.17694 ], [ -56.94389, -20.17722 ], [ -56.94444, -20.17722 ], [ -56.94444, -20.1775 ], [ -56.94556, -20.1775 ], [ -56.94556, -20.17778 ], [ -56.94583, -20.17778 ], [ -56.94583, -20.17806 ], [ -56.94639, -20.17806 ], [ -56.94639, -20.17833 ], [ -56.94667, -20.17833 ], [ -56.94667, -20.17861 ], [ -56.94694, -20.17861 ], [ -56.94694, -20.17806 ], [ -56.94722, -20.17806 ], [ -56.94722, -20.1775 ], [ -56.9475, -20.1775 ], [ -56.9475, -20.17722 ], [ -56.94778, -20.17722 ], [ -56.94778, -20.17694 ], [ -56.94833, -20.17694 ], [ -56.94833, -20.17722 ], [ -56.94889, -20.17722 ], [ -56.94889, -20.1775 ], [ -56.94944, -20.1775 ], [ -56.94944, -20.17778 ], [ -56.95, -20.17778 ], [ -56.95, -20.1775 ], [ -56.95028, -20.1775 ], [ -56.95028, -20.17722 ], [ -56.95056, -20.17722 ], [ -56.95056, -20.17694 ], [ -56.95083, -20.17694 ], [ -56.95083, -20.17667 ], [ -56.9525, -20.17667 ], [ -56.9525, -20.17639 ], [ -56.95306, -20.17639 ], [ -56.95306, -20.17611 ], [ -56.95417, -20.17611 ], [ -56.95417, -20.17583 ], [ -56.95444, -20.17583 ], [ -56.95444, -20.17611 ], [ -56.95556, -20.17611 ], [ -56.95556, -20.17556 ], [ -56.95611, -20.17556 ], [ -56.95611, -20.17528 ], [ -56.95639, -20.17528 ], [ -56.95639, -20.17444 ], [ -56.95694, -20.17444 ], [ -56.95694, -20.17418 ], [ -56.96005, -20.17443 ], [ -56.96087, -20.17261 ], [ -56.96155, -20.17202 ], [ -56.96145, -20.17083 ], [ -56.96167, -20.17083 ], [ -56.96167, -20.16889 ], [ -56.96194, -20.16889 ], [ -56.96194, -20.16861 ], [ -56.96222, -20.16861 ], [ -56.96232, -20.16833 ], [ -56.96416, -20.16936 ], [ -56.96917, -20.17028 ], [ -56.96917, -20.17056 ], [ -56.96972, -20.17056 ], [ -56.96972, -20.17083 ], [ -56.97056, -20.17083 ], [ -56.97056, -20.17111 ], [ -56.97139, -20.17111 ], [ -56.97139, -20.17139 ], [ -56.97167, -20.17139 ], [ -56.97167, -20.17167 ], [ -56.97194, -20.17167 ], [ -56.972, -20.17139 ], [ -56.97389, -20.17295 ], [ -56.97389, -20.17333 ], [ -56.97435, -20.17333 ], [ -56.97444, -20.17361 ], [ -56.97469, -20.17361 ], [ -56.97614, -20.17481 ], [ -56.97868, -20.17539 ], [ -56.98082, -20.17617 ], [ -56.98116, -20.17958 ], [ -56.98091, -20.18376 ], [ -56.98031, -20.18483 ], [ -56.97932, -20.18811 ], [ -56.97618, -20.18944 ], [ -56.97556, -20.1892 ], [ -56.97556, -20.18861 ], [ -56.97528, -20.18861 ], [ -56.97528, -20.18722 ], [ -56.975, -20.18722 ], [ -56.975, -20.18694 ], [ -56.97472, -20.18694 ], [ -56.97472, -20.18722 ], [ -56.97444, -20.18722 ], [ -56.97444, -20.1875 ], [ -56.97417, -20.1875 ], [ -56.97417, -20.18778 ], [ -56.97389, -20.18778 ], [ -56.97389, -20.18806 ], [ -56.97333, -20.18806 ], [ -56.97333, -20.18833 ], [ -56.97284, -20.18821 ], [ -56.97194, -20.18833 ], [ -56.97194, -20.18861 ], [ -56.97167, -20.18861 ], [ -56.97167, -20.18889 ], [ -56.97139, -20.18889 ], [ -56.97139, -20.18907 ], [ -56.97096, -20.18933 ], [ -56.97078, -20.19028 ], [ -56.97056, -20.19028 ], [ -56.97056, -20.19083 ], [ -56.97068, -20.19083 ], [ -56.97035, -20.19265 ], [ -56.96971, -20.1938 ], [ -56.97016, -20.1994 ], [ -56.96692, -20.19914 ], [ -56.96377, -20.20316 ], [ -56.96487, -20.20613 ], [ -56.96424, -20.20821 ], [ -56.96245, -20.20975 ], [ -56.96083, -20.21163 ], [ -56.9592, -20.2115 ], [ -56.95696, -20.21325 ], [ -56.95541, -20.21313 ], [ -56.95215, -20.2173 ], [ -56.95127, -20.21969 ], [ -56.95172, -20.22513 ], [ -56.9509, -20.22765 ], [ -56.94887, -20.22946 ], [ -56.94753, -20.23318 ], [ -56.94871, -20.24091 ], [ -56.94701, -20.24499 ], [ -56.94754, -20.24654 ], [ -56.94864, -20.24857 ], [ -56.94665, -20.25143 ], [ -56.94611, -20.25389 ], [ -56.945, -20.25389 ], [ -56.945, -20.25417 ], [ -56.94444, -20.25417 ], [ -56.94444, -20.25444 ], [ -56.94417, -20.25444 ], [ -56.94417, -20.25417 ], [ -56.94389, -20.25417 ], [ -56.94389, -20.25444 ], [ -56.94361, -20.25444 ], [ -56.94361, -20.25472 ], [ -56.94333, -20.25472 ], [ -56.94333, -20.25556 ], [ -56.94306, -20.25556 ], [ -56.94306, -20.25611 ], [ -56.94278, -20.25611 ], [ -56.94278, -20.25639 ], [ -56.94306, -20.25639 ], [ -56.94306, -20.25657 ], [ -56.94035, -20.25641 ], [ -56.94091, -20.25775 ], [ -56.94365, -20.25987 ], [ -56.94674, -20.26082 ], [ -56.94861, -20.26249 ], [ -56.94917, -20.26458 ], [ -56.94917, -20.26472 ], [ -56.94889, -20.26472 ], [ -56.94889, -20.26528 ], [ -56.94917, -20.26528 ], [ -56.94917, -20.26583 ], [ -56.9495, -20.26583 ], [ -56.94965, -20.26639 ], [ -56.94986, -20.26984 ], [ -56.94775, -20.2708 ], [ -56.94701, -20.2732 ], [ -56.94586, -20.27532 ], [ -56.94602, -20.27798 ], [ -56.94448, -20.28227 ], [ -56.94532, -20.2832 ], [ -56.94754, -20.28462 ], [ -56.94701, -20.28876 ], [ -56.94555, -20.29007 ], [ -56.94424, -20.29154 ], [ -56.94309, -20.29206 ], [ -56.94154, -20.2938 ], [ -56.93825, -20.29244 ], [ -56.93783, -20.29291 ], [ -56.93813, -20.29542 ], [ -56.9374, -20.29674 ], [ -56.93758, -20.29722 ], [ -56.9375, -20.2975 ], [ -56.93768, -20.2975 ], [ -56.93813, -20.29873 ], [ -56.93804, -20.29985 ], [ -56.93832, -20.30335 ], [ -56.93701, -20.30544 ], [ -56.93639, -20.30583 ], [ -56.9359, -20.30639 ], [ -56.93556, -20.30639 ], [ -56.93556, -20.30669 ], [ -56.93444, -20.3075 ], [ -56.93363, -20.30833 ], [ -56.93333, -20.30833 ], [ -56.93333, -20.30859 ], [ -56.93306, -20.30861 ], [ -56.93306, -20.3088 ], [ -56.93101, -20.30971 ], [ -56.9292, -20.31261 ], [ -56.92894, -20.31402 ], [ -56.92922, -20.31563 ], [ -56.92944, -20.31579 ], [ -56.92944, -20.31611 ], [ -56.92972, -20.31611 ], [ -56.92972, -20.31639 ], [ -56.93028, -20.31639 ], [ -56.93028, -20.31667 ], [ -56.9307, -20.31667 ], [ -56.93083, -20.31694 ], [ -56.93109, -20.31694 ], [ -56.93167, -20.31735 ], [ -56.93167, -20.3175 ], [ -56.93194, -20.31754 ], [ -56.93194, -20.31778 ], [ -56.93228, -20.31778 ], [ -56.9325, -20.31806 ], [ -56.93278, -20.31813 ], [ -56.93278, -20.31833 ], [ -56.93298, -20.31833 ], [ -56.93363, -20.31988 ], [ -56.93573, -20.32275 ], [ -56.93592, -20.3243 ], [ -56.93579, -20.32533 ], [ -56.93697, -20.32733 ], [ -56.93647, -20.32822 ], [ -56.93481, -20.32892 ], [ -56.93545, -20.33091 ], [ -56.93641, -20.33211 ], [ -56.93694, -20.33243 ], [ -56.93694, -20.33306 ], [ -56.93778, -20.33306 ], [ -56.93778, -20.33294 ], [ -56.93931, -20.33389 ], [ -56.93906, -20.33699 ], [ -56.94, -20.33726 ], [ -56.94, -20.3375 ], [ -56.94028, -20.3375 ], [ -56.94028, -20.33778 ], [ -56.94083, -20.33778 ], [ -56.94083, -20.33806 ], [ -56.94139, -20.33806 ], [ -56.94139, -20.33833 ], [ -56.94222, -20.33833 ], [ -56.94222, -20.33861 ], [ -56.94306, -20.33861 ], [ -56.94306, -20.33806 ], [ -56.94333, -20.33806 ], [ -56.94333, -20.33778 ], [ -56.94361, -20.33778 ], [ -56.94361, -20.3375 ], [ -56.94389, -20.3375 ], [ -56.94389, -20.33778 ], [ -56.94463, -20.33778 ], [ -56.94425, -20.33933 ], [ -56.94357, -20.33987 ], [ -56.94556, -20.3403 ], [ -56.94556, -20.34056 ], [ -56.94583, -20.34056 ], [ -56.94583, -20.34083 ], [ -56.94639, -20.34083 ], [ -56.94639, -20.34111 ], [ -56.94667, -20.34111 ], [ -56.94667, -20.34139 ], [ -56.94694, -20.34139 ], [ -56.94694, -20.34167 ], [ -56.94722, -20.34167 ], [ -56.94722, -20.34194 ], [ -56.94694, -20.34194 ], [ -56.94694, -20.3425 ], [ -56.94722, -20.3425 ], [ -56.94722, -20.34278 ], [ -56.94828, -20.34278 ], [ -56.94861, -20.34319 ], [ -56.94861, -20.34417 ], [ -56.95028, -20.34417 ], [ -56.95028, -20.34444 ], [ -56.95083, -20.34444 ], [ -56.95083, -20.34472 ], [ -56.95167, -20.34472 ], [ -56.95167, -20.345 ], [ -56.95233, -20.345 ], [ -56.9525, -20.34528 ], [ -56.95278, -20.34528 ], [ -56.95278, -20.34556 ], [ -56.95306, -20.34556 ], [ -56.95306, -20.34611 ], [ -56.95389, -20.34611 ], [ -56.95389, -20.34583 ], [ -56.95417, -20.34583 ], [ -56.95417, -20.34563 ], [ -56.95444, -20.34568 ], [ -56.95444, -20.34583 ], [ -56.955, -20.34583 ], [ -56.955, -20.34611 ], [ -56.95611, -20.34611 ], [ -56.95611, -20.34639 ], [ -56.95648, -20.34639 ], [ -56.95806, -20.34764 ], [ -56.95806, -20.34806 ], [ -56.95861, -20.34806 ], [ -56.95861, -20.34833 ], [ -56.96, -20.34833 ], [ -56.96, -20.34806 ], [ -56.96028, -20.34806 ], [ -56.96028, -20.34778 ], [ -56.96083, -20.34778 ], [ -56.96083, -20.34722 ], [ -56.96167, -20.34722 ], [ -56.96167, -20.3475 ], [ -56.96222, -20.3475 ], [ -56.96222, -20.34778 ], [ -56.9625, -20.34778 ], [ -56.9625, -20.34806 ], [ -56.96333, -20.34806 ], [ -56.96333, -20.34833 ], [ -56.96417, -20.34833 ], [ -56.96417, -20.34861 ], [ -56.965, -20.34861 ], [ -56.965, -20.34889 ], [ -56.96528, -20.34889 ], [ -56.96528, -20.34917 ], [ -56.96639, -20.34917 ], [ -56.96639, -20.34944 ], [ -56.96694, -20.34944 ], [ -56.96694, -20.34972 ], [ -56.96722, -20.34972 ], [ -56.96722, -20.35 ], [ -56.96806, -20.35 ], [ -56.96806, -20.35028 ], [ -56.96861, -20.35028 ], [ -56.96861, -20.35056 ], [ -56.97, -20.35056 ], [ -56.97, -20.35028 ], [ -56.97111, -20.35028 ], [ -56.97111, -20.35 ], [ -56.97228, -20.35 ], [ -56.97333, -20.35131 ], [ -56.97333, -20.35167 ], [ -56.97361, -20.35167 ], [ -56.97361, -20.35194 ], [ -56.97384, -20.35194 ], [ -56.97444, -20.3525 ], [ -56.97528, -20.35288 ], [ -56.97528, -20.35306 ], [ -56.97556, -20.35306 ], [ -56.97556, -20.35333 ], [ -56.97583, -20.35333 ], [ -56.97583, -20.35361 ], [ -56.97611, -20.35361 ], [ -56.97611, -20.35389 ], [ -56.97667, -20.35389 ], [ -56.97667, -20.35417 ], [ -56.98083, -20.35417 ], [ -56.98083, -20.35399 ], [ -56.98139, -20.35444 ], [ -56.98167, -20.35448 ], [ -56.98167, -20.35472 ], [ -56.98194, -20.35472 ], [ -56.98194, -20.355 ], [ -56.9825, -20.355 ], [ -56.9825, -20.35528 ], [ -56.98278, -20.35528 ], [ -56.98278, -20.35556 ], [ -56.98306, -20.35556 ], [ -56.98306, -20.35583 ], [ -56.98389, -20.35583 ], [ -56.98389, -20.35611 ], [ -56.98444, -20.35611 ], [ -56.98444, -20.35583 ], [ -56.98593, -20.35583 ], [ -56.98667, -20.35642 ], [ -56.98667, -20.35667 ], [ -56.98694, -20.35667 ], [ -56.98694, -20.35694 ], [ -56.98722, -20.35694 ], [ -56.98722, -20.35722 ], [ -56.9875, -20.35722 ], [ -56.9875, -20.3575 ], [ -56.98778, -20.3575 ], [ -56.98778, -20.35778 ], [ -56.98806, -20.35778 ], [ -56.98806, -20.35806 ], [ -56.98861, -20.35806 ], [ -56.98861, -20.35833 ], [ -56.99, -20.35833 ], [ -56.99, -20.35861 ], [ -56.99028, -20.35861 ], [ -56.99028, -20.35917 ], [ -56.99159, -20.35917 ], [ -56.9876, -20.36373 ], [ -56.9876, -20.3659 ], [ -56.98728, -20.3668 ], [ -56.98248, -20.3662 ], [ -56.98262, -20.36736 ], [ -56.98203, -20.37211 ], [ -56.98097, -20.37391 ], [ -56.98075, -20.37569 ], [ -56.98092, -20.3771 ], [ -56.97968, -20.3788 ], [ -56.98005, -20.3818 ], [ -56.97956, -20.38242 ], [ -56.97619, -20.38044 ], [ -56.97257, -20.38102 ], [ -56.96987, -20.38439 ], [ -56.96815, -20.38577 ], [ -56.96739, -20.38757 ], [ -56.96424, -20.38878 ], [ -56.96031, -20.38829 ], [ -56.95814, -20.391 ], [ -56.95526, -20.39162 ], [ -56.95283, -20.39624 ], [ -56.95315, -20.39714 ], [ -56.95309, -20.3982 ], [ -56.9542, -20.40446 ], [ -56.95305, -20.40549 ], [ -56.94898, -20.40525 ], [ -56.94368, -20.40987 ], [ -56.94158, -20.41083 ], [ -56.93865, -20.41428 ], [ -56.93786, -20.41599 ], [ -56.9364, -20.4183 ], [ -56.93229, -20.41806 ], [ -56.93086, -20.42097 ], [ -56.93167, -20.42245 ], [ -56.9309, -20.4282 ], [ -56.93019, -20.42951 ], [ -56.93043, -20.43352 ], [ -56.92963, -20.43575 ], [ -56.93028, -20.43694 ], [ -56.93025, -20.43863 ], [ -56.93229, -20.44091 ], [ -56.93333, -20.44123 ], [ -56.93334, -20.44139 ], [ -56.93286, -20.44298 ], [ -56.93146, -20.44376 ], [ -56.92876, -20.44458 ], [ -56.92806, -20.44614 ], [ -56.92591, -20.44988 ], [ -56.92274, -20.45186 ], [ -56.92104, -20.45427 ], [ -56.92033, -20.4566 ], [ -56.91761, -20.4627 ], [ -56.91595, -20.46568 ], [ -56.91561, -20.46902 ], [ -56.91469, -20.47223 ], [ -56.91487, -20.4737 ], [ -56.91228, -20.47678 ], [ -56.91179, -20.4807 ], [ -56.91258, -20.48205 ], [ -56.91339, -20.48486 ], [ -56.91499, -20.48686 ], [ -56.91561, -20.48736 ], [ -56.91423, -20.48871 ], [ -56.91427, -20.49 ], [ -56.91389, -20.49 ], [ -56.91389, -20.49028 ], [ -56.91417, -20.49028 ], [ -56.91417, -20.49056 ], [ -56.91432, -20.49056 ], [ -56.9149, -20.49736 ], [ -56.91422, -20.49875 ], [ -56.91047, -20.49967 ], [ -56.90987, -20.50056 ], [ -56.90889, -20.50056 ], [ -56.90889, -20.50083 ], [ -56.90917, -20.50083 ], [ -56.90917, -20.50111 ], [ -56.90944, -20.50118 ], [ -56.90823, -20.50297 ], [ -56.90702, -20.50532 ], [ -56.90978, -20.50874 ], [ -56.90906, -20.51086 ], [ -56.91, -20.51177 ], [ -56.91, -20.51194 ], [ -56.91028, -20.51204 ], [ -56.91028, -20.5125 ], [ -56.91056, -20.5125 ], [ -56.91056, -20.51278 ], [ -56.91105, -20.51278 ], [ -56.9114, -20.51312 ], [ -56.91146, -20.51596 ], [ -56.90995, -20.51818 ], [ -56.90892, -20.52449 ], [ -56.90695, -20.52716 ], [ -56.90616, -20.52791 ], [ -56.90651, -20.53147 ], [ -56.90531, -20.53317 ], [ -56.9048, -20.53488 ], [ -56.90364, -20.5365 ], [ -56.90313, -20.53765 ], [ -56.90147, -20.53909 ], [ -56.89975, -20.5415 ], [ -56.89924, -20.54265 ], [ -56.89445, -20.54795 ], [ -56.89528, -20.55 ], [ -56.89646, -20.5515 ], [ -56.89698, -20.55377 ], [ -56.89781, -20.55525 ], [ -56.89475, -20.55595 ], [ -56.89286, -20.55729 ], [ -56.89034, -20.55821 ], [ -56.88838, -20.55805 ], [ -56.88477, -20.56045 ], [ -56.88472, -20.56028 ], [ -56.88444, -20.56019 ], [ -56.88444, -20.56 ], [ -56.8842, -20.56 ], [ -56.88255, -20.55871 ], [ -56.87646, -20.56432 ] ], [ [ -56.87326, -20.5655 ], [ -56.87394, -20.56569 ], [ -56.87375, -20.56501 ], [ -56.87326, -20.5655 ] ], [ [ -56.81549, -20.39272 ], [ -56.81616, -20.39291 ], [ -56.81597, -20.39223 ], [ -56.81549, -20.39272 ] ] ] } },
{ "type": "Feature", "properties": { "titulo": "Betione", "subtitulo": "Bacia dos Rios Cênicos", "area_ha": 41215 }, "geometry": { "type": "Polygon", "coordinates": [ [ [ -56.44305, -20.37556 ], [ -56.44305, -20.37639 ], [ -56.44278, -20.37639 ], [ -56.44278, -20.37667 ], [ -56.4425, -20.37667 ], [ -56.4425, -20.37694 ], [ -56.44278, -20.37694 ], [ -56.44278, -20.3775 ], [ -56.44333, -20.3775 ], [ -56.44333, -20.37778 ], [ -56.44389, -20.37778 ], [ -56.44389, -20.37806 ], [ -56.44444, -20.37806 ], [ -56.44444, -20.37833 ], [ -56.44472, -20.37833 ], [ -56.44472, -20.37917 ], [ -56.445, -20.37917 ], [ -56.445, -20.37944 ], [ -56.44528, -20.37944 ], [ -56.44528, -20.37972 ], [ -56.44555, -20.37972 ], [ -56.44555, -20.38 ], [ -56.44583, -20.38 ], [ -56.44583, -20.38028 ], [ -56.44611, -20.38028 ], [ -56.44611, -20.38056 ], [ -56.44639, -20.38056 ], [ -56.44639, -20.38083 ], [ -56.44667, -20.38083 ], [ -56.44667, -20.38139 ], [ -56.44694, -20.38139 ], [ -56.44694, -20.38167 ], [ -56.44722, -20.38167 ], [ -56.44722, -20.38194 ], [ -56.44778, -20.38194 ], [ -56.44778, -20.38222 ], [ -56.44805, -20.38222 ], [ -56.44805, -20.3825 ], [ -56.44833, -20.3825 ], [ -56.44833, -20.38278 ], [ -56.44889, -20.38278 ], [ -56.44889, -20.38306 ], [ -56.45083, -20.38306 ], [ -56.45083, -20.38278 ], [ -56.45139, -20.38278 ], [ -56.45139, -20.38306 ], [ -56.45194, -20.38306 ], [ -56.45226, -20.38328 ], [ -56.45871, -20.38326 ], [ -56.46596, -20.38203 ], [ -56.47169, -20.38176 ], [ -56.47597, -20.38186 ], [ -56.48249, -20.38268 ], [ -56.48507, -20.3818 ], [ -56.48716, -20.38239 ], [ -56.48927, -20.3836 ], [ -56.49366, -20.38391 ], [ -56.5, -20.38333 ], [ -56.5, -20.38306 ], [ -56.50028, -20.38306 ], [ -56.50028, -20.38278 ], [ -56.50055, -20.38278 ], [ -56.50055, -20.3825 ], [ -56.50194, -20.3825 ], [ -56.50194, -20.38278 ], [ -56.50305, -20.38278 ], [ -56.50305, -20.3825 ], [ -56.5032, -20.3825 ], [ -56.50566, -20.38592 ], [ -56.50583, -20.38593 ], [ -56.50583, -20.38639 ], [ -56.50611, -20.38639 ], [ -56.50611, -20.38667 ], [ -56.50667, -20.38667 ], [ -56.50667, -20.38694 ], [ -56.50694, -20.38694 ], [ -56.50694, -20.38722 ], [ -56.5075, -20.38722 ], [ -56.5075, -20.38694 ], [ -56.50889, -20.38694 ], [ -56.50889, -20.38667 ], [ -56.50917, -20.38667 ], [ -56.50917, -20.38639 ], [ -56.51, -20.38632 ], [ -56.51083, -20.38639 ], [ -56.51083, -20.38667 ], [ -56.51167, -20.38667 ], [ -56.51167, -20.38647 ], [ -56.51222, -20.38652 ], [ -56.51222, -20.38667 ], [ -56.5125, -20.38667 ], [ -56.5125, -20.38694 ], [ -56.51417, -20.38694 ], [ -56.51417, -20.38722 ], [ -56.51444, -20.38722 ], [ -56.51444, -20.3875 ], [ -56.51583, -20.3875 ], [ -56.51583, -20.38722 ], [ -56.51694, -20.38722 ], [ -56.517, -20.38696 ], [ -56.51761, -20.39032 ], [ -56.51861, -20.39173 ], [ -56.51861, -20.39194 ], [ -56.51876, -20.39194 ], [ -56.51924, -20.39262 ], [ -56.51906, -20.39485 ], [ -56.51934, -20.39834 ], [ -56.52101, -20.4023 ], [ -56.52194, -20.40311 ], [ -56.52194, -20.40333 ], [ -56.52231, -20.40342 ], [ -56.52308, -20.40432 ], [ -56.52389, -20.40478 ], [ -56.52389, -20.40528 ], [ -56.52444, -20.40528 ], [ -56.52444, -20.40556 ], [ -56.525, -20.40556 ], [ -56.525, -20.40583 ], [ -56.52555, -20.40583 ], [ -56.52555, -20.40611 ], [ -56.52583, -20.40611 ], [ -56.52583, -20.40639 ], [ -56.52629, -20.40639 ], [ -56.52639, -20.40667 ], [ -56.52694, -20.4067 ], [ -56.52694, -20.40694 ], [ -56.5275, -20.40694 ], [ -56.5275, -20.40722 ], [ -56.52778, -20.40722 ], [ -56.52778, -20.4075 ], [ -56.52832, -20.4075 ], [ -56.52861, -20.40814 ], [ -56.52861, -20.40889 ], [ -56.52889, -20.40889 ], [ -56.52889, -20.40917 ], [ -56.52957, -20.40917 ], [ -56.53035, -20.40983 ], [ -56.53083, -20.41061 ], [ -56.53083, -20.41111 ], [ -56.53115, -20.41111 ], [ -56.53206, -20.41257 ], [ -56.5325, -20.4125 ], [ -56.5325, -20.41278 ], [ -56.53278, -20.41278 ], [ -56.53278, -20.41306 ], [ -56.53305, -20.41306 ], [ -56.53305, -20.41278 ], [ -56.53389, -20.41278 ], [ -56.53389, -20.4125 ], [ -56.53444, -20.4125 ], [ -56.53444, -20.41278 ], [ -56.53472, -20.41278 ], [ -56.53472, -20.41199 ], [ -56.53667, -20.41157 ], [ -56.53694, -20.41167 ], [ -56.53694, -20.41194 ], [ -56.53722, -20.41194 ], [ -56.53722, -20.41167 ], [ -56.53778, -20.41167 ], [ -56.53778, -20.41147 ], [ -56.53805, -20.4115 ], [ -56.53805, -20.41167 ], [ -56.53833, -20.41167 ], [ -56.53833, -20.41194 ], [ -56.53917, -20.41194 ], [ -56.53917, -20.41222 ], [ -56.53944, -20.41222 ], [ -56.53944, -20.41194 ], [ -56.53972, -20.41194 ], [ -56.53972, -20.41183 ], [ -56.54028, -20.41229 ], [ -56.54028, -20.41306 ], [ -56.54055, -20.41306 ], [ -56.54055, -20.41333 ], [ -56.54083, -20.41333 ], [ -56.54083, -20.41361 ], [ -56.54111, -20.41361 ], [ -56.54111, -20.41389 ], [ -56.54167, -20.41389 ], [ -56.54167, -20.41417 ], [ -56.54222, -20.41417 ], [ -56.54222, -20.41444 ], [ -56.54278, -20.41444 ], [ -56.54278, -20.41472 ], [ -56.54305, -20.41472 ], [ -56.54305, -20.415 ], [ -56.54356, -20.415 ], [ -56.54361, -20.41528 ], [ -56.54389, -20.41528 ], [ -56.54475, -20.41599 ], [ -56.54528, -20.41611 ], [ -56.54528, -20.41639 ], [ -56.54555, -20.41639 ], [ -56.54555, -20.41667 ], [ -56.54583, -20.41667 ], [ -56.54583, -20.41694 ], [ -56.54611, -20.41694 ], [ -56.54611, -20.41667 ], [ -56.54778, -20.41667 ], [ -56.54778, -20.41639 ], [ -56.54805, -20.41639 ], [ -56.54805, -20.41611 ], [ -56.54889, -20.41611 ], [ -56.54889, -20.41639 ], [ -56.54944, -20.41639 ], [ -56.54944, -20.41611 ], [ -56.54972, -20.41611 ], [ -56.54972, -20.41583 ], [ -56.55, -20.41583 ], [ -56.55, -20.41528 ], [ -56.55083, -20.41528 ], [ -56.55083, -20.41472 ], [ -56.55111, -20.41472 ], [ -56.55111, -20.41361 ], [ -56.55139, -20.41361 ], [ -56.55139, -20.41333 ], [ -56.55167, -20.41333 ], [ -56.55167, -20.41278 ], [ -56.55194, -20.41278 ], [ -56.55194, -20.4125 ], [ -56.55222, -20.4125 ], [ -56.55222, -20.41278 ], [ -56.55305, -20.41278 ], [ -56.55305, -20.41306 ], [ -56.55333, -20.41306 ], [ -56.55333, -20.41333 ], [ -56.55417, -20.41333 ], [ -56.55417, -20.41306 ], [ -56.55444, -20.41306 ], [ -56.55444, -20.41333 ], [ -56.555, -20.41333 ], [ -56.555, -20.41361 ], [ -56.55555, -20.41361 ], [ -56.55555, -20.41389 ], [ -56.55583, -20.41389 ], [ -56.55583, -20.41361 ], [ -56.55639, -20.41361 ], [ -56.55646, -20.41333 ], [ -56.55673, -20.41371 ], [ -56.5584, -20.41435 ], [ -56.55982, -20.41536 ], [ -56.56068, -20.41965 ], [ -56.56148, -20.42092 ], [ -56.56195, -20.42435 ], [ -56.5626, -20.42536 ], [ -56.56283, -20.42847 ], [ -56.56545, -20.43081 ], [ -56.56531, -20.43326 ], [ -56.56696, -20.43473 ], [ -56.57145, -20.4332 ], [ -56.57254, -20.43262 ], [ -56.57496, -20.43276 ], [ -56.57616, -20.43919 ], [ -56.57757, -20.43984 ], [ -56.57752, -20.44069 ], [ -56.57573, -20.44398 ], [ -56.57822, -20.44718 ], [ -56.57808, -20.44948 ], [ -56.57697, -20.45152 ], [ -56.57807, -20.45561 ], [ -56.57698, -20.45762 ], [ -56.57645, -20.46166 ], [ -56.58006, -20.46089 ], [ -56.58087, -20.46265 ], [ -56.58349, -20.46584 ], [ -56.58532, -20.46748 ], [ -56.58846, -20.46845 ], [ -56.59312, -20.46817 ], [ -56.59476, -20.46876 ], [ -56.59701, -20.46928 ], [ -56.59926, -20.47161 ], [ -56.5992, -20.47265 ], [ -56.59979, -20.47373 ], [ -56.59972, -20.47485 ], [ -56.60299, -20.47722 ], [ -56.60698, -20.47651 ], [ -56.61271, -20.47598 ], [ -56.61476, -20.47709 ], [ -56.61757, -20.47762 ], [ -56.61827, -20.48136 ], [ -56.62234, -20.48323 ], [ -56.62368, -20.48595 ], [ -56.6242, -20.48765 ], [ -56.62485, -20.48884 ], [ -56.6247, -20.49135 ], [ -56.62757, -20.49484 ], [ -56.62887, -20.49742 ], [ -56.63223, -20.5004 ], [ -56.63399, -20.49764 ], [ -56.6362, -20.49598 ], [ -56.63698, -20.49932 ], [ -56.63882, -20.50313 ], [ -56.64201, -20.50373 ], [ -56.64436, -20.5049 ], [ -56.64629, -20.50478 ], [ -56.64727, -20.50513 ], [ -56.64878, -20.50769 ], [ -56.65113, -20.51023 ], [ -56.65254, -20.51098 ], [ -56.65529, -20.51185 ], [ -56.65258, -20.51313 ], [ -56.65087, -20.51875 ], [ -56.65201, -20.5204 ], [ -56.65254, -20.5232 ], [ -56.65369, -20.52549 ], [ -56.65587, -20.52752 ], [ -56.65497, -20.52867 ], [ -56.65352, -20.52935 ], [ -56.65421, -20.53153 ], [ -56.65514, -20.5333 ], [ -56.65391, -20.5368 ], [ -56.6545, -20.53847 ], [ -56.65555, -20.53937 ], [ -56.65646, -20.5434 ], [ -56.66007, -20.54651 ], [ -56.66368, -20.54706 ], [ -56.66465, -20.54818 ], [ -56.66646, -20.54872 ], [ -56.6686, -20.54992 ], [ -56.66975, -20.54928 ], [ -56.67324, -20.54877 ], [ -56.6742, -20.54988 ], [ -56.67957, -20.54945 ], [ -56.68106, -20.54861 ], [ -56.68367, -20.54933 ], [ -56.6859, -20.54821 ], [ -56.68691, -20.54705 ], [ -56.68829, -20.54716 ], [ -56.68922, -20.54823 ], [ -56.69077, -20.54643 ], [ -56.69152, -20.54394 ], [ -56.6914, -20.54241 ], [ -56.68975, -20.54099 ], [ -56.68841, -20.53885 ], [ -56.69042, -20.53712 ], [ -56.69283, -20.5368 ], [ -56.69382, -20.53852 ], [ -56.69558, -20.54004 ], [ -56.6983, -20.54387 ], [ -56.69808, -20.54654 ], [ -56.699, -20.54819 ], [ -56.69765, -20.55062 ], [ -56.69751, -20.55233 ], [ -56.69809, -20.55488 ], [ -56.6987, -20.5554 ], [ -56.69757, -20.55742 ], [ -56.69809, -20.55988 ], [ -56.69869, -20.56152 ], [ -56.69801, -20.56339 ], [ -56.69864, -20.57099 ], [ -56.69924, -20.57206 ], [ -56.69975, -20.57377 ], [ -56.70051, -20.57512 ], [ -56.70026, -20.57819 ], [ -56.7004, -20.57987 ], [ -56.69809, -20.58039 ], [ -56.69638, -20.5851 ], [ -56.69424, -20.58695 ], [ -56.69485, -20.58912 ], [ -56.6975, -20.5903 ], [ -56.69595, -20.59547 ], [ -56.69475, -20.59761 ], [ -56.69424, -20.59988 ], [ -56.69269, -20.60057 ], [ -56.69249, -20.60314 ], [ -56.69446, -20.60714 ], [ -56.69586, -20.60877 ], [ -56.69682, -20.60959 ], [ -56.69702, -20.61208 ], [ -56.69688, -20.61374 ], [ -56.69959, -20.61805 ], [ -56.70178, -20.61928 ], [ -56.70424, -20.61984 ], [ -56.70616, -20.62165 ], [ -56.70581, -20.6261 ], [ -56.70888, -20.62831 ], [ -56.71115, -20.63094 ], [ -56.71283, -20.63125 ], [ -56.71331, -20.63344 ], [ -56.71005, -20.63625 ], [ -56.70975, -20.63709 ], [ -56.71057, -20.63782 ], [ -56.70923, -20.64265 ], [ -56.70803, -20.64438 ], [ -56.70813, -20.64609 ], [ -56.70757, -20.65209 ], [ -56.70698, -20.65317 ], [ -56.70623, -20.65958 ], [ -56.70531, -20.6604 ], [ -56.70479, -20.66209 ], [ -56.7024, -20.66265 ], [ -56.70087, -20.66484 ], [ -56.70034, -20.66654 ], [ -56.69923, -20.66876 ], [ -56.69855, -20.66937 ], [ -56.69893, -20.67566 ], [ -56.69698, -20.67817 ], [ -56.69473, -20.68155 ], [ -56.69484, -20.68347 ], [ -56.69423, -20.68543 ], [ -56.69231, -20.68818 ], [ -56.69374, -20.69107 ], [ -56.69355, -20.69423 ], [ -56.69495, -20.69548 ], [ -56.69538, -20.70258 ], [ -56.68893, -20.70334 ], [ -56.6881, -20.70779 ], [ -56.68455, -20.71096 ], [ -56.6854, -20.71334 ], [ -56.68531, -20.71487 ], [ -56.68781, -20.72208 ], [ -56.68641, -20.72598 ], [ -56.6886, -20.72737 ], [ -56.68864, -20.72931 ], [ -56.68948, -20.73164 ], [ -56.68763, -20.7354 ], [ -56.68633, -20.73483 ], [ -56.6852, -20.73357 ], [ -56.68315, -20.73451 ], [ -56.68486, -20.73765 ], [ -56.68423, -20.74098 ], [ -56.68087, -20.74151 ], [ -56.67979, -20.7421 ], [ -56.67861, -20.74232 ], [ -56.67861, -20.74194 ], [ -56.67803, -20.74194 ], [ -56.67768, -20.74154 ], [ -56.67309, -20.74206 ], [ -56.66972, -20.74279 ], [ -56.66972, -20.74222 ], [ -56.66944, -20.74222 ], [ -56.66944, -20.74194 ], [ -56.66917, -20.74194 ], [ -56.66917, -20.74167 ], [ -56.66889, -20.74167 ], [ -56.66889, -20.74139 ], [ -56.66861, -20.74139 ], [ -56.66861, -20.74083 ], [ -56.66889, -20.74083 ], [ -56.66889, -20.74028 ], [ -56.66861, -20.74028 ], [ -56.66861, -20.74 ], [ -56.66805, -20.74 ], [ -56.66805, -20.73972 ], [ -56.66778, -20.73972 ], [ -56.66778, -20.73944 ], [ -56.66722, -20.73944 ], [ -56.66722, -20.73917 ], [ -56.66694, -20.73917 ], [ -56.66694, -20.73889 ], [ -56.66583, -20.73889 ], [ -56.66583, -20.73861 ], [ -56.66555, -20.73861 ], [ -56.66555, -20.73833 ], [ -56.66528, -20.73833 ], [ -56.66528, -20.74 ], [ -56.665, -20.74 ], [ -56.665, -20.74111 ], [ -56.66472, -20.74111 ], [ -56.66472, -20.74194 ], [ -56.66444, -20.74193 ], [ -56.66444, -20.74167 ], [ -56.66397, -20.74167 ], [ -56.66286, -20.74104 ], [ -56.65753, -20.74043 ], [ -56.65646, -20.73984 ], [ -56.65267, -20.73926 ], [ -56.65083, -20.73796 ], [ -56.65083, -20.7375 ], [ -56.65055, -20.7375 ], [ -56.65055, -20.73776 ], [ -56.64944, -20.73721 ], [ -56.64944, -20.73694 ], [ -56.64917, -20.73694 ], [ -56.64917, -20.73667 ], [ -56.64861, -20.73667 ], [ -56.64861, -20.73639 ], [ -56.64801, -20.73639 ], [ -56.6475, -20.73583 ], [ -56.64722, -20.73573 ], [ -56.64722, -20.73556 ], [ -56.64701, -20.73556 ], [ -56.645, -20.7339 ], [ -56.645, -20.73361 ], [ -56.64472, -20.73361 ], [ -56.64472, -20.73306 ], [ -56.64444, -20.73306 ], [ -56.64444, -20.73278 ], [ -56.64389, -20.73278 ], [ -56.64389, -20.73306 ], [ -56.64305, -20.73306 ], [ -56.64086, -20.73266 ], [ -56.63917, -20.73167 ], [ -56.63722, -20.73085 ], [ -56.63722, -20.73028 ], [ -56.6375, -20.73028 ], [ -56.6375, -20.72972 ], [ -56.63694, -20.72972 ], [ -56.63694, -20.72944 ], [ -56.63653, -20.72944 ], [ -56.63611, -20.72889 ], [ -56.63583, -20.7288 ], [ -56.63583, -20.72861 ], [ -56.63555, -20.72859 ], [ -56.63555, -20.72833 ], [ -56.63522, -20.72833 ], [ -56.63444, -20.72774 ], [ -56.63444, -20.72667 ], [ -56.635, -20.72667 ], [ -56.635, -20.72583 ], [ -56.63528, -20.72583 ], [ -56.63528, -20.72444 ], [ -56.63555, -20.72444 ], [ -56.63555, -20.72389 ], [ -56.63583, -20.72389 ], [ -56.63583, -20.72333 ], [ -56.63555, -20.72333 ], [ -56.63555, -20.72306 ], [ -56.63528, -20.72306 ], [ -56.63528, -20.72278 ], [ -56.63514, -20.72278 ], [ -56.63527, -20.72222 ], [ -56.63639, -20.72222 ], [ -56.63639, -20.72194 ], [ -56.63667, -20.72194 ], [ -56.63667, -20.72083 ], [ -56.63694, -20.72083 ], [ -56.63694, -20.71917 ], [ -56.63667, -20.71917 ], [ -56.63667, -20.71889 ], [ -56.63694, -20.71889 ], [ -56.63694, -20.71833 ], [ -56.63722, -20.71833 ], [ -56.63722, -20.71806 ], [ -56.6375, -20.71806 ], [ -56.6375, -20.71778 ], [ -56.63805, -20.71778 ], [ -56.63805, -20.7175 ], [ -56.63833, -20.7175 ], [ -56.63833, -20.71694 ], [ -56.63861, -20.71694 ], [ -56.63861, -20.71583 ], [ -56.63889, -20.71583 ], [ -56.63889, -20.71556 ], [ -56.63861, -20.71556 ], [ -56.63861, -20.71472 ], [ -56.63889, -20.71472 ], [ -56.63889, -20.71417 ], [ -56.63917, -20.71417 ], [ -56.63917, -20.71361 ], [ -56.63944, -20.71361 ], [ -56.63944, -20.7125 ], [ -56.64, -20.7125 ], [ -56.64, -20.71194 ], [ -56.64028, -20.71194 ], [ -56.64028, -20.71056 ], [ -56.64, -20.71056 ], [ -56.64, -20.71 ], [ -56.63986, -20.71 ], [ -56.63944, -20.70917 ], [ -56.63917, -20.70895 ], [ -56.63917, -20.70833 ], [ -56.63944, -20.70833 ], [ -56.63944, -20.70806 ], [ -56.64, -20.70806 ], [ -56.64, -20.70778 ], [ -56.64028, -20.70778 ], [ -56.64028, -20.7075 ], [ -56.64167, -20.7075 ], [ -56.64167, -20.70722 ], [ -56.64194, -20.70722 ], [ -56.64194, -20.70639 ], [ -56.64222, -20.70639 ], [ -56.64222, -20.70611 ], [ -56.6425, -20.70611 ], [ -56.6425, -20.70556 ], [ -56.64278, -20.70556 ], [ -56.64278, -20.70528 ], [ -56.6425, -20.70528 ], [ -56.6425, -20.705 ], [ -56.64222, -20.705 ], [ -56.64222, -20.70472 ], [ -56.64167, -20.70472 ], [ -56.64157, -20.70409 ], [ -56.64111, -20.70395 ], [ -56.64111, -20.7025 ], [ -56.64055, -20.7025 ], [ -56.64055, -20.70278 ], [ -56.64028, -20.70278 ], [ -56.64028, -20.7025 ], [ -56.64, -20.7025 ], [ -56.64, -20.70222 ], [ -56.63944, -20.70222 ], [ -56.63944, -20.70194 ], [ -56.63917, -20.70194 ], [ -56.63917, -20.70139 ], [ -56.63889, -20.70139 ], [ -56.63889, -20.70111 ], [ -56.63861, -20.70111 ], [ -56.63861, -20.70083 ], [ -56.63833, -20.70083 ], [ -56.63833, -20.70056 ], [ -56.63778, -20.70056 ], [ -56.63778, -20.70028 ], [ -56.6375, -20.70028 ], [ -56.6375, -20.69972 ], [ -56.63722, -20.69972 ], [ -56.63722, -20.69944 ], [ -56.63667, -20.69944 ], [ -56.63667, -20.69917 ], [ -56.63639, -20.69917 ], [ -56.63639, -20.69889 ], [ -56.63608, -20.69889 ], [ -56.63583, -20.69861 ], [ -56.63477, -20.69816 ], [ -56.63348, -20.69888 ], [ -56.63111, -20.69821 ], [ -56.63111, -20.69806 ], [ -56.63083, -20.69806 ], [ -56.63083, -20.69778 ], [ -56.63055, -20.69778 ], [ -56.63055, -20.6975 ], [ -56.63028, -20.6975 ], [ -56.63028, -20.69722 ], [ -56.63, -20.69722 ], [ -56.63, -20.69694 ], [ -56.62944, -20.69694 ], [ -56.62944, -20.69611 ], [ -56.62972, -20.69611 ], [ -56.62972, -20.69472 ], [ -56.62944, -20.69472 ], [ -56.62944, -20.69389 ], [ -56.62917, -20.69389 ], [ -56.62917, -20.69278 ], [ -56.62972, -20.69278 ], [ -56.62972, -20.6925 ], [ -56.63028, -20.6925 ], [ -56.63028, -20.69222 ], [ -56.63055, -20.69222 ], [ -56.63055, -20.69194 ], [ -56.63083, -20.69194 ], [ -56.63083, -20.69111 ], [ -56.63111, -20.69111 ], [ -56.63111, -20.69 ], [ -56.63083, -20.69 ], [ -56.63083, -20.68972 ], [ -56.63055, -20.68972 ], [ -56.63055, -20.68944 ], [ -56.63028, -20.68944 ], [ -56.63028, -20.6875 ], [ -56.63055, -20.6875 ], [ -56.63055, -20.68611 ], [ -56.63028, -20.68611 ], [ -56.63028, -20.68583 ], [ -56.63, -20.68583 ], [ -56.63, -20.685 ], [ -56.63028, -20.685 ], [ -56.63028, -20.68222 ], [ -56.63055, -20.68222 ], [ -56.63055, -20.67861 ], [ -56.63083, -20.67861 ], [ -56.63083, -20.6775 ], [ -56.63111, -20.6775 ], [ -56.63111, -20.67694 ], [ -56.63083, -20.67694 ], [ -56.63083, -20.67667 ], [ -56.63111, -20.67667 ], [ -56.63111, -20.67139 ], [ -56.63139, -20.67139 ], [ -56.63139, -20.67111 ], [ -56.63167, -20.67111 ], [ -56.63167, -20.67056 ], [ -56.63194, -20.67056 ], [ -56.63194, -20.66889 ], [ -56.63167, -20.66889 ], [ -56.63167, -20.66778 ], [ -56.63194, -20.66778 ], [ -56.63194, -20.66667 ], [ -56.63222, -20.66667 ], [ -56.63222, -20.66583 ], [ -56.6325, -20.66583 ], [ -56.6325, -20.66556 ], [ -56.63222, -20.66556 ], [ -56.63222, -20.66528 ], [ -56.63167, -20.66528 ], [ -56.63167, -20.665 ], [ -56.63139, -20.665 ], [ -56.63139, -20.66472 ], [ -56.63111, -20.66472 ], [ -56.63111, -20.66444 ], [ -56.63054, -20.66444 ], [ -56.62917, -20.66326 ], [ -56.62917, -20.66306 ], [ -56.62944, -20.66306 ], [ -56.62944, -20.66222 ], [ -56.62972, -20.66222 ], [ -56.62972, -20.66111 ], [ -56.63, -20.66111 ], [ -56.63, -20.66083 ], [ -56.63028, -20.66083 ], [ -56.63028, -20.66056 ], [ -56.63055, -20.66056 ], [ -56.63055, -20.66 ], [ -56.63083, -20.66 ], [ -56.63083, -20.65917 ], [ -56.63111, -20.65917 ], [ -56.63111, -20.65889 ], [ -56.6325, -20.65889 ], [ -56.6325, -20.65833 ], [ -56.63278, -20.65833 ], [ -56.63278, -20.65806 ], [ -56.63305, -20.65806 ], [ -56.63305, -20.65778 ], [ -56.63333, -20.65778 ], [ -56.63333, -20.65698 ], [ -56.63389, -20.65694 ], [ -56.63389, -20.65667 ], [ -56.63476, -20.65619 ], [ -56.635, -20.655 ], [ -56.63528, -20.655 ], [ -56.63528, -20.65528 ], [ -56.6375, -20.65528 ], [ -56.6375, -20.655 ], [ -56.63778, -20.655 ], [ -56.63778, -20.65472 ], [ -56.6375, -20.65472 ], [ -56.6375, -20.65444 ], [ -56.63722, -20.65444 ], [ -56.63722, -20.65333 ], [ -56.6375, -20.65333 ], [ -56.6375, -20.65207 ], [ -56.6386, -20.65139 ], [ -56.63889, -20.65139 ], [ -56.63889, -20.65167 ], [ -56.63972, -20.65167 ], [ -56.63972, -20.65139 ], [ -56.64028, -20.65139 ], [ -56.64028, -20.65111 ], [ -56.64083, -20.65111 ], [ -56.64083, -20.65083 ], [ -56.64111, -20.65083 ], [ -56.64111, -20.65056 ], [ -56.64139, -20.65056 ], [ -56.64139, -20.65 ], [ -56.64167, -20.65 ], [ -56.64167, -20.64972 ], [ -56.64194, -20.64972 ], [ -56.64194, -20.64944 ], [ -56.6425, -20.64944 ], [ -56.6425, -20.64889 ], [ -56.64278, -20.64889 ], [ -56.64278, -20.64861 ], [ -56.64305, -20.64861 ], [ -56.64305, -20.64833 ], [ -56.64361, -20.64833 ], [ -56.64361, -20.64806 ], [ -56.64417, -20.64806 ], [ -56.64417, -20.64361 ], [ -56.64444, -20.64361 ], [ -56.64444, -20.64194 ], [ -56.64472, -20.64194 ], [ -56.64472, -20.63833 ], [ -56.64444, -20.63833 ], [ -56.64444, -20.63639 ], [ -56.64417, -20.63639 ], [ -56.64417, -20.63556 ], [ -56.64389, -20.63556 ], [ -56.64389, -20.63528 ], [ -56.64417, -20.63528 ], [ -56.64417, -20.63417 ], [ -56.64389, -20.63417 ], [ -56.64389, -20.63278 ], [ -56.64361, -20.63278 ], [ -56.64361, -20.6325 ], [ -56.64333, -20.6325 ], [ -56.64333, -20.63222 ], [ -56.64305, -20.63222 ], [ -56.64305, -20.63194 ], [ -56.64278, -20.63194 ], [ -56.64278, -20.63167 ], [ -56.64259, -20.63167 ], [ -56.64238, -20.63129 ], [ -56.63917, -20.62931 ], [ -56.63917, -20.62889 ], [ -56.63944, -20.62889 ], [ -56.63944, -20.62778 ], [ -56.63917, -20.62778 ], [ -56.63917, -20.62694 ], [ -56.63889, -20.62694 ], [ -56.63889, -20.62639 ], [ -56.63917, -20.62639 ], [ -56.63917, -20.62583 ], [ -56.63889, -20.62583 ], [ -56.63889, -20.62611 ], [ -56.63861, -20.62611 ], [ -56.63846, -20.62538 ], [ -56.63611, -20.62342 ], [ -56.63611, -20.62222 ], [ -56.63583, -20.62222 ], [ -56.63583, -20.62111 ], [ -56.63555, -20.62111 ], [ -56.63555, -20.62028 ], [ -56.63528, -20.62028 ], [ -56.63528, -20.62 ], [ -56.635, -20.62 ], [ -56.635, -20.61972 ], [ -56.63555, -20.61972 ], [ -56.63555, -20.61806 ], [ -56.63583, -20.61806 ], [ -56.63583, -20.6175 ], [ -56.63611, -20.6175 ], [ -56.63611, -20.61722 ], [ -56.63667, -20.61722 ], [ -56.63667, -20.61694 ], [ -56.63722, -20.61694 ], [ -56.63722, -20.61639 ], [ -56.63694, -20.61639 ], [ -56.63694, -20.61611 ], [ -56.63667, -20.61611 ], [ -56.63667, -20.61528 ], [ -56.63639, -20.61528 ], [ -56.63639, -20.61472 ], [ -56.63611, -20.61472 ], [ -56.63611, -20.61444 ], [ -56.63587, -20.61444 ], [ -56.63573, -20.61306 ], [ -56.63583, -20.61278 ], [ -56.63611, -20.61278 ], [ -56.63611, -20.61194 ], [ -56.63583, -20.61194 ], [ -56.63583, -20.61083 ], [ -56.63611, -20.61083 ], [ -56.63611, -20.61056 ], [ -56.63639, -20.61056 ], [ -56.63639, -20.60972 ], [ -56.63667, -20.60972 ], [ -56.63667, -20.60944 ], [ -56.63639, -20.60944 ], [ -56.63639, -20.60889 ], [ -56.63611, -20.60889 ], [ -56.63611, -20.60778 ], [ -56.63639, -20.60778 ], [ -56.63639, -20.60611 ], [ -56.63667, -20.60611 ], [ -56.63667, -20.60556 ], [ -56.63639, -20.60556 ], [ -56.63639, -20.60528 ], [ -56.63667, -20.60528 ], [ -56.63667, -20.60306 ], [ -56.63639, -20.60306 ], [ -56.63639, -20.6025 ], [ -56.63611, -20.6025 ], [ -56.63611, -20.60028 ], [ -56.63583, -20.60028 ], [ -56.63583, -20.6 ], [ -56.63555, -20.6 ], [ -56.63555, -20.59944 ], [ -56.63528, -20.59944 ], [ -56.63528, -20.59889 ], [ -56.635, -20.59889 ], [ -56.635, -20.59806 ], [ -56.63472, -20.59806 ], [ -56.63472, -20.5975 ], [ -56.63444, -20.5975 ], [ -56.63444, -20.59556 ], [ -56.63472, -20.59556 ], [ -56.63472, -20.59417 ], [ -56.635, -20.59417 ], [ -56.635, -20.59278 ], [ -56.63472, -20.59278 ], [ -56.63472, -20.59222 ], [ -56.63444, -20.59222 ], [ -56.63444, -20.59167 ], [ -56.63472, -20.59167 ], [ -56.63472, -20.59056 ], [ -56.635, -20.59056 ], [ -56.635, -20.59 ], [ -56.63528, -20.59 ], [ -56.63528, -20.58806 ], [ -56.635, -20.58806 ], [ -56.635, -20.5875 ], [ -56.63472, -20.5875 ], [ -56.63472, -20.58722 ], [ -56.63444, -20.58722 ], [ -56.63444, -20.58694 ], [ -56.63472, -20.58694 ], [ -56.63472, -20.58639 ], [ -56.63528, -20.58639 ], [ -56.63528, -20.58611 ], [ -56.63555, -20.58611 ], [ -56.63555, -20.58583 ], [ -56.63583, -20.58583 ], [ -56.63583, -20.58556 ], [ -56.63611, -20.58556 ], [ -56.63611, -20.58528 ], [ -56.63639, -20.58528 ], [ -56.63639, -20.58472 ], [ -56.63611, -20.58472 ], [ -56.63611, -20.58361 ], [ -56.63583, -20.58361 ], [ -56.63583, -20.58306 ], [ -56.63555, -20.58306 ], [ -56.63555, -20.58278 ], [ -56.63528, -20.58278 ], [ -56.63528, -20.5825 ], [ -56.635, -20.5825 ], [ -56.635, -20.58222 ], [ -56.63472, -20.58222 ], [ -56.63472, -20.58167 ], [ -56.63444, -20.58167 ], [ -56.63444, -20.58 ], [ -56.63417, -20.58 ], [ -56.63417, -20.57972 ], [ -56.63389, -20.57972 ], [ -56.63389, -20.57944 ], [ -56.63361, -20.57944 ], [ -56.63361, -20.57917 ], [ -56.63333, -20.57917 ], [ -56.63333, -20.57861 ], [ -56.63279, -20.57861 ], [ -56.63227, -20.57791 ], [ -56.63167, -20.57773 ], [ -56.63167, -20.57722 ], [ -56.63123, -20.57722 ], [ -56.63111, -20.57667 ], [ -56.63098, -20.57667 ], [ -56.63045, -20.57547 ], [ -56.62778, -20.57467 ], [ -56.62778, -20.57444 ], [ -56.62701, -20.57444 ], [ -56.62505, -20.57386 ], [ -56.6242, -20.57539 ], [ -56.62333, -20.57816 ], [ -56.62139, -20.57765 ], [ -56.62139, -20.5775 ], [ -56.62111, -20.5775 ], [ -56.62111, -20.57722 ], [ -56.62055, -20.57722 ], [ -56.62055, -20.57694 ], [ -56.62022, -20.57694 ], [ -56.61944, -20.57628 ], [ -56.61944, -20.57611 ], [ -56.61917, -20.57604 ], [ -56.61917, -20.57556 ], [ -56.61889, -20.57556 ], [ -56.61889, -20.57528 ], [ -56.61861, -20.57528 ], [ -56.61861, -20.575 ], [ -56.61827, -20.575 ], [ -56.61797, -20.57465 ], [ -56.61357, -20.5765 ], [ -56.61253, -20.57599 ], [ -56.61124, -20.5745 ], [ -56.60945, -20.57295 ], [ -56.60944, -20.57278 ], [ -56.60917, -20.57262 ], [ -56.60917, -20.57222 ], [ -56.60882, -20.57222 ], [ -56.60833, -20.57165 ], [ -56.60505, -20.57139 ], [ -56.60194, -20.57164 ], [ -56.60194, -20.57111 ], [ -56.60139, -20.57111 ], [ -56.60139, -20.57083 ], [ -56.60086, -20.57083 ], [ -56.6, -20.57009 ], [ -56.6, -20.56833 ], [ -56.60028, -20.56833 ], [ -56.60028, -20.56694 ], [ -56.6, -20.56694 ], [ -56.6, -20.56667 ], [ -56.59972, -20.56667 ], [ -56.59972, -20.56639 ], [ -56.59917, -20.56639 ], [ -56.59917, -20.56667 ], [ -56.59889, -20.56667 ], [ -56.59889, -20.56694 ], [ -56.59861, -20.56699 ], [ -56.59475, -20.56654 ], [ -56.59079, -20.56488 ], [ -56.5892, -20.56539 ], [ -56.58849, -20.56621 ], [ -56.58641, -20.56505 ], [ -56.58281, -20.56477 ], [ -56.58153, -20.5675 ], [ -56.58028, -20.56604 ], [ -56.58028, -20.56556 ], [ -56.58, -20.56556 ], [ -56.58, -20.56528 ], [ -56.57962, -20.56528 ], [ -56.57917, -20.56472 ], [ -56.57889, -20.56462 ], [ -56.57889, -20.56444 ], [ -56.57861, -20.56444 ], [ -56.57861, -20.56389 ], [ -56.57833, -20.56389 ], [ -56.57833, -20.56361 ], [ -56.57805, -20.56361 ], [ -56.57805, -20.56333 ], [ -56.57778, -20.56333 ], [ -56.57778, -20.56306 ], [ -56.5775, -20.56306 ], [ -56.5775, -20.56278 ], [ -56.57667, -20.56278 ], [ -56.57667, -20.5625 ], [ -56.57591, -20.5625 ], [ -56.57498, -20.56177 ], [ -56.57226, -20.56277 ], [ -56.5698, -20.56257 ], [ -56.56951, -20.5662 ], [ -56.57, -20.56689 ], [ -56.57, -20.56722 ], [ -56.57023, -20.56722 ], [ -56.57028, -20.5675 ], [ -56.57043, -20.5675 ], [ -56.57132, -20.56875 ], [ -56.57015, -20.5701 ], [ -56.56736, -20.57166 ], [ -56.56462, -20.5703 ], [ -56.56069, -20.57338 ], [ -56.55795, -20.57167 ], [ -56.55778, -20.57138 ], [ -56.55778, -20.57083 ], [ -56.5575, -20.57083 ], [ -56.5575, -20.56944 ], [ -56.55694, -20.56944 ], [ -56.55694, -20.56917 ], [ -56.55639, -20.56917 ], [ -56.55593, -20.56844 ], [ -56.55085, -20.5703 ], [ -56.55055, -20.57007 ], [ -56.55055, -20.56972 ], [ -56.55011, -20.56972 ], [ -56.55, -20.56944 ], [ -56.54976, -20.56944 ], [ -56.54802, -20.56808 ], [ -56.54555, -20.56828 ], [ -56.54528, -20.56824 ], [ -56.54528, -20.56806 ], [ -56.545, -20.56806 ], [ -56.545, -20.56778 ], [ -56.54444, -20.56778 ], [ -56.54444, -20.56806 ], [ -56.54417, -20.56807 ], [ -56.54142, -20.56765 ], [ -56.54139, -20.5675 ], [ -56.54111, -20.56743 ], [ -56.54111, -20.56694 ], [ -56.54083, -20.56694 ], [ -56.54083, -20.56667 ], [ -56.54055, -20.56667 ], [ -56.54055, -20.56639 ], [ -56.54028, -20.56639 ], [ -56.54028, -20.56583 ], [ -56.54055, -20.56583 ], [ -56.54055, -20.56528 ], [ -56.54083, -20.56528 ], [ -56.54083, -20.565 ], [ -56.54111, -20.565 ], [ -56.54111, -20.56472 ], [ -56.54139, -20.56472 ], [ -56.54139, -20.56361 ], [ -56.54111, -20.56361 ], [ -56.54111, -20.56306 ], [ -56.54139, -20.56306 ], [ -56.54139, -20.5625 ], [ -56.54111, -20.5625 ], [ -56.54111, -20.56194 ], [ -56.54083, -20.56194 ], [ -56.54083, -20.56111 ], [ -56.54055, -20.56111 ], [ -56.54055, -20.56083 ], [ -56.54028, -20.56083 ], [ -56.54028, -20.55944 ], [ -56.54, -20.55944 ], [ -56.54, -20.55861 ], [ -56.53972, -20.55861 ], [ -56.53972, -20.55833 ], [ -56.53944, -20.55833 ], [ -56.53944, -20.55778 ], [ -56.53972, -20.55778 ], [ -56.53972, -20.5575 ], [ -56.54, -20.5575 ], [ -56.54, -20.55722 ], [ -56.54028, -20.55722 ], [ -56.54028, -20.55694 ], [ -56.54055, -20.55694 ], [ -56.54055, -20.55639 ], [ -56.54028, -20.55639 ], [ -56.54028, -20.55444 ], [ -56.54, -20.55444 ], [ -56.54, -20.55417 ], [ -56.53917, -20.55417 ], [ -56.53917, -20.55389 ], [ -56.53833, -20.55389 ], [ -56.53833, -20.55417 ], [ -56.53805, -20.55417 ], [ -56.53805, -20.55444 ], [ -56.53693, -20.55429 ], [ -56.53583, -20.55361 ], [ -56.53555, -20.55358 ], [ -56.53555, -20.55333 ], [ -56.53507, -20.55333 ], [ -56.53472, -20.55306 ], [ -56.53167, -20.55216 ], [ -56.53167, -20.55194 ], [ -56.53139, -20.55194 ], [ -56.53139, -20.55167 ], [ -56.53111, -20.55167 ], [ -56.53111, -20.55139 ], [ -56.53083, -20.55139 ], [ -56.53083, -20.55111 ], [ -56.53055, -20.55111 ], [ -56.53055, -20.55083 ], [ -56.53028, -20.55083 ], [ -56.53028, -20.55056 ], [ -56.52954, -20.55056 ], [ -56.52944, -20.55028 ], [ -56.52917, -20.55025 ], [ -56.52917, -20.55 ], [ -56.52885, -20.55 ], [ -56.52816, -20.54944 ], [ -56.52532, -20.54875 ], [ -56.525, -20.54841 ], [ -56.525, -20.54806 ], [ -56.52472, -20.54806 ], [ -56.52472, -20.54778 ], [ -56.52435, -20.54778 ], [ -56.52388, -20.54732 ], [ -56.52194, -20.54669 ], [ -56.52194, -20.54639 ], [ -56.52139, -20.54639 ], [ -56.52139, -20.54528 ], [ -56.52111, -20.54528 ], [ -56.52111, -20.545 ], [ -56.52083, -20.545 ], [ -56.52083, -20.54472 ], [ -56.52055, -20.54472 ], [ -56.52055, -20.54444 ], [ -56.51993, -20.54444 ], [ -56.51944, -20.54397 ], [ -56.51972, -20.54389 ], [ -56.51972, -20.54333 ], [ -56.52, -20.54333 ], [ -56.52, -20.54278 ], [ -56.52028, -20.54278 ], [ -56.52028, -20.54222 ], [ -56.52055, -20.54222 ], [ -56.52055, -20.54194 ], [ -56.52028, -20.54194 ], [ -56.52028, -20.54111 ], [ -56.52, -20.54111 ], [ -56.52, -20.54056 ], [ -56.51947, -20.54056 ], [ -56.51611, -20.53733 ], [ -56.51639, -20.53722 ], [ -56.51639, -20.53694 ], [ -56.51611, -20.53694 ], [ -56.51611, -20.535 ], [ -56.51583, -20.535 ], [ -56.51583, -20.53472 ], [ -56.51555, -20.53472 ], [ -56.51555, -20.53444 ], [ -56.515, -20.53444 ], [ -56.515, -20.53417 ], [ -56.51472, -20.53417 ], [ -56.51472, -20.53389 ], [ -56.51444, -20.53389 ], [ -56.51444, -20.53333 ], [ -56.51378, -20.53333 ], [ -56.51305, -20.53264 ], [ -56.51305, -20.53222 ], [ -56.51262, -20.53222 ], [ -56.5125, -20.53194 ], [ -56.51187, -20.5315 ], [ -56.50969, -20.53154 ], [ -56.50944, -20.53111 ], [ -56.50928, -20.53111 ], [ -56.50889, -20.53056 ], [ -56.50861, -20.53042 ], [ -56.50861, -20.53 ], [ -56.50833, -20.53 ], [ -56.50833, -20.52972 ], [ -56.50805, -20.52972 ], [ -56.50805, -20.52944 ], [ -56.50778, -20.52944 ], [ -56.50778, -20.52833 ], [ -56.50805, -20.52833 ], [ -56.50805, -20.52806 ], [ -56.50833, -20.52806 ], [ -56.50833, -20.52778 ], [ -56.50861, -20.52778 ], [ -56.50861, -20.5275 ], [ -56.50889, -20.5275 ], [ -56.50889, -20.52639 ], [ -56.50917, -20.52639 ], [ -56.50917, -20.52611 ], [ -56.50944, -20.52611 ], [ -56.50944, -20.52556 ], [ -56.50889, -20.52556 ], [ -56.50889, -20.525 ], [ -56.50842, -20.525 ], [ -56.50722, -20.52442 ], [ -56.50722, -20.52333 ], [ -56.50694, -20.52333 ], [ -56.50694, -20.52111 ], [ -56.50667, -20.52111 ], [ -56.50667, -20.52083 ], [ -56.50694, -20.52083 ], [ -56.50694, -20.52028 ], [ -56.50722, -20.52028 ], [ -56.50722, -20.52 ], [ -56.5075, -20.52 ], [ -56.5075, -20.51833 ], [ -56.50778, -20.51833 ], [ -56.50778, -20.51806 ], [ -56.50805, -20.51806 ], [ -56.50805, -20.5175 ], [ -56.50861, -20.5175 ], [ -56.50861, -20.51722 ], [ -56.50889, -20.51722 ], [ -56.50889, -20.51694 ], [ -56.50917, -20.51694 ], [ -56.50917, -20.51444 ], [ -56.50889, -20.51444 ], [ -56.50889, -20.51417 ], [ -56.50833, -20.51417 ], [ -56.50833, -20.51389 ], [ -56.5081, -20.51389 ], [ -56.50809, -20.51306 ], [ -56.50833, -20.51306 ], [ -56.50833, -20.51 ], [ -56.50805, -20.51 ], [ -56.50805, -20.50944 ], [ -56.50778, -20.50944 ], [ -56.50778, -20.50889 ], [ -56.5075, -20.50889 ], [ -56.5075, -20.50806 ], [ -56.50722, -20.50806 ], [ -56.50722, -20.50778 ], [ -56.50667, -20.50778 ], [ -56.50667, -20.5075 ], [ -56.50639, -20.5075 ], [ -56.50639, -20.50722 ], [ -56.50611, -20.50722 ], [ -56.50611, -20.50694 ], [ -56.50583, -20.50694 ], [ -56.50583, -20.50667 ], [ -56.50555, -20.50667 ], [ -56.50555, -20.50611 ], [ -56.50528, -20.50611 ], [ -56.50528, -20.50583 ], [ -56.505, -20.50583 ], [ -56.505, -20.50444 ], [ -56.50472, -20.50444 ], [ -56.50472, -20.50389 ], [ -56.50444, -20.50389 ], [ -56.50444, -20.50361 ], [ -56.50419, -20.50361 ], [ -56.50405, -20.50304 ], [ -56.50139, -20.50343 ], [ -56.50111, -20.50333 ], [ -56.50111, -20.50347 ], [ -56.4975, -20.504 ], [ -56.4975, -20.50389 ], [ -56.49778, -20.50389 ], [ -56.49778, -20.50361 ], [ -56.4975, -20.50361 ], [ -56.4975, -20.50278 ], [ -56.49722, -20.50278 ], [ -56.49722, -20.5025 ], [ -56.49667, -20.5025 ], [ -56.49667, -20.50222 ], [ -56.49652, -20.50222 ], [ -56.49611, -20.50167 ], [ -56.49611, -20.50083 ], [ -56.49583, -20.50083 ], [ -56.49583, -20.50056 ], [ -56.49555, -20.50056 ], [ -56.49555, -20.50028 ], [ -56.49528, -20.50028 ], [ -56.49528, -20.5 ], [ -56.4947, -20.5 ], [ -56.49389, -20.49903 ], [ -56.49389, -20.49833 ], [ -56.49361, -20.49833 ], [ -56.49361, -20.4975 ], [ -56.49333, -20.4975 ], [ -56.49333, -20.495 ], [ -56.49361, -20.495 ], [ -56.49361, -20.49444 ], [ -56.49389, -20.49444 ], [ -56.49389, -20.49417 ], [ -56.49417, -20.49417 ], [ -56.49417, -20.49389 ], [ -56.49444, -20.49389 ], [ -56.49444, -20.49167 ], [ -56.49472, -20.49167 ], [ -56.49472, -20.49139 ], [ -56.495, -20.49139 ], [ -56.495, -20.49111 ], [ -56.49472, -20.49111 ], [ -56.49472, -20.49056 ], [ -56.49444, -20.49056 ], [ -56.49444, -20.49 ], [ -56.49417, -20.49 ], [ -56.49417, -20.48917 ], [ -56.49361, -20.48917 ], [ -56.49361, -20.48889 ], [ -56.49333, -20.48889 ], [ -56.49306, -20.48805 ], [ -56.48921, -20.48653 ], [ -56.48861, -20.48604 ], [ -56.48861, -20.48583 ], [ -56.48833, -20.48582 ], [ -56.48833, -20.48556 ], [ -56.48805, -20.48556 ], [ -56.48805, -20.48528 ], [ -56.48766, -20.48528 ], [ -56.4875, -20.485 ], [ -56.48694, -20.4847 ], [ -56.48694, -20.48167 ], [ -56.48722, -20.48167 ], [ -56.48722, -20.48028 ], [ -56.4875, -20.48028 ], [ -56.4875, -20.48 ], [ -56.48861, -20.48 ], [ -56.48861, -20.47972 ], [ -56.48833, -20.47972 ], [ -56.48833, -20.47806 ], [ -56.48805, -20.47806 ], [ -56.48805, -20.47722 ], [ -56.48778, -20.47722 ], [ -56.48778, -20.47667 ], [ -56.4875, -20.47667 ], [ -56.4875, -20.47639 ], [ -56.48665, -20.47639 ], [ -56.48644, -20.47596 ], [ -56.48532, -20.47542 ], [ -56.48528, -20.47444 ], [ -56.48516, -20.47444 ], [ -56.48478, -20.47207 ], [ -56.48361, -20.47169 ], [ -56.48361, -20.47139 ], [ -56.48333, -20.47139 ], [ -56.48333, -20.47056 ], [ -56.48305, -20.47056 ], [ -56.48305, -20.47028 ], [ -56.48194, -20.47028 ], [ -56.48194, -20.46972 ], [ -56.48167, -20.46972 ], [ -56.48167, -20.46944 ], [ -56.48139, -20.46944 ], [ -56.48139, -20.46889 ], [ -56.48083, -20.46889 ], [ -56.48083, -20.46917 ], [ -56.48056, -20.46917 ], [ -56.47833, -20.46829 ], [ -56.47833, -20.46806 ], [ -56.47783, -20.46806 ], [ -56.477, -20.46763 ], [ -56.47643, -20.46764 ], [ -56.47417, -20.46694 ], [ -56.47417, -20.46556 ], [ -56.47389, -20.46556 ], [ -56.47389, -20.46528 ], [ -56.47361, -20.46528 ], [ -56.47361, -20.465 ], [ -56.47318, -20.465 ], [ -56.47311, -20.46485 ], [ -56.47139, -20.46429 ], [ -56.47139, -20.46389 ], [ -56.47083, -20.46389 ], [ -56.47083, -20.46333 ], [ -56.47055, -20.46333 ], [ -56.47055, -20.46306 ], [ -56.47083, -20.46306 ], [ -56.47083, -20.4625 ], [ -56.47055, -20.4625 ], [ -56.47055, -20.46222 ], [ -56.47028, -20.46222 ], [ -56.47028, -20.46194 ], [ -56.46972, -20.46194 ], [ -56.46972, -20.46139 ], [ -56.46944, -20.46139 ], [ -56.46944, -20.46028 ], [ -56.46972, -20.46028 ], [ -56.46972, -20.45972 ], [ -56.46944, -20.45972 ], [ -56.46944, -20.45944 ], [ -56.46917, -20.45944 ], [ -56.46917, -20.45917 ], [ -56.46889, -20.45917 ], [ -56.46889, -20.45889 ], [ -56.46833, -20.45889 ], [ -56.46833, -20.45917 ], [ -56.46778, -20.45917 ], [ -56.46778, -20.45944 ], [ -56.4675, -20.45944 ], [ -56.4675, -20.45972 ], [ -56.46694, -20.45972 ], [ -56.46694, -20.45944 ], [ -56.46639, -20.45944 ], [ -56.46639, -20.45917 ], [ -56.46555, -20.45917 ], [ -56.46555, -20.45889 ], [ -56.46528, -20.45889 ], [ -56.46528, -20.45722 ], [ -56.46444, -20.45722 ], [ -56.46444, -20.45694 ], [ -56.46389, -20.45694 ], [ -56.46389, -20.45667 ], [ -56.46361, -20.45667 ], [ -56.46361, -20.45611 ], [ -56.46333, -20.45611 ], [ -56.46333, -20.45583 ], [ -56.46305, -20.45583 ], [ -56.46305, -20.45611 ], [ -56.46278, -20.45611 ], [ -56.46278, -20.45583 ], [ -56.4625, -20.45583 ], [ -56.4625, -20.45611 ], [ -56.46222, -20.45611 ], [ -56.46222, -20.45583 ], [ -56.46194, -20.45583 ], [ -56.46194, -20.45556 ], [ -56.46167, -20.45556 ], [ -56.46167, -20.45528 ], [ -56.46139, -20.45528 ], [ -56.46139, -20.455 ], [ -56.46083, -20.455 ], [ -56.46083, -20.45444 ], [ -56.46055, -20.45444 ], [ -56.46055, -20.45361 ], [ -56.45917, -20.45364 ], [ -56.45643, -20.45319 ], [ -56.45533, -20.45263 ], [ -56.45364, -20.45208 ], [ -56.45254, -20.45547 ], [ -56.44917, -20.4554 ], [ -56.44917, -20.45472 ], [ -56.44944, -20.45472 ], [ -56.44944, -20.45444 ], [ -56.44917, -20.45444 ], [ -56.44917, -20.45417 ], [ -56.44889, -20.45417 ], [ -56.44889, -20.45389 ], [ -56.44861, -20.45389 ], [ -56.44861, -20.4525 ], [ -56.44889, -20.4525 ], [ -56.44889, -20.45194 ], [ -56.44833, -20.45194 ], [ -56.44833, -20.45167 ], [ -56.44778, -20.45167 ], [ -56.44778, -20.45139 ], [ -56.4475, -20.45146 ], [ -56.44694, -20.45093 ], [ -56.44694, -20.45028 ], [ -56.44667, -20.45028 ], [ -56.44667, -20.45056 ], [ -56.44655, -20.45056 ], [ -56.44361, -20.44996 ], [ -56.44361, -20.44972 ], [ -56.44333, -20.44972 ], [ -56.44333, -20.44944 ], [ -56.44305, -20.44944 ], [ -56.44305, -20.44917 ], [ -56.44333, -20.44917 ], [ -56.44333, -20.44861 ], [ -56.4425, -20.44861 ], [ -56.4425, -20.44833 ], [ -56.44207, -20.44833 ], [ -56.44164, -20.44743 ], [ -56.43944, -20.44637 ], [ -56.43944, -20.44611 ], [ -56.43917, -20.44611 ], [ -56.43917, -20.44556 ], [ -56.43889, -20.44556 ], [ -56.43889, -20.445 ], [ -56.43861, -20.445 ], [ -56.43861, -20.44444 ], [ -56.43889, -20.44444 ], [ -56.43889, -20.44333 ], [ -56.43815, -20.44333 ], [ -56.43811, -20.44318 ], [ -56.43421, -20.44264 ], [ -56.43389, -20.44242 ], [ -56.43389, -20.44222 ], [ -56.43361, -20.44222 ], [ -56.43361, -20.44194 ], [ -56.43333, -20.44194 ], [ -56.43333, -20.44167 ], [ -56.43278, -20.44167 ], [ -56.43239, -20.44139 ], [ -56.43069, -20.43938 ], [ -56.42687, -20.43553 ], [ -56.42138, -20.42724 ], [ -56.41891, -20.42134 ], [ -56.41416, -20.41477 ], [ -56.4071, -20.40887 ], [ -56.40586, -20.40482 ], [ -56.40299, -20.40068 ], [ -56.39934, -20.39791 ], [ -56.39942, -20.39456 ], [ -56.40147, -20.39157 ], [ -56.40314, -20.38748 ], [ -56.404, -20.38717 ], [ -56.40473, -20.3871 ], [ -56.40649, -20.3872 ], [ -56.40864, -20.38996 ], [ -56.412, -20.3896 ], [ -56.41887, -20.38628 ], [ -56.42232, -20.38243 ], [ -56.42501, -20.38001 ], [ -56.42858, -20.37833 ], [ -56.43209, -20.37781 ], [ -56.43789, -20.3764 ], [ -56.44305, -20.37556 ] ] ] } }
]
}
