{
"type": "FeatureCollection",
"name": "rios_principais",
"xy_coordinate_resolution": 1e-05,
"features": [
{ "type": "Feature", "properties": { "titulo": "Rio Aquidauana", "subtitulo": "Rio principal", "comprimento_km": 619.9 }, "geometry": { "type": "MultiLineString", "coordinates": [ [ [ -55.39042, -20.41854 ], [ -55.39039, -20.41902 ], [ -55.39045, -20.41941 ], [ -55.39161, -20.42228 ], [ -55.39182, -20.42337 ], [ -55.39169, -20.42467 ], [ -55.39095, -20.42703 ], [ -55.39075, -20.42813 ], [ -55.39078, -20.42952 ], [ -55.39116, -20.43152 ], [ -55.39115, -20.43211 ], [ -55.39085, -20.43257 ], [ -55.39011, -20.4332 ], [ -55.38866, -20.43381 ], [ -55.38715, -20.43407 ], [ -55.38537, -20.43415 ], [ -55.38439, -20.43407 ], [ -55.38407, -20.43418 ], [ -55.38357, -20.43419 ], [ -55.38333, -20.43433 ], [ -55.38296, -20.43476 ], [ -55.38271, -20.43523 ], [ -55.38252, -20.43712 ], [ -55.3823, -20.43797 ], [ -55.38201, -20.43852 ], [ -55.38079, -20.43997 ], [ -55.37804, -20.44212 ], [ -55.37754, -20.44267 ], [ -55.37734, -20.44304 ], [ -55.37733, -20.44342 ], [ -55.3774, -20.44364 ], [ -55.37759, -20.44377 ], [ -55.37771, -20.4438 ], [ -55.37898, -20.44344 ], [ -55.37955, -20.44351 ], [ -55.37964, -20.44372 ], [ -55.3797, -20.44423 ], [ -55.37959, -20.44573 ], [ -55.3795, -20.44669 ], [ -55.37928, -20.44775 ], [ -55.37944, -20.44816 ], [ -55.37974, -20.44843 ], [ -55.38011, -20.44862 ], [ -55.38162, -20.44909 ], [ -55.38249, -20.44915 ], [ -55.38346, -20.44894 ], [ -55.38402, -20.44855 ], [ -55.38464, -20.44779 ], [ -55.38489, -20.447 ], [ -55.38621, -20.44445 ], [ -55.38777, -20.44226 ], [ -55.38821, -20.4418 ], [ -55.38973, -20.44064 ], [ -55.39184, -20.43883 ], [ -55.39349, -20.43759 ], [ -55.39508, -20.43717 ], [ -55.39723, -20.43717 ], [ -55.39922, -20.4368 ], [ -55.4002, -20.43636 ], [ -55.4024, -20.43495 ], [ -55.40338, -20.43454 ], [ -55.40529, -20.43432 ], [ -55.40706, -20.43432 ], [ -55.40773, -20.43442 ], [ -55.40823, -20.43473 ], [ -55.40858, -20.4352 ], [ -55.40922, -20.43661 ], [ -55.41098, -20.43945 ], [ -55.41284, -20.44302 ], [ -55.41316, -20.44349 ], [ -55.41375, -20.44404 ], [ -55.41512, -20.44499 ], [ -55.41772, -20.44594 ], [ -55.41853, -20.44638 ], [ -55.41923, -20.44689 ], [ -55.41964, -20.4473 ], [ -55.42008, -20.44792 ], [ -55.42064, -20.44909 ], [ -55.42107, -20.44976 ], [ -55.42185, -20.45065 ], [ -55.42266, -20.45107 ], [ -55.42306, -20.45112 ], [ -55.42342, -20.45107 ], [ -55.42389, -20.45089 ], [ -55.42432, -20.45056 ], [ -55.42595, -20.44882 ], [ -55.42636, -20.44828 ], [ -55.42679, -20.44801 ], [ -55.42759, -20.44794 ], [ -55.428, -20.44807 ], [ -55.42841, -20.44838 ], [ -55.42988, -20.45029 ], [ -55.43034, -20.45128 ], [ -55.43071, -20.45298 ], [ -55.43076, -20.45357 ], [ -55.43071, -20.45462 ], [ -55.43081, -20.45535 ], [ -55.43093, -20.45572 ], [ -55.43134, -20.45643 ], [ -55.4318, -20.4576 ], [ -55.43222, -20.45825 ], [ -55.43266, -20.45874 ], [ -55.4337, -20.45957 ], [ -55.43431, -20.45987 ], [ -55.43502, -20.45994 ], [ -55.43608, -20.4598 ], [ -55.43659, -20.45957 ], [ -55.43704, -20.45918 ], [ -55.43816, -20.45851 ], [ -55.4397, -20.4581 ], [ -55.44044, -20.45779 ], [ -55.44229, -20.45646 ], [ -55.44343, -20.45612 ], [ -55.44479, -20.45584 ], [ -55.44533, -20.45563 ], [ -55.44564, -20.45543 ], [ -55.44589, -20.45512 ], [ -55.44605, -20.45473 ], [ -55.44611, -20.45397 ], [ -55.44553, -20.45241 ], [ -55.44529, -20.45113 ], [ -55.44552, -20.44991 ], [ -55.44579, -20.4495 ], [ -55.44618, -20.44916 ], [ -55.447, -20.44893 ], [ -55.44841, -20.44918 ], [ -55.45001, -20.44965 ], [ -55.45101, -20.45019 ], [ -55.45149, -20.45062 ], [ -55.45192, -20.45117 ], [ -55.45244, -20.45208 ], [ -55.45287, -20.45311 ], [ -55.45332, -20.45373 ], [ -55.45483, -20.45485 ], [ -55.45734, -20.45596 ], [ -55.458, -20.4565 ], [ -55.46152, -20.46111 ], [ -55.46182, -20.46215 ], [ -55.46201, -20.46344 ], [ -55.46219, -20.46974 ], [ -55.46235, -20.47134 ], [ -55.46265, -20.47297 ], [ -55.46313, -20.47453 ], [ -55.46385, -20.47568 ], [ -55.4643, -20.4761 ], [ -55.46485, -20.47645 ], [ -55.46573, -20.47671 ], [ -55.46621, -20.47666 ], [ -55.46665, -20.47648 ], [ -55.4671, -20.47618 ], [ -55.46746, -20.47576 ], [ -55.46828, -20.47435 ], [ -55.46858, -20.47351 ], [ -55.46882, -20.47245 ], [ -55.46931, -20.47151 ], [ -55.47338, -20.46584 ], [ -55.47541, -20.46321 ], [ -55.47575, -20.46252 ], [ -55.47635, -20.46083 ], [ -55.47687, -20.45818 ], [ -55.47717, -20.45762 ], [ -55.47749, -20.45735 ], [ -55.47798, -20.45715 ], [ -55.47868, -20.45714 ], [ -55.4794, -20.45727 ], [ -55.48014, -20.45756 ], [ -55.4813, -20.45837 ], [ -55.48216, -20.4595 ], [ -55.48239, -20.46003 ], [ -55.48236, -20.46074 ], [ -55.4822, -20.46113 ], [ -55.48184, -20.46162 ], [ -55.48082, -20.46268 ], [ -55.48056, -20.46308 ], [ -55.48026, -20.46397 ], [ -55.48031, -20.46458 ], [ -55.48062, -20.46536 ], [ -55.48172, -20.46653 ], [ -55.48211, -20.46708 ], [ -55.48281, -20.46744 ], [ -55.48375, -20.46762 ], [ -55.48437, -20.46763 ], [ -55.48512, -20.46743 ], [ -55.48671, -20.46674 ], [ -55.48844, -20.46569 ], [ -55.49013, -20.46437 ], [ -55.49232, -20.46203 ], [ -55.4931, -20.46147 ], [ -55.49405, -20.461 ], [ -55.49602, -20.4602 ], [ -55.49734, -20.45937 ], [ -55.4985, -20.45851 ], [ -55.50222, -20.45661 ], [ -55.50293, -20.45634 ], [ -55.50386, -20.45581 ], [ -55.50454, -20.45557 ], [ -55.50573, -20.45559 ], [ -55.50608, -20.45575 ], [ -55.50751, -20.45711 ], [ -55.50971, -20.45878 ], [ -55.51198, -20.46065 ], [ -55.51267, -20.46101 ], [ -55.51365, -20.46129 ], [ -55.51522, -20.46217 ], [ -55.51624, -20.46322 ], [ -55.51767, -20.46426 ], [ -55.51847, -20.46557 ], [ -55.51904, -20.46618 ], [ -55.52038, -20.46694 ], [ -55.52155, -20.46735 ], [ -55.52279, -20.46815 ], [ -55.52553, -20.47096 ], [ -55.52822, -20.47334 ], [ -55.52928, -20.47463 ], [ -55.5302, -20.47607 ], [ -55.53028, -20.47691 ], [ -55.5311, -20.48018 ], [ -55.53214, -20.48237 ], [ -55.5329, -20.48353 ], [ -55.53333, -20.48402 ], [ -55.53428, -20.48466 ], [ -55.53531, -20.48489 ], [ -55.53643, -20.48525 ], [ -55.53745, -20.48573 ], [ -55.53843, -20.48631 ], [ -55.54012, -20.48747 ], [ -55.54153, -20.48802 ], [ -55.54277, -20.48894 ], [ -55.54318, -20.48951 ], [ -55.54345, -20.49026 ], [ -55.54365, -20.49124 ], [ -55.54409, -20.49252 ], [ -55.5444, -20.49312 ], [ -55.54519, -20.49395 ], [ -55.54585, -20.49436 ], [ -55.54674, -20.49513 ], [ -55.54755, -20.49623 ], [ -55.54947, -20.49806 ], [ -55.55038, -20.49939 ], [ -55.55045, -20.49978 ], [ -55.55034, -20.5003 ], [ -55.55031, -20.50109 ], [ -55.55039, -20.50201 ], [ -55.55051, -20.50254 ], [ -55.55108, -20.50382 ], [ -55.55213, -20.50535 ], [ -55.5524, -20.50667 ], [ -55.55266, -20.50729 ], [ -55.5531, -20.50797 ], [ -55.55334, -20.50819 ], [ -55.55431, -20.50863 ], [ -55.55498, -20.50863 ], [ -55.55573, -20.50874 ], [ -55.55679, -20.50935 ], [ -55.55872, -20.51017 ], [ -55.56051, -20.51054 ], [ -55.56097, -20.51057 ], [ -55.56204, -20.51036 ], [ -55.56344, -20.51032 ], [ -55.56449, -20.50995 ], [ -55.56501, -20.50961 ], [ -55.56563, -20.50889 ], [ -55.56581, -20.5081 ], [ -55.56582, -20.50769 ], [ -55.5655, -20.50666 ], [ -55.56553, -20.50581 ], [ -55.56544, -20.50489 ], [ -55.56606, -20.50335 ], [ -55.56631, -20.50187 ], [ -55.56622, -20.50131 ], [ -55.56594, -20.50065 ], [ -55.56624, -20.49857 ], [ -55.56588, -20.49631 ], [ -55.56594, -20.49466 ], [ -55.56615, -20.49393 ], [ -55.56637, -20.49354 ], [ -55.5669, -20.49302 ], [ -55.56729, -20.49277 ], [ -55.5682, -20.49252 ], [ -55.56931, -20.49268 ], [ -55.57038, -20.4932 ], [ -55.57073, -20.49356 ], [ -55.57229, -20.49467 ], [ -55.57358, -20.49534 ], [ -55.57504, -20.49626 ], [ -55.57592, -20.49716 ], [ -55.57644, -20.49818 ], [ -55.57713, -20.4991 ], [ -55.57793, -20.49971 ], [ -55.57907, -20.50007 ], [ -55.58025, -20.50012 ], [ -55.58079, -20.50033 ], [ -55.58126, -20.50067 ], [ -55.58195, -20.50145 ], [ -55.58255, -20.50238 ], [ -55.58513, -20.50715 ], [ -55.58742, -20.51031 ], [ -55.58867, -20.51193 ], [ -55.58936, -20.51268 ], [ -55.59041, -20.51323 ], [ -55.5923, -20.51394 ], [ -55.59434, -20.51445 ], [ -55.59618, -20.51471 ], [ -55.59765, -20.51531 ], [ -55.59852, -20.51576 ], [ -55.59929, -20.51638 ], [ -55.60043, -20.5177 ], [ -55.60095, -20.51856 ], [ -55.60136, -20.51884 ], [ -55.60172, -20.51898 ], [ -55.60244, -20.51906 ], [ -55.60292, -20.51889 ], [ -55.60356, -20.51845 ], [ -55.60428, -20.51762 ], [ -55.60465, -20.51696 ], [ -55.60497, -20.51599 ], [ -55.60506, -20.51434 ], [ -55.60538, -20.51299 ], [ -55.60596, -20.51196 ], [ -55.6071, -20.51035 ], [ -55.60758, -20.50981 ], [ -55.60771, -20.50946 ], [ -55.6077, -20.50878 ], [ -55.60744, -20.50745 ], [ -55.60463, -20.50397 ], [ -55.60453, -20.50361 ], [ -55.60464, -20.50296 ], [ -55.60567, -20.50085 ], [ -55.60655, -20.49973 ], [ -55.6081, -20.49808 ], [ -55.60965, -20.49665 ], [ -55.61027, -20.49632 ], [ -55.61073, -20.49632 ], [ -55.61151, -20.4968 ], [ -55.61245, -20.49705 ], [ -55.61621, -20.49836 ], [ -55.61654, -20.49856 ], [ -55.61684, -20.49887 ], [ -55.6173, -20.49913 ], [ -55.61749, -20.4995 ], [ -55.61781, -20.49961 ], [ -55.61925, -20.4995 ], [ -55.62049, -20.49921 ], [ -55.62148, -20.49887 ], [ -55.6234, -20.49785 ], [ -55.62572, -20.49643 ], [ -55.62715, -20.49544 ], [ -55.62879, -20.49486 ], [ -55.63016, -20.49449 ], [ -55.63152, -20.49398 ], [ -55.6323, -20.49356 ], [ -55.63411, -20.4924 ], [ -55.6361, -20.49129 ], [ -55.6366, -20.49085 ], [ -55.637, -20.49031 ], [ -55.63718, -20.48968 ], [ -55.6373, -20.48866 ], [ -55.63748, -20.48805 ], [ -55.63907, -20.48548 ], [ -55.63941, -20.48505 ], [ -55.64027, -20.48421 ], [ -55.64289, -20.48228 ], [ -55.64406, -20.48159 ], [ -55.64487, -20.48133 ], [ -55.64607, -20.48122 ], [ -55.64689, -20.48143 ], [ -55.64774, -20.48184 ], [ -55.64853, -20.48242 ], [ -55.64893, -20.48284 ], [ -55.64925, -20.48332 ], [ -55.64966, -20.48416 ], [ -55.6517, -20.48681 ], [ -55.65277, -20.48758 ], [ -55.65416, -20.48814 ], [ -55.65485, -20.4882 ], [ -55.65557, -20.48809 ], [ -55.65679, -20.48752 ], [ -55.65861, -20.48685 ], [ -55.66167, -20.48593 ], [ -55.66334, -20.4855 ], [ -55.66622, -20.48504 ], [ -55.67004, -20.48367 ], [ -55.67151, -20.48284 ], [ -55.67398, -20.48049 ], [ -55.67563, -20.47814 ], [ -55.67617, -20.47751 ], [ -55.67695, -20.47684 ], [ -55.67797, -20.47569 ], [ -55.67869, -20.47523 ], [ -55.67922, -20.47508 ], [ -55.6799, -20.47514 ], [ -55.68034, -20.47539 ], [ -55.68076, -20.47576 ], [ -55.68155, -20.4769 ], [ -55.6823, -20.4784 ], [ -55.68311, -20.47933 ], [ -55.68431, -20.48117 ], [ -55.68494, -20.48189 ], [ -55.68556, -20.48235 ], [ -55.68662, -20.48274 ], [ -55.68725, -20.4828 ], [ -55.68788, -20.48274 ], [ -55.68929, -20.48241 ], [ -55.69111, -20.48178 ], [ -55.69198, -20.48163 ], [ -55.69264, -20.48164 ], [ -55.6931, -20.48178 ], [ -55.6939, -20.48222 ], [ -55.69436, -20.48269 ], [ -55.69578, -20.48379 ], [ -55.69809, -20.48472 ], [ -55.69936, -20.48496 ], [ -55.70062, -20.48533 ], [ -55.70219, -20.48557 ], [ -55.70332, -20.48567 ], [ -55.70505, -20.48567 ], [ -55.70593, -20.4858 ], [ -55.70705, -20.48576 ], [ -55.70775, -20.48599 ], [ -55.70853, -20.48644 ], [ -55.70925, -20.48657 ], [ -55.70984, -20.48654 ], [ -55.71079, -20.48625 ], [ -55.71158, -20.48585 ], [ -55.71284, -20.48502 ], [ -55.71366, -20.4847 ], [ -55.71444, -20.48452 ], [ -55.71519, -20.48451 ], [ -55.71684, -20.48464 ], [ -55.71988, -20.48514 ], [ -55.72312, -20.48506 ], [ -55.72444, -20.48534 ], [ -55.72542, -20.48575 ], [ -55.72581, -20.486 ], [ -55.72627, -20.4865 ], [ -55.72698, -20.48703 ], [ -55.72738, -20.48762 ], [ -55.72769, -20.48789 ], [ -55.72842, -20.4882 ], [ -55.72917, -20.48826 ], [ -55.72973, -20.48816 ], [ -55.73103, -20.48811 ], [ -55.73192, -20.48795 ], [ -55.73521, -20.48667 ], [ -55.73603, -20.48643 ], [ -55.73645, -20.48641 ], [ -55.73679, -20.48651 ], [ -55.73713, -20.48676 ], [ -55.73957, -20.48928 ], [ -55.74037, -20.48972 ], [ -55.74118, -20.48992 ], [ -55.74215, -20.48978 ], [ -55.74335, -20.48936 ], [ -55.74514, -20.48838 ], [ -55.74681, -20.48721 ], [ -55.74738, -20.487 ], [ -55.74846, -20.48692 ], [ -55.74913, -20.48736 ], [ -55.75011, -20.48875 ], [ -55.75079, -20.49022 ], [ -55.75167, -20.49135 ], [ -55.752, -20.49163 ], [ -55.75274, -20.49189 ], [ -55.75308, -20.49184 ], [ -55.75335, -20.49152 ], [ -55.75358, -20.491 ], [ -55.75372, -20.49021 ], [ -55.75408, -20.4897 ], [ -55.75454, -20.48936 ], [ -55.75505, -20.48915 ], [ -55.75722, -20.48847 ], [ -55.75882, -20.48822 ], [ -55.76069, -20.48817 ], [ -55.76257, -20.48846 ], [ -55.76371, -20.48872 ], [ -55.7655, -20.48883 ], [ -55.76819, -20.48826 ], [ -55.76904, -20.48818 ], [ -55.76963, -20.48839 ], [ -55.77011, -20.48893 ], [ -55.77051, -20.48995 ], [ -55.77089, -20.49171 ], [ -55.77144, -20.49254 ], [ -55.77211, -20.49312 ], [ -55.77311, -20.49366 ], [ -55.77362, -20.49384 ], [ -55.77447, -20.494 ], [ -55.77571, -20.49401 ], [ -55.77662, -20.49394 ], [ -55.77745, -20.4937 ], [ -55.77904, -20.49274 ], [ -55.77994, -20.49173 ], [ -55.78033, -20.49085 ], [ -55.7804, -20.48982 ], [ -55.78061, -20.48868 ], [ -55.78095, -20.48793 ], [ -55.78149, -20.48734 ], [ -55.78292, -20.48664 ], [ -55.78416, -20.48631 ], [ -55.78525, -20.4862 ], [ -55.7867, -20.48623 ], [ -55.78776, -20.48599 ], [ -55.78945, -20.48528 ], [ -55.79094, -20.48486 ], [ -55.79365, -20.48372 ], [ -55.79514, -20.48329 ], [ -55.79717, -20.48235 ], [ -55.79805, -20.48179 ], [ -55.79896, -20.48097 ], [ -55.8009, -20.4788 ], [ -55.8023, -20.47772 ], [ -55.80289, -20.47713 ], [ -55.80393, -20.47536 ], [ -55.80544, -20.47227 ], [ -55.80639, -20.47091 ], [ -55.8074, -20.46993 ], [ -55.80911, -20.46894 ], [ -55.8101, -20.46865 ], [ -55.81165, -20.46844 ], [ -55.81368, -20.4686 ], [ -55.81557, -20.46859 ], [ -55.81637, -20.46871 ], [ -55.81724, -20.469 ], [ -55.81967, -20.47013 ], [ -55.82152, -20.47143 ], [ -55.82256, -20.47202 ], [ -55.82375, -20.47244 ], [ -55.82492, -20.47267 ], [ -55.8264, -20.47265 ], [ -55.82729, -20.47246 ], [ -55.82846, -20.4719 ], [ -55.82949, -20.47129 ], [ -55.83005, -20.47084 ], [ -55.83061, -20.47009 ], [ -55.83121, -20.46901 ], [ -55.83215, -20.46648 ], [ -55.83404, -20.46227 ], [ -55.83407, -20.46174 ], [ -55.83401, -20.46155 ], [ -55.83345, -20.46092 ], [ -55.83295, -20.4605 ], [ -55.83194, -20.45995 ], [ -55.83019, -20.45944 ], [ -55.82921, -20.45904 ], [ -55.82849, -20.45869 ], [ -55.82821, -20.45834 ], [ -55.82793, -20.45709 ], [ -55.82791, -20.45613 ], [ -55.82835, -20.45422 ], [ -55.82863, -20.45216 ], [ -55.82866, -20.45081 ], [ -55.8289, -20.44994 ], [ -55.82961, -20.44888 ], [ -55.8301, -20.44835 ], [ -55.83343, -20.44585 ], [ -55.83665, -20.44296 ], [ -55.8401, -20.4394 ], [ -55.84295, -20.43715 ], [ -55.84387, -20.43676 ], [ -55.84458, -20.43658 ], [ -55.84537, -20.43652 ], [ -55.84661, -20.43682 ], [ -55.8482, -20.43746 ], [ -55.84924, -20.43759 ], [ -55.84961, -20.43737 ], [ -55.85005, -20.43654 ], [ -55.85024, -20.43541 ], [ -55.85011, -20.43254 ], [ -55.84976, -20.43022 ], [ -55.84985, -20.42934 ], [ -55.85027, -20.42783 ], [ -55.85084, -20.42682 ], [ -55.85146, -20.42609 ], [ -55.85289, -20.42518 ], [ -55.85505, -20.42416 ], [ -55.85539, -20.42387 ], [ -55.85556, -20.42354 ], [ -55.85558, -20.42313 ], [ -55.85544, -20.4227 ], [ -55.85451, -20.42175 ], [ -55.85404, -20.4215 ], [ -55.85284, -20.42105 ], [ -55.85205, -20.42094 ], [ -55.85091, -20.42096 ], [ -55.85027, -20.42086 ], [ -55.84957, -20.42054 ], [ -55.84919, -20.4202 ], [ -55.84894, -20.41987 ], [ -55.84879, -20.41932 ], [ -55.8488, -20.4186 ], [ -55.84895, -20.41777 ], [ -55.84955, -20.41663 ], [ -55.85098, -20.41464 ], [ -55.85129, -20.41406 ], [ -55.85141, -20.41359 ], [ -55.85141, -20.41306 ], [ -55.85121, -20.41228 ], [ -55.85041, -20.41095 ], [ -55.85017, -20.41034 ], [ -55.8501, -20.40935 ], [ -55.85022, -20.40848 ], [ -55.85046, -20.40813 ], [ -55.85087, -20.40786 ], [ -55.85151, -20.40759 ], [ -55.85319, -20.40715 ], [ -55.85383, -20.40673 ], [ -55.85383, -20.40627 ], [ -55.85373, -20.40583 ], [ -55.85343, -20.40515 ], [ -55.85186, -20.40255 ], [ -55.85168, -20.40208 ], [ -55.85168, -20.40174 ], [ -55.85179, -20.4015 ], [ -55.85207, -20.40129 ], [ -55.85278, -20.40102 ], [ -55.85385, -20.40078 ], [ -55.85421, -20.4006 ], [ -55.85446, -20.40025 ], [ -55.85449, -20.39955 ], [ -55.85426, -20.39878 ], [ -55.85368, -20.39769 ], [ -55.85222, -20.39572 ], [ -55.85178, -20.39436 ], [ -55.85175, -20.39398 ], [ -55.85183, -20.39372 ], [ -55.8523, -20.39313 ], [ -55.85305, -20.39268 ], [ -55.85421, -20.3923 ], [ -55.85634, -20.39196 ], [ -55.8571, -20.39154 ], [ -55.85784, -20.39087 ], [ -55.85815, -20.39013 ], [ -55.85827, -20.38813 ], [ -55.85863, -20.38733 ], [ -55.85893, -20.38702 ], [ -55.85931, -20.38677 ], [ -55.86075, -20.38624 ], [ -55.86131, -20.38591 ], [ -55.8616, -20.38567 ], [ -55.86174, -20.3854 ], [ -55.86183, -20.38485 ], [ -55.86175, -20.38443 ], [ -55.86095, -20.38355 ], [ -55.8605, -20.3827 ], [ -55.8605, -20.38227 ], [ -55.86072, -20.382 ], [ -55.86082, -20.38196 ], [ -55.86171, -20.38212 ], [ -55.86295, -20.38298 ], [ -55.86364, -20.38391 ], [ -55.86444, -20.38564 ], [ -55.86491, -20.38619 ], [ -55.86586, -20.38659 ], [ -55.86707, -20.38651 ], [ -55.8678, -20.38624 ], [ -55.86868, -20.38579 ], [ -55.86939, -20.38527 ], [ -55.86986, -20.38478 ], [ -55.87043, -20.38376 ], [ -55.87128, -20.38151 ], [ -55.87157, -20.381 ], [ -55.87193, -20.38059 ], [ -55.87268, -20.38002 ], [ -55.87327, -20.37968 ], [ -55.87606, -20.37842 ], [ -55.87679, -20.3779 ], [ -55.87707, -20.3775 ], [ -55.87718, -20.37693 ], [ -55.8771, -20.37605 ], [ -55.87715, -20.37349 ], [ -55.87751, -20.37064 ], [ -55.87773, -20.36972 ], [ -55.87808, -20.36878 ], [ -55.8788, -20.36734 ], [ -55.87961, -20.36506 ], [ -55.87999, -20.36368 ], [ -55.88034, -20.3615 ], [ -55.88068, -20.36054 ], [ -55.88133, -20.35928 ], [ -55.88179, -20.35785 ], [ -55.88322, -20.35438 ], [ -55.88415, -20.35251 ], [ -55.88554, -20.35002 ], [ -55.88586, -20.34918 ], [ -55.88585, -20.34839 ], [ -55.88562, -20.34769 ], [ -55.88482, -20.3465 ], [ -55.88305, -20.34468 ], [ -55.88278, -20.34409 ], [ -55.88287, -20.34368 ], [ -55.88322, -20.34334 ], [ -55.88408, -20.34307 ], [ -55.88528, -20.34319 ], [ -55.88614, -20.34341 ], [ -55.88743, -20.34423 ], [ -55.88914, -20.34605 ], [ -55.8897, -20.3463 ], [ -55.89009, -20.34627 ], [ -55.89043, -20.34599 ], [ -55.89059, -20.3454 ], [ -55.89045, -20.34291 ], [ -55.88979, -20.34157 ], [ -55.8883, -20.34028 ], [ -55.88656, -20.33914 ], [ -55.88507, -20.33828 ], [ -55.88393, -20.33731 ], [ -55.88106, -20.33536 ], [ -55.88065, -20.33495 ], [ -55.88048, -20.3346 ], [ -55.88049, -20.33407 ], [ -55.88076, -20.33361 ], [ -55.88115, -20.33336 ], [ -55.88176, -20.33322 ], [ -55.88237, -20.33326 ], [ -55.88344, -20.33361 ], [ -55.88585, -20.3349 ], [ -55.88613, -20.33491 ], [ -55.88644, -20.33475 ], [ -55.88666, -20.33431 ], [ -55.88682, -20.33357 ], [ -55.88678, -20.3321 ], [ -55.88685, -20.33088 ], [ -55.88662, -20.32963 ], [ -55.88614, -20.32845 ], [ -55.88576, -20.32783 ], [ -55.88522, -20.32718 ], [ -55.88459, -20.32654 ], [ -55.88404, -20.32617 ], [ -55.88353, -20.32596 ], [ -55.88265, -20.32577 ], [ -55.8821, -20.3258 ], [ -55.88118, -20.326 ], [ -55.88052, -20.32594 ], [ -55.88015, -20.32581 ], [ -55.87973, -20.32547 ], [ -55.87969, -20.32495 ], [ -55.87984, -20.32457 ], [ -55.88018, -20.32421 ], [ -55.88055, -20.32394 ], [ -55.8809, -20.32384 ], [ -55.88178, -20.32386 ], [ -55.88241, -20.32397 ], [ -55.88324, -20.32431 ], [ -55.88413, -20.32486 ], [ -55.88459, -20.32498 ], [ -55.88503, -20.32496 ], [ -55.88605, -20.32455 ], [ -55.8874, -20.32346 ], [ -55.88827, -20.32293 ], [ -55.88878, -20.32275 ], [ -55.8901, -20.32258 ], [ -55.89076, -20.32226 ], [ -55.89108, -20.32167 ], [ -55.89094, -20.32134 ], [ -55.89071, -20.32117 ], [ -55.88993, -20.32102 ], [ -55.88806, -20.32109 ], [ -55.88708, -20.32072 ], [ -55.88622, -20.32019 ], [ -55.88577, -20.31964 ], [ -55.8856, -20.31929 ], [ -55.88556, -20.31882 ], [ -55.88566, -20.31815 ], [ -55.88597, -20.3175 ], [ -55.88648, -20.31592 ], [ -55.88685, -20.31566 ], [ -55.8873, -20.31568 ], [ -55.88771, -20.31592 ], [ -55.88867, -20.31695 ], [ -55.88894, -20.31713 ], [ -55.8893, -20.31723 ], [ -55.88964, -20.31722 ], [ -55.89039, -20.31695 ], [ -55.89113, -20.31635 ], [ -55.89171, -20.31568 ], [ -55.89289, -20.31394 ], [ -55.89314, -20.31322 ], [ -55.89309, -20.31292 ], [ -55.89286, -20.31241 ], [ -55.89208, -20.31148 ], [ -55.89048, -20.31025 ], [ -55.88916, -20.30961 ], [ -55.88833, -20.3091 ], [ -55.88785, -20.30853 ], [ -55.88738, -20.30737 ], [ -55.88736, -20.3068 ], [ -55.88747, -20.30641 ], [ -55.8879, -20.3058 ], [ -55.88855, -20.30515 ], [ -55.88888, -20.30461 ], [ -55.88888, -20.30433 ], [ -55.88865, -20.30404 ], [ -55.88647, -20.30263 ], [ -55.88611, -20.30216 ], [ -55.886, -20.30189 ], [ -55.88601, -20.3011 ], [ -55.88634, -20.30038 ], [ -55.8868, -20.29986 ], [ -55.88781, -20.29904 ], [ -55.88826, -20.29828 ], [ -55.88827, -20.29795 ], [ -55.8881, -20.29748 ], [ -55.88764, -20.29699 ], [ -55.88727, -20.29639 ], [ -55.88722, -20.29593 ], [ -55.88734, -20.29568 ], [ -55.88753, -20.29552 ], [ -55.88845, -20.29531 ], [ -55.88884, -20.29514 ], [ -55.88914, -20.29483 ], [ -55.88925, -20.29444 ], [ -55.88913, -20.29413 ], [ -55.88893, -20.29395 ], [ -55.88842, -20.29385 ], [ -55.88728, -20.29384 ], [ -55.88659, -20.29374 ], [ -55.88582, -20.29345 ], [ -55.88541, -20.29298 ], [ -55.88537, -20.29226 ], [ -55.88564, -20.29173 ], [ -55.88614, -20.29132 ], [ -55.88742, -20.29125 ], [ -55.88768, -20.29114 ], [ -55.88782, -20.29099 ], [ -55.88793, -20.29065 ], [ -55.88783, -20.29032 ], [ -55.88734, -20.29 ], [ -55.88697, -20.28999 ], [ -55.88656, -20.29008 ], [ -55.88583, -20.29044 ], [ -55.88424, -20.29169 ], [ -55.88382, -20.29185 ], [ -55.88331, -20.29193 ], [ -55.88264, -20.29167 ], [ -55.88209, -20.29093 ], [ -55.88126, -20.29028 ], [ -55.88105, -20.28994 ], [ -55.88106, -20.28958 ], [ -55.88119, -20.28925 ], [ -55.88143, -20.28897 ], [ -55.88286, -20.28793 ], [ -55.88394, -20.28738 ], [ -55.88505, -20.28698 ], [ -55.8876, -20.28707 ], [ -55.8904, -20.2877 ], [ -55.89157, -20.28815 ], [ -55.89252, -20.28822 ], [ -55.89303, -20.28818 ], [ -55.89367, -20.28798 ], [ -55.89442, -20.28749 ], [ -55.89478, -20.2871 ], [ -55.89523, -20.28643 ], [ -55.89538, -20.28555 ], [ -55.89532, -20.28495 ], [ -55.89521, -20.28462 ], [ -55.89483, -20.28407 ], [ -55.89454, -20.2838 ], [ -55.8939, -20.28357 ], [ -55.8924, -20.28342 ], [ -55.89098, -20.28312 ], [ -55.89042, -20.28291 ], [ -55.89005, -20.28269 ], [ -55.88971, -20.28235 ], [ -55.88891, -20.28094 ], [ -55.88822, -20.28027 ], [ -55.88725, -20.27985 ], [ -55.88571, -20.27962 ], [ -55.88523, -20.27924 ], [ -55.88512, -20.2788 ], [ -55.88515, -20.27866 ], [ -55.88532, -20.27851 ], [ -55.8861, -20.27837 ], [ -55.88701, -20.27832 ], [ -55.88778, -20.27809 ], [ -55.88864, -20.27765 ], [ -55.88923, -20.27711 ], [ -55.88956, -20.27644 ], [ -55.88964, -20.27579 ], [ -55.88926, -20.2748 ], [ -55.88889, -20.27425 ], [ -55.88855, -20.27408 ], [ -55.88819, -20.27402 ], [ -55.88764, -20.27429 ], [ -55.88719, -20.27488 ], [ -55.88691, -20.27561 ], [ -55.88628, -20.27676 ], [ -55.88581, -20.27727 ], [ -55.88521, -20.27767 ], [ -55.88369, -20.27797 ], [ -55.88318, -20.27793 ], [ -55.88257, -20.27758 ], [ -55.88229, -20.27716 ], [ -55.8822, -20.27681 ], [ -55.88249, -20.2759 ], [ -55.88326, -20.27504 ], [ -55.88376, -20.27433 ], [ -55.88396, -20.27386 ], [ -55.88399, -20.27342 ], [ -55.88373, -20.27244 ], [ -55.88246, -20.26984 ], [ -55.88239, -20.26885 ], [ -55.88264, -20.26776 ], [ -55.8826, -20.26699 ], [ -55.88247, -20.26662 ], [ -55.88193, -20.26574 ], [ -55.88197, -20.26542 ], [ -55.88208, -20.26525 ], [ -55.88232, -20.26514 ], [ -55.8828, -20.26511 ], [ -55.88311, -20.26519 ], [ -55.88416, -20.26575 ], [ -55.88494, -20.26638 ], [ -55.88549, -20.26723 ], [ -55.88565, -20.2682 ], [ -55.88563, -20.26958 ], [ -55.88571, -20.26999 ], [ -55.88597, -20.27058 ], [ -55.88616, -20.27079 ], [ -55.8864, -20.27088 ], [ -55.88681, -20.27088 ], [ -55.88731, -20.27065 ], [ -55.88767, -20.27031 ], [ -55.88795, -20.26985 ], [ -55.88819, -20.26897 ], [ -55.8884, -20.268 ], [ -55.88863, -20.26548 ], [ -55.88878, -20.26499 ], [ -55.88905, -20.26472 ], [ -55.88938, -20.26467 ], [ -55.88981, -20.26485 ], [ -55.89017, -20.26516 ], [ -55.89052, -20.26523 ], [ -55.89091, -20.2652 ], [ -55.89155, -20.2648 ], [ -55.89188, -20.26439 ], [ -55.89222, -20.26378 ], [ -55.89248, -20.26293 ], [ -55.89264, -20.26167 ], [ -55.89264, -20.26091 ], [ -55.8924, -20.25985 ], [ -55.89209, -20.25912 ], [ -55.89172, -20.2585 ], [ -55.89103, -20.25778 ], [ -55.88964, -20.25724 ], [ -55.88612, -20.25661 ], [ -55.88384, -20.25588 ], [ -55.88261, -20.25577 ], [ -55.88208, -20.25592 ], [ -55.88156, -20.25631 ], [ -55.88141, -20.25651 ], [ -55.88125, -20.25692 ], [ -55.88115, -20.25754 ], [ -55.88136, -20.25866 ], [ -55.88123, -20.25921 ], [ -55.88107, -20.25947 ], [ -55.88069, -20.25974 ], [ -55.88005, -20.25994 ], [ -55.87919, -20.25991 ], [ -55.87888, -20.25982 ], [ -55.87791, -20.2593 ], [ -55.87699, -20.25839 ], [ -55.87675, -20.25802 ], [ -55.87661, -20.25762 ], [ -55.87649, -20.25637 ], [ -55.87676, -20.25564 ], [ -55.87734, -20.25502 ], [ -55.878, -20.25455 ], [ -55.87999, -20.25372 ], [ -55.88026, -20.25349 ], [ -55.88057, -20.25304 ], [ -55.8807, -20.25246 ], [ -55.88062, -20.25164 ], [ -55.87974, -20.24967 ], [ -55.87974, -20.24933 ], [ -55.87998, -20.24895 ], [ -55.88052, -20.24872 ], [ -55.8813, -20.24867 ], [ -55.88277, -20.24888 ], [ -55.88409, -20.24927 ], [ -55.8845, -20.24927 ], [ -55.8848, -20.24916 ], [ -55.88512, -20.24883 ], [ -55.88519, -20.24816 ], [ -55.88471, -20.24682 ], [ -55.88467, -20.24636 ], [ -55.88484, -20.24609 ], [ -55.88529, -20.24595 ], [ -55.88588, -20.24599 ], [ -55.88641, -20.24615 ], [ -55.88851, -20.24752 ], [ -55.88901, -20.24771 ], [ -55.88932, -20.24767 ], [ -55.88944, -20.24754 ], [ -55.88944, -20.2473 ], [ -55.88879, -20.24601 ], [ -55.8886, -20.24523 ], [ -55.88862, -20.24486 ], [ -55.88911, -20.24393 ], [ -55.89042, -20.24296 ], [ -55.89155, -20.24237 ], [ -55.89228, -20.24218 ], [ -55.89276, -20.24221 ], [ -55.89323, -20.24246 ], [ -55.89345, -20.24275 ], [ -55.89342, -20.24332 ], [ -55.89268, -20.24432 ], [ -55.89175, -20.245 ], [ -55.89157, -20.24538 ], [ -55.89152, -20.24576 ], [ -55.89172, -20.24636 ], [ -55.89214, -20.24679 ], [ -55.89297, -20.24715 ], [ -55.89377, -20.24719 ], [ -55.89484, -20.24693 ], [ -55.89617, -20.24631 ], [ -55.89711, -20.24547 ], [ -55.89773, -20.24468 ], [ -55.89807, -20.24394 ], [ -55.89825, -20.24315 ], [ -55.89818, -20.24026 ], [ -55.89825, -20.23971 ], [ -55.8984, -20.23917 ], [ -55.89905, -20.23853 ], [ -55.89943, -20.23846 ], [ -55.90008, -20.23859 ], [ -55.9003, -20.23884 ], [ -55.90063, -20.23956 ], [ -55.90067, -20.23985 ], [ -55.9005, -20.24211 ], [ -55.90019, -20.2431 ], [ -55.90026, -20.24346 ], [ -55.90052, -20.24371 ], [ -55.90076, -20.24376 ], [ -55.90124, -20.24359 ], [ -55.90187, -20.24302 ], [ -55.90231, -20.24242 ], [ -55.90275, -20.24209 ], [ -55.90335, -20.24178 ], [ -55.90414, -20.24169 ], [ -55.90462, -20.24136 ], [ -55.90474, -20.24087 ], [ -55.90453, -20.24042 ], [ -55.90344, -20.23963 ], [ -55.90212, -20.239 ], [ -55.90171, -20.23871 ], [ -55.90145, -20.23833 ], [ -55.90146, -20.2378 ], [ -55.90159, -20.23759 ], [ -55.90186, -20.23747 ], [ -55.9028, -20.2374 ], [ -55.90423, -20.2375 ], [ -55.90547, -20.23711 ], [ -55.9059, -20.23683 ], [ -55.90618, -20.23649 ], [ -55.90641, -20.23594 ], [ -55.9064, -20.23539 ], [ -55.9061, -20.23494 ], [ -55.90571, -20.23475 ], [ -55.90511, -20.23462 ], [ -55.90359, -20.23462 ], [ -55.90262, -20.2348 ], [ -55.90231, -20.23476 ], [ -55.90208, -20.23463 ], [ -55.90184, -20.23405 ], [ -55.90168, -20.23261 ], [ -55.90151, -20.23182 ], [ -55.90122, -20.23142 ], [ -55.90063, -20.23102 ], [ -55.90008, -20.23037 ], [ -55.89997, -20.23012 ], [ -55.89998, -20.22961 ], [ -55.90024, -20.22926 ], [ -55.90145, -20.22898 ], [ -55.90217, -20.22859 ], [ -55.90277, -20.22794 ], [ -55.90299, -20.22732 ], [ -55.90302, -20.22635 ], [ -55.90309, -20.22613 ], [ -55.90325, -20.22596 ], [ -55.90367, -20.22594 ], [ -55.90451, -20.22607 ], [ -55.90545, -20.22661 ], [ -55.9058, -20.22673 ], [ -55.90633, -20.22672 ], [ -55.90668, -20.22649 ], [ -55.90696, -20.22607 ], [ -55.9071, -20.22555 ], [ -55.90715, -20.22325 ], [ -55.90742, -20.22213 ], [ -55.9078, -20.22155 ], [ -55.90891, -20.22072 ], [ -55.90937, -20.22028 ], [ -55.90964, -20.21994 ], [ -55.90977, -20.21951 ], [ -55.90968, -20.21927 ], [ -55.90945, -20.2191 ], [ -55.90918, -20.21902 ], [ -55.90888, -20.21907 ], [ -55.9073, -20.22021 ], [ -55.90539, -20.22098 ], [ -55.90461, -20.22149 ], [ -55.9042, -20.22208 ], [ -55.90412, -20.22251 ], [ -55.90416, -20.22294 ], [ -55.90446, -20.2236 ], [ -55.9052, -20.22432 ], [ -55.90536, -20.22467 ], [ -55.90538, -20.22498 ], [ -55.90513, -20.2252 ], [ -55.90478, -20.22528 ], [ -55.90438, -20.22524 ], [ -55.90381, -20.22503 ], [ -55.90334, -20.22478 ], [ -55.90276, -20.22435 ], [ -55.90117, -20.22272 ], [ -55.90063, -20.222 ], [ -55.90013, -20.22096 ], [ -55.9002, -20.22074 ], [ -55.90034, -20.22065 ], [ -55.90117, -20.22067 ], [ -55.90162, -20.22052 ], [ -55.90192, -20.22014 ], [ -55.90216, -20.21964 ], [ -55.90271, -20.21752 ], [ -55.90299, -20.21723 ], [ -55.90386, -20.21699 ] ], [ [ -55.39028, -20.41518 ], [ -55.39083, -20.41656 ], [ -55.39092, -20.41714 ], [ -55.39092, -20.41751 ], [ -55.39081, -20.41789 ], [ -55.39065, -20.41826 ], [ -55.39042, -20.41854 ] ], [ [ -55.39028, -20.41518 ], [ -55.39001, -20.41683 ], [ -55.39003, -20.41767 ], [ -55.39042, -20.41854 ] ], [ [ -55.34636, -20.35046 ], [ -55.34858, -20.35018 ], [ -55.34951, -20.3499 ], [ -55.35041, -20.34933 ], [ -55.35077, -20.34892 ], [ -55.35087, -20.34814 ], [ -55.3508, -20.34787 ] ], [ [ -55.34636, -20.35046 ], [ -55.34693, -20.35027 ], [ -55.34741, -20.34969 ], [ -55.34839, -20.34934 ], [ -55.3508, -20.34787 ] ], [ [ -55.3508, -20.34787 ], [ -55.35072, -20.34759 ], [ -55.35078, -20.3473 ], [ -55.35139, -20.34646 ], [ -55.35185, -20.34618 ], [ -55.35253, -20.34596 ], [ -55.35339, -20.3459 ], [ -55.35426, -20.34608 ], [ -55.3547, -20.34629 ], [ -55.35549, -20.34688 ], [ -55.35619, -20.34774 ], [ -55.35642, -20.3483 ], [ -55.35666, -20.35039 ], [ -55.35725, -20.35316 ], [ -55.35716, -20.35596 ], [ -55.35722, -20.35892 ], [ -55.35769, -20.36262 ], [ -55.35821, -20.36486 ], [ -55.35824, -20.36581 ], [ -55.35817, -20.36631 ], [ -55.35775, -20.36715 ], [ -55.35726, -20.36769 ], [ -55.35556, -20.36872 ], [ -55.3531, -20.36987 ], [ -55.35199, -20.37099 ], [ -55.35155, -20.37164 ], [ -55.35118, -20.37242 ], [ -55.35017, -20.37579 ], [ -55.35012, -20.37641 ], [ -55.35016, -20.37676 ], [ -55.35036, -20.37727 ], [ -55.35074, -20.3779 ], [ -55.35103, -20.37819 ], [ -55.35188, -20.37865 ], [ -55.35307, -20.37891 ], [ -55.35357, -20.3791 ], [ -55.35418, -20.37945 ], [ -55.35461, -20.37996 ], [ -55.3549, -20.38059 ], [ -55.35509, -20.38131 ], [ -55.35537, -20.38335 ], [ -55.35549, -20.38608 ], [ -55.3557, -20.38693 ], [ -55.35595, -20.38727 ], [ -55.35628, -20.38751 ], [ -55.35752, -20.38801 ], [ -55.36, -20.38774 ], [ -55.36075, -20.38776 ], [ -55.36195, -20.38797 ], [ -55.3628, -20.3884 ], [ -55.36386, -20.3897 ], [ -55.36506, -20.39161 ], [ -55.36736, -20.39356 ], [ -55.36792, -20.39424 ], [ -55.36888, -20.39597 ], [ -55.36909, -20.39684 ], [ -55.36908, -20.39756 ], [ -55.36849, -20.39967 ], [ -55.36841, -20.40031 ], [ -55.36855, -20.40111 ], [ -55.36898, -20.40173 ], [ -55.3696, -20.40226 ], [ -55.37037, -20.40265 ], [ -55.37363, -20.40363 ], [ -55.37508, -20.40423 ], [ -55.37693, -20.40515 ], [ -55.37838, -20.40604 ], [ -55.38048, -20.40713 ], [ -55.38164, -20.40731 ], [ -55.38339, -20.40729 ], [ -55.38487, -20.40752 ], [ -55.38541, -20.40772 ], [ -55.38632, -20.40825 ], [ -55.38765, -20.40934 ], [ -55.38853, -20.41061 ], [ -55.39028, -20.41518 ] ], [ [ -55.90386, -20.21699 ], [ -55.90531, -20.21811 ], [ -55.90583, -20.21831 ], [ -55.90638, -20.2182 ], [ -55.90661, -20.2179 ], [ -55.90661, -20.21745 ], [ -55.90628, -20.21695 ], [ -55.90606, -20.2168 ], [ -55.90539, -20.2166 ], [ -55.90366, -20.21629 ] ], [ [ -55.90386, -20.21699 ], [ -55.90394, -20.21667 ], [ -55.90366, -20.21629 ] ], [ [ -55.90366, -20.21629 ], [ -55.90274, -20.21605 ], [ -55.90171, -20.21563 ], [ -55.90111, -20.21549 ], [ -55.89943, -20.21478 ], [ -55.89912, -20.21452 ], [ -55.89914, -20.21423 ], [ -55.89939, -20.21399 ], [ -55.89973, -20.21388 ], [ -55.90133, -20.21377 ], [ -55.90256, -20.213 ], [ -55.90387, -20.21245 ], [ -55.9044, -20.21247 ], [ -55.90505, -20.21265 ], [ -55.90577, -20.21315 ], [ -55.9068, -20.21361 ], [ -55.90703, -20.21358 ], [ -55.90723, -20.21343 ], [ -55.90735, -20.21307 ], [ -55.90698, -20.21245 ], [ -55.90571, -20.21158 ], [ -55.90509, -20.21065 ], [ -55.9047, -20.21031 ], [ -55.90391, -20.21005 ], [ -55.90199, -20.20983 ], [ -55.90142, -20.20942 ], [ -55.9011, -20.20899 ], [ -55.90082, -20.20811 ], [ -55.90076, -20.20694 ], [ -55.90102, -20.2062 ], [ -55.90138, -20.20582 ], [ -55.90186, -20.20561 ], [ -55.90394, -20.20516 ], [ -55.90592, -20.20453 ], [ -55.90682, -20.20443 ], [ -55.90802, -20.20446 ], [ -55.90899, -20.20427 ], [ -55.90948, -20.2038 ], [ -55.90964, -20.20349 ], [ -55.90977, -20.2031 ], [ -55.90983, -20.2021 ], [ -55.90993, -20.20179 ], [ -55.91004, -20.20158 ], [ -55.9104, -20.20143 ], [ -55.91084, -20.20158 ], [ -55.91105, -20.20176 ], [ -55.91191, -20.20311 ], [ -55.9124, -20.20364 ], [ -55.91281, -20.20386 ], [ -55.9132, -20.20395 ], [ -55.91386, -20.20381 ], [ -55.91413, -20.20345 ], [ -55.9143, -20.20299 ], [ -55.91434, -20.20171 ], [ -55.91479, -20.20008 ], [ -55.91478, -20.1991 ], [ -55.91432, -20.19832 ], [ -55.9125, -20.19735 ], [ -55.91195, -20.19689 ], [ -55.91181, -20.19666 ], [ -55.91186, -20.19637 ], [ -55.91197, -20.19622 ], [ -55.91231, -20.19608 ], [ -55.91284, -20.19607 ], [ -55.91341, -20.19619 ], [ -55.91451, -20.19672 ], [ -55.91519, -20.19738 ], [ -55.91621, -20.19876 ], [ -55.9167, -20.19922 ], [ -55.91708, -20.19945 ], [ -55.91754, -20.19958 ], [ -55.91802, -20.19955 ], [ -55.91843, -20.19937 ], [ -55.91878, -20.19905 ], [ -55.91894, -20.1987 ], [ -55.91899, -20.19824 ], [ -55.91877, -20.19713 ], [ -55.91815, -20.19592 ], [ -55.91706, -20.19473 ], [ -55.91651, -20.19337 ], [ -55.91642, -20.19276 ], [ -55.91646, -20.19221 ], [ -55.91678, -20.19153 ], [ -55.91732, -20.19107 ], [ -55.91847, -20.19051 ], [ -55.92075, -20.18961 ], [ -55.92109, -20.18918 ], [ -55.92109, -20.18867 ], [ -55.92091, -20.18817 ], [ -55.92046, -20.18737 ], [ -55.92023, -20.18642 ], [ -55.9199, -20.18563 ], [ -55.91941, -20.18477 ], [ -55.91881, -20.18394 ], [ -55.91833, -20.18338 ], [ -55.91721, -20.18247 ], [ -55.91602, -20.18208 ], [ -55.91511, -20.18162 ], [ -55.91481, -20.18116 ], [ -55.91485, -20.18081 ], [ -55.91513, -20.1804 ], [ -55.91542, -20.18021 ], [ -55.91583, -20.18013 ], [ -55.91629, -20.1802 ], [ -55.91719, -20.18072 ], [ -55.91849, -20.18203 ], [ -55.91915, -20.18232 ], [ -55.91964, -20.18232 ], [ -55.92001, -20.18222 ], [ -55.92104, -20.18171 ], [ -55.92136, -20.18142 ], [ -55.92149, -20.18108 ], [ -55.92146, -20.18078 ], [ -55.92124, -20.18041 ], [ -55.91905, -20.17861 ], [ -55.9184, -20.17783 ], [ -55.91806, -20.17717 ], [ -55.91793, -20.17662 ], [ -55.91797, -20.17584 ], [ -55.91808, -20.17541 ], [ -55.91848, -20.17475 ], [ -55.91903, -20.17431 ], [ -55.91954, -20.17401 ], [ -55.91996, -20.17387 ], [ -55.92146, -20.17366 ], [ -55.92319, -20.1737 ], [ -55.92386, -20.17348 ], [ -55.92418, -20.17318 ], [ -55.92461, -20.17259 ], [ -55.92481, -20.1715 ], [ -55.9251, -20.17069 ], [ -55.92559, -20.17012 ], [ -55.92573, -20.17007 ], [ -55.92625, -20.17012 ], [ -55.92661, -20.17034 ], [ -55.92755, -20.17143 ], [ -55.92819, -20.17262 ], [ -55.9287, -20.17266 ], [ -55.929, -20.1724 ], [ -55.9291, -20.1719 ], [ -55.92886, -20.17123 ], [ -55.92794, -20.1702 ], [ -55.92711, -20.16914 ], [ -55.92681, -20.16859 ], [ -55.92669, -20.16785 ], [ -55.92673, -20.16724 ], [ -55.92689, -20.16682 ], [ -55.92728, -20.16627 ], [ -55.92778, -20.16581 ], [ -55.92864, -20.16542 ], [ -55.93001, -20.16525 ], [ -55.93059, -20.16505 ], [ -55.93088, -20.16471 ], [ -55.93094, -20.16433 ], [ -55.9308, -20.16405 ], [ -55.93045, -20.1638 ], [ -55.92982, -20.16366 ], [ -55.92915, -20.16364 ], [ -55.92855, -20.16346 ], [ -55.92812, -20.16305 ], [ -55.92811, -20.16253 ], [ -55.92842, -20.1623 ], [ -55.92913, -20.16208 ], [ -55.93161, -20.16165 ], [ -55.93364, -20.16121 ], [ -55.93599, -20.161 ], [ -55.93653, -20.16083 ], [ -55.9367, -20.1607 ], [ -55.93683, -20.16038 ], [ -55.93681, -20.16013 ], [ -55.93662, -20.15977 ], [ -55.93619, -20.15937 ], [ -55.93513, -20.15888 ], [ -55.93458, -20.15851 ], [ -55.93438, -20.15823 ], [ -55.93432, -20.15784 ], [ -55.93437, -20.15748 ], [ -55.93458, -20.15709 ], [ -55.93535, -20.15646 ], [ -55.9368, -20.15565 ], [ -55.93747, -20.15503 ], [ -55.93766, -20.15468 ], [ -55.93775, -20.15428 ], [ -55.93775, -20.1527 ], [ -55.93805, -20.15214 ], [ -55.9387, -20.15184 ], [ -55.94005, -20.15166 ], [ -55.94083, -20.15146 ], [ -55.94105, -20.15125 ], [ -55.94116, -20.15064 ], [ -55.94101, -20.15022 ], [ -55.94061, -20.14984 ], [ -55.93977, -20.14942 ], [ -55.93963, -20.14919 ] ], [ [ -55.93963, -20.14919 ], [ -55.93961, -20.14896 ] ], [ [ -55.93963, -20.14919 ], [ -55.93737, -20.15086 ], [ -55.93691, -20.15112 ], [ -55.93639, -20.15121 ], [ -55.93588, -20.15111 ], [ -55.93547, -20.15083 ], [ -55.93524, -20.15029 ], [ -55.93521, -20.14981 ], [ -55.93534, -20.14932 ], [ -55.93553, -20.14901 ], [ -55.93588, -20.14881 ], [ -55.93745, -20.14872 ], [ -55.93961, -20.14896 ] ], [ [ -55.93961, -20.14896 ], [ -55.93993, -20.14845 ], [ -55.94055, -20.14795 ], [ -55.94103, -20.14781 ], [ -55.94198, -20.14784 ], [ -55.94256, -20.14774 ], [ -55.94298, -20.14751 ], [ -55.9432, -20.14711 ], [ -55.94313, -20.14665 ], [ -55.94281, -20.14624 ], [ -55.94178, -20.14552 ], [ -55.94075, -20.14501 ], [ -55.94035, -20.14457 ], [ -55.94016, -20.14403 ], [ -55.94022, -20.14221 ], [ -55.94008, -20.14179 ], [ -55.939, -20.14022 ], [ -55.93912, -20.13994 ], [ -55.93949, -20.13978 ], [ -55.94093, -20.13969 ], [ -55.94239, -20.13981 ], [ -55.94265, -20.13975 ], [ -55.94286, -20.1396 ], [ -55.94283, -20.13904 ], [ -55.94254, -20.1386 ], [ -55.94171, -20.1378 ], [ -55.93919, -20.13502 ], [ -55.93904, -20.13439 ], [ -55.93912, -20.13408 ], [ -55.93941, -20.13374 ], [ -55.93987, -20.13347 ], [ -55.94032, -20.1333 ], [ -55.942, -20.1331 ], [ -55.94241, -20.13277 ], [ -55.9425, -20.13233 ], [ -55.94244, -20.13209 ], [ -55.9421, -20.13165 ], [ -55.94174, -20.13145 ], [ -55.94102, -20.13148 ], [ -55.9403, -20.13191 ], [ -55.93986, -20.13204 ], [ -55.93927, -20.13193 ], [ -55.93879, -20.13158 ], [ -55.93845, -20.13113 ], [ -55.9375, -20.12837 ], [ -55.93765, -20.12763 ], [ -55.93781, -20.12738 ], [ -55.93813, -20.12721 ], [ -55.94026, -20.12665 ], [ -55.94087, -20.12638 ], [ -55.9434, -20.1249 ], [ -55.94419, -20.12465 ], [ -55.94495, -20.12475 ], [ -55.94591, -20.12517 ], [ -55.9478, -20.12667 ], [ -55.94814, -20.12673 ], [ -55.94846, -20.1266 ], [ -55.94948, -20.12557 ], [ -55.94971, -20.12542 ], [ -55.94993, -20.12539 ], [ -55.9503, -20.12552 ], [ -55.95134, -20.12632 ], [ -55.95205, -20.12671 ], [ -55.95265, -20.12683 ], [ -55.95311, -20.12669 ], [ -55.95353, -20.12624 ], [ -55.95366, -20.12531 ], [ -55.95359, -20.12465 ], [ -55.95321, -20.12312 ], [ -55.95319, -20.12237 ], [ -55.95357, -20.12168 ], [ -55.95424, -20.12099 ], [ -55.95442, -20.12052 ], [ -55.95434, -20.11994 ], [ -55.95316, -20.11769 ], [ -55.95305, -20.11722 ], [ -55.95303, -20.11657 ], [ -55.95314, -20.11611 ], [ -55.95337, -20.1157 ], [ -55.95414, -20.11521 ], [ -55.95465, -20.11453 ], [ -55.9547, -20.11414 ], [ -55.95444, -20.11328 ], [ -55.95467, -20.11311 ], [ -55.95489, -20.11312 ], [ -55.95562, -20.11371 ], [ -55.95608, -20.11389 ], [ -55.95652, -20.1139 ], [ -55.95741, -20.11371 ], [ -55.95809, -20.11374 ], [ -55.95858, -20.1141 ], [ -55.95872, -20.11431 ], [ -55.9587, -20.11451 ], [ -55.95842, -20.11495 ], [ -55.95675, -20.11624 ], [ -55.9564, -20.11665 ], [ -55.95614, -20.11711 ], [ -55.95602, -20.11753 ], [ -55.95602, -20.11885 ], [ -55.95564, -20.12061 ], [ -55.95563, -20.12101 ], [ -55.95572, -20.12124 ], [ -55.95589, -20.12142 ], [ -55.95632, -20.12147 ], [ -55.95673, -20.12132 ], [ -55.95725, -20.12095 ], [ -55.95754, -20.12065 ], [ -55.95786, -20.12014 ], [ -55.95833, -20.11821 ], [ -55.95869, -20.1174 ], [ -55.9594, -20.11637 ], [ -55.95964, -20.1152 ], [ -55.96002, -20.11418 ], [ -55.96072, -20.11348 ], [ -55.96172, -20.11291 ], [ -55.96207, -20.1125 ], [ -55.9621, -20.11212 ], [ -55.962, -20.11193 ], [ -55.96122, -20.11144 ], [ -55.96047, -20.11119 ], [ -55.95847, -20.11073 ], [ -55.95714, -20.11013 ], [ -55.95663, -20.10967 ], [ -55.95646, -20.10932 ], [ -55.95634, -20.10881 ], [ -55.95639, -20.10845 ], [ -55.95661, -20.10809 ], [ -55.95816, -20.10663 ], [ -55.95841, -20.10621 ], [ -55.95869, -20.10531 ], [ -55.95862, -20.10471 ], [ -55.95865, -20.10391 ], [ -55.95891, -20.1034 ], [ -55.95941, -20.10327 ], [ -55.95989, -20.10338 ], [ -55.96032, -20.10361 ], [ -55.96106, -20.10424 ], [ -55.9616, -20.10445 ], [ -55.96219, -20.10435 ], [ -55.96265, -20.10392 ], [ -55.9629, -20.10342 ], [ -55.96296, -20.10289 ], [ -55.96291, -20.10227 ], [ -55.9625, -20.10123 ], [ -55.96143, -20.10028 ], [ -55.95983, -20.09947 ], [ -55.95936, -20.09916 ], [ -55.95904, -20.0988 ], [ -55.95896, -20.09845 ], [ -55.95906, -20.09812 ], [ -55.95957, -20.09769 ], [ -55.96056, -20.09717 ], [ -55.96089, -20.09691 ], [ -55.96121, -20.09647 ], [ -55.9613, -20.096 ], [ -55.96124, -20.09568 ], [ -55.96103, -20.09537 ], [ -55.96018, -20.09485 ], [ -55.95937, -20.09467 ], [ -55.95917, -20.09443 ], [ -55.95912, -20.09419 ], [ -55.95931, -20.09395 ], [ -55.95954, -20.09384 ], [ -55.96033, -20.09385 ], [ -55.96116, -20.09367 ], [ -55.96194, -20.09316 ], [ -55.96245, -20.09261 ], [ -55.96294, -20.0918 ], [ -55.96323, -20.09103 ], [ -55.96332, -20.09049 ], [ -55.96324, -20.09015 ], [ -55.96294, -20.08984 ], [ -55.96256, -20.08962 ], [ -55.96009, -20.08885 ], [ -55.95951, -20.08861 ], [ -55.95882, -20.08817 ], [ -55.95855, -20.08791 ], [ -55.95818, -20.0873 ], [ -55.95783, -20.08611 ], [ -55.9563, -20.08404 ], [ -55.956, -20.08342 ], [ -55.9559, -20.08294 ], [ -55.95594, -20.08246 ], [ -55.95623, -20.08204 ], [ -55.95665, -20.0818 ], [ -55.95786, -20.08144 ], [ -55.95865, -20.08109 ], [ -55.95897, -20.08071 ], [ -55.95898, -20.08022 ], [ -55.95874, -20.07976 ], [ -55.95853, -20.07959 ], [ -55.95773, -20.0792 ], [ -55.95667, -20.07894 ], [ -55.95605, -20.07868 ], [ -55.95562, -20.07838 ], [ -55.95508, -20.0778 ], [ -55.95475, -20.07727 ], [ -55.95455, -20.07673 ], [ -55.95446, -20.07528 ], [ -55.95432, -20.07464 ], [ -55.95336, -20.07296 ], [ -55.95328, -20.0726 ], [ -55.95331, -20.07216 ], [ -55.95342, -20.0719 ], [ -55.95385, -20.07139 ], [ -55.95455, -20.07092 ], [ -55.9555, -20.07066 ], [ -55.95775, -20.07054 ], [ -55.9583, -20.07031 ], [ -55.95846, -20.07009 ], [ -55.95854, -20.06975 ], [ -55.95846, -20.06939 ], [ -55.95828, -20.06905 ], [ -55.958, -20.06875 ], [ -55.95757, -20.06849 ], [ -55.95624, -20.06817 ], [ -55.9551, -20.06807 ], [ -55.95447, -20.06819 ], [ -55.95429, -20.06812 ], [ -55.95405, -20.06783 ], [ -55.9539, -20.06689 ], [ -55.95401, -20.06644 ], [ -55.95419, -20.06618 ], [ -55.95442, -20.06607 ], [ -55.95598, -20.06651 ], [ -55.95679, -20.06648 ], [ -55.95724, -20.06625 ], [ -55.95742, -20.06606 ], [ -55.95767, -20.06565 ], [ -55.95787, -20.06492 ], [ -55.95774, -20.06418 ], [ -55.95735, -20.06358 ], [ -55.95683, -20.06322 ], [ -55.95642, -20.06305 ], [ -55.95495, -20.06265 ], [ -55.95473, -20.06239 ], [ -55.9547, -20.06198 ], [ -55.95512, -20.06114 ], [ -55.95606, -20.06026 ], [ -55.95658, -20.06001 ], [ -55.95786, -20.05965 ], [ -55.95873, -20.05959 ], [ -55.95958, -20.05941 ], [ -55.9602, -20.05908 ], [ -55.96046, -20.0586 ], [ -55.9604, -20.05826 ], [ -55.96008, -20.05809 ], [ -55.95954, -20.05799 ], [ -55.95791, -20.05796 ], [ -55.95708, -20.05754 ], [ -55.95676, -20.05718 ], [ -55.9565, -20.0565 ], [ -55.95659, -20.05611 ], [ -55.95659, -20.05557 ], [ -55.95675, -20.05466 ], [ -55.95716, -20.05361 ], [ -55.95764, -20.05309 ], [ -55.95833, -20.05264 ], [ -55.95977, -20.05203 ], [ -55.96332, -20.05099 ], [ -55.96469, -20.05093 ], [ -55.96507, -20.05065 ], [ -55.96517, -20.05031 ], [ -55.965, -20.04988 ], [ -55.96455, -20.04951 ], [ -55.96338, -20.04919 ], [ -55.96295, -20.04897 ], [ -55.9625, -20.04851 ], [ -55.96218, -20.04779 ], [ -55.96198, -20.04712 ], [ -55.96209, -20.04626 ], [ -55.96235, -20.04544 ], [ -55.96284, -20.04482 ], [ -55.96333, -20.04449 ], [ -55.96419, -20.04408 ], [ -55.96566, -20.0439 ], [ -55.96748, -20.04403 ], [ -55.96826, -20.0439 ], [ -55.96884, -20.04359 ], [ -55.96922, -20.04302 ], [ -55.96945, -20.04234 ], [ -55.96937, -20.03981 ], [ -55.96945, -20.03943 ], [ -55.96977, -20.03907 ], [ -55.97039, -20.03883 ], [ -55.97132, -20.03892 ], [ -55.97199, -20.03943 ], [ -55.97282, -20.04053 ], [ -55.97321, -20.04087 ], [ -55.97368, -20.04097 ], [ -55.97404, -20.04092 ], [ -55.97484, -20.04046 ], [ -55.9766, -20.03886 ], [ -55.97704, -20.03835 ], [ -55.97816, -20.0373 ], [ -55.97867, -20.03663 ], [ -55.97891, -20.03603 ], [ -55.97895, -20.0357 ], [ -55.97883, -20.03472 ], [ -55.9783, -20.03381 ], [ -55.97803, -20.03359 ], [ -55.97549, -20.03213 ], [ -55.97506, -20.03174 ], [ -55.9748, -20.03129 ], [ -55.97463, -20.03081 ], [ -55.9747, -20.03036 ], [ -55.97494, -20.02994 ], [ -55.97613, -20.02894 ], [ -55.97755, -20.02684 ], [ -55.97839, -20.02613 ], [ -55.97918, -20.02566 ], [ -55.98146, -20.02454 ], [ -55.98232, -20.02438 ], [ -55.98501, -20.02463 ], [ -55.98525, -20.02449 ], [ -55.98533, -20.02436 ], [ -55.98533, -20.02409 ], [ -55.98521, -20.02386 ], [ -55.98464, -20.02339 ], [ -55.98397, -20.02309 ], [ -55.98319, -20.02306 ], [ -55.98216, -20.02317 ], [ -55.97848, -20.02383 ], [ -55.97561, -20.02506 ], [ -55.97526, -20.02503 ], [ -55.975, -20.02486 ], [ -55.9749, -20.02465 ], [ -55.97491, -20.02417 ], [ -55.97522, -20.02278 ], [ -55.97578, -20.02181 ], [ -55.97629, -20.02133 ], [ -55.97802, -20.02037 ], [ -55.98047, -20.01972 ], [ -55.98142, -20.01933 ], [ -55.98299, -20.01826 ], [ -55.98368, -20.01742 ], [ -55.9838, -20.01709 ], [ -55.98381, -20.01647 ], [ -55.98356, -20.01581 ], [ -55.98307, -20.01543 ], [ -55.98235, -20.01526 ], [ -55.98136, -20.0153 ], [ -55.98044, -20.01551 ], [ -55.97875, -20.01608 ], [ -55.97826, -20.01613 ], [ -55.97806, -20.01608 ], [ -55.97781, -20.01588 ], [ -55.97769, -20.0154 ], [ -55.97775, -20.01501 ], [ -55.978, -20.01448 ], [ -55.97884, -20.01324 ], [ -55.98073, -20.01129 ], [ -55.98257, -20.0092 ], [ -55.98314, -20.00844 ], [ -55.98421, -20.00626 ], [ -55.98436, -20.0057 ], [ -55.98442, -20.00477 ], [ -55.98462, -20.00424 ], [ -55.98532, -20.0038 ], [ -55.98599, -20.00374 ], [ -55.98658, -20.00399 ], [ -55.989, -20.00545 ], [ -55.99062, -20.00609 ], [ -55.99167, -20.00665 ], [ -55.99229, -20.00688 ], [ -55.99287, -20.00691 ], [ -55.9933, -20.00676 ], [ -55.99363, -20.00641 ], [ -55.99379, -20.00609 ], [ -55.99389, -20.00573 ], [ -55.99386, -20.00517 ], [ -55.99358, -20.00464 ], [ -55.99316, -20.00428 ], [ -55.99223, -20.00369 ], [ -55.99042, -20.00281 ], [ -55.98965, -20.00221 ], [ -55.98782, -20.00034 ], [ -55.98731, -19.99924 ], [ -55.98735, -19.99883 ], [ -55.9877, -19.99822 ], [ -55.9884, -19.99759 ], [ -55.98954, -19.99695 ], [ -55.99, -19.99674 ], [ -55.99097, -19.99652 ], [ -55.99173, -19.9965 ], [ -55.99274, -19.99633 ], [ -55.99318, -19.99603 ], [ -55.99334, -19.99563 ], [ -55.99337, -19.99478 ], [ -55.99304, -19.99441 ], [ -55.99192, -19.99362 ], [ -55.99157, -19.99307 ], [ -55.99162, -19.99278 ], [ -55.99192, -19.99245 ], [ -55.99367, -19.99156 ], [ -55.99393, -19.99124 ], [ -55.99415, -19.99075 ], [ -55.994, -19.98872 ], [ -55.99368, -19.98751 ], [ -55.99337, -19.98677 ], [ -55.99317, -19.98657 ], [ -55.99275, -19.98645 ], [ -55.99032, -19.98648 ], [ -55.98981, -19.98638 ], [ -55.98953, -19.98623 ], [ -55.98916, -19.98584 ], [ -55.98892, -19.9852 ], [ -55.9889, -19.98467 ], [ -55.98913, -19.98337 ], [ -55.98954, -19.98275 ], [ -55.99005, -19.98223 ], [ -55.99053, -19.98187 ], [ -55.99139, -19.98154 ], [ -55.99192, -19.98143 ], [ -55.99237, -19.98142 ], [ -55.99311, -19.98163 ], [ -55.99415, -19.98231 ], [ -55.99549, -19.98376 ], [ -55.99587, -19.98405 ], [ -55.99634, -19.98408 ], [ -55.99678, -19.98389 ], [ -55.99704, -19.98363 ], [ -55.99714, -19.98338 ], [ -55.99722, -19.9828 ], [ -55.9971, -19.9808 ], [ -55.99727, -19.98007 ], [ -55.99752, -19.97986 ], [ -55.99828, -19.97962 ], [ -55.99906, -19.97957 ], [ -56.00255, -19.98004 ], [ -56.00304, -19.97995 ], [ -56.00317, -19.97979 ], [ -56.00333, -19.97942 ], [ -56.00316, -19.97894 ], [ -56.00272, -19.97826 ], [ -56.00223, -19.97778 ], [ -56.002, -19.97734 ], [ -56.00198, -19.97672 ], [ -56.00226, -19.97636 ], [ -56.00279, -19.97627 ], [ -56.0036, -19.97646 ], [ -56.00439, -19.97703 ], [ -56.005, -19.97774 ], [ -56.00542, -19.97803 ], [ -56.0058, -19.97814 ], [ -56.00636, -19.97812 ], [ -56.00687, -19.97786 ], [ -56.0072, -19.97755 ], [ -56.00755, -19.977 ], [ -56.00777, -19.97627 ], [ -56.00779, -19.97307 ], [ -56.00789, -19.9725 ], [ -56.00837, -19.97202 ], [ -56.00884, -19.97197 ], [ -56.00922, -19.97209 ], [ -56.01022, -19.97289 ], [ -56.01078, -19.97395 ], [ -56.011, -19.97529 ], [ -56.01132, -19.97601 ], [ -56.0115, -19.97623 ], [ -56.01187, -19.97644 ], [ -56.01219, -19.97649 ], [ -56.01271, -19.97629 ], [ -56.01465, -19.97476 ], [ -56.01628, -19.97284 ], [ -56.0168, -19.97235 ], [ -56.01797, -19.97149 ], [ -56.01888, -19.97113 ], [ -56.01937, -19.9708 ], [ -56.01942, -19.97042 ], [ -56.01932, -19.97004 ], [ -56.01913, -19.96976 ], [ -56.01927, -19.96954 ], [ -56.01969, -19.96933 ], [ -56.02, -19.96927 ], [ -56.02124, -19.96929 ], [ -56.02212, -19.9692 ], [ -56.02271, -19.96898 ], [ -56.02307, -19.96871 ], [ -56.0237, -19.96803 ], [ -56.02385, -19.96768 ], [ -56.02378, -19.96721 ], [ -56.02341, -19.9664 ], [ -56.02342, -19.96581 ], [ -56.02356, -19.96551 ], [ -56.02377, -19.96543 ], [ -56.02424, -19.96542 ], [ -56.02467, -19.96566 ], [ -56.02523, -19.96617 ], [ -56.02573, -19.96615 ], [ -56.02605, -19.96587 ], [ -56.0267, -19.96499 ], [ -56.02705, -19.96468 ], [ -56.02768, -19.96433 ], [ -56.02903, -19.96416 ], [ -56.02955, -19.96385 ], [ -56.02965, -19.96343 ], [ -56.02946, -19.96308 ], [ -56.02861, -19.96221 ], [ -56.02745, -19.96129 ], [ -56.02677, -19.96057 ], [ -56.02663, -19.96011 ], [ -56.0268, -19.95977 ], [ -56.02728, -19.95953 ], [ -56.02771, -19.95961 ], [ -56.02897, -19.96039 ], [ -56.0296, -19.96058 ], [ -56.02998, -19.96054 ], [ -56.03046, -19.96013 ], [ -56.03136, -19.95859 ], [ -56.03185, -19.95823 ], [ -56.03274, -19.95782 ], [ -56.03294, -19.95761 ], [ -56.03303, -19.95716 ], [ -56.03284, -19.95665 ], [ -56.03197, -19.9559 ], [ -56.0302, -19.95502 ], [ -56.02964, -19.95458 ], [ -56.02914, -19.95407 ], [ -56.02887, -19.95341 ], [ -56.02874, -19.95282 ], [ -56.02873, -19.95211 ], [ -56.02883, -19.95159 ], [ -56.02904, -19.95109 ], [ -56.02943, -19.95058 ], [ -56.02988, -19.95018 ], [ -56.03036, -19.94994 ], [ -56.03152, -19.94965 ], [ -56.03193, -19.94948 ], [ -56.03233, -19.94903 ], [ -56.0324, -19.94853 ], [ -56.03162, -19.94657 ], [ -56.03137, -19.94628 ], [ -56.03088, -19.94604 ], [ -56.03021, -19.94598 ], [ -56.02947, -19.94602 ], [ -56.02857, -19.9459 ], [ -56.0283, -19.94576 ], [ -56.02813, -19.94527 ], [ -56.02821, -19.94508 ], [ -56.02867, -19.94475 ], [ -56.02979, -19.94435 ], [ -56.03128, -19.9433 ], [ -56.03211, -19.94298 ], [ -56.03291, -19.94289 ], [ -56.03324, -19.94268 ], [ -56.03336, -19.94241 ], [ -56.03332, -19.94219 ], [ -56.0327, -19.94179 ], [ -56.03157, -19.94177 ], [ -56.03091, -19.94186 ], [ -56.02986, -19.94172 ], [ -56.02958, -19.94155 ], [ -56.02941, -19.94134 ], [ -56.02929, -19.94107 ], [ -56.0293, -19.94078 ], [ -56.02968, -19.93984 ], [ -56.03037, -19.93913 ], [ -56.03148, -19.93878 ], [ -56.03221, -19.93873 ], [ -56.03333, -19.93879 ], [ -56.03395, -19.93863 ], [ -56.03426, -19.93841 ], [ -56.03447, -19.93805 ], [ -56.03448, -19.93751 ], [ -56.0343, -19.93705 ], [ -56.03361, -19.93634 ], [ -56.03307, -19.93603 ], [ -56.03261, -19.93592 ], [ -56.03198, -19.93587 ], [ -56.03112, -19.93613 ], [ -56.02955, -19.93686 ], [ -56.02904, -19.93683 ], [ -56.02883, -19.93672 ], [ -56.02866, -19.9365 ], [ -56.0286, -19.93623 ], [ -56.02865, -19.93479 ], [ -56.02832, -19.93309 ], [ -56.02836, -19.93215 ], [ -56.0286, -19.93134 ], [ -56.02891, -19.93068 ], [ -56.02943, -19.92993 ], [ -56.03026, -19.92902 ], [ -56.03023, -19.9284 ], [ -56.02965, -19.92774 ], [ -56.02907, -19.92765 ], [ -56.02771, -19.92781 ], [ -56.02565, -19.92841 ], [ -56.02466, -19.92833 ], [ -56.02422, -19.92797 ], [ -56.02407, -19.92768 ], [ -56.02414, -19.92679 ], [ -56.02401, -19.92592 ], [ -56.02428, -19.92481 ], [ -56.02468, -19.92443 ], [ -56.02532, -19.92418 ], [ -56.02612, -19.92405 ], [ -56.02866, -19.92411 ], [ -56.02911, -19.92402 ], [ -56.02985, -19.92359 ], [ -56.03035, -19.92315 ], [ -56.03059, -19.92276 ], [ -56.03075, -19.92216 ], [ -56.0307, -19.92012 ], [ -56.03037, -19.91905 ], [ -56.03004, -19.91833 ], [ -56.0296, -19.91768 ], [ -56.02881, -19.91683 ], [ -56.02788, -19.91616 ], [ -56.02648, -19.91533 ], [ -56.02613, -19.915 ], [ -56.02586, -19.91461 ], [ -56.0258, -19.91417 ], [ -56.02589, -19.91351 ], [ -56.02599, -19.91335 ], [ -56.02657, -19.91293 ], [ -56.02749, -19.91274 ], [ -56.02876, -19.91295 ], [ -56.0299, -19.91358 ], [ -56.03066, -19.91378 ], [ -56.03123, -19.91372 ], [ -56.03215, -19.91327 ], [ -56.03292, -19.91306 ], [ -56.03384, -19.91311 ], [ -56.03568, -19.91373 ], [ -56.03606, -19.91362 ], [ -56.0362, -19.91335 ], [ -56.03609, -19.9129 ], [ -56.0359, -19.91267 ], [ -56.03535, -19.91227 ], [ -56.03426, -19.91167 ], [ -56.03379, -19.91125 ], [ -56.03364, -19.91094 ], [ -56.03363, -19.9103 ], [ -56.03378, -19.90981 ], [ -56.03416, -19.9093 ], [ -56.03494, -19.90849 ], [ -56.03542, -19.90762 ], [ -56.03549, -19.90724 ], [ -56.0354, -19.90662 ], [ -56.03513, -19.9062 ], [ -56.03459, -19.90579 ], [ -56.03404, -19.90561 ], [ -56.03355, -19.90561 ], [ -56.03262, -19.90579 ], [ -56.03111, -19.90659 ], [ -56.03054, -19.90662 ], [ -56.02981, -19.90652 ], [ -56.02923, -19.90614 ], [ -56.02903, -19.90596 ], [ -56.02873, -19.90537 ], [ -56.02867, -19.90446 ], [ -56.0288, -19.9037 ], [ -56.02903, -19.90299 ], [ -56.02904, -19.90216 ], [ -56.02881, -19.90149 ], [ -56.02829, -19.90101 ], [ -56.0278, -19.90034 ], [ -56.02764, -19.8998 ], [ -56.0277, -19.89949 ], [ -56.02798, -19.89927 ], [ -56.02832, -19.89915 ], [ -56.02915, -19.89907 ], [ -56.03011, -19.89919 ], [ -56.03103, -19.89898 ], [ -56.03211, -19.89847 ], [ -56.03281, -19.8978 ], [ -56.03357, -19.89726 ], [ -56.03486, -19.89704 ], [ -56.03638, -19.89713 ], [ -56.03685, -19.89694 ], [ -56.03705, -19.89658 ], [ -56.03701, -19.89585 ], [ -56.03644, -19.89315 ], [ -56.03594, -19.89172 ], [ -56.03565, -19.89117 ], [ -56.03502, -19.89039 ], [ -56.03424, -19.89002 ], [ -56.03139, -19.88905 ], [ -56.03081, -19.88863 ], [ -56.03045, -19.88817 ], [ -56.03029, -19.88759 ], [ -56.03044, -19.88721 ], [ -56.03066, -19.8869 ], [ -56.03111, -19.8866 ], [ -56.03207, -19.88613 ], [ -56.03277, -19.88588 ], [ -56.03398, -19.88566 ], [ -56.03503, -19.88565 ], [ -56.03591, -19.8858 ], [ -56.03703, -19.88624 ], [ -56.03799, -19.8867 ], [ -56.0388, -19.88725 ], [ -56.0393, -19.88748 ], [ -56.03986, -19.88762 ], [ -56.04053, -19.88762 ], [ -56.04083, -19.8875 ], [ -56.04119, -19.88717 ], [ -56.04176, -19.88639 ], [ -56.0424, -19.88573 ], [ -56.0428, -19.88553 ], [ -56.04374, -19.88537 ], [ -56.04406, -19.8852 ], [ -56.04436, -19.88476 ], [ -56.04445, -19.88438 ], [ -56.04444, -19.88386 ], [ -56.04431, -19.88323 ], [ -56.04405, -19.88263 ], [ -56.04372, -19.88216 ], [ -56.0428, -19.88111 ], [ -56.0424, -19.88053 ], [ -56.04219, -19.88008 ], [ -56.04202, -19.87934 ], [ -56.04201, -19.87797 ], [ -56.0422, -19.87668 ], [ -56.0422, -19.87592 ], [ -56.04195, -19.8736 ], [ -56.04208, -19.87255 ], [ -56.04219, -19.87235 ], [ -56.04239, -19.87218 ], [ -56.04286, -19.87212 ], [ -56.0432, -19.87221 ], [ -56.04351, -19.87238 ], [ -56.0451, -19.87367 ], [ -56.04592, -19.87411 ], [ -56.0465, -19.87429 ], [ -56.04706, -19.87429 ], [ -56.04771, -19.87398 ], [ -56.04792, -19.87356 ], [ -56.04796, -19.87295 ], [ -56.04786, -19.87255 ], [ -56.04754, -19.87196 ], [ -56.04484, -19.86893 ], [ -56.04386, -19.86739 ], [ -56.04373, -19.86684 ], [ -56.04377, -19.86642 ], [ -56.044, -19.86594 ], [ -56.04447, -19.86542 ], [ -56.04512, -19.86511 ], [ -56.04592, -19.86492 ], [ -56.04744, -19.86487 ], [ -56.04856, -19.86505 ], [ -56.0514, -19.86613 ], [ -56.052, -19.86618 ], [ -56.05253, -19.86608 ], [ -56.05325, -19.86568 ], [ -56.05359, -19.86525 ], [ -56.0537, -19.86492 ], [ -56.0537, -19.86468 ], [ -56.05349, -19.86437 ], [ -56.05288, -19.86394 ], [ -56.04952, -19.86341 ], [ -56.0487, -19.86319 ], [ -56.04802, -19.8628 ], [ -56.04748, -19.86227 ], [ -56.04718, -19.86141 ], [ -56.04706, -19.86086 ], [ -56.047, -19.85999 ], [ -56.04725, -19.85838 ], [ -56.04754, -19.85749 ], [ -56.04776, -19.85705 ], [ -56.04836, -19.85639 ], [ -56.04897, -19.85607 ], [ -56.04931, -19.856 ], [ -56.0501, -19.85603 ], [ -56.05157, -19.85649 ], [ -56.05246, -19.85697 ], [ -56.05333, -19.85709 ], [ -56.05379, -19.85697 ], [ -56.05422, -19.85668 ], [ -56.05472, -19.85589 ], [ -56.05477, -19.85553 ], [ -56.05462, -19.85486 ], [ -56.05413, -19.85405 ], [ -56.05326, -19.85285 ], [ -56.05268, -19.85221 ], [ -56.05178, -19.85065 ], [ -56.05163, -19.84991 ], [ -56.05173, -19.84758 ], [ -56.05157, -19.84694 ], [ -56.05129, -19.84639 ], [ -56.05089, -19.84593 ], [ -56.05029, -19.84554 ], [ -56.04661, -19.84378 ], [ -56.04611, -19.84333 ], [ -56.04577, -19.84277 ], [ -56.04571, -19.84232 ], [ -56.04588, -19.84196 ], [ -56.04615, -19.84172 ], [ -56.04696, -19.84136 ], [ -56.04775, -19.84116 ], [ -56.04811, -19.84089 ], [ -56.04833, -19.84041 ], [ -56.04806, -19.83973 ], [ -56.04704, -19.83862 ], [ -56.04634, -19.838 ], [ -56.04505, -19.83727 ], [ -56.04431, -19.83705 ], [ -56.04401, -19.83667 ], [ -56.04413, -19.83621 ], [ -56.04455, -19.83574 ], [ -56.04535, -19.83533 ], [ -56.04638, -19.83513 ], [ -56.04712, -19.83523 ], [ -56.04789, -19.83553 ], [ -56.0489, -19.83614 ], [ -56.05028, -19.83718 ], [ -56.05136, -19.83768 ], [ -56.05218, -19.83791 ], [ -56.05286, -19.83793 ], [ -56.05352, -19.83767 ], [ -56.05404, -19.83725 ], [ -56.05425, -19.8366 ], [ -56.05421, -19.83588 ], [ -56.05326, -19.8347 ], [ -56.05283, -19.83434 ], [ -56.05191, -19.83395 ], [ -56.05076, -19.83382 ], [ -56.04953, -19.83349 ], [ -56.04894, -19.83314 ], [ -56.04874, -19.83291 ], [ -56.04858, -19.83252 ], [ -56.04872, -19.83171 ], [ -56.04974, -19.8294 ], [ -56.04996, -19.82851 ], [ -56.04994, -19.82805 ], [ -56.04984, -19.82764 ], [ -56.04946, -19.82718 ], [ -56.04894, -19.82693 ], [ -56.04818, -19.82679 ], [ -56.04778, -19.82663 ], [ -56.04756, -19.82623 ], [ -56.04766, -19.826 ], [ -56.04803, -19.82568 ], [ -56.05103, -19.82474 ], [ -56.05154, -19.82426 ], [ -56.05169, -19.82385 ], [ -56.05163, -19.82352 ], [ -56.05151, -19.82333 ], [ -56.05116, -19.8231 ], [ -56.05044, -19.82305 ], [ -56.04916, -19.82336 ], [ -56.04882, -19.82331 ], [ -56.04867, -19.8232 ], [ -56.04832, -19.82255 ], [ -56.04784, -19.82088 ], [ -56.04782, -19.82013 ], [ -56.04802, -19.8191 ], [ -56.04817, -19.81876 ], [ -56.04924, -19.81707 ], [ -56.04983, -19.81588 ], [ -56.04997, -19.81537 ], [ -56.04988, -19.81503 ], [ -56.04951, -19.81464 ], [ -56.0493, -19.81456 ], [ -56.04852, -19.81457 ], [ -56.04775, -19.81475 ], [ -56.04723, -19.81477 ], [ -56.04683, -19.81464 ], [ -56.04667, -19.81446 ], [ -56.04661, -19.81423 ], [ -56.04678, -19.81355 ], [ -56.04715, -19.81291 ], [ -56.0477, -19.8122 ], [ -56.04872, -19.81126 ], [ -56.04917, -19.81069 ], [ -56.04969, -19.80957 ], [ -56.04985, -19.80848 ], [ -56.04971, -19.80742 ], [ -56.04939, -19.80594 ], [ -56.04938, -19.80504 ], [ -56.04977, -19.80386 ], [ -56.05061, -19.80224 ], [ -56.05073, -19.80136 ], [ -56.0507, -19.80054 ], [ -56.05088, -19.79992 ], [ -56.05104, -19.79967 ], [ -56.05164, -19.79916 ], [ -56.05228, -19.79873 ], [ -56.05464, -19.79763 ], [ -56.05616, -19.79676 ], [ -56.05683, -19.79626 ], [ -56.05738, -19.796 ], [ -56.05896, -19.79553 ], [ -56.05982, -19.79536 ], [ -56.06405, -19.79505 ], [ -56.06533, -19.79472 ], [ -56.06628, -19.79415 ], [ -56.06674, -19.79348 ], [ -56.06698, -19.79282 ], [ -56.06714, -19.79187 ], [ -56.06715, -19.79102 ], [ -56.06701, -19.78994 ], [ -56.0662, -19.78844 ], [ -56.06575, -19.78733 ], [ -56.06573, -19.78669 ], [ -56.066, -19.78609 ], [ -56.06647, -19.78553 ], [ -56.06689, -19.78519 ], [ -56.06853, -19.7843 ], [ -56.0696, -19.7834 ], [ -56.07029, -19.78308 ], [ -56.0707, -19.78302 ], [ -56.07106, -19.78306 ], [ -56.07251, -19.78387 ], [ -56.07332, -19.78407 ], [ -56.07381, -19.78403 ], [ -56.07436, -19.7837 ], [ -56.07468, -19.78321 ], [ -56.07478, -19.78257 ], [ -56.0745, -19.7813 ], [ -56.07324, -19.77756 ], [ -56.07317, -19.77642 ], [ -56.07324, -19.77565 ], [ -56.07335, -19.77531 ], [ -56.07372, -19.77468 ], [ -56.07416, -19.7743 ], [ -56.0747, -19.7741 ], [ -56.07562, -19.7741 ], [ -56.07626, -19.77446 ], [ -56.07804, -19.77576 ], [ -56.0792, -19.77644 ], [ -56.07983, -19.77657 ], [ -56.08043, -19.77647 ], [ -56.08093, -19.77591 ], [ -56.08094, -19.77509 ], [ -56.08075, -19.7738 ], [ -56.08005, -19.77151 ], [ -56.08002, -19.7703 ], [ -56.08021, -19.7698 ], [ -56.08046, -19.76947 ], [ -56.08113, -19.76894 ], [ -56.082, -19.76843 ], [ -56.08294, -19.76811 ], [ -56.08364, -19.76813 ], [ -56.08402, -19.76837 ], [ -56.08429, -19.76872 ], [ -56.08439, -19.76905 ], [ -56.08441, -19.76955 ], [ -56.0842, -19.77057 ], [ -56.0835, -19.77197 ], [ -56.08264, -19.77334 ], [ -56.08215, -19.77491 ], [ -56.08198, -19.77597 ], [ -56.08197, -19.77707 ], [ -56.08209, -19.77772 ], [ -56.08265, -19.77865 ], [ -56.08341, -19.7791 ], [ -56.08413, -19.77927 ], [ -56.08505, -19.77935 ], [ -56.08625, -19.77921 ], [ -56.08988, -19.77803 ], [ -56.09256, -19.77647 ], [ -56.09331, -19.77591 ], [ -56.09445, -19.77488 ], [ -56.09685, -19.77229 ], [ -56.09793, -19.77145 ], [ -56.0987, -19.77114 ], [ -56.10054, -19.77087 ], [ -56.1014, -19.77054 ], [ -56.10211, -19.76989 ], [ -56.10263, -19.76901 ], [ -56.10307, -19.76805 ], [ -56.10371, -19.76743 ], [ -56.10408, -19.76734 ], [ -56.10451, -19.76739 ], [ -56.10483, -19.76754 ], [ -56.10587, -19.76828 ], [ -56.10618, -19.76827 ], [ -56.10636, -19.76815 ], [ -56.10648, -19.76774 ], [ -56.10656, -19.7653 ], [ -56.10665, -19.76479 ], [ -56.10665, -19.76351 ], [ -56.10695, -19.76293 ], [ -56.10728, -19.76279 ], [ -56.10757, -19.76275 ], [ -56.10805, -19.76285 ], [ -56.10845, -19.76318 ], [ -56.10987, -19.76586 ], [ -56.11073, -19.76699 ], [ -56.11139, -19.76759 ], [ -56.11211, -19.76791 ], [ -56.11282, -19.76802 ], [ -56.11317, -19.76795 ], [ -56.11387, -19.76751 ], [ -56.11416, -19.76714 ], [ -56.11451, -19.76613 ], [ -56.11456, -19.765 ], [ -56.11426, -19.76368 ], [ -56.11385, -19.76273 ], [ -56.11238, -19.76085 ], [ -56.11096, -19.7594 ], [ -56.11057, -19.75883 ], [ -56.11029, -19.75824 ], [ -56.11034, -19.75779 ], [ -56.11053, -19.75745 ], [ -56.1109, -19.75706 ], [ -56.11144, -19.75675 ], [ -56.11194, -19.75659 ], [ -56.1128, -19.75645 ], [ -56.11356, -19.75651 ], [ -56.1145, -19.75677 ], [ -56.11558, -19.75735 ], [ -56.11628, -19.75801 ], [ -56.11766, -19.75978 ], [ -56.11864, -19.76133 ], [ -56.11939, -19.76232 ], [ -56.11968, -19.76264 ], [ -56.12007, -19.76283 ], [ -56.1204, -19.76268 ], [ -56.12063, -19.76243 ], [ -56.12078, -19.76208 ], [ -56.12104, -19.76084 ], [ -56.12131, -19.76005 ], [ -56.12193, -19.75694 ], [ -56.12239, -19.75553 ], [ -56.12275, -19.75489 ], [ -56.12338, -19.75419 ], [ -56.12411, -19.75359 ], [ -56.12484, -19.75319 ], [ -56.12667, -19.75273 ], [ -56.12881, -19.75264 ], [ -56.13013, -19.75234 ], [ -56.13063, -19.75233 ], [ -56.13109, -19.7525 ], [ -56.13129, -19.75281 ], [ -56.1313, -19.75307 ], [ -56.13108, -19.75355 ], [ -56.13095, -19.75432 ], [ -56.13106, -19.75473 ], [ -56.13143, -19.75503 ], [ -56.13195, -19.75525 ], [ -56.13315, -19.75547 ], [ -56.13454, -19.75538 ], [ -56.13551, -19.75514 ], [ -56.13682, -19.75468 ], [ -56.13729, -19.75439 ], [ -56.13753, -19.75411 ], [ -56.13792, -19.75315 ], [ -56.13801, -19.75074 ], [ -56.13818, -19.74999 ], [ -56.1384, -19.74963 ], [ -56.1387, -19.74943 ], [ -56.13907, -19.74931 ], [ -56.1396, -19.74928 ], [ -56.14008, -19.74938 ], [ -56.14042, -19.74956 ], [ -56.1408, -19.74993 ], [ -56.14095, -19.75027 ], [ -56.14098, -19.75164 ], [ -56.1407, -19.75353 ], [ -56.14078, -19.75412 ], [ -56.14101, -19.75445 ], [ -56.14131, -19.75464 ], [ -56.142, -19.75462 ], [ -56.14248, -19.75438 ], [ -56.14527, -19.75106 ], [ -56.14576, -19.75005 ], [ -56.14592, -19.74946 ], [ -56.14591, -19.74892 ], [ -56.14523, -19.74742 ], [ -56.14516, -19.74694 ], [ -56.14522, -19.74679 ], [ -56.14545, -19.7466 ], [ -56.14586, -19.74656 ], [ -56.14707, -19.74684 ], [ -56.14754, -19.74682 ], [ -56.14793, -19.74658 ], [ -56.14805, -19.74616 ], [ -56.14786, -19.74505 ], [ -56.14725, -19.74362 ], [ -56.14649, -19.74236 ], [ -56.14507, -19.7405 ], [ -56.14483, -19.74 ], [ -56.14486, -19.73941 ], [ -56.14508, -19.73909 ], [ -56.14544, -19.7389 ], [ -56.14644, -19.73881 ], [ -56.1473, -19.739 ], [ -56.14805, -19.73936 ], [ -56.14855, -19.7398 ], [ -56.14889, -19.74037 ], [ -56.14903, -19.74085 ], [ -56.14911, -19.74307 ], [ -56.14923, -19.74362 ], [ -56.14951, -19.7442 ], [ -56.15003, -19.74474 ], [ -56.15043, -19.74501 ], [ -56.15152, -19.74548 ], [ -56.15226, -19.7456 ], [ -56.15343, -19.74558 ], [ -56.15613, -19.74528 ], [ -56.15719, -19.74544 ], [ -56.15767, -19.74563 ], [ -56.15868, -19.74661 ], [ -56.15904, -19.74729 ], [ -56.15913, -19.748 ], [ -56.15911, -19.7494 ], [ -56.15924, -19.74994 ], [ -56.15958, -19.75028 ], [ -56.16011, -19.75044 ], [ -56.16077, -19.75041 ], [ -56.16137, -19.75016 ], [ -56.16304, -19.74829 ], [ -56.16394, -19.74767 ], [ -56.16444, -19.74743 ], [ -56.16523, -19.74717 ], [ -56.16606, -19.74703 ], [ -56.16811, -19.74718 ], [ -56.16878, -19.74712 ], [ -56.16912, -19.74689 ], [ -56.1693, -19.74661 ], [ -56.16923, -19.74631 ], [ -56.16901, -19.74586 ], [ -56.16861, -19.74535 ], [ -56.16816, -19.74493 ], [ -56.16766, -19.74462 ], [ -56.16639, -19.74427 ], [ -56.16602, -19.74407 ], [ -56.1658, -19.74374 ], [ -56.16578, -19.74329 ], [ -56.16594, -19.74294 ], [ -56.16631, -19.74254 ], [ -56.16721, -19.7421 ], [ -56.1678, -19.74203 ], [ -56.16875, -19.74206 ], [ -56.16986, -19.74239 ], [ -56.17045, -19.74286 ], [ -56.17093, -19.74344 ], [ -56.17125, -19.74405 ], [ -56.17153, -19.74491 ], [ -56.17179, -19.74658 ], [ -56.1717, -19.7486 ], [ -56.17176, -19.75014 ], [ -56.17193, -19.75081 ], [ -56.1723, -19.75139 ], [ -56.1731, -19.75205 ], [ -56.17377, -19.75238 ], [ -56.17463, -19.75252 ], [ -56.17496, -19.75248 ], [ -56.17546, -19.75219 ], [ -56.17577, -19.75174 ], [ -56.17581, -19.75092 ], [ -56.1756, -19.74975 ], [ -56.17513, -19.74843 ], [ -56.17476, -19.74701 ], [ -56.17376, -19.74411 ], [ -56.17309, -19.74105 ], [ -56.17305, -19.7404 ], [ -56.17318, -19.73978 ], [ -56.17337, -19.73936 ], [ -56.17388, -19.73891 ], [ -56.17477, -19.73861 ], [ -56.17671, -19.73853 ], [ -56.1785, -19.73879 ], [ -56.18054, -19.73947 ], [ -56.18124, -19.73962 ], [ -56.18206, -19.73963 ], [ -56.18281, -19.73938 ], [ -56.18325, -19.73899 ], [ -56.18349, -19.73841 ], [ -56.18354, -19.73805 ], [ -56.1835, -19.7369 ], [ -56.18306, -19.73485 ], [ -56.18307, -19.73374 ], [ -56.18317, -19.73348 ], [ -56.18338, -19.73326 ], [ -56.18401, -19.73302 ], [ -56.18446, -19.73307 ], [ -56.18482, -19.73328 ], [ -56.18526, -19.73373 ], [ -56.18561, -19.7343 ], [ -56.18613, -19.73623 ], [ -56.18642, -19.73815 ], [ -56.18667, -19.73876 ], [ -56.18718, -19.73937 ], [ -56.18808, -19.73965 ], [ -56.1889, -19.73966 ], [ -56.1919, -19.73917 ], [ -56.19333, -19.73907 ], [ -56.19426, -19.73933 ], [ -56.19548, -19.74039 ], [ -56.19589, -19.74056 ], [ -56.19639, -19.74057 ], [ -56.19672, -19.74043 ], [ -56.19703, -19.74015 ], [ -56.1973, -19.73972 ], [ -56.19764, -19.73872 ], [ -56.19779, -19.73848 ], [ -56.19815, -19.73829 ], [ -56.1986, -19.73848 ], [ -56.19912, -19.73891 ], [ -56.19983, -19.73978 ], [ -56.20026, -19.74018 ], [ -56.20095, -19.74041 ], [ -56.2012, -19.7404 ], [ -56.20153, -19.74014 ], [ -56.2017, -19.73957 ], [ -56.20159, -19.73723 ], [ -56.20162, -19.73644 ], [ -56.20187, -19.73587 ], [ -56.2022, -19.73563 ], [ -56.20279, -19.73558 ], [ -56.2033, -19.73574 ], [ -56.20376, -19.736 ], [ -56.20466, -19.73692 ], [ -56.2053, -19.73792 ], [ -56.20591, -19.73929 ], [ -56.20639, -19.74016 ], [ -56.2079, -19.74223 ], [ -56.20802, -19.74279 ], [ -56.20786, -19.74323 ], [ -56.20753, -19.74336 ], [ -56.2072, -19.74336 ], [ -56.20662, -19.74317 ], [ -56.20508, -19.74244 ], [ -56.20421, -19.74225 ], [ -56.20336, -19.7423 ], [ -56.20308, -19.74276 ], [ -56.20303, -19.74306 ], [ -56.20342, -19.74384 ], [ -56.20388, -19.74426 ], [ -56.20467, -19.74467 ], [ -56.2055, -19.7448 ], [ -56.20723, -19.74453 ], [ -56.20935, -19.74374 ], [ -56.21056, -19.74317 ], [ -56.21173, -19.74282 ], [ -56.212, -19.74279 ], [ -56.21258, -19.7429 ], [ -56.21299, -19.74323 ], [ -56.213, -19.74364 ], [ -56.21282, -19.74397 ], [ -56.21239, -19.74445 ], [ -56.21149, -19.74494 ], [ -56.21121, -19.74518 ], [ -56.21079, -19.74583 ], [ -56.21056, -19.74652 ], [ -56.21045, -19.74774 ], [ -56.21066, -19.74894 ], [ -56.21101, -19.7498 ], [ -56.21145, -19.75028 ], [ -56.21213, -19.75052 ], [ -56.21307, -19.75047 ], [ -56.21407, -19.75013 ], [ -56.21575, -19.7492 ], [ -56.21711, -19.74885 ], [ -56.21881, -19.74994 ], [ -56.21927, -19.75056 ], [ -56.21945, -19.75111 ], [ -56.21962, -19.75287 ], [ -56.21977, -19.75328 ], [ -56.22002, -19.75359 ], [ -56.22077, -19.75386 ], [ -56.22133, -19.75384 ], [ -56.2216, -19.75375 ], [ -56.22214, -19.75263 ], [ -56.22267, -19.74996 ], [ -56.2229, -19.74944 ], [ -56.22316, -19.74912 ], [ -56.22345, -19.74893 ], [ -56.2238, -19.74886 ], [ -56.22425, -19.74889 ], [ -56.22514, -19.7494 ], [ -56.22623, -19.75044 ], [ -56.22785, -19.75227 ], [ -56.22842, -19.75278 ], [ -56.22885, -19.75302 ], [ -56.22919, -19.75301 ], [ -56.22964, -19.75273 ], [ -56.23019, -19.75194 ], [ -56.23088, -19.75131 ], [ -56.23147, -19.75107 ], [ -56.23224, -19.75099 ], [ -56.23315, -19.75128 ], [ -56.23501, -19.75227 ], [ -56.23618, -19.75327 ], [ -56.23697, -19.75425 ], [ -56.23733, -19.75458 ], [ -56.23805, -19.75493 ], [ -56.23894, -19.75508 ], [ -56.23933, -19.75492 ], [ -56.23969, -19.75458 ], [ -56.23985, -19.75424 ], [ -56.23985, -19.75366 ], [ -56.23894, -19.75203 ], [ -56.23738, -19.75035 ], [ -56.23681, -19.74948 ], [ -56.23655, -19.74882 ], [ -56.23641, -19.74817 ], [ -56.23642, -19.74785 ], [ -56.23666, -19.74722 ], [ -56.23691, -19.74692 ], [ -56.23724, -19.74671 ], [ -56.23811, -19.74649 ], [ -56.23869, -19.74654 ], [ -56.24049, -19.74708 ], [ -56.24109, -19.74712 ], [ -56.24166, -19.74707 ], [ -56.24227, -19.74691 ], [ -56.24298, -19.74659 ], [ -56.24382, -19.74598 ], [ -56.24413, -19.74562 ], [ -56.24447, -19.74502 ], [ -56.24505, -19.74366 ], [ -56.2453, -19.74238 ], [ -56.24546, -19.74069 ], [ -56.24584, -19.73959 ], [ -56.2463, -19.73899 ], [ -56.2471, -19.7383 ], [ -56.24878, -19.73716 ], [ -56.24916, -19.73679 ], [ -56.24924, -19.73645 ], [ -56.24922, -19.73617 ], [ -56.24901, -19.73597 ], [ -56.24819, -19.73563 ], [ -56.24725, -19.73545 ], [ -56.24569, -19.73531 ], [ -56.24463, -19.73493 ], [ -56.244, -19.73417 ], [ -56.24384, -19.73372 ], [ -56.2438, -19.7333 ], [ -56.24391, -19.7328 ], [ -56.24415, -19.73236 ], [ -56.24505, -19.73152 ], [ -56.24573, -19.73123 ], [ -56.24681, -19.73109 ], [ -56.24801, -19.73116 ], [ -56.24901, -19.73141 ], [ -56.25003, -19.73185 ], [ -56.25114, -19.73255 ], [ -56.25246, -19.73359 ], [ -56.25319, -19.7339 ], [ -56.2537, -19.73386 ], [ -56.25385, -19.73377 ], [ -56.25394, -19.73358 ], [ -56.25395, -19.73303 ], [ -56.25311, -19.73045 ], [ -56.25304, -19.72979 ], [ -56.25317, -19.72944 ], [ -56.25349, -19.72906 ], [ -56.25395, -19.72881 ], [ -56.25443, -19.72872 ], [ -56.25508, -19.72888 ], [ -56.25541, -19.72913 ], [ -56.25765, -19.73185 ], [ -56.25832, -19.7325 ], [ -56.25894, -19.73291 ], [ -56.25971, -19.73325 ], [ -56.26012, -19.73335 ], [ -56.26076, -19.73322 ], [ -56.26126, -19.73293 ], [ -56.26179, -19.73219 ], [ -56.26215, -19.73113 ], [ -56.26217, -19.73056 ], [ -56.26197, -19.72996 ], [ -56.26105, -19.72916 ], [ -56.26052, -19.72882 ], [ -56.25905, -19.72806 ], [ -56.2575, -19.72743 ], [ -56.25685, -19.72706 ], [ -56.25655, -19.72675 ], [ -56.25638, -19.72638 ], [ -56.25632, -19.72598 ], [ -56.25642, -19.72561 ], [ -56.2567, -19.72538 ], [ -56.25706, -19.72525 ], [ -56.2578, -19.72523 ], [ -56.25851, -19.72533 ], [ -56.2616, -19.72682 ], [ -56.26214, -19.72693 ], [ -56.26271, -19.72692 ], [ -56.26348, -19.72669 ], [ -56.26426, -19.72624 ], [ -56.26464, -19.72565 ], [ -56.26477, -19.72515 ], [ -56.26474, -19.72453 ], [ -56.26445, -19.72365 ], [ -56.26385, -19.72265 ], [ -56.26128, -19.72027 ], [ -56.26113, -19.71989 ], [ -56.26118, -19.71955 ], [ -56.26146, -19.71931 ], [ -56.26192, -19.71912 ], [ -56.26273, -19.71902 ], [ -56.26776, -19.71892 ], [ -56.26872, -19.71871 ], [ -56.26914, -19.71851 ], [ -56.26937, -19.71831 ], [ -56.26964, -19.71788 ], [ -56.26973, -19.71737 ], [ -56.26963, -19.71691 ], [ -56.26933, -19.71643 ], [ -56.26848, -19.71583 ], [ -56.26623, -19.71485 ], [ -56.26583, -19.71445 ], [ -56.26582, -19.71397 ], [ -56.26609, -19.71355 ], [ -56.26658, -19.71322 ], [ -56.2673, -19.71294 ], [ -56.26787, -19.71283 ], [ -56.26873, -19.71279 ], [ -56.26931, -19.71291 ], [ -56.2697, -19.7131 ], [ -56.27097, -19.71419 ], [ -56.27143, -19.71472 ], [ -56.27234, -19.71544 ], [ -56.27294, -19.71566 ], [ -56.27331, -19.71561 ], [ -56.27356, -19.71547 ], [ -56.27373, -19.71508 ], [ -56.27365, -19.71456 ], [ -56.27296, -19.71355 ], [ -56.2718, -19.71212 ], [ -56.2715, -19.71125 ], [ -56.27151, -19.71039 ], [ -56.27165, -19.7097 ], [ -56.27194, -19.70904 ], [ -56.27262, -19.70836 ], [ -56.27315, -19.70803 ], [ -56.27381, -19.70779 ], [ -56.27518, -19.70749 ], [ -56.27591, -19.70718 ], [ -56.27677, -19.70666 ], [ -56.27707, -19.70627 ], [ -56.2772, -19.70548 ], [ -56.27707, -19.70457 ], [ -56.27671, -19.70374 ], [ -56.27564, -19.70211 ], [ -56.27548, -19.70147 ], [ -56.27551, -19.70133 ], [ -56.27569, -19.70114 ], [ -56.27585, -19.7011 ], [ -56.27622, -19.70112 ], [ -56.27661, -19.70127 ], [ -56.27721, -19.70175 ], [ -56.2786, -19.70339 ], [ -56.27907, -19.70378 ], [ -56.27992, -19.70417 ], [ -56.28057, -19.70426 ], [ -56.28098, -19.70422 ], [ -56.28154, -19.70393 ], [ -56.28187, -19.70344 ], [ -56.28242, -19.70079 ], [ -56.28283, -19.69972 ], [ -56.28314, -19.69934 ], [ -56.28337, -19.69919 ], [ -56.28407, -19.69901 ], [ -56.28447, -19.6991 ], [ -56.28476, -19.6993 ], [ -56.28498, -19.69978 ], [ -56.28497, -19.70075 ], [ -56.2846, -19.70283 ], [ -56.28458, -19.70337 ], [ -56.28472, -19.70428 ], [ -56.28511, -19.70482 ], [ -56.28575, -19.70508 ], [ -56.28666, -19.70496 ], [ -56.28733, -19.70462 ], [ -56.28807, -19.70403 ], [ -56.2887, -19.70364 ], [ -56.28941, -19.70333 ], [ -56.2901, -19.70318 ], [ -56.29078, -19.70326 ], [ -56.29137, -19.70342 ], [ -56.29224, -19.70381 ], [ -56.29272, -19.70421 ], [ -56.29336, -19.70536 ], [ -56.29332, -19.70827 ], [ -56.29324, -19.70888 ], [ -56.29329, -19.70971 ], [ -56.29368, -19.71043 ], [ -56.29488, -19.7115 ], [ -56.29468, -19.71178 ], [ -56.29435, -19.71191 ], [ -56.29332, -19.71192 ], [ -56.2926, -19.71203 ], [ -56.29223, -19.71228 ], [ -56.29198, -19.71259 ], [ -56.29179, -19.71312 ], [ -56.29181, -19.71405 ], [ -56.29239, -19.71599 ], [ -56.29312, -19.71699 ], [ -56.29393, -19.7178 ], [ -56.29552, -19.71907 ], [ -56.29663, -19.71969 ], [ -56.29693, -19.71967 ], [ -56.29719, -19.71941 ], [ -56.29768, -19.7179 ], [ -56.29812, -19.71714 ], [ -56.29855, -19.71671 ], [ -56.29934, -19.71644 ], [ -56.30015, -19.71657 ], [ -56.30065, -19.71691 ], [ -56.3012, -19.71762 ], [ -56.30149, -19.71858 ], [ -56.30138, -19.71998 ], [ -56.3011, -19.72126 ], [ -56.30095, -19.72263 ], [ -56.30107, -19.72337 ], [ -56.30146, -19.72381 ], [ -56.3019, -19.724 ], [ -56.30239, -19.72406 ], [ -56.30321, -19.72375 ], [ -56.3064, -19.72124 ], [ -56.3071, -19.72085 ], [ -56.30766, -19.72069 ], [ -56.30824, -19.72088 ], [ -56.30857, -19.7212 ], [ -56.30874, -19.72172 ], [ -56.30875, -19.72275 ], [ -56.30899, -19.72355 ], [ -56.30936, -19.72373 ], [ -56.31028, -19.72396 ], [ -56.31119, -19.72396 ], [ -56.31202, -19.72369 ], [ -56.31328, -19.72301 ], [ -56.31423, -19.72228 ], [ -56.31552, -19.721 ], [ -56.31647, -19.72035 ], [ -56.317, -19.72016 ], [ -56.31756, -19.72016 ], [ -56.31836, -19.72032 ], [ -56.31948, -19.72085 ], [ -56.32036, -19.72144 ], [ -56.32218, -19.7229 ], [ -56.32267, -19.72321 ], [ -56.3232, -19.72341 ], [ -56.32416, -19.72349 ], [ -56.32672, -19.72295 ], [ -56.32749, -19.7229 ], [ -56.32784, -19.72301 ], [ -56.3281, -19.7232 ], [ -56.3283, -19.72348 ], [ -56.32848, -19.72421 ], [ -56.32841, -19.7258 ], [ -56.32849, -19.72706 ], [ -56.32881, -19.72772 ], [ -56.32931, -19.72814 ], [ -56.32998, -19.72839 ], [ -56.33102, -19.72837 ], [ -56.33164, -19.72815 ], [ -56.33349, -19.72692 ], [ -56.33453, -19.72659 ], [ -56.33497, -19.72664 ], [ -56.33544, -19.7269 ], [ -56.3356, -19.72717 ], [ -56.33574, -19.7277 ], [ -56.33571, -19.72826 ], [ -56.33553, -19.72878 ], [ -56.33514, -19.72936 ], [ -56.33467, -19.7298 ], [ -56.33317, -19.73061 ], [ -56.33118, -19.73124 ], [ -56.32985, -19.73179 ], [ -56.32902, -19.73246 ], [ -56.32874, -19.73303 ], [ -56.32865, -19.73381 ], [ -56.32871, -19.73418 ], [ -56.32904, -19.7349 ], [ -56.32949, -19.7355 ], [ -56.33014, -19.73606 ], [ -56.33156, -19.7369 ], [ -56.33229, -19.73719 ], [ -56.3337, -19.73758 ], [ -56.33561, -19.73787 ], [ -56.33781, -19.73807 ], [ -56.33834, -19.73826 ], [ -56.33881, -19.73855 ], [ -56.33903, -19.73903 ], [ -56.33914, -19.73974 ], [ -56.33879, -19.7421 ], [ -56.33878, -19.74256 ], [ -56.33901, -19.74311 ], [ -56.33947, -19.74362 ], [ -56.34, -19.74385 ], [ -56.34074, -19.74393 ], [ -56.34205, -19.74389 ], [ -56.34435, -19.74365 ], [ -56.34494, -19.74366 ], [ -56.34565, -19.74383 ], [ -56.34621, -19.74421 ], [ -56.34658, -19.74468 ], [ -56.34722, -19.74596 ], [ -56.3479, -19.74683 ], [ -56.3483, -19.74712 ], [ -56.34873, -19.74722 ], [ -56.34921, -19.74703 ], [ -56.35194, -19.74421 ], [ -56.35302, -19.74375 ], [ -56.35337, -19.74374 ], [ -56.35396, -19.74388 ], [ -56.35467, -19.74432 ], [ -56.35526, -19.74497 ], [ -56.35676, -19.74792 ], [ -56.35806, -19.7497 ], [ -56.35852, -19.75012 ], [ -56.35931, -19.7506 ], [ -56.36003, -19.75083 ], [ -56.36068, -19.7509 ], [ -56.36161, -19.75073 ], [ -56.362, -19.75043 ], [ -56.36212, -19.74997 ], [ -56.36185, -19.74872 ], [ -56.36081, -19.74696 ], [ -56.36058, -19.7464 ], [ -56.36061, -19.74602 ], [ -56.36082, -19.74557 ], [ -56.36112, -19.74533 ], [ -56.36159, -19.74519 ], [ -56.36211, -19.74525 ], [ -56.36313, -19.74574 ], [ -56.36349, -19.74604 ], [ -56.36373, -19.74636 ], [ -56.36387, -19.74691 ], [ -56.36389, -19.74846 ], [ -56.364, -19.74906 ], [ -56.36422, -19.7496 ], [ -56.36513, -19.75111 ], [ -56.3656, -19.75147 ], [ -56.36643, -19.75175 ], [ -56.36767, -19.75181 ], [ -56.36804, -19.75177 ], [ -56.37006, -19.75109 ], [ -56.37252, -19.74953 ], [ -56.37336, -19.74915 ], [ -56.37434, -19.74897 ], [ -56.37603, -19.749 ], [ -56.3772, -19.74884 ], [ -56.37778, -19.74862 ], [ -56.379, -19.74791 ], [ -56.37998, -19.74719 ], [ -56.38119, -19.74656 ], [ -56.38217, -19.74639 ], [ -56.38379, -19.74634 ], [ -56.38454, -19.74624 ], [ -56.3855, -19.74593 ], [ -56.38625, -19.74551 ], [ -56.38685, -19.74482 ], [ -56.38711, -19.74396 ], [ -56.3872, -19.74311 ], [ -56.38717, -19.74057 ], [ -56.38731, -19.73973 ], [ -56.38759, -19.73909 ], [ -56.38799, -19.73861 ], [ -56.38862, -19.73806 ], [ -56.39018, -19.73706 ], [ -56.39084, -19.7363 ], [ -56.39117, -19.73567 ], [ -56.39123, -19.73499 ], [ -56.39119, -19.73408 ], [ -56.39128, -19.73382 ], [ -56.3915, -19.73362 ], [ -56.39172, -19.73352 ], [ -56.39204, -19.73355 ], [ -56.39259, -19.73375 ], [ -56.39348, -19.73385 ], [ -56.39367, -19.73383 ], [ -56.39389, -19.73367 ], [ -56.39393, -19.73336 ], [ -56.39383, -19.73292 ], [ -56.39328, -19.73177 ], [ -56.39296, -19.7308 ], [ -56.39303, -19.73016 ], [ -56.39322, -19.7297 ], [ -56.39363, -19.72942 ], [ -56.39597, -19.72867 ], [ -56.39657, -19.72832 ], [ -56.39751, -19.72752 ], [ -56.39801, -19.72729 ], [ -56.39848, -19.72729 ], [ -56.39999, -19.72767 ], [ -56.4005, -19.72766 ], [ -56.40092, -19.72755 ], [ -56.40111, -19.72731 ], [ -56.40117, -19.72655 ], [ -56.40101, -19.72579 ], [ -56.40105, -19.72534 ], [ -56.40134, -19.7247 ], [ -56.40179, -19.72421 ], [ -56.40264, -19.7237 ], [ -56.40356, -19.72333 ], [ -56.40487, -19.723 ], [ -56.40717, -19.7227 ], [ -56.40757, -19.72254 ], [ -56.40807, -19.72201 ], [ -56.40815, -19.72177 ], [ -56.40812, -19.72152 ], [ -56.40734, -19.71987 ], [ -56.40716, -19.71905 ], [ -56.40724, -19.71841 ], [ -56.4078, -19.71791 ], [ -56.40866, -19.71773 ], [ -56.40929, -19.71788 ], [ -56.40957, -19.71811 ], [ -56.41058, -19.7194 ], [ -56.41124, -19.71994 ], [ -56.41154, -19.72003 ], [ -56.41191, -19.72002 ], [ -56.41247, -19.71972 ], [ -56.41283, -19.71921 ], [ -56.41294, -19.71854 ], [ -56.41292, -19.71747 ], [ -56.413, -19.71703 ], [ -56.41337, -19.71668 ], [ -56.4137, -19.7167 ], [ -56.41452, -19.71771 ], [ -56.41515, -19.71874 ], [ -56.41624, -19.71984 ], [ -56.41644, -19.72067 ], [ -56.41662, -19.72253 ], [ -56.41673, -19.7228 ], [ -56.41723, -19.72312 ], [ -56.41758, -19.72314 ], [ -56.41785, -19.72304 ], [ -56.41812, -19.72279 ], [ -56.41898, -19.72143 ], [ -56.41931, -19.7212 ], [ -56.41963, -19.72119 ], [ -56.42018, -19.72133 ], [ -56.42202, -19.72246 ], [ -56.42299, -19.72287 ], [ -56.4235, -19.72301 ], [ -56.42441, -19.72291 ], [ -56.42508, -19.72244 ], [ -56.4261, -19.72089 ], [ -56.4268, -19.72024 ], [ -56.42785, -19.71953 ], [ -56.42924, -19.71901 ], [ -56.43001, -19.71899 ], [ -56.43073, -19.71915 ], [ -56.43232, -19.72004 ], [ -56.43274, -19.72018 ], [ -56.43313, -19.72023 ], [ -56.43369, -19.72011 ], [ -56.43406, -19.7198 ], [ -56.43431, -19.71942 ], [ -56.43435, -19.71908 ], [ -56.43425, -19.71837 ], [ -56.43331, -19.71594 ], [ -56.43318, -19.71522 ], [ -56.43328, -19.71501 ], [ -56.43356, -19.71481 ], [ -56.43398, -19.71472 ], [ -56.43452, -19.71482 ], [ -56.4348, -19.71495 ], [ -56.43505, -19.71493 ], [ -56.4353, -19.71464 ], [ -56.43536, -19.71441 ], [ -56.43459, -19.71315 ], [ -56.43435, -19.7125 ], [ -56.43439, -19.71104 ], [ -56.43455, -19.7097 ], [ -56.43467, -19.70939 ], [ -56.43487, -19.70905 ], [ -56.43519, -19.70875 ], [ -56.43567, -19.7087 ], [ -56.43636, -19.70955 ], [ -56.43707, -19.71015 ], [ -56.43737, -19.71034 ], [ -56.43779, -19.71039 ], [ -56.43815, -19.71032 ], [ -56.43861, -19.71008 ], [ -56.43938, -19.70956 ], [ -56.4413, -19.70858 ], [ -56.44176, -19.70828 ], [ -56.44205, -19.70795 ], [ -56.44226, -19.70755 ], [ -56.44233, -19.70723 ], [ -56.44208, -19.70676 ], [ -56.4405, -19.70611 ], [ -56.44014, -19.7058 ], [ -56.44005, -19.70547 ], [ -56.44011, -19.70504 ], [ -56.44026, -19.70482 ], [ -56.44209, -19.7032 ], [ -56.44238, -19.70271 ], [ -56.44263, -19.70206 ], [ -56.44265, -19.70164 ], [ -56.44246, -19.70108 ], [ -56.44154, -19.69989 ], [ -56.44137, -19.69951 ], [ -56.44134, -19.69918 ], [ -56.44151, -19.69893 ], [ -56.44166, -19.69887 ], [ -56.44265, -19.69914 ], [ -56.44406, -19.69913 ], [ -56.4446, -19.69898 ], [ -56.44552, -19.69854 ], [ -56.44588, -19.69847 ], [ -56.44641, -19.6986 ], [ -56.44753, -19.69927 ], [ -56.44779, -19.69933 ], [ -56.44832, -19.69915 ], [ -56.44862, -19.69867 ], [ -56.44978, -19.69575 ], [ -56.44987, -19.69476 ], [ -56.44962, -19.69282 ], [ -56.44966, -19.69162 ], [ -56.4498, -19.69111 ], [ -56.45016, -19.69068 ], [ -56.45053, -19.69041 ], [ -56.45107, -19.69019 ], [ -56.45181, -19.69001 ], [ -56.45474, -19.69011 ], [ -56.456, -19.69005 ], [ -56.45783, -19.68969 ], [ -56.45848, -19.68965 ], [ -56.45927, -19.68939 ], [ -56.46037, -19.68882 ], [ -56.4615, -19.68884 ], [ -56.46191, -19.68876 ], [ -56.46255, -19.68828 ], [ -56.46282, -19.68774 ], [ -56.46313, -19.68665 ], [ -56.46333, -19.68627 ], [ -56.46356, -19.68613 ], [ -56.46386, -19.68618 ], [ -56.46409, -19.68635 ], [ -56.46469, -19.68853 ], [ -56.46526, -19.68932 ], [ -56.46582, -19.6898 ], [ -56.4667, -19.69027 ], [ -56.46719, -19.69039 ], [ -56.46779, -19.69033 ], [ -56.46917, -19.68947 ], [ -56.46968, -19.68934 ], [ -56.47011, -19.68934 ], [ -56.47062, -19.68952 ], [ -56.47183, -19.69057 ], [ -56.47319, -19.69129 ], [ -56.47391, -19.69144 ], [ -56.47562, -19.69139 ], [ -56.47747, -19.69162 ], [ -56.4782, -19.69199 ], [ -56.47936, -19.69289 ], [ -56.48018, -19.69334 ], [ -56.48065, -19.6935 ], [ -56.48103, -19.69347 ], [ -56.48127, -19.69327 ], [ -56.48138, -19.69289 ], [ -56.48112, -19.69155 ], [ -56.48114, -19.69076 ], [ -56.48146, -19.68955 ], [ -56.48209, -19.68849 ], [ -56.48277, -19.68795 ], [ -56.48366, -19.68779 ], [ -56.48457, -19.68797 ], [ -56.48601, -19.68876 ], [ -56.48812, -19.69013 ], [ -56.48865, -19.69032 ], [ -56.48929, -19.6904 ], [ -56.49028, -19.69012 ], [ -56.49173, -19.68914 ], [ -56.49222, -19.68908 ], [ -56.4932, -19.68918 ], [ -56.4939, -19.68906 ], [ -56.49446, -19.68869 ], [ -56.49515, -19.68781 ], [ -56.49542, -19.68758 ], [ -56.4958, -19.68742 ], [ -56.49612, -19.68737 ], [ -56.4977, -19.68752 ], [ -56.49922, -19.68665 ], [ -56.49962, -19.68666 ], [ -56.49984, -19.68676 ], [ -56.50009, -19.68701 ], [ -56.50063, -19.6881 ], [ -56.50178, -19.6898 ], [ -56.50219, -19.69023 ], [ -56.50518, -19.69207 ], [ -56.50552, -19.69221 ], [ -56.50579, -19.69219 ], [ -56.50666, -19.69177 ], [ -56.50778, -19.69174 ], [ -56.50875, -19.69201 ], [ -56.51007, -19.69279 ], [ -56.51038, -19.69281 ], [ -56.51183, -19.69266 ], [ -56.51425, -19.69224 ], [ -56.51498, -19.69197 ], [ -56.51571, -19.69147 ], [ -56.51611, -19.69131 ], [ -56.5167, -19.69135 ], [ -56.51803, -19.69189 ], [ -56.5186, -19.6919 ], [ -56.5189, -19.6918 ], [ -56.51911, -19.69158 ], [ -56.51938, -19.69092 ], [ -56.51961, -19.69058 ], [ -56.51993, -19.69042 ], [ -56.52033, -19.69035 ], [ -56.52137, -19.69042 ], [ -56.52313, -19.69116 ], [ -56.52386, -19.69191 ], [ -56.52522, -19.69285 ], [ -56.52603, -19.6939 ], [ -56.52642, -19.69494 ], [ -56.52651, -19.69682 ], [ -56.52687, -19.69824 ], [ -56.52776, -19.70009 ], [ -56.52834, -19.70067 ], [ -56.52919, -19.70188 ], [ -56.52941, -19.7024 ], [ -56.52936, -19.70285 ], [ -56.52905, -19.70324 ], [ -56.52761, -19.70433 ], [ -56.52675, -19.70537 ], [ -56.52492, -19.70673 ], [ -56.52454, -19.70723 ], [ -56.52457, -19.70771 ], [ -56.52469, -19.70796 ], [ -56.52532, -19.70851 ], [ -56.52577, -19.70853 ], [ -56.52759, -19.70934 ], [ -56.52888, -19.71032 ], [ -56.53144, -19.71088 ], [ -56.53233, -19.71136 ], [ -56.53296, -19.712 ], [ -56.53332, -19.71278 ], [ -56.5334, -19.71327 ], [ -56.53327, -19.71434 ], [ -56.53296, -19.7151 ], [ -56.53305, -19.71615 ], [ -56.53366, -19.71735 ], [ -56.53395, -19.7187 ], [ -56.53428, -19.71912 ], [ -56.53487, -19.71958 ], [ -56.53566, -19.71992 ], [ -56.53604, -19.72032 ], [ -56.53654, -19.72039 ], [ -56.5375, -19.72085 ], [ -56.5378, -19.72091 ], [ -56.53821, -19.72081 ], [ -56.53861, -19.72084 ], [ -56.53962, -19.7213 ], [ -56.54028, -19.72145 ], [ -56.54119, -19.7214 ], [ -56.54193, -19.72086 ], [ -56.54298, -19.72046 ], [ -56.5434, -19.72045 ], [ -56.54382, -19.72054 ], [ -56.54428, -19.72068 ], [ -56.54541, -19.7213 ], [ -56.54621, -19.72162 ], [ -56.54815, -19.72214 ], [ -56.54858, -19.72233 ], [ -56.54889, -19.72256 ], [ -56.54914, -19.72292 ], [ -56.5493, -19.72354 ], [ -56.54966, -19.72417 ], [ -56.54987, -19.72428 ], [ -56.55018, -19.72424 ], [ -56.55071, -19.72377 ], [ -56.55107, -19.72275 ], [ -56.55114, -19.7216 ], [ -56.55129, -19.72103 ], [ -56.55159, -19.72039 ], [ -56.55205, -19.71971 ], [ -56.55228, -19.71968 ], [ -56.55257, -19.71996 ], [ -56.55261, -19.72029 ], [ -56.55249, -19.72073 ], [ -56.55249, -19.72147 ], [ -56.55274, -19.72212 ], [ -56.55291, -19.72231 ], [ -56.55342, -19.72251 ], [ -56.5538, -19.7225 ], [ -56.5547, -19.72222 ], [ -56.55514, -19.72201 ], [ -56.55542, -19.72205 ], [ -56.55566, -19.72224 ], [ -56.55584, -19.72285 ], [ -56.55568, -19.7235 ], [ -56.5557, -19.72393 ], [ -56.55579, -19.72412 ], [ -56.55597, -19.72427 ], [ -56.55709, -19.72423 ], [ -56.55813, -19.7235 ], [ -56.55877, -19.72322 ], [ -56.55983, -19.72327 ], [ -56.56174, -19.72302 ], [ -56.56228, -19.72268 ], [ -56.56308, -19.7214 ], [ -56.56327, -19.72114 ], [ -56.56355, -19.72097 ], [ -56.56379, -19.7209 ], [ -56.56504, -19.72096 ], [ -56.5657, -19.7207 ], [ -56.56593, -19.72039 ], [ -56.56638, -19.71929 ], [ -56.56722, -19.7187 ], [ -56.56763, -19.71791 ], [ -56.56823, -19.71745 ], [ -56.56913, -19.71689 ], [ -56.56972, -19.71663 ], [ -56.57038, -19.7164 ], [ -56.57159, -19.71616 ], [ -56.57308, -19.71536 ], [ -56.57373, -19.7148 ], [ -56.57432, -19.71401 ], [ -56.57526, -19.71335 ], [ -56.57632, -19.71317 ], [ -56.57779, -19.71342 ], [ -56.57856, -19.71341 ], [ -56.57907, -19.71327 ], [ -56.5795, -19.71306 ], [ -56.5814, -19.71169 ], [ -56.58166, -19.71161 ], [ -56.5819, -19.71158 ], [ -56.58273, -19.71182 ], [ -56.58299, -19.71207 ], [ -56.58367, -19.71325 ], [ -56.58409, -19.7136 ], [ -56.58453, -19.71377 ], [ -56.58501, -19.71376 ], [ -56.58654, -19.71315 ], [ -56.58864, -19.71267 ], [ -56.59001, -19.71204 ], [ -56.59034, -19.71197 ], [ -56.59068, -19.71202 ], [ -56.59138, -19.71236 ], [ -56.592, -19.7128 ], [ -56.59261, -19.71346 ], [ -56.59294, -19.71365 ], [ -56.59404, -19.71397 ], [ -56.59549, -19.71396 ], [ -56.59658, -19.71421 ], [ -56.59827, -19.71389 ], [ -56.59892, -19.71389 ], [ -56.59981, -19.71401 ], [ -56.60001, -19.71385 ], [ -56.60011, -19.71363 ], [ -56.60069, -19.71212 ], [ -56.60105, -19.71181 ], [ -56.60155, -19.71178 ], [ -56.60182, -19.71183 ], [ -56.60215, -19.71202 ], [ -56.60256, -19.71244 ], [ -56.60342, -19.71381 ], [ -56.60368, -19.71441 ], [ -56.60444, -19.71498 ], [ -56.60489, -19.71514 ], [ -56.60625, -19.71506 ], [ -56.60675, -19.71513 ], [ -56.60759, -19.71532 ], [ -56.60882, -19.71578 ], [ -56.61108, -19.71711 ], [ -56.61189, -19.71797 ], [ -56.6124, -19.71831 ], [ -56.61296, -19.71836 ], [ -56.61373, -19.71817 ], [ -56.61403, -19.71797 ], [ -56.61455, -19.71736 ], [ -56.61491, -19.71715 ], [ -56.61539, -19.71708 ], [ -56.61576, -19.71724 ], [ -56.61876, -19.72121 ], [ -56.61896, -19.72135 ], [ -56.62039, -19.72183 ], [ -56.6207, -19.72201 ], [ -56.62087, -19.72222 ], [ -56.62107, -19.72275 ], [ -56.62099, -19.72298 ], [ -56.62073, -19.72332 ], [ -56.62028, -19.72359 ], [ -56.61974, -19.72421 ], [ -56.61969, -19.72438 ], [ -56.61978, -19.72472 ], [ -56.62021, -19.72538 ], [ -56.62094, -19.7257 ], [ -56.62165, -19.7262 ], [ -56.62204, -19.72671 ], [ -56.62218, -19.72711 ], [ -56.62235, -19.7273 ], [ -56.62325, -19.72791 ], [ -56.62411, -19.72809 ], [ -56.62603, -19.72813 ], [ -56.62717, -19.72794 ], [ -56.62747, -19.72778 ], [ -56.62818, -19.72714 ], [ -56.62863, -19.72666 ], [ -56.629, -19.72613 ], [ -56.62968, -19.72557 ], [ -56.63013, -19.72535 ], [ -56.63071, -19.72524 ], [ -56.63211, -19.72547 ], [ -56.63274, -19.72594 ], [ -56.63358, -19.72686 ], [ -56.63408, -19.72675 ], [ -56.63513, -19.72616 ], [ -56.63566, -19.7262 ], [ -56.63618, -19.72643 ], [ -56.6366, -19.72677 ], [ -56.63676, -19.72709 ], [ -56.63689, -19.72813 ], [ -56.63676, -19.72905 ], [ -56.63689, -19.72925 ], [ -56.63711, -19.72931 ], [ -56.63743, -19.72918 ], [ -56.63804, -19.72825 ], [ -56.63813, -19.72786 ], [ -56.63853, -19.72736 ], [ -56.63881, -19.72726 ], [ -56.63942, -19.72739 ], [ -56.64015, -19.72795 ], [ -56.64047, -19.72845 ], [ -56.64061, -19.7294 ], [ -56.64038, -19.73033 ], [ -56.64012, -19.73069 ], [ -56.63958, -19.73096 ], [ -56.63846, -19.73111 ], [ -56.63784, -19.73129 ], [ -56.63741, -19.73129 ], [ -56.63685, -19.73187 ], [ -56.63676, -19.73216 ], [ -56.6368, -19.73239 ], [ -56.63708, -19.73276 ], [ -56.63754, -19.73284 ], [ -56.63832, -19.73315 ], [ -56.63941, -19.7332 ], [ -56.63973, -19.73335 ], [ -56.64, -19.73357 ], [ -56.64037, -19.7344 ], [ -56.64085, -19.73487 ], [ -56.6413, -19.73469 ], [ -56.64159, -19.73448 ], [ -56.64199, -19.73399 ], [ -56.6423, -19.73382 ], [ -56.64262, -19.7338 ], [ -56.64291, -19.73391 ], [ -56.64299, -19.73402 ], [ -56.643, -19.73433 ], [ -56.64258, -19.73525 ], [ -56.64206, -19.73597 ], [ -56.64207, -19.73614 ], [ -56.64225, -19.73651 ], [ -56.6426, -19.73674 ], [ -56.64283, -19.73678 ], [ -56.64357, -19.73659 ], [ -56.64415, -19.73606 ], [ -56.64487, -19.73511 ], [ -56.64524, -19.73488 ], [ -56.64567, -19.73476 ], [ -56.64642, -19.73481 ], [ -56.64768, -19.73564 ], [ -56.64825, -19.73578 ], [ -56.64976, -19.7356 ], [ -56.65116, -19.7358 ], [ -56.65261, -19.7364 ], [ -56.6532, -19.73672 ], [ -56.65346, -19.73703 ], [ -56.65368, -19.73751 ], [ -56.65384, -19.73831 ], [ -56.65418, -19.73936 ], [ -56.65458, -19.74001 ], [ -56.65516, -19.7405 ], [ -56.65628, -19.74068 ], [ -56.65686, -19.74064 ], [ -56.65749, -19.74041 ], [ -56.6583, -19.73995 ], [ -56.65923, -19.73924 ], [ -56.65966, -19.73907 ], [ -56.66112, -19.73891 ], [ -56.66193, -19.7386 ], [ -56.66271, -19.73867 ], [ -56.66297, -19.73894 ], [ -56.66311, -19.73935 ], [ -56.66336, -19.74055 ], [ -56.66537, -19.7418 ], [ -56.66594, -19.74238 ], [ -56.66599, -19.74267 ], [ -56.66592, -19.74324 ], [ -56.6657, -19.74378 ], [ -56.6654, -19.74421 ], [ -56.66535, -19.74455 ], [ -56.66544, -19.74473 ], [ -56.66624, -19.74541 ], [ -56.66713, -19.74542 ], [ -56.66828, -19.74578 ], [ -56.66902, -19.7457 ], [ -56.66954, -19.74522 ], [ -56.66979, -19.74487 ], [ -56.6699, -19.74371 ], [ -56.67012, -19.74326 ], [ -56.67072, -19.74298 ], [ -56.67215, -19.74269 ], [ -56.67286, -19.74231 ], [ -56.67367, -19.74213 ], [ -56.67448, -19.74167 ], [ -56.67589, -19.74125 ], [ -56.67679, -19.74035 ], [ -56.67715, -19.74009 ], [ -56.67748, -19.73949 ], [ -56.67827, -19.73853 ], [ -56.67857, -19.73801 ], [ -56.67882, -19.73784 ], [ -56.67988, -19.73799 ], [ -56.68075, -19.73849 ], [ -56.68138, -19.73914 ], [ -56.68186, -19.73933 ], [ -56.68397, -19.73941 ], [ -56.68516, -19.73922 ], [ -56.68619, -19.73942 ], [ -56.68681, -19.73979 ], [ -56.6871, -19.74059 ], [ -56.68764, -19.74099 ], [ -56.6882, -19.74111 ], [ -56.68897, -19.74102 ], [ -56.68951, -19.74104 ], [ -56.69016, -19.74117 ], [ -56.69068, -19.74145 ], [ -56.69167, -19.74254 ], [ -56.69248, -19.74287 ], [ -56.69293, -19.74296 ], [ -56.69329, -19.74294 ], [ -56.69394, -19.74276 ], [ -56.69455, -19.74226 ], [ -56.69563, -19.74172 ], [ -56.69602, -19.74117 ], [ -56.69616, -19.74107 ], [ -56.69655, -19.74106 ], [ -56.69773, -19.74131 ], [ -56.69818, -19.74127 ], [ -56.6986, -19.7411 ], [ -56.69918, -19.74067 ], [ -56.69954, -19.74023 ], [ -56.69987, -19.73959 ], [ -56.70024, -19.73932 ], [ -56.70083, -19.73928 ], [ -56.70168, -19.73967 ], [ -56.70204, -19.73975 ], [ -56.70342, -19.73976 ], [ -56.70441, -19.74082 ], [ -56.70447, -19.74212 ], [ -56.70385, -19.74347 ], [ -56.70381, -19.74433 ], [ -56.70354, -19.74546 ], [ -56.70257, -19.74728 ], [ -56.70229, -19.74816 ], [ -56.70144, -19.74968 ], [ -56.70102, -19.75064 ], [ -56.70084, -19.75216 ], [ -56.70101, -19.75287 ], [ -56.70113, -19.75309 ], [ -56.7015, -19.75351 ], [ -56.70193, -19.75383 ], [ -56.70253, -19.75388 ], [ -56.70298, -19.75376 ], [ -56.70359, -19.75337 ], [ -56.70462, -19.75218 ], [ -56.70558, -19.75139 ], [ -56.70752, -19.75084 ], [ -56.70831, -19.75041 ], [ -56.70933, -19.7496 ], [ -56.70971, -19.74947 ], [ -56.71005, -19.74947 ], [ -56.71026, -19.74954 ], [ -56.7104, -19.74969 ], [ -56.71058, -19.75048 ], [ -56.71059, -19.7512 ], [ -56.71112, -19.75184 ], [ -56.71158, -19.75211 ], [ -56.71252, -19.75232 ], [ -56.71297, -19.75264 ], [ -56.71305, -19.75314 ], [ -56.71273, -19.75389 ], [ -56.71274, -19.75426 ], [ -56.71288, -19.75447 ], [ -56.71312, -19.75464 ], [ -56.71459, -19.75513 ], [ -56.71487, -19.75543 ], [ -56.71508, -19.75588 ], [ -56.71507, -19.75647 ], [ -56.71487, -19.75686 ], [ -56.71374, -19.75843 ], [ -56.7127, -19.75952 ], [ -56.71259, -19.76 ], [ -56.71253, -19.76145 ], [ -56.71231, -19.76227 ], [ -56.71201, -19.7627 ], [ -56.71145, -19.76321 ], [ -56.71092, -19.76396 ], [ -56.71068, -19.76522 ], [ -56.71034, -19.76594 ], [ -56.71027, -19.76632 ], [ -56.71039, -19.76734 ], [ -56.71055, -19.76772 ], [ -56.71053, -19.76806 ], [ -56.71018, -19.76853 ], [ -56.70939, -19.76912 ], [ -56.70911, -19.76951 ], [ -56.70902, -19.76982 ], [ -56.70855, -19.77025 ], [ -56.70731, -19.77091 ], [ -56.70718, -19.7713 ], [ -56.70726, -19.77174 ], [ -56.7076, -19.77215 ], [ -56.70795, -19.77238 ], [ -56.7085, -19.77252 ], [ -56.70874, -19.77266 ], [ -56.70934, -19.7734 ], [ -56.71016, -19.77423 ], [ -56.71056, -19.7745 ], [ -56.71116, -19.77473 ], [ -56.71159, -19.77551 ], [ -56.71181, -19.77559 ], [ -56.71261, -19.77539 ], [ -56.71311, -19.7755 ], [ -56.71395, -19.77603 ], [ -56.7147, -19.77668 ], [ -56.71623, -19.77899 ], [ -56.7161, -19.77989 ], [ -56.71614, -19.78014 ], [ -56.71655, -19.78051 ], [ -56.7173, -19.78098 ], [ -56.71726, -19.78151 ], [ -56.71672, -19.78242 ], [ -56.71597, -19.78256 ], [ -56.71492, -19.78246 ], [ -56.71447, -19.78272 ], [ -56.71371, -19.78371 ], [ -56.71345, -19.78439 ], [ -56.7135, -19.78471 ], [ -56.7141, -19.78512 ], [ -56.71681, -19.78538 ], [ -56.71753, -19.78566 ], [ -56.71787, -19.78556 ], [ -56.71818, -19.78514 ], [ -56.71823, -19.7844 ], [ -56.71866, -19.78397 ], [ -56.71887, -19.78345 ], [ -56.71879, -19.78288 ], [ -56.71837, -19.78216 ], [ -56.71829, -19.78154 ], [ -56.71862, -19.78128 ], [ -56.71949, -19.78146 ], [ -56.71994, -19.78138 ], [ -56.72, -19.7812 ], [ -56.71982, -19.78099 ], [ -56.71978, -19.78059 ], [ -56.71963, -19.78031 ], [ -56.71984, -19.78011 ], [ -56.72032, -19.7802 ], [ -56.72097, -19.78077 ], [ -56.72167, -19.78106 ], [ -56.72291, -19.78115 ], [ -56.72435, -19.78101 ], [ -56.72495, -19.78117 ], [ -56.72566, -19.78174 ], [ -56.72641, -19.7833 ], [ -56.72676, -19.78358 ], [ -56.72721, -19.78369 ], [ -56.72757, -19.78407 ], [ -56.72758, -19.78444 ], [ -56.72737, -19.78513 ], [ -56.72741, -19.78557 ], [ -56.72839, -19.7867 ], [ -56.72881, -19.78829 ], [ -56.72879, -19.78921 ], [ -56.72829, -19.79085 ], [ -56.72825, -19.7912 ], [ -56.72831, -19.79139 ], [ -56.72878, -19.79171 ], [ -56.7308, -19.79221 ], [ -56.73165, -19.79279 ], [ -56.73205, -19.79313 ], [ -56.73261, -19.7938 ], [ -56.73291, -19.79398 ], [ -56.73349, -19.79413 ], [ -56.73382, -19.79408 ], [ -56.73402, -19.7939 ], [ -56.7349, -19.79268 ], [ -56.73559, -19.79199 ], [ -56.73624, -19.79146 ], [ -56.73719, -19.79088 ], [ -56.73874, -19.78786 ], [ -56.73905, -19.78712 ], [ -56.74002, -19.78589 ], [ -56.7404, -19.78507 ], [ -56.74047, -19.78454 ], [ -56.7402, -19.78367 ], [ -56.7399, -19.78316 ], [ -56.73911, -19.78225 ], [ -56.7388, -19.78142 ], [ -56.73891, -19.77953 ], [ -56.73841, -19.77783 ], [ -56.73879, -19.77692 ], [ -56.73905, -19.77658 ], [ -56.73947, -19.77633 ], [ -56.73989, -19.77643 ], [ -56.74061, -19.77678 ], [ -56.74116, -19.77684 ], [ -56.74171, -19.77664 ], [ -56.74281, -19.77584 ], [ -56.74324, -19.77564 ], [ -56.7438, -19.77549 ], [ -56.7451, -19.77539 ], [ -56.74571, -19.77561 ], [ -56.74668, -19.7763 ], [ -56.74726, -19.77631 ], [ -56.7477, -19.77615 ], [ -56.74818, -19.77569 ], [ -56.74892, -19.77518 ], [ -56.74994, -19.77469 ], [ -56.75051, -19.77462 ], [ -56.75185, -19.77487 ], [ -56.75307, -19.77492 ], [ -56.7535, -19.77475 ], [ -56.75427, -19.77423 ], [ -56.75471, -19.77411 ], [ -56.75533, -19.77415 ], [ -56.75563, -19.77427 ], [ -56.75751, -19.77584 ], [ -56.7579, -19.77628 ], [ -56.75808, -19.77664 ], [ -56.75815, -19.77712 ], [ -56.75804, -19.77937 ], [ -56.75837, -19.77981 ], [ -56.75901, -19.78023 ], [ -56.75937, -19.78034 ], [ -56.76006, -19.78036 ], [ -56.76084, -19.77982 ], [ -56.76109, -19.77983 ], [ -56.76271, -19.78073 ], [ -56.76386, -19.78202 ], [ -56.76424, -19.7822 ], [ -56.76464, -19.78225 ], [ -56.76487, -19.78213 ], [ -56.7651, -19.78188 ], [ -56.76544, -19.78114 ], [ -56.76582, -19.78097 ], [ -56.76641, -19.78095 ], [ -56.76726, -19.78158 ], [ -56.76754, -19.78201 ], [ -56.76749, -19.78282 ], [ -56.76784, -19.78396 ], [ -56.76779, -19.78425 ], [ -56.76748, -19.78491 ], [ -56.76746, -19.7855 ], [ -56.76758, -19.78586 ], [ -56.7679, -19.78615 ], [ -56.77096, -19.78704 ], [ -56.77166, -19.7876 ], [ -56.77267, -19.78873 ], [ -56.77289, -19.78885 ], [ -56.77402, -19.78877 ], [ -56.77499, -19.78904 ], [ -56.77583, -19.78902 ], [ -56.77629, -19.7889 ], [ -56.77666, -19.78839 ], [ -56.77709, -19.78808 ], [ -56.77755, -19.78785 ], [ -56.77785, -19.78791 ], [ -56.77899, -19.78932 ], [ -56.77907, -19.78958 ], [ -56.77911, -19.78995 ], [ -56.77878, -19.79161 ], [ -56.77886, -19.79198 ], [ -56.77916, -19.79249 ], [ -56.7793, -19.79297 ], [ -56.77923, -19.7932 ], [ -56.7791, -19.79333 ], [ -56.77824, -19.79354 ], [ -56.77792, -19.79372 ], [ -56.77773, -19.79404 ], [ -56.77774, -19.79439 ], [ -56.77822, -19.79522 ], [ -56.77994, -19.79645 ], [ -56.78113, -19.79759 ], [ -56.78193, -19.79794 ], [ -56.7825, -19.79801 ], [ -56.78294, -19.79793 ], [ -56.78358, -19.79736 ], [ -56.78411, -19.79673 ], [ -56.78444, -19.79654 ], [ -56.78469, -19.79659 ], [ -56.78491, -19.79676 ], [ -56.78529, -19.79735 ], [ -56.78587, -19.79798 ], [ -56.78618, -19.79812 ], [ -56.78647, -19.79805 ], [ -56.78687, -19.79776 ], [ -56.78711, -19.79721 ], [ -56.7878, -19.79397 ], [ -56.78852, -19.79264 ], [ -56.78943, -19.79179 ], [ -56.79001, -19.79143 ], [ -56.7908, -19.79117 ], [ -56.79125, -19.79126 ], [ -56.79242, -19.79183 ], [ -56.79295, -19.792 ], [ -56.79333, -19.792 ], [ -56.79398, -19.79168 ], [ -56.79417, -19.79136 ], [ -56.79435, -19.79068 ], [ -56.79523, -19.79001 ], [ -56.79577, -19.78939 ], [ -56.79573, -19.78902 ], [ -56.79553, -19.78873 ], [ -56.79526, -19.78858 ], [ -56.79485, -19.78855 ], [ -56.79413, -19.78827 ], [ -56.79396, -19.78793 ], [ -56.79401, -19.78757 ], [ -56.79421, -19.78724 ], [ -56.79548, -19.78631 ], [ -56.79611, -19.78617 ], [ -56.79682, -19.78619 ], [ -56.79752, -19.78636 ], [ -56.79807, -19.78665 ], [ -56.79875, -19.78739 ], [ -56.7991, -19.78796 ], [ -56.79924, -19.78842 ], [ -56.79943, -19.78964 ], [ -56.79971, -19.79017 ], [ -56.80075, -19.79146 ], [ -56.80131, -19.79184 ], [ -56.8015, -19.79188 ], [ -56.80195, -19.79188 ], [ -56.80224, -19.79176 ], [ -56.80233, -19.79132 ], [ -56.80259, -19.79079 ], [ -56.80236, -19.78875 ], [ -56.8024, -19.78792 ], [ -56.80255, -19.78749 ], [ -56.80307, -19.78706 ], [ -56.80542, -19.78689 ], [ -56.80608, -19.78658 ], [ -56.80719, -19.78583 ], [ -56.80757, -19.78539 ], [ -56.808, -19.78529 ], [ -56.80827, -19.78537 ], [ -56.80865, -19.78578 ], [ -56.8089, -19.78644 ], [ -56.80934, -19.78724 ], [ -56.80965, -19.78756 ], [ -56.81006, -19.78769 ], [ -56.81052, -19.78772 ], [ -56.81104, -19.78747 ], [ -56.81115, -19.78723 ] ], [ [ -54.70562, -19.42041 ], [ -54.70666, -19.42012 ], [ -54.70792, -19.41897 ], [ -54.70875, -19.41849 ], [ -54.70971, -19.41827 ], [ -54.71043, -19.41828 ], [ -54.71082, -19.41837 ], [ -54.71098, -19.4185 ], [ -54.71111, -19.41881 ], [ -54.71116, -19.41963 ], [ -54.71099, -19.42001 ], [ -54.71029, -19.42073 ], [ -54.71019, -19.42099 ], [ -54.71024, -19.4213 ], [ -54.71135, -19.42189 ], [ -54.7119, -19.42304 ], [ -54.71235, -19.42348 ], [ -54.71281, -19.42366 ], [ -54.71447, -19.42395 ], [ -54.71497, -19.42453 ], [ -54.71511, -19.42501 ], [ -54.71551, -19.42577 ], [ -54.71495, -19.42629 ], [ -54.71497, -19.42731 ], [ -54.71479, -19.42836 ], [ -54.71484, -19.42882 ], [ -54.71524, -19.43027 ], [ -54.71536, -19.43135 ], [ -54.71516, -19.43225 ], [ -54.71436, -19.43426 ], [ -54.71429, -19.43477 ], [ -54.71432, -19.43536 ], [ -54.71446, -19.43578 ], [ -54.71471, -19.43612 ], [ -54.7155, -19.43675 ], [ -54.71637, -19.43778 ], [ -54.71738, -19.43842 ], [ -54.71752, -19.43874 ], [ -54.71758, -19.43929 ], [ -54.71748, -19.43986 ], [ -54.71723, -19.4404 ], [ -54.71612, -19.44167 ], [ -54.71571, -19.44235 ], [ -54.71546, -19.44304 ], [ -54.71544, -19.44365 ], [ -54.7157, -19.4441 ], [ -54.71596, -19.44438 ], [ -54.71687, -19.44467 ], [ -54.71698, -19.4457 ], [ -54.71688, -19.44642 ], [ -54.71696, -19.44687 ], [ -54.71726, -19.44768 ], [ -54.71816, -19.44941 ], [ -54.71908, -19.45168 ], [ -54.71996, -19.45305 ], [ -54.7206, -19.45434 ], [ -54.72077, -19.45492 ], [ -54.72093, -19.45606 ], [ -54.72151, -19.45806 ], [ -54.72188, -19.45987 ], [ -54.7221, -19.46042 ], [ -54.72236, -19.46077 ], [ -54.72275, -19.46107 ], [ -54.72312, -19.46123 ], [ -54.72399, -19.46139 ], [ -54.72519, -19.46229 ], [ -54.7256, -19.46233 ], [ -54.72629, -19.46211 ], [ -54.72676, -19.46228 ], [ -54.72709, -19.46266 ], [ -54.72765, -19.46363 ], [ -54.72808, -19.46482 ], [ -54.72834, -19.46683 ], [ -54.72821, -19.4678 ], [ -54.72753, -19.46904 ], [ -54.72696, -19.46971 ], [ -54.726, -19.47111 ], [ -54.72529, -19.47252 ], [ -54.72503, -19.47365 ], [ -54.72517, -19.47411 ], [ -54.72569, -19.47458 ], [ -54.72721, -19.47508 ], [ -54.72793, -19.47549 ], [ -54.7282, -19.47574 ], [ -54.72846, -19.47628 ], [ -54.72852, -19.47672 ], [ -54.72814, -19.47759 ], [ -54.72814, -19.47785 ], [ -54.72856, -19.4792 ], [ -54.72915, -19.47987 ], [ -54.72831, -19.48044 ], [ -54.72743, -19.48124 ], [ -54.727, -19.48173 ], [ -54.72667, -19.48231 ], [ -54.72641, -19.48296 ], [ -54.72619, -19.48405 ], [ -54.7258, -19.48538 ], [ -54.7257, -19.48616 ], [ -54.72572, -19.48669 ], [ -54.72584, -19.48715 ], [ -54.72614, -19.48756 ], [ -54.72653, -19.48792 ], [ -54.72695, -19.48814 ], [ -54.72751, -19.48818 ], [ -54.72958, -19.48772 ], [ -54.7304, -19.48773 ], [ -54.73108, -19.48783 ], [ -54.73196, -19.4881 ], [ -54.73305, -19.4887 ], [ -54.73345, -19.48903 ], [ -54.73368, -19.48949 ], [ -54.73375, -19.48994 ], [ -54.73371, -19.49122 ], [ -54.73345, -19.49245 ], [ -54.73303, -19.49342 ], [ -54.73145, -19.49594 ], [ -54.73124, -19.4966 ], [ -54.73121, -19.49714 ], [ -54.73132, -19.49729 ], [ -54.73158, -19.49736 ], [ -54.73224, -19.49727 ], [ -54.73273, -19.49692 ], [ -54.73317, -19.49612 ], [ -54.73338, -19.49589 ], [ -54.73379, -19.49577 ], [ -54.73419, -19.49594 ], [ -54.73434, -19.49619 ], [ -54.73442, -19.49661 ], [ -54.73401, -19.49806 ], [ -54.734, -19.49851 ], [ -54.7343, -19.49878 ], [ -54.73578, -19.49912 ], [ -54.73625, -19.49931 ], [ -54.73641, -19.49946 ], [ -54.73646, -19.49956 ], [ -54.73622, -19.50036 ], [ -54.73573, -19.50139 ], [ -54.73584, -19.50207 ], [ -54.73662, -19.50265 ], [ -54.73675, -19.50297 ], [ -54.73678, -19.50346 ], [ -54.73667, -19.50398 ], [ -54.73632, -19.50464 ], [ -54.7359, -19.50521 ], [ -54.73287, -19.50818 ], [ -54.73248, -19.50877 ], [ -54.73232, -19.50922 ], [ -54.73235, -19.50933 ], [ -54.73267, -19.50961 ], [ -54.73321, -19.5098 ], [ -54.73574, -19.50966 ], [ -54.7362, -19.50974 ], [ -54.73665, -19.50993 ], [ -54.73703, -19.51019 ], [ -54.7373, -19.51049 ], [ -54.7375, -19.51091 ], [ -54.73757, -19.51152 ], [ -54.73739, -19.5119 ], [ -54.73708, -19.51208 ], [ -54.73608, -19.51231 ], [ -54.73576, -19.51263 ], [ -54.73575, -19.51369 ], [ -54.73489, -19.51642 ], [ -54.73486, -19.51688 ], [ -54.73496, -19.51731 ], [ -54.73514, -19.51764 ], [ -54.73543, -19.51768 ], [ -54.73683, -19.51645 ], [ -54.73725, -19.51631 ], [ -54.73756, -19.51634 ], [ -54.73783, -19.51652 ], [ -54.73803, -19.51683 ], [ -54.73829, -19.51903 ], [ -54.73849, -19.51947 ], [ -54.73884, -19.51976 ], [ -54.73925, -19.5198 ], [ -54.74092, -19.51923 ], [ -54.74133, -19.51918 ], [ -54.74182, -19.51936 ], [ -54.74304, -19.52005 ], [ -54.74359, -19.52014 ], [ -54.74413, -19.52 ], [ -54.74493, -19.51957 ], [ -54.74531, -19.51953 ], [ -54.74577, -19.51983 ], [ -54.74714, -19.52144 ], [ -54.74745, -19.52201 ], [ -54.74749, -19.52264 ], [ -54.74717, -19.52388 ], [ -54.74628, -19.52619 ], [ -54.74617, -19.52671 ], [ -54.74618, -19.52704 ], [ -54.7463, -19.52748 ], [ -54.74657, -19.52801 ], [ -54.74812, -19.53008 ], [ -54.74867, -19.53095 ], [ -54.74892, -19.53146 ], [ -54.74905, -19.53195 ], [ -54.74906, -19.53237 ], [ -54.7488, -19.53453 ], [ -54.74849, -19.53599 ], [ -54.7482, -19.53688 ], [ -54.74776, -19.53784 ], [ -54.74716, -19.53891 ], [ -54.74671, -19.53948 ], [ -54.74609, -19.54005 ], [ -54.74555, -19.54039 ], [ -54.74487, -19.54067 ], [ -54.74418, -19.54082 ], [ -54.74247, -19.54082 ], [ -54.73968, -19.54137 ], [ -54.7378, -19.54198 ], [ -54.7345, -19.54338 ], [ -54.73365, -19.54363 ], [ -54.73279, -19.54374 ], [ -54.73093, -19.54365 ], [ -54.73094, -19.54406 ], [ -54.73135, -19.5448 ], [ -54.73212, -19.54581 ], [ -54.73282, -19.54652 ], [ -54.73414, -19.54744 ], [ -54.73585, -19.54811 ], [ -54.73645, -19.54866 ], [ -54.73648, -19.54897 ], [ -54.73574, -19.55106 ], [ -54.7358, -19.55148 ], [ -54.73666, -19.55241 ], [ -54.7368, -19.55266 ], [ -54.73681, -19.5529 ], [ -54.73655, -19.55341 ], [ -54.73567, -19.5543 ], [ -54.73476, -19.5557 ], [ -54.73449, -19.55592 ], [ -54.73403, -19.55613 ], [ -54.73206, -19.55644 ], [ -54.73137, -19.55671 ], [ -54.73099, -19.55706 ], [ -54.7302, -19.55833 ], [ -54.72975, -19.55862 ], [ -54.72827, -19.55934 ], [ -54.72801, -19.5597 ], [ -54.72814, -19.55998 ], [ -54.72854, -19.56018 ], [ -54.72917, -19.56023 ], [ -54.7303, -19.56006 ], [ -54.73076, -19.56012 ], [ -54.7313, -19.56074 ], [ -54.73206, -19.56194 ], [ -54.73274, -19.56359 ], [ -54.73318, -19.5653 ], [ -54.73326, -19.56733 ], [ -54.73312, -19.5688 ], [ -54.73274, -19.57015 ], [ -54.732, -19.57222 ], [ -54.73168, -19.57297 ], [ -54.73139, -19.57336 ], [ -54.73103, -19.5736 ], [ -54.73058, -19.57372 ], [ -54.72849, -19.57384 ], [ -54.72744, -19.57362 ], [ -54.72711, -19.57369 ], [ -54.72693, -19.57405 ], [ -54.72697, -19.57467 ], [ -54.72718, -19.57515 ], [ -54.72787, -19.57604 ], [ -54.72799, -19.57651 ], [ -54.72792, -19.57676 ], [ -54.72775, -19.57692 ], [ -54.72741, -19.57703 ], [ -54.72634, -19.57704 ], [ -54.72556, -19.5773 ], [ -54.72459, -19.57736 ], [ -54.72419, -19.57755 ], [ -54.72391, -19.57794 ], [ -54.72382, -19.57833 ], [ -54.72387, -19.5786 ], [ -54.72443, -19.57903 ], [ -54.72451, -19.5792 ], [ -54.72423, -19.57985 ], [ -54.72409, -19.58056 ], [ -54.72355, -19.58138 ], [ -54.72366, -19.58275 ], [ -54.72334, -19.5836 ], [ -54.72329, -19.58401 ], [ -54.72335, -19.58463 ], [ -54.72354, -19.58524 ], [ -54.72375, -19.58556 ], [ -54.72401, -19.58577 ], [ -54.7249, -19.58611 ], [ -54.72554, -19.58619 ], [ -54.72705, -19.58613 ], [ -54.72788, -19.58629 ], [ -54.7282, -19.58652 ], [ -54.72832, -19.58697 ], [ -54.72801, -19.58784 ], [ -54.72722, -19.5891 ], [ -54.72703, -19.59004 ], [ -54.72672, -19.59047 ], [ -54.72618, -19.59083 ], [ -54.72552, -19.59114 ], [ -54.72352, -19.59172 ], [ -54.72229, -19.5922 ], [ -54.72113, -19.59278 ], [ -54.72073, -19.5931 ], [ -54.72056, -19.59343 ], [ -54.7206, -19.59382 ], [ -54.72106, -19.59448 ], [ -54.72176, -19.59522 ], [ -54.72226, -19.5959 ], [ -54.72269, -19.59688 ], [ -54.72285, -19.59791 ], [ -54.72306, -19.59824 ], [ -54.72348, -19.59865 ], [ -54.7245, -19.59917 ], [ -54.72502, -19.59958 ], [ -54.7274, -19.60194 ], [ -54.728, -19.60271 ], [ -54.72814, -19.60319 ], [ -54.72812, -19.60371 ], [ -54.72795, -19.60417 ], [ -54.72745, -19.60503 ], [ -54.72734, -19.60547 ], [ -54.72735, -19.60612 ], [ -54.72757, -19.60655 ], [ -54.72799, -19.60701 ], [ -54.72872, -19.60752 ], [ -54.72966, -19.60795 ], [ -54.73037, -19.60799 ], [ -54.73229, -19.60772 ], [ -54.73302, -19.60785 ], [ -54.73364, -19.6082 ], [ -54.73453, -19.60889 ], [ -54.73502, -19.6094 ], [ -54.73537, -19.60991 ], [ -54.73561, -19.61052 ], [ -54.73584, -19.61151 ], [ -54.73597, -19.61333 ], [ -54.73578, -19.61388 ], [ -54.73498, -19.61477 ], [ -54.73486, -19.61515 ], [ -54.73501, -19.61537 ], [ -54.73536, -19.61564 ], [ -54.73675, -19.61624 ], [ -54.7373, -19.61665 ], [ -54.73773, -19.61735 ], [ -54.73785, -19.61833 ], [ -54.73759, -19.61921 ], [ -54.73732, -19.61951 ], [ -54.73695, -19.61976 ], [ -54.73653, -19.61979 ], [ -54.73544, -19.61944 ], [ -54.73505, -19.6194 ], [ -54.73464, -19.61964 ], [ -54.73447, -19.61999 ], [ -54.73473, -19.62063 ], [ -54.73529, -19.62139 ], [ -54.73658, -19.62277 ], [ -54.73838, -19.62434 ], [ -54.73885, -19.62463 ], [ -54.73925, -19.62476 ], [ -54.73978, -19.62481 ], [ -54.74052, -19.62467 ], [ -54.74404, -19.62357 ], [ -54.74621, -19.62314 ], [ -54.74761, -19.62314 ], [ -54.7484, -19.62333 ], [ -54.74913, -19.62363 ], [ -54.7501, -19.62419 ], [ -54.75069, -19.6247 ], [ -54.75102, -19.62519 ], [ -54.75107, -19.62546 ], [ -54.75101, -19.62569 ], [ -54.75073, -19.62585 ], [ -54.75025, -19.62585 ], [ -54.7478, -19.6251 ], [ -54.74697, -19.62528 ], [ -54.74644, -19.62581 ], [ -54.74608, -19.62654 ], [ -54.74612, -19.62719 ], [ -54.7465, -19.62794 ], [ -54.74767, -19.62929 ], [ -54.74838, -19.62988 ], [ -54.74893, -19.63019 ], [ -54.753, -19.63116 ], [ -54.7546, -19.63178 ], [ -54.755, -19.63178 ], [ -54.75528, -19.63163 ], [ -54.75559, -19.63124 ], [ -54.75611, -19.63026 ], [ -54.75655, -19.62994 ], [ -54.75848, -19.62967 ], [ -54.75993, -19.62924 ], [ -54.76099, -19.62905 ], [ -54.76134, -19.62996 ], [ -54.76135, -19.63099 ], [ -54.76144, -19.63158 ], [ -54.76206, -19.63252 ], [ -54.76204, -19.63278 ], [ -54.76181, -19.6333 ], [ -54.7618, -19.63367 ], [ -54.76195, -19.63406 ], [ -54.76242, -19.63463 ], [ -54.76253, -19.63493 ], [ -54.76238, -19.63526 ], [ -54.76164, -19.63613 ], [ -54.76126, -19.63747 ], [ -54.76101, -19.63798 ], [ -54.76032, -19.63864 ], [ -54.75989, -19.63944 ], [ -54.75951, -19.63972 ], [ -54.75908, -19.63971 ], [ -54.75718, -19.63912 ], [ -54.75658, -19.63906 ], [ -54.75607, -19.63924 ], [ -54.75465, -19.64011 ], [ -54.75325, -19.64041 ], [ -54.75301, -19.64051 ], [ -54.75288, -19.64067 ], [ -54.75275, -19.64161 ], [ -54.75227, -19.64253 ], [ -54.75238, -19.64293 ], [ -54.75264, -19.64315 ], [ -54.75294, -19.64322 ], [ -54.75407, -19.64286 ], [ -54.75455, -19.64286 ], [ -54.75489, -19.64313 ], [ -54.75497, -19.64343 ], [ -54.75497, -19.64378 ], [ -54.75475, -19.64453 ], [ -54.7539, -19.64608 ], [ -54.75338, -19.64726 ], [ -54.75298, -19.64836 ], [ -54.75266, -19.64962 ], [ -54.75254, -19.65074 ], [ -54.75263, -19.65213 ], [ -54.75246, -19.65303 ], [ -54.75256, -19.65327 ], [ -54.75292, -19.65366 ], [ -54.75297, -19.6539 ], [ -54.75292, -19.6541 ], [ -54.75266, -19.65442 ], [ -54.75208, -19.65494 ], [ -54.75032, -19.65601 ], [ -54.74998, -19.65638 ], [ -54.74974, -19.65684 ], [ -54.74957, -19.65878 ], [ -54.74967, -19.6611 ], [ -54.7499, -19.66206 ], [ -54.75046, -19.66317 ], [ -54.75055, -19.66357 ], [ -54.75047, -19.66394 ], [ -54.74963, -19.66553 ], [ -54.74914, -19.66583 ], [ -54.7487, -19.66588 ], [ -54.74721, -19.66522 ], [ -54.74695, -19.66531 ], [ -54.74677, -19.66558 ], [ -54.74674, -19.66596 ], [ -54.74686, -19.66684 ], [ -54.74759, -19.6702 ], [ -54.74759, -19.67156 ], [ -54.74719, -19.67342 ], [ -54.74678, -19.67464 ], [ -54.74645, -19.6753 ], [ -54.74553, -19.67655 ], [ -54.74495, -19.67816 ], [ -54.74461, -19.67878 ], [ -54.74421, -19.67909 ], [ -54.74289, -19.67965 ], [ -54.74221, -19.68016 ], [ -54.74179, -19.68073 ], [ -54.74096, -19.68243 ], [ -54.74027, -19.68327 ], [ -54.73895, -19.68397 ], [ -54.7381, -19.68454 ], [ -54.73606, -19.68637 ], [ -54.73554, -19.68674 ], [ -54.73491, -19.68699 ], [ -54.73273, -19.68751 ], [ -54.73174, -19.68797 ], [ -54.73118, -19.68845 ], [ -54.73072, -19.68901 ], [ -54.73039, -19.68953 ], [ -54.73021, -19.69007 ], [ -54.73008, -19.69086 ], [ -54.73013, -19.69174 ], [ -54.73046, -19.69303 ], [ -54.73121, -19.69441 ], [ -54.73125, -19.69478 ], [ -54.73114, -19.69564 ], [ -54.73116, -19.69611 ], [ -54.73145, -19.69648 ], [ -54.73218, -19.69674 ], [ -54.7324, -19.69696 ], [ -54.73299, -19.69873 ], [ -54.73347, -19.69988 ], [ -54.73342, -19.70032 ], [ -54.73292, -19.70085 ], [ -54.73278, -19.70114 ], [ -54.73288, -19.70188 ], [ -54.7332, -19.70243 ], [ -54.73477, -19.70366 ], [ -54.73508, -19.70422 ], [ -54.73511, -19.70476 ], [ -54.73482, -19.70546 ], [ -54.73282, -19.708 ], [ -54.73192, -19.70883 ], [ -54.73028, -19.70989 ], [ -54.72963, -19.71044 ], [ -54.72931, -19.71086 ], [ -54.72842, -19.71254 ], [ -54.72809, -19.7129 ], [ -54.72698, -19.71373 ], [ -54.72679, -19.71411 ], [ -54.72687, -19.71465 ], [ -54.72706, -19.71485 ], [ -54.72755, -19.71503 ], [ -54.72869, -19.71526 ], [ -54.72888, -19.71535 ], [ -54.72926, -19.71578 ], [ -54.72953, -19.71624 ], [ -54.7297, -19.71685 ], [ -54.72981, -19.71824 ], [ -54.7299, -19.71863 ], [ -54.73075, -19.7198 ], [ -54.73145, -19.72122 ], [ -54.73229, -19.72221 ], [ -54.73285, -19.72383 ], [ -54.73296, -19.72437 ], [ -54.73253, -19.72649 ], [ -54.73296, -19.72694 ], [ -54.73315, -19.72731 ], [ -54.73348, -19.72868 ], [ -54.73354, -19.72962 ], [ -54.73336, -19.7307 ], [ -54.73289, -19.73189 ], [ -54.73252, -19.73244 ], [ -54.73208, -19.73277 ], [ -54.73167, -19.73286 ], [ -54.73059, -19.73284 ], [ -54.73034, -19.733 ], [ -54.73024, -19.73319 ], [ -54.73043, -19.73362 ], [ -54.73157, -19.73502 ], [ -54.73228, -19.73611 ], [ -54.73295, -19.73797 ], [ -54.73409, -19.74002 ], [ -54.73443, -19.74097 ], [ -54.73439, -19.74154 ], [ -54.73416, -19.74194 ], [ -54.73355, -19.74246 ], [ -54.73242, -19.74311 ], [ -54.73227, -19.74337 ], [ -54.7322, -19.74372 ], [ -54.7322, -19.74447 ], [ -54.73247, -19.7464 ], [ -54.73254, -19.74757 ], [ -54.73249, -19.74919 ], [ -54.73223, -19.75093 ], [ -54.7323, -19.75197 ], [ -54.73243, -19.75246 ], [ -54.73267, -19.75291 ], [ -54.73433, -19.75485 ], [ -54.73448, -19.75536 ], [ -54.73454, -19.756 ], [ -54.73446, -19.75688 ], [ -54.73427, -19.75752 ], [ -54.73332, -19.75948 ], [ -54.73294, -19.7606 ], [ -54.73278, -19.76166 ], [ -54.73281, -19.76312 ], [ -54.73291, -19.76376 ], [ -54.73337, -19.76467 ], [ -54.7336, -19.76489 ], [ -54.73391, -19.76493 ], [ -54.73491, -19.76449 ], [ -54.73527, -19.76441 ], [ -54.73559, -19.76454 ], [ -54.73577, -19.76498 ], [ -54.73571, -19.76559 ], [ -54.73497, -19.76715 ], [ -54.73477, -19.76804 ], [ -54.73444, -19.77163 ], [ -54.73445, -19.77217 ], [ -54.73458, -19.7726 ], [ -54.73488, -19.77282 ], [ -54.73518, -19.77284 ], [ -54.73708, -19.77218 ], [ -54.73791, -19.77202 ], [ -54.73852, -19.77211 ], [ -54.739, -19.77249 ], [ -54.73929, -19.77336 ], [ -54.73938, -19.77496 ], [ -54.73958, -19.77558 ], [ -54.7398, -19.77593 ], [ -54.74064, -19.77675 ], [ -54.74238, -19.77817 ], [ -54.74353, -19.77884 ], [ -54.74461, -19.77927 ], [ -54.75358, -19.78174 ], [ -54.75761, -19.78272 ], [ -54.75851, -19.78285 ], [ -54.75947, -19.78276 ], [ -54.76031, -19.78242 ], [ -54.76074, -19.782 ], [ -54.76163, -19.78067 ], [ -54.76192, -19.78043 ], [ -54.76217, -19.7804 ], [ -54.76238, -19.78074 ], [ -54.76226, -19.78219 ], [ -54.76231, -19.78276 ], [ -54.76307, -19.7845 ], [ -54.76317, -19.78493 ], [ -54.76304, -19.7854 ], [ -54.76287, -19.78557 ], [ -54.76211, -19.78507 ], [ -54.76196, -19.78505 ], [ -54.76183, -19.78517 ], [ -54.76177, -19.78556 ], [ -54.76192, -19.78649 ], [ -54.76184, -19.78739 ], [ -54.76205, -19.78783 ], [ -54.76237, -19.78788 ], [ -54.7627, -19.78768 ], [ -54.76311, -19.78715 ], [ -54.76364, -19.78615 ], [ -54.76406, -19.78591 ], [ -54.76442, -19.78596 ], [ -54.76464, -19.78617 ], [ -54.7649, -19.78665 ], [ -54.76512, -19.78742 ], [ -54.76534, -19.78756 ], [ -54.76628, -19.78748 ], [ -54.76761, -19.78795 ], [ -54.76784, -19.78773 ], [ -54.76812, -19.78697 ], [ -54.7683, -19.7869 ], [ -54.76862, -19.78698 ], [ -54.76875, -19.78717 ], [ -54.76873, -19.7879 ], [ -54.7688, -19.78819 ], [ -54.76972, -19.78902 ], [ -54.77033, -19.7904 ], [ -54.77061, -19.79081 ], [ -54.77107, -19.79122 ], [ -54.77174, -19.79165 ], [ -54.77333, -19.79201 ], [ -54.77378, -19.79224 ], [ -54.77398, -19.79256 ], [ -54.77384, -19.7935 ], [ -54.77404, -19.79397 ], [ -54.77438, -19.79422 ], [ -54.77535, -19.79451 ], [ -54.77569, -19.7947 ], [ -54.77691, -19.79616 ], [ -54.77824, -19.79748 ], [ -54.78011, -19.79954 ], [ -54.7806, -19.79983 ], [ -54.78122, -19.79985 ], [ -54.78148, -19.79963 ], [ -54.78219, -19.79854 ], [ -54.78255, -19.79833 ], [ -54.78297, -19.79831 ], [ -54.78346, -19.79867 ], [ -54.78402, -19.7993 ], [ -54.78532, -19.80137 ], [ -54.78545, -19.80292 ], [ -54.78579, -19.80359 ], [ -54.78634, -19.80425 ], [ -54.78705, -19.80493 ], [ -54.78851, -19.80587 ], [ -54.789, -19.8066 ], [ -54.78888, -19.80691 ], [ -54.78856, -19.80725 ], [ -54.78682, -19.80847 ], [ -54.78631, -19.80892 ], [ -54.78613, -19.8093 ], [ -54.78624, -19.80972 ], [ -54.7867, -19.80995 ], [ -54.78789, -19.80983 ], [ -54.78855, -19.80998 ], [ -54.78892, -19.81034 ], [ -54.78914, -19.81112 ], [ -54.78933, -19.81144 ], [ -54.7915, -19.81315 ], [ -54.79195, -19.81343 ], [ -54.79257, -19.81368 ], [ -54.79389, -19.81379 ], [ -54.79442, -19.81396 ], [ -54.79469, -19.8149 ], [ -54.79531, -19.81601 ], [ -54.79592, -19.81852 ], [ -54.7961, -19.81885 ], [ -54.79639, -19.81911 ], [ -54.79697, -19.81928 ], [ -54.79885, -19.8191 ], [ -54.79979, -19.81914 ], [ -54.80093, -19.81934 ], [ -54.80142, -19.8196 ], [ -54.80193, -19.82028 ], [ -54.8032, -19.8226 ], [ -54.80333, -19.82315 ], [ -54.8033, -19.82431 ], [ -54.80362, -19.82473 ], [ -54.80392, -19.82484 ], [ -54.80438, -19.82487 ], [ -54.8065, -19.82471 ], [ -54.80737, -19.82473 ], [ -54.80871, -19.82512 ], [ -54.80958, -19.82569 ], [ -54.8102, -19.82634 ], [ -54.81064, -19.82699 ], [ -54.8115, -19.82879 ], [ -54.81254, -19.83129 ], [ -54.81313, -19.83226 ], [ -54.8135, -19.83259 ], [ -54.81386, -19.8328 ], [ -54.81616, -19.83362 ], [ -54.81674, -19.83403 ], [ -54.81716, -19.83454 ], [ -54.81754, -19.83541 ], [ -54.8177, -19.83633 ], [ -54.81767, -19.83696 ], [ -54.81743, -19.83821 ], [ -54.81742, -19.83882 ], [ -54.81756, -19.83925 ], [ -54.81791, -19.83966 ], [ -54.81839, -19.83989 ], [ -54.81909, -19.84 ], [ -54.82434, -19.83983 ], [ -54.82558, -19.83972 ], [ -54.82636, -19.83953 ], [ -54.82729, -19.83916 ], [ -54.82803, -19.83876 ], [ -54.82934, -19.8379 ], [ -54.82995, -19.83774 ], [ -54.83047, -19.83778 ], [ -54.83215, -19.83839 ], [ -54.83346, -19.83871 ], [ -54.83405, -19.83904 ], [ -54.83444, -19.83948 ], [ -54.83545, -19.84129 ], [ -54.83593, -19.84194 ], [ -54.837, -19.84301 ], [ -54.83798, -19.84365 ], [ -54.83795, -19.8442 ], [ -54.83823, -19.84555 ], [ -54.8384, -19.84762 ], [ -54.83859, -19.84817 ], [ -54.83965, -19.85029 ], [ -54.83986, -19.85106 ], [ -54.83987, -19.85183 ], [ -54.83964, -19.85426 ], [ -54.84007, -19.8568 ], [ -54.84014, -19.85777 ], [ -54.83954, -19.86011 ], [ -54.83948, -19.86068 ], [ -54.83989, -19.8629 ], [ -54.84006, -19.86428 ], [ -54.84042, -19.86571 ], [ -54.84046, -19.8661 ], [ -54.84022, -19.86658 ], [ -54.83957, -19.86716 ], [ -54.83689, -19.86901 ], [ -54.83452, -19.87049 ], [ -54.83422, -19.87073 ], [ -54.83397, -19.87106 ], [ -54.83392, -19.87139 ], [ -54.8341, -19.87191 ], [ -54.83463, -19.87285 ], [ -54.83516, -19.87356 ], [ -54.83572, -19.87401 ], [ -54.83734, -19.87472 ], [ -54.8379, -19.8751 ], [ -54.83869, -19.87594 ], [ -54.83891, -19.87639 ], [ -54.83897, -19.87677 ], [ -54.83863, -19.87761 ], [ -54.83812, -19.87816 ], [ -54.83739, -19.87839 ], [ -54.83552, -19.87862 ], [ -54.83497, -19.87885 ], [ -54.8344, -19.87921 ], [ -54.83391, -19.87963 ], [ -54.83355, -19.88011 ], [ -54.83332, -19.88067 ], [ -54.83326, -19.88115 ], [ -54.83333, -19.88183 ], [ -54.83352, -19.88253 ], [ -54.83471, -19.88468 ], [ -54.83483, -19.8854 ], [ -54.83486, -19.88655 ], [ -54.83497, -19.88693 ], [ -54.83522, -19.88739 ], [ -54.83544, -19.88761 ], [ -54.83574, -19.88769 ], [ -54.83757, -19.88748 ], [ -54.83857, -19.88752 ], [ -54.83905, -19.88743 ], [ -54.83944, -19.8871 ], [ -54.84034, -19.88595 ], [ -54.84072, -19.88581 ], [ -54.84132, -19.88583 ], [ -54.84215, -19.88615 ], [ -54.84263, -19.88648 ], [ -54.84298, -19.88698 ], [ -54.8439, -19.88973 ], [ -54.84441, -19.89068 ], [ -54.84551, -19.89232 ], [ -54.84581, -19.89306 ], [ -54.8457, -19.89325 ], [ -54.84546, -19.89338 ], [ -54.84394, -19.89355 ], [ -54.8437, -19.89373 ], [ -54.84346, -19.8941 ], [ -54.8427, -19.89801 ], [ -54.8428, -19.89852 ], [ -54.84316, -19.89904 ], [ -54.84358, -19.89928 ], [ -54.84404, -19.89938 ], [ -54.84467, -19.89941 ], [ -54.84531, -19.89932 ], [ -54.84609, -19.89898 ], [ -54.848, -19.89763 ], [ -54.84866, -19.89728 ], [ -54.84969, -19.89707 ], [ -54.85028, -19.89728 ], [ -54.85067, -19.89776 ], [ -54.8509, -19.89858 ], [ -54.85089, -19.90003 ], [ -54.8506, -19.90333 ], [ -54.85068, -19.90401 ], [ -54.85109, -19.90497 ], [ -54.85265, -19.90668 ], [ -54.85382, -19.90778 ], [ -54.85567, -19.9093 ], [ -54.85933, -19.91205 ], [ -54.86064, -19.91285 ], [ -54.8626, -19.91366 ], [ -54.86304, -19.914 ], [ -54.86393, -19.91494 ], [ -54.86464, -19.91524 ], [ -54.86536, -19.91538 ], [ -54.86598, -19.91533 ], [ -54.86758, -19.91496 ], [ -54.86831, -19.91503 ], [ -54.86858, -19.91517 ], [ -54.86885, -19.91544 ], [ -54.86955, -19.91663 ], [ -54.87055, -19.91732 ], [ -54.87103, -19.91809 ], [ -54.87113, -19.91872 ], [ -54.87055, -19.92265 ], [ -54.87052, -19.92401 ], [ -54.87057, -19.92428 ], [ -54.8707, -19.92444 ], [ -54.87113, -19.92471 ], [ -54.87147, -19.92478 ], [ -54.87191, -19.92471 ], [ -54.87254, -19.92446 ], [ -54.87355, -19.92381 ], [ -54.87479, -19.92282 ], [ -54.87625, -19.92125 ], [ -54.87701, -19.92094 ], [ -54.87767, -19.921 ], [ -54.87827, -19.92131 ], [ -54.87929, -19.92222 ], [ -54.88113, -19.92266 ], [ -54.88178, -19.92301 ], [ -54.88248, -19.92397 ], [ -54.88338, -19.92597 ], [ -54.88394, -19.92692 ], [ -54.88571, -19.92832 ], [ -54.88694, -19.92969 ], [ -54.8867, -19.93121 ], [ -54.88642, -19.93166 ], [ -54.88563, -19.93227 ], [ -54.88325, -19.9335 ], [ -54.88302, -19.93373 ], [ -54.8828, -19.93414 ], [ -54.88278, -19.93462 ], [ -54.88289, -19.93519 ], [ -54.88309, -19.93562 ], [ -54.88335, -19.93588 ], [ -54.88412, -19.93631 ], [ -54.887, -19.93729 ], [ -54.88808, -19.93781 ], [ -54.88853, -19.93813 ], [ -54.88899, -19.93865 ], [ -54.88919, -19.93906 ], [ -54.88926, -19.93954 ], [ -54.88921, -19.9399 ], [ -54.88897, -19.94033 ], [ -54.88866, -19.9406 ], [ -54.88819, -19.94083 ], [ -54.88777, -19.94093 ], [ -54.88733, -19.94092 ], [ -54.88521, -19.94053 ], [ -54.8846, -19.94051 ], [ -54.88403, -19.94067 ], [ -54.88285, -19.94136 ], [ -54.88239, -19.94182 ], [ -54.88195, -19.94262 ], [ -54.88168, -19.94333 ], [ -54.88153, -19.9441 ], [ -54.88149, -19.9448 ], [ -54.88157, -19.9456 ], [ -54.8822, -19.94862 ], [ -54.88238, -19.94906 ], [ -54.8827, -19.94932 ], [ -54.88308, -19.94946 ], [ -54.88345, -19.94945 ], [ -54.88393, -19.94929 ], [ -54.88429, -19.94896 ], [ -54.88503, -19.94783 ], [ -54.88575, -19.94698 ], [ -54.88632, -19.94665 ], [ -54.88694, -19.94656 ], [ -54.88735, -19.94665 ], [ -54.88773, -19.94686 ], [ -54.88911, -19.94817 ], [ -54.88964, -19.94848 ], [ -54.89023, -19.94853 ], [ -54.89272, -19.94838 ], [ -54.89341, -19.94849 ], [ -54.89409, -19.94873 ], [ -54.89484, -19.94912 ], [ -54.8952, -19.94942 ], [ -54.89547, -19.94982 ], [ -54.89569, -19.95044 ], [ -54.89572, -19.95136 ], [ -54.89556, -19.95279 ], [ -54.89515, -19.95506 ], [ -54.89446, -19.95799 ], [ -54.89433, -19.95885 ], [ -54.8943, -19.95973 ], [ -54.89446, -19.96046 ], [ -54.89596, -19.96318 ], [ -54.8968, -19.96509 ], [ -54.89692, -19.96568 ], [ -54.89692, -19.96675 ], [ -54.89678, -19.96745 ], [ -54.89646, -19.96791 ], [ -54.89595, -19.96837 ], [ -54.89504, -19.96892 ], [ -54.89484, -19.96919 ], [ -54.89479, -19.96991 ], [ -54.89544, -19.97154 ], [ -54.89553, -19.9722 ], [ -54.89443, -19.97504 ], [ -54.89318, -19.97669 ], [ -54.89308, -19.977 ], [ -54.89309, -19.97749 ], [ -54.89334, -19.97781 ], [ -54.89401, -19.97801 ], [ -54.89489, -19.97806 ], [ -54.89761, -19.97796 ], [ -54.89822, -19.97804 ], [ -54.8987, -19.97828 ], [ -54.8991, -19.97891 ], [ -54.89922, -19.97947 ], [ -54.89918, -19.97997 ], [ -54.89886, -19.98132 ], [ -54.8989, -19.98215 ], [ -54.89943, -19.98408 ], [ -54.90015, -19.9854 ], [ -54.90085, -19.98628 ], [ -54.90155, -19.98689 ], [ -54.90426, -19.98829 ], [ -54.90612, -19.98947 ], [ -54.90557, -19.99024 ], [ -54.9044, -19.99115 ], [ -54.90215, -19.99208 ], [ -54.90133, -19.99259 ], [ -54.89992, -19.99427 ], [ -54.89817, -19.99606 ], [ -54.89739, -19.997 ], [ -54.89728, -19.9972 ], [ -54.89726, -19.99746 ], [ -54.89744, -19.99807 ], [ -54.89784, -19.99856 ], [ -54.89926, -19.99995 ], [ -54.90108, -20.00052 ], [ -54.90257, -20.00148 ], [ -54.90293, -20.0018 ], [ -54.90306, -20.00202 ], [ -54.90298, -20.00404 ], [ -54.90314, -20.00453 ], [ -54.90336, -20.00488 ], [ -54.90369, -20.00513 ], [ -54.90405, -20.00528 ], [ -54.90448, -20.00531 ], [ -54.90491, -20.00513 ], [ -54.90555, -20.00468 ], [ -54.90564, -20.00453 ], [ -54.90591, -20.00395 ], [ -54.90583, -20.00304 ], [ -54.90584, -20.00192 ], [ -54.90592, -20.00167 ], [ -54.90625, -20.00137 ], [ -54.90681, -20.00129 ], [ -54.90802, -20.00149 ], [ -54.90888, -20.00115 ], [ -54.90967, -20.00108 ], [ -54.91006, -20.00114 ], [ -54.91169, -20.00175 ], [ -54.91199, -20.00208 ], [ -54.91207, -20.00246 ], [ -54.912, -20.00283 ], [ -54.91142, -20.00394 ], [ -54.91114, -20.00469 ], [ -54.91101, -20.00543 ], [ -54.91103, -20.00618 ], [ -54.91122, -20.00693 ], [ -54.91142, -20.00734 ], [ -54.91187, -20.00792 ], [ -54.9129, -20.00858 ], [ -54.91316, -20.00893 ], [ -54.91357, -20.01006 ], [ -54.91404, -20.01082 ], [ -54.91509, -20.01171 ], [ -54.91536, -20.01209 ], [ -54.91562, -20.01284 ], [ -54.91573, -20.01396 ], [ -54.91566, -20.01433 ], [ -54.91517, -20.01544 ], [ -54.91489, -20.01731 ], [ -54.91497, -20.01805 ], [ -54.91536, -20.01875 ], [ -54.91629, -20.01935 ], [ -54.92007, -20.02112 ], [ -54.92085, -20.02137 ], [ -54.92204, -20.02156 ], [ -54.92289, -20.02157 ], [ -54.92456, -20.02127 ], [ -54.92496, -20.0213 ], [ -54.92562, -20.02161 ], [ -54.9261, -20.02215 ], [ -54.9266, -20.02313 ], [ -54.9267, -20.02365 ], [ -54.92666, -20.02589 ], [ -54.92727, -20.03 ], [ -54.92726, -20.03075 ], [ -54.92704, -20.03168 ], [ -54.927, -20.03224 ], [ -54.92726, -20.03336 ], [ -54.92809, -20.03486 ], [ -54.9287, -20.03562 ], [ -54.92924, -20.03664 ], [ -54.92956, -20.03787 ], [ -54.92967, -20.03939 ], [ -54.92923, -20.04023 ], [ -54.92874, -20.04067 ], [ -54.92835, -20.04064 ], [ -54.9253, -20.03908 ], [ -54.92372, -20.03901 ], [ -54.92287, -20.03924 ], [ -54.92205, -20.03923 ], [ -54.92122, -20.03942 ], [ -54.91866, -20.04041 ], [ -54.91609, -20.04164 ], [ -54.91438, -20.04224 ], [ -54.91353, -20.04232 ], [ -54.91271, -20.04229 ], [ -54.91219, -20.0428 ], [ -54.91222, -20.04344 ], [ -54.91237, -20.04381 ], [ -54.91291, -20.04451 ], [ -54.91338, -20.04463 ], [ -54.91377, -20.04459 ], [ -54.91585, -20.0438 ], [ -54.9164, -20.0438 ], [ -54.91764, -20.04514 ], [ -54.9194, -20.04662 ], [ -54.92051, -20.04727 ], [ -54.9213, -20.04761 ], [ -54.92209, -20.04783 ], [ -54.92288, -20.0479 ], [ -54.92643, -20.04791 ], [ -54.92682, -20.048 ], [ -54.92737, -20.0483 ], [ -54.92746, -20.04858 ], [ -54.92736, -20.04896 ], [ -54.92674, -20.04994 ], [ -54.92586, -20.0506 ], [ -54.92499, -20.0511 ], [ -54.92371, -20.0517 ], [ -54.922, -20.05221 ], [ -54.91944, -20.05247 ], [ -54.91859, -20.05284 ], [ -54.91806, -20.05324 ], [ -54.91788, -20.05353 ], [ -54.91777, -20.05393 ], [ -54.91773, -20.05473 ], [ -54.91788, -20.05548 ], [ -54.91831, -20.05623 ], [ -54.91864, -20.05652 ], [ -54.91893, -20.05661 ], [ -54.91972, -20.05658 ], [ -54.9214, -20.05595 ], [ -54.92512, -20.0539 ], [ -54.92602, -20.05368 ], [ -54.92641, -20.05376 ], [ -54.9272, -20.05408 ], [ -54.92824, -20.0549 ], [ -54.92878, -20.05546 ], [ -54.92979, -20.057 ], [ -54.93004, -20.05849 ], [ -54.92946, -20.06013 ], [ -54.92931, -20.06086 ], [ -54.9293, -20.06173 ], [ -54.92937, -20.06213 ], [ -54.92986, -20.063 ], [ -54.93075, -20.06374 ], [ -54.93253, -20.06477 ], [ -54.93389, -20.06533 ], [ -54.93434, -20.06561 ], [ -54.93472, -20.06596 ], [ -54.93529, -20.06728 ], [ -54.93558, -20.06858 ], [ -54.93588, -20.06901 ], [ -54.93639, -20.06945 ], [ -54.9373, -20.06978 ], [ -54.94139, -20.07036 ], [ -54.94367, -20.07054 ], [ -54.94458, -20.07082 ], [ -54.9458, -20.07174 ], [ -54.94638, -20.07238 ], [ -54.94674, -20.07296 ], [ -54.94648, -20.07652 ], [ -54.94685, -20.0775 ], [ -54.94756, -20.07845 ], [ -54.94818, -20.07875 ], [ -54.94903, -20.07889 ], [ -54.95116, -20.07854 ], [ -54.95244, -20.0786 ], [ -54.95329, -20.07899 ], [ -54.95455, -20.07976 ], [ -54.95621, -20.0809 ], [ -54.95678, -20.08156 ], [ -54.95705, -20.08204 ], [ -54.95715, -20.08244 ], [ -54.9571, -20.08284 ], [ -54.95691, -20.08327 ], [ -54.95629, -20.0841 ], [ -54.9548, -20.08543 ], [ -54.95435, -20.08593 ], [ -54.95422, -20.08629 ], [ -54.95414, -20.08699 ], [ -54.95432, -20.08795 ], [ -54.95434, -20.08876 ], [ -54.95415, -20.08959 ], [ -54.95335, -20.09173 ], [ -54.95328, -20.09216 ], [ -54.95363, -20.0934 ], [ -54.95385, -20.09381 ], [ -54.95423, -20.09413 ], [ -54.95524, -20.09465 ], [ -54.95703, -20.09509 ], [ -54.95756, -20.09507 ], [ -54.95822, -20.09485 ], [ -54.95943, -20.09426 ], [ -54.96024, -20.09365 ], [ -54.96053, -20.09325 ], [ -54.96091, -20.09251 ], [ -54.96138, -20.09027 ], [ -54.96161, -20.08953 ], [ -54.96211, -20.08903 ], [ -54.96252, -20.08891 ], [ -54.96292, -20.08888 ], [ -54.9637, -20.08914 ], [ -54.96488, -20.08974 ], [ -54.96645, -20.0904 ], [ -54.96763, -20.09071 ], [ -54.96921, -20.09098 ], [ -54.97079, -20.09143 ], [ -54.97196, -20.0919 ], [ -54.97275, -20.09233 ], [ -54.9734, -20.09281 ], [ -54.97394, -20.09351 ], [ -54.97475, -20.09511 ], [ -54.97495, -20.09586 ], [ -54.97499, -20.09772 ], [ -54.9748, -20.09922 ], [ -54.97495, -20.10071 ], [ -54.97544, -20.10184 ], [ -54.97652, -20.10372 ], [ -54.97719, -20.10522 ], [ -54.97794, -20.10629 ], [ -54.97877, -20.10671 ], [ -54.97995, -20.10686 ], [ -54.98035, -20.10682 ], [ -54.98074, -20.10665 ], [ -54.98197, -20.10573 ], [ -54.98256, -20.10568 ], [ -54.98335, -20.10598 ], [ -54.98377, -20.10641 ], [ -54.98411, -20.10725 ], [ -54.98447, -20.10771 ], [ -54.98477, -20.10789 ], [ -54.98595, -20.1083 ], [ -54.98622, -20.10859 ], [ -54.98629, -20.10903 ], [ -54.98621, -20.10951 ], [ -54.9854, -20.11087 ], [ -54.98532, -20.11107 ], [ -54.98533, -20.11137 ], [ -54.98551, -20.11187 ], [ -54.98611, -20.11263 ], [ -54.98717, -20.11318 ], [ -54.98756, -20.11329 ], [ -54.98808, -20.11331 ], [ -54.99058, -20.11228 ], [ -54.99286, -20.11094 ], [ -54.99344, -20.11092 ], [ -54.99375, -20.11109 ], [ -54.99537, -20.11268 ], [ -54.99566, -20.11312 ], [ -54.99604, -20.11462 ], [ -54.99589, -20.11574 ], [ -54.99551, -20.11686 ], [ -54.99538, -20.1176 ], [ -54.99576, -20.11872 ], [ -54.99677, -20.1206 ], [ -54.99693, -20.12114 ], [ -54.99671, -20.12172 ], [ -54.99607, -20.12296 ], [ -54.99599, -20.12433 ], [ -54.99625, -20.12545 ], [ -54.99665, -20.1262 ], [ -54.99717, -20.12695 ], [ -54.99785, -20.12761 ], [ -54.99856, -20.12796 ], [ -54.99895, -20.12807 ], [ -55.00201, -20.12814 ], [ -55.0025, -20.12787 ], [ -55.00318, -20.12713 ], [ -55.00478, -20.1249 ], [ -55.00593, -20.12367 ], [ -55.00692, -20.12277 ], [ -55.00752, -20.12235 ], [ -55.00785, -20.12223 ], [ -55.00836, -20.12224 ], [ -55.00948, -20.12269 ], [ -55.01011, -20.12275 ], [ -55.01113, -20.12233 ], [ -55.01341, -20.12118 ], [ -55.01412, -20.1209 ], [ -55.01479, -20.12077 ], [ -55.01534, -20.1209 ], [ -55.01549, -20.12107 ], [ -55.01557, -20.12151 ], [ -55.01541, -20.12213 ], [ -55.01541, -20.12339 ], [ -55.01559, -20.12395 ], [ -55.01589, -20.12454 ], [ -55.01604, -20.12519 ], [ -55.01589, -20.12595 ], [ -55.01565, -20.12635 ], [ -55.01429, -20.12755 ], [ -55.01419, -20.12787 ], [ -55.01428, -20.12827 ], [ -55.01471, -20.12893 ], [ -55.01534, -20.12958 ], [ -55.01734, -20.13149 ], [ -55.0182, -20.13209 ], [ -55.01874, -20.13231 ], [ -55.01915, -20.13235 ], [ -55.01968, -20.13214 ], [ -55.01979, -20.13202 ], [ -55.02003, -20.13149 ], [ -55.02011, -20.12993 ], [ -55.02043, -20.12904 ], [ -55.02146, -20.12754 ], [ -55.02265, -20.1262 ], [ -55.02317, -20.12588 ], [ -55.02365, -20.12579 ], [ -55.02408, -20.12603 ], [ -55.0247, -20.12685 ], [ -55.02504, -20.12702 ], [ -55.02548, -20.12704 ], [ -55.02614, -20.12669 ], [ -55.02683, -20.12597 ], [ -55.02781, -20.12517 ], [ -55.02815, -20.12501 ], [ -55.02849, -20.12501 ], [ -55.02883, -20.12512 ], [ -55.0291, -20.1254 ], [ -55.02919, -20.12593 ], [ -55.02951, -20.12666 ], [ -55.03013, -20.12752 ], [ -55.03085, -20.12806 ], [ -55.03253, -20.12893 ], [ -55.03339, -20.12969 ], [ -55.03379, -20.1304 ], [ -55.03396, -20.13107 ], [ -55.03397, -20.13145 ], [ -55.03412, -20.13172 ], [ -55.03455, -20.13184 ], [ -55.03491, -20.13167 ], [ -55.03522, -20.13161 ], [ -55.03554, -20.13134 ], [ -55.03586, -20.13139 ], [ -55.03603, -20.13153 ], [ -55.03632, -20.13206 ], [ -55.0374, -20.13312 ], [ -55.03817, -20.13432 ], [ -55.03852, -20.13533 ], [ -55.03881, -20.13777 ], [ -55.03902, -20.13811 ], [ -55.03948, -20.1385 ], [ -55.04007, -20.13873 ], [ -55.04083, -20.13877 ], [ -55.04147, -20.13854 ], [ -55.04181, -20.1382 ], [ -55.04196, -20.13755 ], [ -55.04182, -20.13706 ], [ -55.04138, -20.13621 ], [ -55.04119, -20.13566 ], [ -55.04126, -20.13527 ], [ -55.04145, -20.13501 ], [ -55.04189, -20.13482 ], [ -55.04236, -20.13487 ], [ -55.04301, -20.13511 ], [ -55.0438, -20.13561 ], [ -55.04417, -20.13601 ], [ -55.04455, -20.13674 ], [ -55.04464, -20.1386 ], [ -55.04501, -20.13951 ], [ -55.04567, -20.13977 ], [ -55.04716, -20.13992 ], [ -55.04777, -20.14018 ], [ -55.04812, -20.14064 ], [ -55.04815, -20.14099 ], [ -55.0478, -20.14167 ], [ -55.04679, -20.14251 ], [ -55.04584, -20.14314 ], [ -55.04565, -20.14349 ], [ -55.04569, -20.14368 ], [ -55.04598, -20.1439 ], [ -55.04613, -20.14391 ], [ -55.04656, -20.14386 ], [ -55.04701, -20.14366 ], [ -55.04761, -20.14351 ], [ -55.04834, -20.14349 ], [ -55.04855, -20.14356 ], [ -55.04887, -20.14386 ], [ -55.04892, -20.14441 ], [ -55.04864, -20.14507 ], [ -55.0484, -20.14531 ], [ -55.0478, -20.14569 ], [ -55.04703, -20.14586 ], [ -55.0464, -20.14584 ], [ -55.04562, -20.14568 ], [ -55.04525, -20.14569 ], [ -55.04452, -20.14598 ], [ -55.0439, -20.14662 ], [ -55.04349, -20.14746 ], [ -55.04353, -20.14801 ], [ -55.04401, -20.14878 ], [ -55.0446, -20.1494 ], [ -55.0447, -20.1496 ], [ -55.0447, -20.14985 ], [ -55.04441, -20.15023 ], [ -55.04323, -20.15067 ], [ -55.04283, -20.15092 ], [ -55.04264, -20.15114 ], [ -55.04251, -20.15151 ], [ -55.04251, -20.15192 ], [ -55.04298, -20.15315 ], [ -55.04298, -20.15365 ], [ -55.04285, -20.15388 ], [ -55.04235, -20.15435 ], [ -55.04172, -20.15468 ], [ -55.04125, -20.15481 ], [ -55.04111, -20.15494 ], [ -55.04091, -20.15533 ], [ -55.04099, -20.15555 ], [ -55.04321, -20.15752 ], [ -55.04421, -20.15805 ], [ -55.045, -20.15835 ], [ -55.04663, -20.15873 ], [ -55.04797, -20.1589 ], [ -55.04905, -20.15887 ], [ -55.05082, -20.15865 ], [ -55.05174, -20.15867 ], [ -55.05216, -20.15875 ], [ -55.05309, -20.15914 ], [ -55.05382, -20.1596 ], [ -55.05534, -20.16097 ], [ -55.0571, -20.16322 ], [ -55.05822, -20.16434 ], [ -55.05871, -20.16474 ], [ -55.05952, -20.16522 ], [ -55.06119, -20.16581 ], [ -55.06241, -20.16591 ], [ -55.06344, -20.16571 ], [ -55.0638, -20.16558 ], [ -55.06429, -20.1652 ], [ -55.06471, -20.16467 ], [ -55.06501, -20.16333 ], [ -55.06508, -20.16251 ], [ -55.06492, -20.16126 ], [ -55.06484, -20.15958 ], [ -55.06496, -20.1586 ], [ -55.06521, -20.15786 ], [ -55.06567, -20.15719 ], [ -55.06741, -20.15699 ], [ -55.06782, -20.1569 ], [ -55.06825, -20.15667 ], [ -55.06852, -20.15631 ], [ -55.0686, -20.15596 ], [ -55.0686, -20.15532 ], [ -55.0687, -20.15481 ], [ -55.06897, -20.15445 ], [ -55.06929, -20.15426 ], [ -55.06976, -20.15415 ], [ -55.07071, -20.15418 ], [ -55.07139, -20.1544 ], [ -55.07183, -20.15469 ], [ -55.07213, -20.15508 ], [ -55.07226, -20.15548 ], [ -55.07255, -20.15761 ], [ -55.07279, -20.1585 ], [ -55.07316, -20.15902 ], [ -55.07359, -20.15937 ], [ -55.07493, -20.16006 ], [ -55.07711, -20.1606 ], [ -55.07763, -20.1606 ], [ -55.07818, -20.16043 ], [ -55.07957, -20.15954 ], [ -55.08104, -20.15899 ], [ -55.08202, -20.15819 ], [ -55.0824, -20.15768 ], [ -55.08267, -20.15704 ], [ -55.08298, -20.1554 ], [ -55.08316, -20.15488 ], [ -55.08369, -20.15422 ], [ -55.0841, -20.15398 ], [ -55.08483, -20.15382 ], [ -55.08541, -20.15393 ], [ -55.08602, -20.15438 ], [ -55.08679, -20.15528 ], [ -55.08774, -20.15572 ], [ -55.09107, -20.15582 ], [ -55.09302, -20.15616 ], [ -55.09408, -20.15622 ], [ -55.09496, -20.15637 ], [ -55.09556, -20.15633 ], [ -55.09636, -20.15599 ], [ -55.0968, -20.15554 ], [ -55.09698, -20.155 ], [ -55.09717, -20.15362 ], [ -55.09752, -20.15264 ], [ -55.09823, -20.15182 ], [ -55.09853, -20.15166 ], [ -55.09896, -20.15157 ], [ -55.09955, -20.15166 ], [ -55.10108, -20.15209 ], [ -55.10159, -20.1521 ], [ -55.1019, -20.15199 ], [ -55.10222, -20.15159 ], [ -55.10235, -20.1508 ], [ -55.10265, -20.15029 ], [ -55.10361, -20.14956 ], [ -55.10454, -20.14914 ], [ -55.10558, -20.14885 ], [ -55.1068, -20.14895 ], [ -55.1076, -20.14966 ], [ -55.10853, -20.15005 ], [ -55.10948, -20.15067 ], [ -55.1101, -20.15174 ], [ -55.11059, -20.15216 ], [ -55.11282, -20.15279 ], [ -55.11412, -20.1534 ], [ -55.11528, -20.15422 ], [ -55.1158, -20.15448 ], [ -55.11648, -20.15455 ], [ -55.1175, -20.15435 ], [ -55.11877, -20.15376 ], [ -55.12068, -20.15258 ], [ -55.12143, -20.15231 ], [ -55.12206, -20.1523 ], [ -55.12295, -20.15254 ], [ -55.1237, -20.15288 ], [ -55.12795, -20.15538 ], [ -55.12896, -20.15587 ], [ -55.13063, -20.15647 ], [ -55.13216, -20.1567 ], [ -55.13287, -20.15663 ], [ -55.1337, -20.15618 ], [ -55.13451, -20.15527 ], [ -55.13518, -20.15403 ], [ -55.13552, -20.15266 ], [ -55.13565, -20.15163 ], [ -55.1355, -20.15069 ], [ -55.1349, -20.14923 ], [ -55.13457, -20.14778 ], [ -55.13454, -20.14663 ], [ -55.13471, -20.14547 ], [ -55.135, -20.145 ], [ -55.13538, -20.14468 ], [ -55.136, -20.14448 ], [ -55.13664, -20.1445 ], [ -55.13751, -20.14468 ], [ -55.1385, -20.14508 ], [ -55.14049, -20.14626 ], [ -55.14169, -20.14676 ], [ -55.14311, -20.14705 ], [ -55.14527, -20.1473 ], [ -55.14661, -20.14772 ], [ -55.14735, -20.14813 ], [ -55.14792, -20.14863 ], [ -55.14848, -20.14937 ], [ -55.14867, -20.14977 ], [ -55.14884, -20.15061 ], [ -55.14915, -20.15099 ], [ -55.14959, -20.15129 ], [ -55.15026, -20.1515 ], [ -55.1524, -20.15175 ], [ -55.15374, -20.152 ], [ -55.15432, -20.15218 ], [ -55.15491, -20.15251 ], [ -55.15634, -20.15362 ], [ -55.15894, -20.15612 ], [ -55.16165, -20.15792 ], [ -55.16379, -20.15961 ], [ -55.16517, -20.16089 ], [ -55.16646, -20.16245 ], [ -55.16749, -20.16346 ], [ -55.16982, -20.16512 ], [ -55.17272, -20.16698 ], [ -55.17578, -20.16825 ], [ -55.1777, -20.16859 ], [ -55.17928, -20.16905 ], [ -55.18027, -20.1697 ], [ -55.18195, -20.17132 ], [ -55.18262, -20.17171 ], [ -55.18345, -20.172 ], [ -55.18425, -20.17213 ], [ -55.18964, -20.1722 ], [ -55.19122, -20.17268 ], [ -55.19181, -20.1731 ], [ -55.19206, -20.17337 ], [ -55.19316, -20.17602 ], [ -55.19382, -20.1772 ], [ -55.19432, -20.17779 ], [ -55.19487, -20.17814 ], [ -55.19545, -20.17824 ], [ -55.19689, -20.17822 ], [ -55.20031, -20.17774 ], [ -55.2009, -20.17777 ], [ -55.20134, -20.17796 ], [ -55.2019, -20.17846 ], [ -55.20233, -20.17916 ], [ -55.20249, -20.17967 ], [ -55.20259, -20.18064 ], [ -55.20182, -20.1857 ], [ -55.20146, -20.1866 ], [ -55.20064, -20.18786 ], [ -55.20039, -20.18858 ], [ -55.20041, -20.18895 ], [ -55.20055, -20.18932 ], [ -55.20085, -20.18971 ], [ -55.20121, -20.18996 ], [ -55.2027, -20.19055 ], [ -55.20443, -20.1908 ], [ -55.20809, -20.19072 ], [ -55.21077, -20.19099 ], [ -55.21251, -20.19101 ], [ -55.21327, -20.19072 ], [ -55.21372, -20.19031 ], [ -55.21412, -20.18954 ], [ -55.21459, -20.18829 ], [ -55.21478, -20.18801 ], [ -55.21507, -20.18776 ], [ -55.21582, -20.18747 ], [ -55.21651, -20.1874 ], [ -55.21694, -20.18749 ], [ -55.21738, -20.18772 ], [ -55.21775, -20.18808 ], [ -55.21791, -20.18839 ], [ -55.21799, -20.18932 ], [ -55.21792, -20.18986 ], [ -55.2175, -20.19133 ], [ -55.2173, -20.19332 ], [ -55.21708, -20.1942 ], [ -55.21712, -20.19506 ], [ -55.21742, -20.19617 ], [ -55.21748, -20.19744 ], [ -55.21736, -20.19815 ], [ -55.21689, -20.19942 ], [ -55.21674, -20.20006 ], [ -55.21674, -20.20078 ], [ -55.21695, -20.20127 ], [ -55.21725, -20.20148 ], [ -55.21781, -20.20159 ], [ -55.21951, -20.20157 ], [ -55.22084, -20.20165 ], [ -55.22182, -20.2015 ], [ -55.22417, -20.20082 ], [ -55.22593, -20.20065 ], [ -55.22662, -20.20066 ], [ -55.22765, -20.20094 ], [ -55.22949, -20.20204 ], [ -55.23007, -20.20257 ], [ -55.2305, -20.20316 ], [ -55.23112, -20.20439 ], [ -55.23149, -20.20534 ], [ -55.2316, -20.20604 ], [ -55.23151, -20.20865 ], [ -55.23165, -20.20974 ], [ -55.23259, -20.2123 ], [ -55.23301, -20.213 ], [ -55.2342, -20.21392 ], [ -55.23471, -20.21417 ], [ -55.23516, -20.21427 ], [ -55.23652, -20.21432 ], [ -55.23794, -20.21411 ], [ -55.23891, -20.21406 ], [ -55.23994, -20.21414 ], [ -55.24037, -20.21435 ], [ -55.24143, -20.21521 ], [ -55.24254, -20.21591 ], [ -55.24292, -20.2163 ], [ -55.24316, -20.2167 ], [ -55.24324, -20.21713 ], [ -55.24322, -20.21753 ], [ -55.24311, -20.21779 ], [ -55.24204, -20.21875 ], [ -55.24182, -20.21905 ], [ -55.24156, -20.21986 ], [ -55.24162, -20.22055 ], [ -55.24213, -20.22174 ], [ -55.24258, -20.22253 ], [ -55.24401, -20.22414 ], [ -55.2451, -20.22553 ], [ -55.2459, -20.22637 ], [ -55.24704, -20.22736 ], [ -55.2501, -20.22963 ], [ -55.25056, -20.22981 ], [ -55.25103, -20.22986 ], [ -55.25285, -20.22961 ], [ -55.2537, -20.2296 ], [ -55.25444, -20.22986 ], [ -55.25492, -20.23037 ], [ -55.25517, -20.23088 ], [ -55.25523, -20.23171 ], [ -55.25437, -20.23382 ], [ -55.25416, -20.23473 ], [ -55.25406, -20.23568 ], [ -55.25408, -20.23804 ], [ -55.25436, -20.24042 ], [ -55.25429, -20.24125 ], [ -55.25416, -20.24183 ], [ -55.25371, -20.24286 ], [ -55.25358, -20.24349 ], [ -55.25375, -20.24456 ], [ -55.25394, -20.24511 ], [ -55.25424, -20.24563 ], [ -55.25482, -20.24628 ], [ -55.25555, -20.24672 ], [ -55.2577, -20.24763 ], [ -55.25873, -20.24778 ], [ -55.25925, -20.24772 ], [ -55.25986, -20.24737 ], [ -55.26054, -20.24678 ], [ -55.26128, -20.24595 ], [ -55.26259, -20.24423 ], [ -55.26323, -20.2436 ], [ -55.26445, -20.2428 ], [ -55.26527, -20.24259 ], [ -55.26679, -20.24264 ], [ -55.26903, -20.24286 ], [ -55.27102, -20.24327 ], [ -55.27172, -20.24354 ], [ -55.27221, -20.24388 ], [ -55.27249, -20.24422 ], [ -55.27272, -20.24485 ], [ -55.27271, -20.24558 ], [ -55.27258, -20.2459 ], [ -55.2723, -20.24625 ], [ -55.27169, -20.24659 ], [ -55.27012, -20.24706 ], [ -55.26925, -20.24749 ], [ -55.26881, -20.24787 ], [ -55.26834, -20.24877 ], [ -55.26819, -20.24951 ], [ -55.26798, -20.2518 ], [ -55.26797, -20.25367 ], [ -55.26824, -20.25463 ], [ -55.26929, -20.25656 ], [ -55.26946, -20.25752 ], [ -55.26944, -20.25811 ], [ -55.26932, -20.2587 ], [ -55.26862, -20.26067 ], [ -55.26825, -20.26133 ], [ -55.26805, -20.26227 ], [ -55.26816, -20.26288 ], [ -55.26858, -20.26402 ], [ -55.26886, -20.2654 ], [ -55.26905, -20.26727 ], [ -55.26906, -20.26783 ], [ -55.26896, -20.26829 ], [ -55.26856, -20.26904 ], [ -55.26779, -20.2697 ], [ -55.26692, -20.27022 ], [ -55.26511, -20.27102 ], [ -55.26451, -20.2714 ], [ -55.26407, -20.27199 ], [ -55.26392, -20.27271 ], [ -55.264, -20.27325 ], [ -55.26436, -20.27401 ], [ -55.26527, -20.27504 ], [ -55.26588, -20.2754 ], [ -55.26642, -20.27545 ], [ -55.26741, -20.2757 ], [ -55.2683, -20.27608 ], [ -55.26939, -20.2769 ], [ -55.26996, -20.27752 ], [ -55.27027, -20.27802 ], [ -55.27071, -20.27954 ], [ -55.27135, -20.2836 ], [ -55.27138, -20.28598 ], [ -55.27102, -20.28675 ], [ -55.27031, -20.28726 ], [ -55.2694, -20.28753 ], [ -55.26763, -20.28772 ], [ -55.26658, -20.28771 ], [ -55.26622, -20.28763 ], [ -55.26585, -20.28745 ], [ -55.26521, -20.28694 ], [ -55.26432, -20.28597 ], [ -55.2632, -20.2845 ], [ -55.2624, -20.28371 ], [ -55.26191, -20.28346 ], [ -55.26147, -20.28351 ], [ -55.26096, -20.28373 ], [ -55.25971, -20.2845 ], [ -55.25791, -20.28588 ], [ -55.25721, -20.28627 ], [ -55.25642, -20.28648 ], [ -55.25599, -20.28642 ], [ -55.25567, -20.28619 ], [ -55.25484, -20.28456 ], [ -55.25427, -20.28385 ], [ -55.25393, -20.28357 ], [ -55.25338, -20.28333 ], [ -55.25262, -20.28328 ], [ -55.25066, -20.28346 ], [ -55.24949, -20.28387 ], [ -55.24829, -20.28466 ], [ -55.2478, -20.28513 ], [ -55.24723, -20.28624 ], [ -55.24714, -20.28691 ], [ -55.24732, -20.28876 ], [ -55.24707, -20.28954 ], [ -55.24666, -20.29033 ], [ -55.24652, -20.29076 ], [ -55.24644, -20.29164 ], [ -55.24644, -20.29309 ], [ -55.24633, -20.29388 ], [ -55.24602, -20.29459 ], [ -55.24522, -20.296 ], [ -55.24451, -20.2971 ], [ -55.2438, -20.29801 ], [ -55.24338, -20.29877 ], [ -55.24292, -20.30017 ], [ -55.24288, -20.30078 ], [ -55.24297, -20.30138 ], [ -55.2433, -20.30221 ], [ -55.24371, -20.30269 ], [ -55.24585, -20.30413 ], [ -55.248, -20.30504 ], [ -55.2502, -20.30555 ], [ -55.25112, -20.30611 ], [ -55.25179, -20.30685 ], [ -55.25299, -20.30879 ], [ -55.25327, -20.3095 ], [ -55.25334, -20.31021 ], [ -55.25327, -20.31103 ], [ -55.25297, -20.31187 ], [ -55.2527, -20.31232 ], [ -55.25185, -20.31308 ], [ -55.24979, -20.31437 ], [ -55.24902, -20.31502 ], [ -55.24811, -20.31618 ], [ -55.24727, -20.31777 ], [ -55.2466, -20.31971 ], [ -55.24638, -20.32066 ], [ -55.24636, -20.32109 ], [ -55.24643, -20.32179 ], [ -55.24664, -20.32247 ], [ -55.24689, -20.32299 ], [ -55.24736, -20.32361 ], [ -55.24933, -20.32559 ], [ -55.25007, -20.32615 ], [ -55.25131, -20.32683 ], [ -55.25317, -20.3275 ], [ -55.25442, -20.32812 ], [ -55.25687, -20.32981 ], [ -55.25778, -20.33052 ], [ -55.25851, -20.33096 ], [ -55.25927, -20.33192 ], [ -55.2603, -20.33384 ], [ -55.26116, -20.33512 ], [ -55.26194, -20.33602 ], [ -55.26333, -20.33787 ], [ -55.26385, -20.33825 ], [ -55.26411, -20.33832 ], [ -55.26461, -20.33819 ], [ -55.26491, -20.33791 ], [ -55.26593, -20.3362 ], [ -55.26622, -20.33535 ], [ -55.26662, -20.33277 ], [ -55.26694, -20.33203 ], [ -55.26725, -20.3316 ], [ -55.26817, -20.33072 ], [ -55.26902, -20.3302 ], [ -55.26948, -20.3301 ], [ -55.27058, -20.33007 ], [ -55.27218, -20.32985 ], [ -55.27313, -20.32958 ], [ -55.27356, -20.32929 ], [ -55.2744, -20.32809 ], [ -55.27481, -20.32763 ], [ -55.27584, -20.32688 ], [ -55.27691, -20.32631 ], [ -55.27724, -20.32597 ], [ -55.27763, -20.32523 ], [ -55.27782, -20.32413 ], [ -55.27817, -20.32318 ], [ -55.27847, -20.32266 ], [ -55.27904, -20.32213 ], [ -55.27964, -20.32189 ], [ -55.28018, -20.32184 ], [ -55.28192, -20.32228 ], [ -55.28343, -20.3225 ], [ -55.28492, -20.32255 ], [ -55.28635, -20.32233 ], [ -55.28856, -20.32177 ], [ -55.29069, -20.32167 ], [ -55.29335, -20.32181 ], [ -55.29631, -20.32227 ], [ -55.29711, -20.32253 ], [ -55.29745, -20.32273 ], [ -55.29761, -20.32292 ], [ -55.2978, -20.32344 ], [ -55.29787, -20.3246 ], [ -55.29755, -20.32636 ], [ -55.29725, -20.3289 ], [ -55.29707, -20.3297 ], [ -55.2964, -20.33168 ], [ -55.29526, -20.33417 ], [ -55.29467, -20.33592 ], [ -55.29464, -20.33643 ], [ -55.29492, -20.33734 ], [ -55.29523, -20.33765 ], [ -55.29579, -20.33786 ], [ -55.2972, -20.3381 ], [ -55.29954, -20.33815 ], [ -55.30082, -20.33842 ], [ -55.30166, -20.33907 ], [ -55.30289, -20.34052 ], [ -55.30347, -20.34083 ], [ -55.30414, -20.34095 ], [ -55.30646, -20.34107 ], [ -55.30825, -20.34099 ], [ -55.3093, -20.34077 ], [ -55.31283, -20.33943 ], [ -55.31416, -20.33939 ], [ -55.31527, -20.33961 ], [ -55.31582, -20.33951 ], [ -55.31789, -20.33857 ], [ -55.31894, -20.33764 ], [ -55.3197, -20.33684 ], [ -55.31998, -20.33624 ], [ -55.32016, -20.33501 ], [ -55.32012, -20.33355 ], [ -55.32002, -20.33288 ], [ -55.3192, -20.32997 ], [ -55.31904, -20.32904 ], [ -55.31883, -20.32832 ], [ -55.31877, -20.32768 ], [ -55.31893, -20.327 ], [ -55.31924, -20.32652 ], [ -55.31966, -20.32617 ], [ -55.32094, -20.32544 ], [ -55.3218, -20.32517 ], [ -55.32559, -20.32456 ], [ -55.3285, -20.32459 ], [ -55.3307, -20.32385 ], [ -55.33158, -20.32335 ], [ -55.33239, -20.32267 ], [ -55.33342, -20.3215 ], [ -55.33492, -20.31929 ], [ -55.33603, -20.31841 ], [ -55.33683, -20.31797 ], [ -55.33745, -20.31776 ], [ -55.33897, -20.31747 ], [ -55.34048, -20.31737 ], [ -55.34112, -20.3172 ], [ -55.34223, -20.3166 ], [ -55.34305, -20.31572 ], [ -55.34356, -20.31535 ], [ -55.34453, -20.31504 ], [ -55.34523, -20.31505 ], [ -55.34571, -20.31537 ], [ -55.34616, -20.31599 ], [ -55.34668, -20.31708 ], [ -55.34704, -20.31812 ], [ -55.34739, -20.31873 ], [ -55.34801, -20.32104 ], [ -55.34824, -20.32254 ], [ -55.34857, -20.32323 ], [ -55.34913, -20.32405 ], [ -55.34964, -20.32496 ], [ -55.34973, -20.3253 ], [ -55.34969, -20.32569 ], [ -55.34957, -20.32606 ], [ -55.34919, -20.32653 ], [ -55.34624, -20.32833 ], [ -55.34531, -20.32915 ], [ -55.34479, -20.32979 ], [ -55.34444, -20.33035 ], [ -55.34431, -20.33075 ], [ -55.34438, -20.33173 ], [ -55.34421, -20.33293 ], [ -55.34423, -20.3336 ], [ -55.34391, -20.33441 ], [ -55.34332, -20.33524 ], [ -55.34133, -20.33693 ], [ -55.34082, -20.33793 ], [ -55.34068, -20.33894 ], [ -55.34091, -20.34044 ], [ -55.34132, -20.3419 ], [ -55.34146, -20.34272 ], [ -55.34156, -20.34513 ], [ -55.34147, -20.34655 ], [ -55.3415, -20.34715 ], [ -55.34162, -20.34752 ], [ -55.34217, -20.34813 ], [ -55.34353, -20.34913 ], [ -55.34425, -20.34984 ], [ -55.34479, -20.35025 ], [ -55.34544, -20.35051 ], [ -55.34636, -20.35046 ] ] ] } },
{ "type": "Feature", "properties": { "titulo": "Rio Miranda", "subtitulo": "Rio principal", "comprimento_km": 711.3 }, "geometry": { "type": "MultiLineString", "coordinates": [ [ [ -55.98644, -21.76793 ], [ -55.98714, -21.7682 ], [ -55.98761, -21.76826 ], [ -55.98843, -21.76824 ], [ -55.98907, -21.76809 ], [ -55.99082, -21.76695 ], [ -55.9926, -21.76516 ], [ -55.99451, -21.76264 ], [ -55.99504, -21.76219 ], [ -55.99585, -21.76181 ], [ -55.99684, -21.76162 ], [ -55.99801, -21.76127 ], [ -55.99855, -21.76095 ], [ -55.99917, -21.76033 ], [ -55.99939, -21.75984 ], [ -55.99939, -21.75927 ], [ -55.99859, -21.7571 ], [ -55.99856, -21.75672 ], [ -55.99864, -21.75625 ], [ -55.99909, -21.75554 ], [ -55.99965, -21.75517 ], [ -56.00156, -21.75519 ], [ -56.00226, -21.75499 ], [ -56.00394, -21.75397 ], [ -56.00424, -21.75347 ], [ -56.00428, -21.75298 ], [ -56.00409, -21.75268 ], [ -56.00363, -21.75234 ], [ -56.00292, -21.75202 ], [ -56.00252, -21.75169 ], [ -56.00246, -21.75154 ], [ -56.0025, -21.75097 ], [ -56.00269, -21.75052 ], [ -56.00291, -21.75028 ], [ -56.00321, -21.75018 ], [ -56.00402, -21.75012 ], [ -56.00444, -21.74992 ], [ -56.00449, -21.74976 ], [ -56.00443, -21.74933 ], [ -56.00451, -21.7489 ], [ -56.00461, -21.74876 ], [ -56.00568, -21.74873 ], [ -56.00899, -21.74915 ], [ -56.00947, -21.7491 ], [ -56.01063, -21.74867 ], [ -56.01098, -21.74715 ], [ -56.01115, -21.74558 ], [ -56.01174, -21.7439 ], [ -56.01187, -21.74322 ], [ -56.01176, -21.74226 ], [ -56.01192, -21.74192 ], [ -56.01232, -21.74177 ], [ -56.01266, -21.74177 ], [ -56.0129, -21.74158 ], [ -56.01293, -21.74101 ], [ -56.01332, -21.73989 ], [ -56.01328, -21.73953 ], [ -56.01302, -21.73887 ], [ -56.01304, -21.7384 ], [ -56.01383, -21.73684 ], [ -56.0144, -21.73546 ], [ -56.01467, -21.73442 ], [ -56.01483, -21.73286 ], [ -56.01512, -21.73202 ], [ -56.01554, -21.73168 ], [ -56.01596, -21.73168 ], [ -56.01648, -21.73201 ], [ -56.01719, -21.73273 ], [ -56.0177, -21.73283 ], [ -56.01849, -21.73239 ], [ -56.01961, -21.73138 ], [ -56.0203, -21.73091 ], [ -56.02074, -21.73088 ], [ -56.02172, -21.73111 ], [ -56.02237, -21.73116 ], [ -56.02313, -21.73099 ], [ -56.02354, -21.73069 ], [ -56.02382, -21.73028 ], [ -56.02376, -21.72979 ], [ -56.02349, -21.72946 ], [ -56.02273, -21.72892 ], [ -56.02242, -21.72849 ], [ -56.02236, -21.72789 ], [ -56.02259, -21.72726 ], [ -56.02246, -21.7269 ], [ -56.02203, -21.72622 ], [ -56.02203, -21.72574 ], [ -56.02218, -21.72533 ], [ -56.02258, -21.72493 ], [ -56.02285, -21.7248 ], [ -56.02321, -21.72479 ], [ -56.0234, -21.72468 ], [ -56.0237, -21.72424 ], [ -56.02395, -21.72325 ], [ -56.02414, -21.72283 ], [ -56.02468, -21.72242 ], [ -56.02543, -21.72206 ], [ -56.02611, -21.72099 ], [ -56.02641, -21.72086 ], [ -56.02668, -21.72095 ], [ -56.02766, -21.72195 ], [ -56.02871, -21.72256 ], [ -56.02929, -21.72273 ], [ -56.02996, -21.72273 ], [ -56.03269, -21.72206 ], [ -56.03303, -21.72183 ], [ -56.03357, -21.72115 ], [ -56.03399, -21.72081 ], [ -56.03531, -21.72029 ], [ -56.03648, -21.71968 ], [ -56.03701, -21.71958 ], [ -56.03725, -21.71967 ], [ -56.03792, -21.72022 ], [ -56.03847, -21.72088 ], [ -56.03931, -21.72125 ], [ -56.0397, -21.72155 ], [ -56.03994, -21.72208 ], [ -56.03994, -21.72281 ], [ -56.04007, -21.72311 ], [ -56.04044, -21.72322 ], [ -56.04083, -21.72298 ], [ -56.04098, -21.72228 ], [ -56.04091, -21.72136 ], [ -56.04112, -21.72083 ], [ -56.04178, -21.72057 ], [ -56.04244, -21.72045 ], [ -56.04283, -21.7201 ], [ -56.0428, -21.71975 ], [ -56.04232, -21.71915 ], [ -56.04242, -21.71876 ], [ -56.04289, -21.7185 ], [ -56.04388, -21.7184 ], [ -56.04415, -21.71814 ], [ -56.04433, -21.71774 ], [ -56.04433, -21.71745 ], [ -56.04423, -21.71714 ], [ -56.04393, -21.71673 ], [ -56.04368, -21.71654 ], [ -56.04326, -21.71648 ], [ -56.04232, -21.71674 ], [ -56.04201, -21.71669 ], [ -56.04188, -21.7163 ], [ -56.04212, -21.71576 ], [ -56.04236, -21.7155 ], [ -56.04279, -21.71529 ], [ -56.04307, -21.71529 ], [ -56.04373, -21.71554 ], [ -56.04415, -21.71542 ], [ -56.04426, -21.71503 ], [ -56.04407, -21.71398 ], [ -56.04436, -21.71345 ], [ -56.04461, -21.71348 ], [ -56.04481, -21.71365 ], [ -56.04522, -21.71489 ], [ -56.04552, -21.71499 ], [ -56.04574, -21.71487 ], [ -56.04593, -21.7146 ], [ -56.04617, -21.71346 ], [ -56.04659, -21.71289 ], [ -56.0472, -21.71263 ], [ -56.04774, -21.7127 ], [ -56.04819, -21.71266 ], [ -56.04865, -21.71245 ], [ -56.04878, -21.71228 ], [ -56.04863, -21.71192 ], [ -56.04786, -21.71152 ], [ -56.04761, -21.71124 ], [ -56.04767, -21.71084 ], [ -56.04814, -21.71041 ], [ -56.0483, -21.71015 ], [ -56.04827, -21.70984 ], [ -56.04804, -21.70958 ], [ -56.04764, -21.70947 ], [ -56.04725, -21.70962 ], [ -56.04707, -21.70976 ], [ -56.04681, -21.7103 ], [ -56.04641, -21.71074 ], [ -56.04596, -21.71101 ], [ -56.04554, -21.71106 ], [ -56.04532, -21.71093 ], [ -56.04518, -21.71063 ], [ -56.04535, -21.70952 ], [ -56.0453, -21.70928 ], [ -56.04516, -21.70912 ], [ -56.0443, -21.70886 ], [ -56.04379, -21.70848 ], [ -56.04353, -21.70839 ], [ -56.04322, -21.70859 ], [ -56.04288, -21.70921 ], [ -56.04257, -21.70937 ], [ -56.04213, -21.70892 ], [ -56.042, -21.70827 ], [ -56.04211, -21.70718 ], [ -56.04245, -21.7058 ], [ -56.04242, -21.70421 ], [ -56.04265, -21.70383 ], [ -56.04319, -21.70366 ], [ -56.04377, -21.7041 ], [ -56.04422, -21.70425 ], [ -56.04446, -21.70404 ], [ -56.04459, -21.70353 ], [ -56.04483, -21.70345 ], [ -56.04508, -21.70354 ], [ -56.04526, -21.70375 ], [ -56.04537, -21.7041 ], [ -56.04543, -21.70575 ], [ -56.04553, -21.70596 ], [ -56.04588, -21.70622 ], [ -56.04629, -21.70619 ], [ -56.0468, -21.70587 ], [ -56.04704, -21.70543 ], [ -56.04767, -21.70477 ], [ -56.04822, -21.70394 ], [ -56.04835, -21.70342 ], [ -56.04825, -21.70305 ], [ -56.04785, -21.70288 ], [ -56.04715, -21.70276 ], [ -56.04698, -21.70265 ], [ -56.04691, -21.7024 ], [ -56.04713, -21.70211 ], [ -56.04812, -21.70167 ], [ -56.04823, -21.70151 ], [ -56.04825, -21.70126 ], [ -56.04805, -21.70103 ], [ -56.0477, -21.70081 ], [ -56.04651, -21.70029 ], [ -56.04628, -21.69999 ], [ -56.04623, -21.69958 ], [ -56.04633, -21.69923 ], [ -56.04669, -21.69886 ], [ -56.04736, -21.69848 ], [ -56.04874, -21.6979 ], [ -56.04915, -21.69745 ], [ -56.0492, -21.69708 ], [ -56.04913, -21.69664 ], [ -56.04862, -21.69599 ], [ -56.04844, -21.69549 ], [ -56.0488, -21.69421 ], [ -56.04869, -21.69275 ], [ -56.04892, -21.69239 ], [ -56.04921, -21.69223 ], [ -56.04967, -21.69219 ], [ -56.05049, -21.69241 ], [ -56.05151, -21.69234 ], [ -56.05273, -21.69171 ], [ -56.05308, -21.69165 ], [ -56.05351, -21.6917 ], [ -56.05406, -21.69189 ], [ -56.05546, -21.69255 ], [ -56.05621, -21.69262 ], [ -56.05665, -21.69239 ], [ -56.05765, -21.69148 ], [ -56.05856, -21.69093 ], [ -56.05935, -21.69022 ], [ -56.05991, -21.69002 ], [ -56.06078, -21.69001 ], [ -56.06123, -21.68985 ], [ -56.06149, -21.68947 ], [ -56.06158, -21.68861 ], [ -56.06184, -21.6879 ], [ -56.06198, -21.6877 ], [ -56.06251, -21.68728 ], [ -56.06294, -21.68723 ], [ -56.06328, -21.68749 ], [ -56.0633, -21.68799 ], [ -56.06287, -21.68863 ], [ -56.06281, -21.68894 ], [ -56.06302, -21.68919 ], [ -56.06351, -21.68922 ], [ -56.06406, -21.68898 ], [ -56.06526, -21.68775 ], [ -56.06619, -21.68716 ], [ -56.06777, -21.68657 ], [ -56.07057, -21.68592 ], [ -56.07103, -21.68593 ], [ -56.07131, -21.68618 ], [ -56.07127, -21.68639 ], [ -56.07057, -21.68715 ], [ -56.07043, -21.68746 ], [ -56.07047, -21.68773 ], [ -56.07074, -21.68788 ], [ -56.07122, -21.68781 ], [ -56.07196, -21.68732 ], [ -56.07268, -21.68704 ], [ -56.07605, -21.68682 ], [ -56.07663, -21.68686 ], [ -56.07777, -21.68722 ], [ -56.07879, -21.68738 ], [ -56.07931, -21.68728 ], [ -56.07983, -21.68706 ], [ -56.08038, -21.68708 ], [ -56.08069, -21.68729 ], [ -56.08141, -21.68815 ], [ -56.08226, -21.6887 ], [ -56.08315, -21.68902 ], [ -56.08351, -21.68902 ], [ -56.08367, -21.68889 ], [ -56.08372, -21.68843 ], [ -56.08358, -21.68802 ], [ -56.08358, -21.6877 ], [ -56.08373, -21.68743 ], [ -56.08401, -21.68737 ], [ -56.08487, -21.68764 ], [ -56.08591, -21.68776 ], [ -56.08632, -21.68763 ], [ -56.08708, -21.68706 ], [ -56.0873, -21.68706 ], [ -56.08768, -21.68736 ], [ -56.08804, -21.68814 ], [ -56.08828, -21.68844 ], [ -56.08858, -21.68854 ], [ -56.08893, -21.68845 ], [ -56.08921, -21.68823 ], [ -56.08937, -21.68787 ], [ -56.08929, -21.68741 ], [ -56.08858, -21.68622 ], [ -56.08814, -21.68584 ], [ -56.08798, -21.68546 ], [ -56.08799, -21.68524 ], [ -56.08823, -21.68481 ], [ -56.08897, -21.68395 ], [ -56.08863, -21.68353 ], [ -56.08825, -21.68242 ], [ -56.08825, -21.68186 ], [ -56.08856, -21.68113 ], [ -56.08864, -21.68064 ], [ -56.08852, -21.68026 ], [ -56.08805, -21.67973 ], [ -56.08802, -21.67915 ], [ -56.08826, -21.67872 ], [ -56.0885, -21.67849 ], [ -56.08915, -21.67832 ], [ -56.09039, -21.67767 ], [ -56.09088, -21.67755 ], [ -56.09249, -21.67738 ], [ -56.09315, -21.67713 ], [ -56.09334, -21.67674 ], [ -56.09326, -21.67629 ], [ -56.09267, -21.67544 ], [ -56.09254, -21.67505 ], [ -56.09258, -21.67484 ], [ -56.09283, -21.67438 ], [ -56.0931, -21.67407 ], [ -56.09481, -21.67267 ], [ -56.09511, -21.67209 ], [ -56.09506, -21.67073 ], [ -56.09462, -21.66936 ], [ -56.09413, -21.66883 ], [ -56.09346, -21.66837 ], [ -56.09277, -21.66802 ], [ -56.09259, -21.6678 ], [ -56.09249, -21.66751 ], [ -56.09245, -21.66697 ], [ -56.09255, -21.66541 ], [ -56.09239, -21.66406 ], [ -56.09235, -21.66257 ], [ -56.09244, -21.66214 ], [ -56.0928, -21.66123 ], [ -56.09402, -21.6595 ], [ -56.09472, -21.65883 ], [ -56.09547, -21.65845 ], [ -56.09676, -21.65805 ], [ -56.09728, -21.65768 ], [ -56.09795, -21.65643 ], [ -56.09841, -21.65463 ], [ -56.09878, -21.65414 ], [ -56.09951, -21.65356 ], [ -56.10009, -21.65325 ], [ -56.10057, -21.65313 ], [ -56.10375, -21.65334 ], [ -56.10519, -21.65323 ], [ -56.10598, -21.65297 ], [ -56.10658, -21.65253 ], [ -56.10686, -21.65201 ], [ -56.10718, -21.65095 ], [ -56.10785, -21.6496 ], [ -56.10821, -21.6484 ], [ -56.10827, -21.64778 ], [ -56.10817, -21.64738 ], [ -56.108, -21.64719 ], [ -56.10755, -21.64717 ], [ -56.10683, -21.64752 ], [ -56.10628, -21.64795 ], [ -56.10563, -21.64824 ], [ -56.10516, -21.64823 ], [ -56.10486, -21.64797 ], [ -56.10475, -21.6474 ], [ -56.10495, -21.64696 ], [ -56.10528, -21.64659 ], [ -56.10608, -21.64602 ], [ -56.107, -21.64565 ], [ -56.11071, -21.64488 ], [ -56.11159, -21.64476 ], [ -56.11206, -21.64451 ], [ -56.11227, -21.64431 ], [ -56.11248, -21.64367 ], [ -56.11257, -21.64313 ], [ -56.11267, -21.6414 ], [ -56.11292, -21.64062 ], [ -56.11335, -21.64009 ], [ -56.11477, -21.6393 ], [ -56.11516, -21.639 ], [ -56.11564, -21.63841 ], [ -56.11587, -21.6378 ], [ -56.11584, -21.63718 ], [ -56.11567, -21.63645 ], [ -56.11575, -21.63521 ], [ -56.11562, -21.63351 ], [ -56.11536, -21.63265 ], [ -56.11497, -21.63223 ], [ -56.11478, -21.63187 ], [ -56.11456, -21.63036 ], [ -56.11457, -21.62941 ], [ -56.11467, -21.62873 ], [ -56.11501, -21.6282 ], [ -56.11581, -21.62772 ], [ -56.11624, -21.62772 ], [ -56.11669, -21.62788 ], [ -56.1176, -21.62845 ], [ -56.11855, -21.62946 ], [ -56.11981, -21.63052 ], [ -56.12037, -21.63087 ], [ -56.12108, -21.63103 ], [ -56.12161, -21.631 ], [ -56.12209, -21.63088 ], [ -56.1231, -21.63033 ], [ -56.12362, -21.62992 ], [ -56.12427, -21.62905 ], [ -56.12452, -21.62832 ], [ -56.12435, -21.62702 ], [ -56.12417, -21.62662 ], [ -56.12327, -21.62544 ], [ -56.12266, -21.62444 ], [ -56.12149, -21.62181 ], [ -56.12111, -21.62038 ], [ -56.12097, -21.61883 ], [ -56.1212, -21.61783 ], [ -56.12173, -21.61709 ], [ -56.12263, -21.61647 ], [ -56.12345, -21.61607 ], [ -56.12428, -21.61578 ], [ -56.12487, -21.61533 ], [ -56.12504, -21.61478 ], [ -56.12492, -21.61353 ], [ -56.12563, -21.61188 ], [ -56.12581, -21.61115 ], [ -56.12565, -21.61048 ], [ -56.12515, -21.60998 ], [ -56.12465, -21.60977 ], [ -56.12366, -21.60957 ], [ -56.1217, -21.60931 ], [ -56.12046, -21.6088 ], [ -56.12005, -21.6085 ], [ -56.11942, -21.60785 ], [ -56.11916, -21.60729 ], [ -56.11916, -21.60696 ], [ -56.11939, -21.60649 ], [ -56.11969, -21.60631 ], [ -56.11999, -21.60624 ], [ -56.12074, -21.60632 ], [ -56.122, -21.60666 ], [ -56.12396, -21.60685 ], [ -56.12476, -21.60706 ], [ -56.12561, -21.60741 ], [ -56.12618, -21.60738 ], [ -56.12651, -21.60719 ], [ -56.12682, -21.60685 ], [ -56.12776, -21.60478 ], [ -56.12789, -21.60402 ], [ -56.12787, -21.60318 ], [ -56.1277, -21.60272 ], [ -56.1272, -21.60205 ], [ -56.12682, -21.60175 ], [ -56.12591, -21.60126 ], [ -56.12471, -21.60105 ], [ -56.12309, -21.60108 ], [ -56.12195, -21.60094 ], [ -56.12076, -21.60096 ], [ -56.11973, -21.60085 ], [ -56.1189, -21.60049 ], [ -56.11823, -21.59997 ], [ -56.11741, -21.59863 ], [ -56.11649, -21.59748 ], [ -56.11618, -21.59673 ], [ -56.11619, -21.59611 ], [ -56.11645, -21.59567 ], [ -56.11668, -21.5955 ], [ -56.11768, -21.59509 ], [ -56.11792, -21.59488 ], [ -56.11799, -21.59465 ], [ -56.11774, -21.59392 ], [ -56.11704, -21.59307 ], [ -56.11662, -21.59241 ], [ -56.11641, -21.59126 ], [ -56.11643, -21.59079 ], [ -56.1166, -21.59041 ], [ -56.11707, -21.58985 ], [ -56.11863, -21.58893 ], [ -56.11969, -21.58854 ], [ -56.12076, -21.58841 ], [ -56.12179, -21.58863 ], [ -56.1223, -21.58893 ], [ -56.12306, -21.58997 ], [ -56.12339, -21.59079 ], [ -56.12385, -21.59121 ], [ -56.12423, -21.59129 ], [ -56.12462, -21.59114 ], [ -56.12499, -21.59086 ], [ -56.12519, -21.59054 ], [ -56.12533, -21.59009 ], [ -56.12539, -21.58939 ], [ -56.12529, -21.58856 ], [ -56.12426, -21.58498 ], [ -56.12407, -21.58405 ], [ -56.124, -21.58213 ], [ -56.12414, -21.58169 ], [ -56.12443, -21.58132 ], [ -56.12486, -21.58097 ], [ -56.12547, -21.58068 ], [ -56.126, -21.58057 ], [ -56.12707, -21.58063 ], [ -56.12816, -21.58089 ], [ -56.12932, -21.58129 ], [ -56.13162, -21.58259 ], [ -56.1324, -21.58288 ], [ -56.13351, -21.58296 ], [ -56.13399, -21.5827 ], [ -56.13465, -21.58176 ], [ -56.13474, -21.58123 ], [ -56.13469, -21.58016 ], [ -56.13449, -21.57952 ], [ -56.13381, -21.57857 ], [ -56.13275, -21.57735 ], [ -56.13197, -21.57607 ], [ -56.13152, -21.57509 ], [ -56.13118, -21.57377 ], [ -56.13097, -21.5718 ], [ -56.13066, -21.56997 ], [ -56.13034, -21.56935 ], [ -56.12966, -21.56856 ], [ -56.12943, -21.56817 ], [ -56.12909, -21.56716 ], [ -56.12877, -21.56579 ], [ -56.12839, -21.56498 ], [ -56.12776, -21.56454 ], [ -56.12716, -21.56447 ], [ -56.12619, -21.56478 ], [ -56.12576, -21.56508 ], [ -56.12545, -21.56547 ], [ -56.12501, -21.56584 ], [ -56.12475, -21.56585 ], [ -56.12437, -21.56565 ], [ -56.124, -21.56504 ], [ -56.12353, -21.56336 ], [ -56.12329, -21.56215 ], [ -56.12242, -21.56065 ], [ -56.12194, -21.56008 ], [ -56.12141, -21.55961 ], [ -56.12026, -21.55885 ], [ -56.11959, -21.55829 ], [ -56.11914, -21.55774 ], [ -56.11836, -21.55638 ], [ -56.1179, -21.55595 ], [ -56.11667, -21.5551 ], [ -56.11578, -21.55398 ], [ -56.1156, -21.55354 ], [ -56.1156, -21.5532 ], [ -56.11585, -21.55286 ], [ -56.11645, -21.55252 ], [ -56.11669, -21.55221 ], [ -56.11676, -21.55179 ], [ -56.11664, -21.55135 ], [ -56.11614, -21.55077 ], [ -56.11575, -21.55047 ], [ -56.11515, -21.55017 ], [ -56.11454, -21.54999 ], [ -56.11354, -21.55007 ], [ -56.11237, -21.55047 ], [ -56.11177, -21.55059 ], [ -56.11135, -21.55053 ], [ -56.11094, -21.55025 ], [ -56.11066, -21.54979 ], [ -56.11063, -21.54897 ], [ -56.11046, -21.54854 ], [ -56.11017, -21.54824 ], [ -56.10936, -21.54786 ], [ -56.10918, -21.5475 ], [ -56.10923, -21.54735 ], [ -56.10943, -21.5472 ], [ -56.11084, -21.54653 ], [ -56.11127, -21.54622 ], [ -56.11142, -21.54591 ], [ -56.11147, -21.54554 ], [ -56.11141, -21.5452 ], [ -56.11125, -21.54489 ], [ -56.11089, -21.5446 ], [ -56.11044, -21.54457 ], [ -56.10988, -21.5447 ], [ -56.10856, -21.54523 ], [ -56.10715, -21.54542 ], [ -56.10645, -21.54535 ], [ -56.10583, -21.54509 ], [ -56.10539, -21.54478 ], [ -56.10491, -21.5442 ], [ -56.10452, -21.54309 ], [ -56.10393, -21.54175 ], [ -56.10367, -21.54026 ], [ -56.10371, -21.53997 ], [ -56.10421, -21.5386 ], [ -56.10514, -21.5366 ], [ -56.10603, -21.5342 ], [ -56.1065, -21.53341 ], [ -56.10728, -21.53262 ], [ -56.10776, -21.53242 ], [ -56.10825, -21.53237 ], [ -56.10895, -21.53253 ], [ -56.10957, -21.53255 ], [ -56.10979, -21.53234 ], [ -56.10984, -21.532 ], [ -56.10977, -21.53166 ], [ -56.10906, -21.53071 ], [ -56.10791, -21.52971 ], [ -56.10638, -21.52887 ], [ -56.10619, -21.52863 ], [ -56.10613, -21.52836 ], [ -56.10634, -21.52798 ], [ -56.10771, -21.52712 ], [ -56.10814, -21.52669 ], [ -56.1083, -21.52615 ], [ -56.10828, -21.52466 ], [ -56.10843, -21.52393 ], [ -56.10892, -21.52338 ], [ -56.1099, -21.52284 ], [ -56.11026, -21.52243 ], [ -56.11025, -21.52188 ], [ -56.10982, -21.52066 ], [ -56.1098, -21.5203 ], [ -56.10989, -21.52005 ], [ -56.11013, -21.51981 ], [ -56.11048, -21.5197 ], [ -56.11194, -21.51985 ], [ -56.11295, -21.51966 ], [ -56.11366, -21.51913 ], [ -56.11394, -21.51827 ], [ -56.11438, -21.51754 ], [ -56.1152, -21.51696 ], [ -56.11571, -21.51685 ], [ -56.11747, -21.51706 ], [ -56.11862, -21.51699 ], [ -56.11955, -21.5165 ], [ -56.11981, -21.51616 ], [ -56.11994, -21.51574 ], [ -56.11993, -21.51526 ], [ -56.11953, -21.51476 ], [ -56.11881, -21.51447 ], [ -56.11681, -21.51412 ], [ -56.11607, -21.51391 ], [ -56.1151, -21.51331 ], [ -56.1148, -21.51301 ], [ -56.1146, -21.51259 ], [ -56.11464, -21.51195 ], [ -56.11485, -21.51156 ], [ -56.11621, -21.50962 ], [ -56.11635, -21.50924 ], [ -56.11631, -21.50876 ], [ -56.11603, -21.50841 ], [ -56.11559, -21.50812 ], [ -56.11413, -21.50776 ], [ -56.11358, -21.5075 ], [ -56.11296, -21.50702 ], [ -56.11263, -21.50665 ], [ -56.11233, -21.50612 ], [ -56.11212, -21.50502 ], [ -56.11228, -21.50367 ], [ -56.1126, -21.50292 ], [ -56.11321, -21.50224 ], [ -56.11458, -21.50133 ], [ -56.11499, -21.50097 ], [ -56.11555, -21.50035 ], [ -56.11595, -21.49954 ], [ -56.11622, -21.4987 ], [ -56.11608, -21.49657 ], [ -56.11628, -21.49561 ], [ -56.11674, -21.49465 ], [ -56.11762, -21.49349 ], [ -56.11805, -21.49263 ], [ -56.11872, -21.49063 ], [ -56.11943, -21.48738 ], [ -56.11981, -21.48692 ], [ -56.12051, -21.48664 ], [ -56.12085, -21.4864 ], [ -56.12113, -21.4861 ], [ -56.12125, -21.48579 ], [ -56.12129, -21.48493 ], [ -56.12098, -21.4836 ], [ -56.11998, -21.48172 ], [ -56.11954, -21.48007 ], [ -56.11924, -21.47962 ], [ -56.11876, -21.47936 ], [ -56.11844, -21.47903 ], [ -56.11831, -21.47836 ], [ -56.11845, -21.47765 ], [ -56.11873, -21.4771 ], [ -56.1189, -21.4769 ], [ -56.11924, -21.47671 ], [ -56.11968, -21.47669 ], [ -56.12036, -21.47693 ], [ -56.12094, -21.47701 ], [ -56.12153, -21.47684 ], [ -56.12209, -21.47645 ], [ -56.12257, -21.47588 ], [ -56.1229, -21.47524 ], [ -56.12301, -21.47479 ], [ -56.12305, -21.47386 ], [ -56.12289, -21.47345 ], [ -56.12257, -21.47311 ], [ -56.12218, -21.47285 ], [ -56.12112, -21.47234 ], [ -56.12045, -21.47174 ], [ -56.11995, -21.47088 ], [ -56.11997, -21.47016 ], [ -56.12012, -21.46987 ], [ -56.1208, -21.46926 ], [ -56.12138, -21.46901 ], [ -56.12191, -21.46897 ], [ -56.12254, -21.46918 ], [ -56.12383, -21.47036 ], [ -56.12414, -21.47052 ], [ -56.12445, -21.47054 ], [ -56.12469, -21.47041 ], [ -56.12523, -21.46961 ], [ -56.12581, -21.46825 ], [ -56.12629, -21.46767 ], [ -56.1275, -21.46679 ], [ -56.13048, -21.46513 ], [ -56.13142, -21.4645 ], [ -56.13259, -21.46348 ], [ -56.13401, -21.46178 ], [ -56.13459, -21.46131 ], [ -56.13526, -21.461 ], [ -56.13606, -21.46088 ], [ -56.13678, -21.46098 ], [ -56.13774, -21.46137 ], [ -56.13935, -21.46226 ], [ -56.14022, -21.46249 ], [ -56.14064, -21.46243 ], [ -56.14106, -21.46225 ], [ -56.14298, -21.46093 ], [ -56.14379, -21.46007 ], [ -56.14388, -21.45979 ], [ -56.1438, -21.45947 ], [ -56.14346, -21.45902 ], [ -56.14315, -21.45878 ], [ -56.14192, -21.45817 ], [ -56.14138, -21.45781 ], [ -56.14107, -21.45746 ], [ -56.14101, -21.45723 ], [ -56.1412, -21.4567 ], [ -56.14186, -21.45577 ], [ -56.14314, -21.45446 ], [ -56.1436, -21.45371 ], [ -56.14365, -21.4534 ], [ -56.14358, -21.45303 ], [ -56.14308, -21.45228 ], [ -56.14289, -21.45181 ], [ -56.14283, -21.45137 ], [ -56.14291, -21.45092 ], [ -56.14323, -21.45042 ], [ -56.14379, -21.44994 ], [ -56.14488, -21.44944 ], [ -56.14591, -21.44914 ], [ -56.14679, -21.44863 ], [ -56.14707, -21.44834 ], [ -56.14715, -21.44793 ], [ -56.14707, -21.44768 ], [ -56.14655, -21.4472 ], [ -56.14501, -21.44673 ], [ -56.14471, -21.44642 ], [ -56.14471, -21.44612 ], [ -56.14494, -21.4459 ], [ -56.14557, -21.44553 ], [ -56.14701, -21.44505 ], [ -56.15222, -21.44389 ], [ -56.15364, -21.44335 ], [ -56.155, -21.44266 ], [ -56.15709, -21.44068 ], [ -56.16066, -21.43763 ], [ -56.16093, -21.43732 ], [ -56.16118, -21.4368 ], [ -56.16124, -21.43625 ], [ -56.16113, -21.43574 ], [ -56.16066, -21.4349 ], [ -56.16069, -21.43453 ], [ -56.1609, -21.43438 ], [ -56.16202, -21.43405 ], [ -56.16306, -21.43387 ], [ -56.16395, -21.43381 ], [ -56.16557, -21.43393 ], [ -56.16688, -21.43435 ], [ -56.16802, -21.4351 ], [ -56.16909, -21.43618 ], [ -56.17043, -21.43786 ], [ -56.17183, -21.43896 ], [ -56.17348, -21.43985 ], [ -56.17469, -21.4402 ], [ -56.17549, -21.44005 ], [ -56.17581, -21.43982 ], [ -56.17607, -21.4395 ], [ -56.17631, -21.43857 ], [ -56.17614, -21.43757 ], [ -56.1762, -21.43698 ], [ -56.17632, -21.43666 ], [ -56.17656, -21.43641 ], [ -56.17677, -21.43631 ], [ -56.17701, -21.43633 ], [ -56.17762, -21.43674 ], [ -56.17896, -21.43834 ], [ -56.17973, -21.43889 ], [ -56.18029, -21.43913 ], [ -56.18082, -21.43922 ], [ -56.1812, -21.43917 ], [ -56.18236, -21.43881 ], [ -56.18273, -21.43881 ], [ -56.18324, -21.43895 ], [ -56.18386, -21.43942 ], [ -56.18489, -21.44078 ], [ -56.18522, -21.44101 ], [ -56.18557, -21.44112 ], [ -56.18603, -21.44107 ], [ -56.18678, -21.44074 ], [ -56.18796, -21.43982 ], [ -56.18918, -21.43831 ], [ -56.19066, -21.43592 ], [ -56.1915, -21.43509 ], [ -56.19319, -21.43406 ], [ -56.19555, -21.43308 ], [ -56.19655, -21.4324 ], [ -56.19691, -21.43206 ], [ -56.1973, -21.43122 ], [ -56.19727, -21.43084 ], [ -56.19709, -21.43044 ], [ -56.19659, -21.42989 ], [ -56.1958, -21.42933 ], [ -56.19482, -21.42821 ], [ -56.19381, -21.42729 ], [ -56.19347, -21.42671 ], [ -56.19344, -21.42629 ], [ -56.19357, -21.42586 ], [ -56.19511, -21.42388 ], [ -56.19539, -21.4231 ], [ -56.19541, -21.42236 ], [ -56.19521, -21.42167 ], [ -56.19477, -21.42093 ], [ -56.19364, -21.41976 ], [ -56.1932, -21.41912 ], [ -56.19308, -21.41851 ], [ -56.19313, -21.41791 ], [ -56.19347, -21.41682 ], [ -56.19425, -21.41554 ], [ -56.19584, -21.41338 ], [ -56.19609, -21.4129 ], [ -56.19631, -21.4122 ], [ -56.1966, -21.41082 ], [ -56.19661, -21.40942 ], [ -56.19638, -21.40804 ], [ -56.19618, -21.40754 ], [ -56.19628, -21.40701 ], [ -56.19662, -21.40656 ], [ -56.19712, -21.40634 ], [ -56.19798, -21.40619 ], [ -56.19895, -21.40619 ], [ -56.20106, -21.40603 ], [ -56.20166, -21.40587 ], [ -56.20207, -21.40561 ], [ -56.20241, -21.40526 ], [ -56.20261, -21.40481 ], [ -56.20276, -21.40416 ], [ -56.20321, -21.4009 ], [ -56.20337, -21.39889 ], [ -56.20357, -21.39805 ], [ -56.20388, -21.39738 ], [ -56.20448, -21.3968 ], [ -56.2054, -21.39651 ], [ -56.20627, -21.39653 ], [ -56.20749, -21.39687 ], [ -56.20833, -21.39686 ], [ -56.20943, -21.39653 ], [ -56.21032, -21.39598 ], [ -56.21085, -21.39529 ], [ -56.21117, -21.39463 ], [ -56.2113, -21.39409 ], [ -56.21123, -21.39311 ], [ -56.21082, -21.39219 ], [ -56.21071, -21.39146 ], [ -56.21083, -21.39056 ], [ -56.21108, -21.38986 ], [ -56.21202, -21.38884 ], [ -56.21307, -21.38712 ], [ -56.21392, -21.38607 ], [ -56.21504, -21.38506 ], [ -56.21678, -21.38396 ], [ -56.2171, -21.38364 ], [ -56.2173, -21.38324 ], [ -56.21729, -21.38296 ], [ -56.21656, -21.38125 ], [ -56.21653, -21.38058 ], [ -56.21676, -21.37969 ], [ -56.21724, -21.37881 ], [ -56.21745, -21.37801 ], [ -56.21726, -21.37729 ], [ -56.21695, -21.37715 ], [ -56.21621, -21.37729 ], [ -56.21446, -21.37723 ], [ -56.21294, -21.37692 ], [ -56.21193, -21.37644 ], [ -56.21095, -21.37549 ], [ -56.21041, -21.3745 ], [ -56.21002, -21.3732 ], [ -56.21, -21.37223 ], [ -56.21019, -21.37139 ], [ -56.21036, -21.37102 ], [ -56.21084, -21.37041 ], [ -56.21141, -21.36992 ], [ -56.21205, -21.36953 ], [ -56.21337, -21.36899 ], [ -56.21393, -21.36851 ], [ -56.21417, -21.36811 ], [ -56.21428, -21.36767 ], [ -56.21425, -21.36708 ], [ -56.21411, -21.36664 ], [ -56.21201, -21.36438 ], [ -56.2108, -21.36344 ], [ -56.21023, -21.36336 ], [ -56.20986, -21.36351 ], [ -56.20916, -21.36434 ], [ -56.20879, -21.36502 ], [ -56.20823, -21.36539 ], [ -56.20799, -21.36543 ], [ -56.20748, -21.36528 ], [ -56.2069, -21.36472 ], [ -56.20656, -21.36407 ], [ -56.20637, -21.36316 ], [ -56.20638, -21.36258 ], [ -56.20649, -21.36205 ], [ -56.20681, -21.36142 ], [ -56.20713, -21.36104 ], [ -56.20848, -21.36004 ], [ -56.21113, -21.35838 ], [ -56.21185, -21.35787 ], [ -56.21217, -21.35755 ], [ -56.21241, -21.35717 ], [ -56.2125, -21.3568 ], [ -56.21253, -21.35609 ], [ -56.21244, -21.35576 ] ], [ [ -56.21244, -21.35576 ], [ -56.2107, -21.35487 ], [ -56.21032, -21.35482 ] ], [ [ -56.21244, -21.35576 ], [ -56.21224, -21.35507 ], [ -56.21201, -21.3547 ], [ -56.21175, -21.3545 ], [ -56.21134, -21.35439 ], [ -56.21078, -21.35446 ], [ -56.21054, -21.35457 ], [ -56.21032, -21.35482 ] ], [ [ -56.21032, -21.35482 ], [ -56.21007, -21.35503 ], [ -56.20952, -21.35524 ], [ -56.20897, -21.35585 ], [ -56.20799, -21.35655 ], [ -56.20768, -21.35667 ], [ -56.20716, -21.35668 ], [ -56.20623, -21.3564 ], [ -56.20379, -21.35539 ], [ -56.20324, -21.355 ], [ -56.20316, -21.35479 ], [ -56.2032, -21.35455 ] ], [ [ -56.2032, -21.35455 ], [ -56.20342, -21.35453 ], [ -56.2042, -21.35424 ], [ -56.20462, -21.35365 ], [ -56.20471, -21.35321 ] ], [ [ -56.2032, -21.35455 ], [ -56.20334, -21.354 ], [ -56.20346, -21.35385 ], [ -56.20418, -21.35326 ], [ -56.20471, -21.35321 ] ], [ [ -56.20471, -21.35321 ], [ -56.20572, -21.351 ], [ -56.20616, -21.34942 ], [ -56.2062, -21.34838 ], [ -56.20595, -21.34773 ], [ -56.20509, -21.34664 ], [ -56.2029, -21.34503 ], [ -56.20253, -21.34464 ], [ -56.20228, -21.34408 ], [ -56.20234, -21.34375 ], [ -56.20262, -21.34332 ], [ -56.20311, -21.34296 ], [ -56.20385, -21.34271 ], [ -56.20542, -21.34253 ], [ -56.20768, -21.34244 ], [ -56.20883, -21.34231 ], [ -56.20999, -21.34203 ], [ -56.21086, -21.34159 ], [ -56.21163, -21.34089 ], [ -56.21213, -21.33994 ], [ -56.2122, -21.33929 ], [ -56.21211, -21.33878 ], [ -56.21171, -21.33803 ] ], [ [ -56.21171, -21.33803 ], [ -56.21178, -21.33773 ], [ -56.21155, -21.33733 ], [ -56.21122, -21.33701 ], [ -56.21077, -21.33679 ] ], [ [ -56.21171, -21.33803 ], [ -56.21152, -21.33815 ], [ -56.21137, -21.33814 ], [ -56.21088, -21.33758 ], [ -56.21073, -21.33722 ], [ -56.21077, -21.33679 ] ], [ [ -56.21077, -21.33679 ], [ -56.2099, -21.33514 ], [ -56.20913, -21.33264 ], [ -56.20873, -21.33178 ], [ -56.20871, -21.33067 ], [ -56.20906, -21.32968 ], [ -56.20995, -21.32856 ], [ -56.2112, -21.32754 ], [ -56.21322, -21.32646 ], [ -56.21566, -21.32549 ], [ -56.21739, -21.32469 ], [ -56.21826, -21.32407 ], [ -56.21844, -21.32378 ], [ -56.21851, -21.32347 ], [ -56.21838, -21.32261 ], [ -56.21792, -21.32151 ], [ -56.21642, -21.31872 ], [ -56.21474, -21.31629 ], [ -56.21346, -21.31408 ], [ -56.21275, -21.31321 ], [ -56.21184, -21.31242 ], [ -56.21145, -21.3116 ], [ -56.21162, -21.31095 ], [ -56.21241, -21.30996 ], [ -56.21285, -21.30908 ], [ -56.21331, -21.30744 ], [ -56.21348, -21.30637 ], [ -56.21348, -21.30577 ], [ -56.2133, -21.30515 ], [ -56.21245, -21.30379 ], [ -56.21211, -21.30303 ], [ -56.21205, -21.30232 ], [ -56.21214, -21.30184 ], [ -56.21237, -21.30143 ], [ -56.21311, -21.30065 ], [ -56.21381, -21.30013 ], [ -56.2149, -21.29904 ], [ -56.21617, -21.29811 ], [ -56.21728, -21.29738 ], [ -56.21847, -21.29672 ], [ -56.21999, -21.29622 ], [ -56.22042, -21.296 ], [ -56.22081, -21.29558 ], [ -56.22146, -21.2946 ], [ -56.22208, -21.29385 ], [ -56.22299, -21.29312 ], [ -56.22426, -21.29245 ], [ -56.22652, -21.29164 ], [ -56.22701, -21.2914 ], [ -56.22739, -21.29099 ], [ -56.22756, -21.29064 ], [ -56.22752, -21.28997 ], [ -56.22694, -21.28879 ], [ -56.22655, -21.28833 ], [ -56.22588, -21.2878 ], [ -56.22476, -21.28731 ], [ -56.22284, -21.28694 ], [ -56.22122, -21.28683 ], [ -56.21774, -21.28694 ], [ -56.21046, -21.28765 ], [ -56.20885, -21.28758 ], [ -56.20782, -21.28736 ], [ -56.20696, -21.28695 ], [ -56.20633, -21.28639 ], [ -56.20376, -21.28286 ], [ -56.20326, -21.28238 ], [ -56.20173, -21.28186 ], [ -56.20005, -21.28162 ], [ -56.19907, -21.2814 ], [ -56.19794, -21.28097 ], [ -56.19737, -21.28065 ], [ -56.19699, -21.28027 ], [ -56.19646, -21.27933 ], [ -56.19611, -21.27851 ], [ -56.19603, -21.27783 ], [ -56.19632, -21.2771 ], [ -56.19671, -21.27666 ], [ -56.19738, -21.27612 ], [ -56.2002, -21.27458 ], [ -56.20127, -21.27385 ], [ -56.20186, -21.27335 ], [ -56.20231, -21.27256 ], [ -56.2025, -21.27171 ], [ -56.20264, -21.27067 ], [ -56.20294, -21.26989 ], [ -56.20332, -21.26938 ], [ -56.20444, -21.26854 ], [ -56.20494, -21.26789 ], [ -56.2051, -21.26735 ], [ -56.20509, -21.26687 ], [ -56.20455, -21.26583 ], [ -56.20405, -21.26521 ], [ -56.20273, -21.26412 ], [ -56.20241, -21.26372 ], [ -56.20232, -21.26307 ], [ -56.20242, -21.26275 ], [ -56.20259, -21.26252 ], [ -56.2034, -21.26197 ], [ -56.20466, -21.26153 ], [ -56.20651, -21.26119 ], [ -56.20762, -21.26112 ], [ -56.20815, -21.26119 ], [ -56.20901, -21.26145 ], [ -56.2108, -21.26241 ], [ -56.21209, -21.26296 ], [ -56.2129, -21.2631 ], [ -56.21375, -21.26304 ], [ -56.21435, -21.26284 ], [ -56.215, -21.26238 ], [ -56.21545, -21.26175 ], [ -56.21623, -21.26021 ], [ -56.21674, -21.25877 ], [ -56.21769, -21.25549 ], [ -56.21858, -21.25347 ], [ -56.21877, -21.25284 ], [ -56.2189, -21.25151 ], [ -56.21858, -21.25028 ], [ -56.21787, -21.24878 ], [ -56.217, -21.24735 ], [ -56.21589, -21.24585 ], [ -56.21514, -21.24512 ], [ -56.2142, -21.24468 ], [ -56.21308, -21.24454 ], [ -56.21203, -21.24428 ], [ -56.2102, -21.24337 ], [ -56.20846, -21.2429 ], [ -56.20791, -21.24264 ], [ -56.20756, -21.24235 ], [ -56.20724, -21.2417 ], [ -56.20703, -21.23912 ], [ -56.20663, -21.2372 ], [ -56.20662, -21.2366 ], [ -56.20673, -21.23621 ], [ -56.20691, -21.23593 ], [ -56.20741, -21.23551 ], [ -56.20789, -21.23531 ], [ -56.20858, -21.23529 ], [ -56.20921, -21.23542 ], [ -56.21127, -21.23613 ], [ -56.21177, -21.23621 ], [ -56.21207, -21.23617 ], [ -56.21275, -21.23592 ], [ -56.21317, -21.23559 ], [ -56.21358, -21.23516 ], [ -56.21411, -21.23425 ], [ -56.21463, -21.23297 ], [ -56.21492, -21.23199 ], [ -56.21553, -21.22888 ], [ -56.21571, -21.22829 ], [ -56.21621, -21.22752 ], [ -56.21677, -21.22708 ], [ -56.21803, -21.22666 ], [ -56.21885, -21.22662 ], [ -56.22055, -21.22686 ], [ -56.22295, -21.22749 ], [ -56.22434, -21.22759 ], [ -56.22483, -21.22749 ], [ -56.22553, -21.22716 ], [ -56.22642, -21.22627 ], [ -56.22725, -21.22482 ], [ -56.22755, -21.22332 ], [ -56.22778, -21.22263 ], [ -56.22783, -21.22175 ], [ -56.228, -21.22113 ], [ -56.22798, -21.22076 ], [ -56.2274, -21.21945 ], [ -56.22718, -21.21867 ], [ -56.22676, -21.21799 ], [ -56.2259, -21.21706 ], [ -56.22442, -21.21619 ], [ -56.22394, -21.21578 ], [ -56.22361, -21.21527 ], [ -56.22353, -21.21465 ], [ -56.22365, -21.21422 ], [ -56.22402, -21.21354 ], [ -56.22576, -21.21099 ], [ -56.22678, -21.20823 ], [ -56.2272, -21.2077 ], [ -56.22805, -21.20688 ], [ -56.22833, -21.20647 ], [ -56.22845, -21.20604 ], [ -56.22841, -21.20554 ], [ -56.22828, -21.2052 ], [ -56.22787, -21.20487 ], [ -56.22656, -21.20475 ], [ -56.22517, -21.205 ], [ -56.22401, -21.20534 ], [ -56.22201, -21.20548 ], [ -56.22102, -21.20569 ], [ -56.22028, -21.20603 ], [ -56.21885, -21.20701 ], [ -56.21652, -21.20834 ], [ -56.21411, -21.20945 ], [ -56.21243, -21.21042 ], [ -56.21137, -21.21074 ], [ -56.21043, -21.21073 ], [ -56.20903, -21.21019 ], [ -56.20801, -21.20955 ], [ -56.20616, -21.20866 ], [ -56.20476, -21.20758 ], [ -56.20416, -21.20694 ], [ -56.20358, -21.20645 ], [ -56.20273, -21.20611 ], [ -56.20108, -21.20599 ], [ -56.20017, -21.20559 ], [ -56.19936, -21.20504 ], [ -56.19785, -21.20373 ], [ -56.19691, -21.20307 ], [ -56.19597, -21.2021 ], [ -56.19501, -21.20149 ], [ -56.19409, -21.20123 ], [ -56.19347, -21.20114 ], [ -56.1903, -21.20124 ], [ -56.18903, -21.20114 ], [ -56.18771, -21.20096 ], [ -56.18687, -21.20065 ], [ -56.18623, -21.20017 ], [ -56.18547, -21.19894 ], [ -56.18531, -21.19759 ], [ -56.18546, -21.19705 ], [ -56.18578, -21.19639 ], [ -56.186, -21.1961 ], [ -56.18636, -21.19584 ], [ -56.18674, -21.19584 ], [ -56.18834, -21.19615 ], [ -56.18879, -21.1961 ], [ -56.18909, -21.19593 ], [ -56.1894, -21.19553 ], [ -56.18961, -21.19508 ], [ -56.19027, -21.1932 ], [ -56.19049, -21.19234 ], [ -56.19094, -21.19129 ], [ -56.19131, -21.19059 ], [ -56.19179, -21.18994 ], [ -56.19208, -21.18969 ], [ -56.1925, -21.18953 ], [ -56.19321, -21.18944 ], [ -56.195, -21.18947 ], [ -56.19546, -21.18936 ], [ -56.19604, -21.18907 ], [ -56.19652, -21.18862 ], [ -56.19681, -21.18808 ], [ -56.19701, -21.18743 ], [ -56.19703, -21.1868 ], [ -56.19727, -21.18597 ], [ -56.19758, -21.18557 ], [ -56.19791, -21.18534 ], [ -56.19924, -21.18473 ], [ -56.19991, -21.18453 ], [ -56.20234, -21.18405 ], [ -56.20427, -21.18341 ], [ -56.20715, -21.18264 ], [ -56.20898, -21.18232 ], [ -56.20962, -21.18231 ], [ -56.21007, -21.18242 ], [ -56.21044, -21.18263 ], [ -56.21086, -21.1831 ], [ -56.21129, -21.18429 ], [ -56.2115, -21.18557 ], [ -56.21178, -21.18619 ], [ -56.21225, -21.18651 ], [ -56.21301, -21.18659 ], [ -56.21363, -21.18647 ], [ -56.21601, -21.18574 ], [ -56.21874, -21.18462 ], [ -56.22021, -21.18384 ], [ -56.22094, -21.1832 ], [ -56.22112, -21.18295 ], [ -56.22136, -21.18211 ], [ -56.22114, -21.18165 ], [ -56.2206, -21.18132 ], [ -56.21937, -21.18079 ], [ -56.21891, -21.18043 ], [ -56.21668, -21.17826 ], [ -56.21594, -21.17725 ], [ -56.21568, -21.17658 ], [ -56.21546, -21.17518 ], [ -56.21542, -21.17342 ], [ -56.21507, -21.1722 ], [ -56.21477, -21.17162 ], [ -56.21446, -21.16982 ], [ -56.21449, -21.16906 ], [ -56.21468, -21.16823 ], [ -56.21594, -21.16503 ], [ -56.21613, -21.16229 ], [ -56.21644, -21.16166 ], [ -56.21721, -21.16066 ], [ -56.21731, -21.1602 ], [ -56.21721, -21.15982 ], [ -56.21691, -21.15958 ], [ -56.2163, -21.15938 ], [ -56.21554, -21.15902 ], [ -56.21488, -21.15857 ], [ -56.21466, -21.15797 ], [ -56.21452, -21.15711 ], [ -56.21464, -21.15557 ], [ -56.21563, -21.15168 ], [ -56.21562, -21.1509 ], [ -56.21545, -21.14961 ], [ -56.21545, -21.14871 ], [ -56.21557, -21.14781 ], [ -56.21592, -21.14627 ], [ -56.21595, -21.14443 ], [ -56.21617, -21.14369 ], [ -56.21676, -21.14294 ], [ -56.21765, -21.14206 ], [ -56.21928, -21.14066 ], [ -56.22043, -21.13998 ], [ -56.22131, -21.13962 ], [ -56.22176, -21.13955 ], [ -56.22278, -21.1396 ], [ -56.22357, -21.13942 ], [ -56.22425, -21.13882 ], [ -56.22468, -21.13797 ], [ -56.22479, -21.13715 ], [ -56.22472, -21.13601 ], [ -56.22453, -21.13527 ], [ -56.22399, -21.13389 ], [ -56.22293, -21.13207 ], [ -56.22256, -21.1311 ], [ -56.22259, -21.13046 ], [ -56.2228, -21.12951 ], [ -56.22327, -21.12807 ], [ -56.22343, -21.12682 ], [ -56.22314, -21.12577 ], [ -56.22255, -21.12475 ], [ -56.22247, -21.12381 ], [ -56.22271, -21.12296 ], [ -56.2239, -21.12127 ], [ -56.22412, -21.12084 ], [ -56.22422, -21.12041 ], [ -56.22422, -21.12 ], [ -56.22404, -21.11931 ], [ -56.22365, -21.11851 ], [ -56.2232, -21.11782 ], [ -56.22314, -21.11754 ], [ -56.22319, -21.11728 ], [ -56.22369, -21.11646 ], [ -56.22544, -21.11464 ], [ -56.22573, -21.11414 ], [ -56.2258, -21.11376 ], [ -56.22564, -21.11327 ], [ -56.2251, -21.11283 ], [ -56.22329, -21.1123 ], [ -56.22259, -21.11221 ], [ -56.22226, -21.11186 ], [ -56.22235, -21.11145 ], [ -56.22259, -21.11115 ], [ -56.22292, -21.11098 ], [ -56.22374, -21.11079 ], [ -56.22454, -21.11082 ], [ -56.22581, -21.11055 ], [ -56.22829, -21.10956 ], [ -56.22899, -21.10918 ], [ -56.23001, -21.10822 ], [ -56.23055, -21.1074 ], [ -56.23132, -21.10678 ], [ -56.23184, -21.10618 ], [ -56.23203, -21.10549 ], [ -56.23199, -21.10467 ], [ -56.2317, -21.10384 ], [ -56.23124, -21.102 ], [ -56.23086, -21.10124 ], [ -56.23054, -21.10086 ], [ -56.22909, -21.0997 ], [ -56.22824, -21.09851 ], [ -56.22706, -21.09738 ], [ -56.226, -21.09595 ], [ -56.22502, -21.09525 ], [ -56.22363, -21.09488 ], [ -56.22239, -21.09441 ], [ -56.22191, -21.09418 ], [ -56.2216, -21.09393 ], [ -56.22127, -21.09341 ], [ -56.22101, -21.09258 ], [ -56.22095, -21.09198 ], [ -56.22099, -21.09076 ], [ -56.22078, -21.09007 ], [ -56.22021, -21.08945 ], [ -56.21906, -21.08892 ], [ -56.21865, -21.08861 ], [ -56.21834, -21.08827 ], [ -56.21815, -21.08789 ], [ -56.21766, -21.08537 ], [ -56.21729, -21.08276 ], [ -56.21709, -21.08194 ], [ -56.21657, -21.08094 ], [ -56.2155, -21.07969 ], [ -56.2148, -21.07915 ], [ -56.21446, -21.07906 ], [ -56.21392, -21.07908 ], [ -56.21229, -21.07966 ], [ -56.21028, -21.07982 ], [ -56.20875, -21.08022 ], [ -56.20794, -21.08033 ], [ -56.20706, -21.08027 ], [ -56.20647, -21.08012 ], [ -56.20486, -21.07926 ], [ -56.20388, -21.07906 ], [ -56.20338, -21.07909 ], [ -56.20248, -21.07956 ], [ -56.20108, -21.08083 ], [ -56.2004, -21.08124 ], [ -56.19937, -21.08141 ], [ -56.19787, -21.08122 ], [ -56.19732, -21.08132 ], [ -56.19666, -21.08182 ], [ -56.19627, -21.08226 ], [ -56.19529, -21.08313 ], [ -56.19464, -21.08352 ], [ -56.1933, -21.08408 ], [ -56.19162, -21.08426 ], [ -56.18926, -21.08428 ], [ -56.18825, -21.08421 ], [ -56.18773, -21.08408 ], [ -56.18681, -21.08345 ], [ -56.1853, -21.08199 ], [ -56.18455, -21.08149 ], [ -56.18417, -21.08107 ], [ -56.18391, -21.08051 ], [ -56.18399, -21.07993 ], [ -56.18428, -21.07947 ], [ -56.18518, -21.07879 ], [ -56.18587, -21.0784 ], [ -56.18645, -21.07779 ], [ -56.18678, -21.07705 ], [ -56.18682, -21.07653 ], [ -56.18662, -21.07618 ], [ -56.18614, -21.07577 ], [ -56.18532, -21.07551 ], [ -56.18419, -21.07477 ], [ -56.18365, -21.07414 ], [ -56.1829, -21.07298 ], [ -56.18219, -21.07243 ], [ -56.18177, -21.07229 ], [ -56.18125, -21.07226 ], [ -56.17937, -21.07272 ], [ -56.17795, -21.07267 ], [ -56.17743, -21.07249 ], [ -56.1771, -21.07224 ], [ -56.17687, -21.07187 ], [ -56.17685, -21.07147 ], [ -56.17694, -21.07118 ], [ -56.1774, -21.07039 ], [ -56.17828, -21.06925 ], [ -56.17926, -21.0677 ], [ -56.18, -21.06611 ], [ -56.18056, -21.06512 ], [ -56.18107, -21.06437 ], [ -56.18174, -21.0636 ], [ -56.18242, -21.06314 ], [ -56.18292, -21.06295 ], [ -56.18356, -21.06282 ], [ -56.18423, -21.06285 ], [ -56.18527, -21.06272 ], [ -56.18604, -21.06252 ], [ -56.18651, -21.06218 ], [ -56.18673, -21.06177 ], [ -56.1868, -21.06084 ], [ -56.18668, -21.06009 ], [ -56.18672, -21.05828 ], [ -56.18657, -21.05718 ], [ -56.18632, -21.05631 ], [ -56.18637, -21.05577 ], [ -56.1866, -21.05505 ], [ -56.18665, -21.05425 ], [ -56.18639, -21.05335 ], [ -56.18499, -21.05079 ], [ -56.18448, -21.04916 ], [ -56.1842, -21.04754 ], [ -56.18426, -21.04674 ], [ -56.18458, -21.04602 ] ], [ [ -56.18458, -21.04602 ], [ -56.18487, -21.04606 ], [ -56.18511, -21.04599 ], [ -56.18578, -21.04507 ], [ -56.18595, -21.04425 ], [ -56.18589, -21.04352 ] ], [ [ -56.18458, -21.04602 ], [ -56.18445, -21.04567 ], [ -56.18446, -21.04534 ], [ -56.18504, -21.04418 ], [ -56.18538, -21.04374 ], [ -56.18589, -21.04352 ] ], [ [ -56.18589, -21.04352 ], [ -56.18627, -21.04277 ], [ -56.18679, -21.0421 ], [ -56.18762, -21.04144 ], [ -56.18909, -21.03998 ], [ -56.19015, -21.03917 ], [ -56.19205, -21.03732 ], [ -56.19357, -21.03626 ], [ -56.19633, -21.03463 ], [ -56.19724, -21.03389 ], [ -56.198, -21.03287 ], [ -56.19823, -21.03207 ], [ -56.19827, -21.03137 ], [ -56.19852, -21.03089 ], [ -56.19889, -21.0306 ], [ -56.19926, -21.03054 ], [ -56.19968, -21.03067 ], [ -56.20039, -21.03138 ], [ -56.20084, -21.03171 ], [ -56.20118, -21.03187 ], [ -56.20169, -21.03195 ], [ -56.20211, -21.03186 ], [ -56.20245, -21.03169 ], [ -56.20292, -21.03108 ], [ -56.20338, -21.03074 ], [ -56.20371, -21.03059 ], [ -56.20401, -21.0306 ], [ -56.2043, -21.03075 ], [ -56.20467, -21.03109 ], [ -56.20535, -21.03196 ], [ -56.20561, -21.03218 ], [ -56.20618, -21.03245 ], [ -56.20681, -21.03257 ], [ -56.20766, -21.03241 ], [ -56.20837, -21.03202 ], [ -56.20856, -21.03135 ], [ -56.2085, -21.03112 ], [ -56.2083, -21.03091 ], [ -56.20727, -21.03043 ], [ -56.20668, -21.02999 ], [ -56.20645, -21.02957 ], [ -56.20643, -21.02927 ], [ -56.20653, -21.029 ], [ -56.20677, -21.02882 ], [ -56.20708, -21.02877 ], [ -56.20746, -21.02891 ], [ -56.20906, -21.03012 ], [ -56.21002, -21.03058 ], [ -56.21069, -21.0307 ], [ -56.21139, -21.03066 ], [ -56.21176, -21.03055 ], [ -56.21202, -21.03029 ], [ -56.21212, -21.02974 ], [ -56.21195, -21.02912 ], [ -56.21012, -21.02607 ], [ -56.20923, -21.02503 ], [ -56.2083, -21.02449 ], [ -56.20688, -21.02347 ], [ -56.20604, -21.02317 ], [ -56.20574, -21.02325 ], [ -56.20527, -21.02356 ], [ -56.20458, -21.02456 ], [ -56.20392, -21.02505 ], [ -56.20332, -21.02517 ], [ -56.20285, -21.02492 ], [ -56.20266, -21.02452 ], [ -56.20278, -21.02398 ], [ -56.20357, -21.02255 ], [ -56.20402, -21.02145 ], [ -56.20395, -21.02082 ], [ -56.20367, -21.02046 ], [ -56.20321, -21.02028 ], [ -56.20223, -21.02031 ], [ -56.19988, -21.02116 ], [ -56.19931, -21.02122 ], [ -56.19896, -21.0211 ], [ -56.1987, -21.02082 ], [ -56.19853, -21.02044 ], [ -56.19847, -21.02003 ], [ -56.19863, -21.01854 ], [ -56.19885, -21.01733 ], [ -56.19891, -21.01587 ], [ -56.19898, -21.01541 ], [ -56.19931, -21.01485 ], [ -56.19956, -21.01471 ], [ -56.19987, -21.01471 ], [ -56.20048, -21.01545 ], [ -56.20093, -21.01633 ], [ -56.20148, -21.01679 ], [ -56.20181, -21.01689 ], [ -56.20197, -21.01686 ], [ -56.2022, -21.0167 ], [ -56.20236, -21.0164 ], [ -56.20254, -21.01581 ], [ -56.20259, -21.0152 ], [ -56.20215, -21.01076 ], [ -56.20219, -21.01013 ], [ -56.20252, -21.00946 ], [ -56.20283, -21.00929 ], [ -56.20318, -21.0093 ], [ -56.20364, -21.00947 ], [ -56.20452, -21.01009 ], [ -56.20562, -21.01116 ], [ -56.20636, -21.01159 ], [ -56.20701, -21.01156 ], [ -56.20735, -21.0114 ], [ -56.20788, -21.0108 ], [ -56.20838, -21.00957 ], [ -56.2086, -21.00789 ], [ -56.20853, -21.00696 ], [ -56.20803, -21.00501 ], [ -56.20807, -21.00433 ], [ -56.20831, -21.00351 ], [ -56.20875, -21.00267 ], [ -56.20929, -21.0023 ], [ -56.21004, -21.00205 ], [ -56.21043, -21.00181 ], [ -56.21157, -21.00028 ], [ -56.21222, -20.99956 ], [ -56.21264, -20.99887 ], [ -56.21291, -20.99823 ], [ -56.21301, -20.99765 ], [ -56.21297, -20.99709 ], [ -56.21284, -20.99674 ], [ -56.21233, -20.99597 ], [ -56.21219, -20.99562 ], [ -56.21205, -20.99476 ], [ -56.21207, -20.99383 ], [ -56.21175, -20.99297 ], [ -56.2113, -20.9922 ], [ -56.21023, -20.9911 ], [ -56.20911, -20.9902 ], [ -56.20522, -20.98779 ], [ -56.20422, -20.98703 ], [ -56.20328, -20.98603 ], [ -56.20265, -20.98494 ], [ -56.20207, -20.98373 ], [ -56.20158, -20.98315 ], [ -56.20116, -20.98306 ], [ -56.19883, -20.98357 ], [ -56.19836, -20.98348 ], [ -56.19804, -20.98322 ], [ -56.19795, -20.98296 ], [ -56.198, -20.9827 ], [ -56.19861, -20.98224 ], [ -56.20004, -20.98178 ], [ -56.20157, -20.98158 ], [ -56.20196, -20.98135 ], [ -56.20211, -20.98113 ], [ -56.20219, -20.98077 ], [ -56.20216, -20.98049 ], [ -56.20194, -20.98007 ], [ -56.20168, -20.97979 ], [ -56.2009, -20.9795 ], [ -56.19752, -20.97951 ], [ -56.19688, -20.97945 ], [ -56.19617, -20.97922 ], [ -56.19568, -20.9788 ], [ -56.19526, -20.97821 ], [ -56.19385, -20.97552 ], [ -56.193, -20.97478 ], [ -56.19239, -20.97444 ], [ -56.19158, -20.97428 ], [ -56.19075, -20.97434 ], [ -56.1895, -20.97478 ], [ -56.18804, -20.97546 ], [ -56.18731, -20.97555 ], [ -56.18689, -20.97541 ], [ -56.18659, -20.97514 ], [ -56.18632, -20.97457 ], [ -56.18631, -20.97356 ], [ -56.18587, -20.9714 ], [ -56.18576, -20.96981 ], [ -56.18548, -20.96905 ], [ -56.18481, -20.96863 ], [ -56.18315, -20.96849 ], [ -56.18215, -20.96822 ], [ -56.18177, -20.96801 ], [ -56.18139, -20.96767 ], [ -56.18114, -20.96711 ], [ -56.18106, -20.96666 ], [ -56.18112, -20.96603 ], [ -56.18146, -20.96537 ], [ -56.18211, -20.96467 ], [ -56.18285, -20.96414 ], [ -56.18389, -20.96355 ], [ -56.18596, -20.96287 ], [ -56.18667, -20.96252 ], [ -56.18746, -20.96171 ], [ -56.18789, -20.96099 ], [ -56.18831, -20.95993 ], [ -56.18882, -20.95901 ], [ -56.18928, -20.95842 ], [ -56.19005, -20.95789 ], [ -56.19084, -20.9576 ], [ -56.19143, -20.95756 ], [ -56.19203, -20.95772 ], [ -56.19259, -20.95827 ], [ -56.19311, -20.95942 ], [ -56.19331, -20.9601 ], [ -56.19392, -20.96113 ], [ -56.19462, -20.96188 ], [ -56.19564, -20.96379 ], [ -56.19605, -20.96523 ], [ -56.19605, -20.96691 ], [ -56.19617, -20.96721 ], [ -56.19647, -20.96747 ], [ -56.19676, -20.96755 ], [ -56.19712, -20.96753 ], [ -56.19746, -20.96741 ], [ -56.1977, -20.96721 ], [ -56.19787, -20.96688 ], [ -56.19826, -20.96553 ], [ -56.1994, -20.96353 ], [ -56.19997, -20.96209 ], [ -56.20009, -20.96134 ], [ -56.20003, -20.96086 ], [ -56.19983, -20.96058 ], [ -56.19939, -20.96019 ], [ -56.1981, -20.95935 ], [ -56.19777, -20.95904 ], [ -56.19742, -20.95834 ], [ -56.19742, -20.95741 ], [ -56.19783, -20.9561 ], [ -56.19846, -20.95514 ], [ -56.19953, -20.95401 ], [ -56.20103, -20.95277 ], [ -56.20131, -20.9524 ], [ -56.20154, -20.95164 ], [ -56.20142, -20.95032 ], [ -56.20115, -20.94946 ], [ -56.19814, -20.94453 ], [ -56.19764, -20.9439 ], [ -56.19707, -20.94359 ], [ -56.19668, -20.94327 ], [ -56.19628, -20.94261 ], [ -56.1961, -20.94195 ], [ -56.19597, -20.94081 ], [ -56.19588, -20.93806 ], [ -56.19603, -20.93705 ], [ -56.19601, -20.93666 ], [ -56.19591, -20.93613 ], [ -56.19572, -20.93569 ], [ -56.19523, -20.93521 ], [ -56.19384, -20.93457 ], [ -56.19319, -20.93397 ], [ -56.19252, -20.93362 ], [ -56.19103, -20.93349 ], [ -56.18961, -20.93397 ], [ -56.18838, -20.93477 ], [ -56.18666, -20.9355 ], [ -56.186, -20.93601 ], [ -56.18573, -20.9364 ], [ -56.1855, -20.93746 ], [ -56.18551, -20.94119 ], [ -56.18518, -20.94319 ], [ -56.18468, -20.9454 ], [ -56.184, -20.947 ], [ -56.18334, -20.94796 ], [ -56.18256, -20.94847 ], [ -56.18124, -20.94901 ], [ -56.18047, -20.94918 ], [ -56.17891, -20.9492 ], [ -56.17819, -20.94902 ], [ -56.17756, -20.94867 ], [ -56.17674, -20.94792 ], [ -56.17582, -20.94752 ], [ -56.17495, -20.94756 ], [ -56.17419, -20.94784 ], [ -56.17389, -20.94806 ], [ -56.17371, -20.94847 ], [ -56.17372, -20.94872 ], [ -56.17406, -20.94924 ], [ -56.17456, -20.94958 ], [ -56.17604, -20.95005 ], [ -56.17665, -20.95042 ], [ -56.17685, -20.95078 ], [ -56.17678, -20.95099 ], [ -56.17662, -20.95111 ], [ -56.17564, -20.95115 ], [ -56.17274, -20.9506 ], [ -56.17058, -20.95048 ], [ -56.16952, -20.95027 ], [ -56.16874, -20.94977 ], [ -56.16838, -20.94941 ], [ -56.16776, -20.94808 ], [ -56.16728, -20.94731 ], [ -56.16687, -20.94699 ], [ -56.16639, -20.94683 ], [ -56.16607, -20.94684 ], [ -56.16576, -20.94694 ], [ -56.16537, -20.94726 ], [ -56.16518, -20.9476 ], [ -56.16509, -20.94805 ], [ -56.16512, -20.94844 ], [ -56.1657, -20.95041 ], [ -56.16567, -20.95095 ], [ -56.16531, -20.95121 ], [ -56.16468, -20.95129 ], [ -56.16383, -20.95128 ], [ -56.1627, -20.95107 ], [ -56.16085, -20.95015 ], [ -56.15942, -20.94954 ], [ -56.15902, -20.94924 ], [ -56.15873, -20.94885 ], [ -56.15865, -20.94838 ], [ -56.15887, -20.94759 ], [ -56.15984, -20.94644 ], [ -56.16069, -20.94561 ], [ -56.16219, -20.94458 ], [ -56.16459, -20.94338 ], [ -56.16571, -20.94253 ], [ -56.16655, -20.9421 ], [ -56.16704, -20.94173 ], [ -56.16754, -20.94121 ], [ -56.16771, -20.94086 ], [ -56.16796, -20.93987 ], [ -56.16798, -20.93932 ], [ -56.16787, -20.93869 ], [ -56.16796, -20.93837 ], [ -56.16821, -20.93805 ], [ -56.16882, -20.93762 ], [ -56.16895, -20.93736 ], [ -56.17005, -20.93605 ], [ -56.17051, -20.93527 ], [ -56.17112, -20.93376 ], [ -56.17166, -20.93303 ], [ -56.17211, -20.93226 ], [ -56.17294, -20.93113 ], [ -56.17429, -20.92966 ], [ -56.17493, -20.92883 ], [ -56.17505, -20.92804 ], [ -56.17481, -20.92713 ], [ -56.17441, -20.92646 ], [ -56.17337, -20.92554 ], [ -56.17296, -20.92505 ], [ -56.17252, -20.92393 ], [ -56.17251, -20.92332 ], [ -56.17266, -20.9227 ], [ -56.17346, -20.92112 ], [ -56.174, -20.92067 ], [ -56.1746, -20.92052 ], [ -56.1751, -20.92061 ], [ -56.17551, -20.92088 ], [ -56.17647, -20.92129 ], [ -56.17767, -20.92167 ], [ -56.17832, -20.92171 ], [ -56.17972, -20.92154 ], [ -56.1801, -20.92138 ], [ -56.18038, -20.9211 ], [ -56.18051, -20.92035 ], [ -56.18039, -20.91984 ], [ -56.1799, -20.91883 ], [ -56.17862, -20.91702 ], [ -56.17816, -20.91614 ], [ -56.17786, -20.91527 ], [ -56.17786, -20.91486 ], [ -56.17769, -20.91427 ], [ -56.1776, -20.91295 ], [ -56.17787, -20.91224 ], [ -56.17823, -20.9121 ], [ -56.17861, -20.9121 ], [ -56.18043, -20.9125 ], [ -56.18092, -20.91246 ], [ -56.18131, -20.91219 ], [ -56.18156, -20.91152 ], [ -56.18154, -20.91015 ], [ -56.1817, -20.90942 ], [ -56.1823, -20.90813 ], [ -56.18304, -20.90712 ], [ -56.18393, -20.90632 ], [ -56.18463, -20.90603 ], [ -56.1877, -20.9058 ], [ -56.18847, -20.90555 ], [ -56.18893, -20.90516 ], [ -56.18917, -20.90471 ], [ -56.18962, -20.90421 ], [ -56.18982, -20.90379 ], [ -56.18992, -20.90289 ], [ -56.18976, -20.90249 ], [ -56.18929, -20.90199 ], [ -56.18805, -20.90104 ], [ -56.18737, -20.90034 ], [ -56.18706, -20.89985 ], [ -56.18607, -20.89865 ], [ -56.18506, -20.89801 ], [ -56.18448, -20.89779 ], [ -56.18352, -20.8977 ], [ -56.17982, -20.89793 ], [ -56.17746, -20.89767 ], [ -56.17659, -20.8974 ], [ -56.17488, -20.89646 ], [ -56.17291, -20.89584 ], [ -56.17221, -20.89553 ], [ -56.17181, -20.89522 ], [ -56.17164, -20.89467 ], [ -56.17172, -20.8942 ], [ -56.17199, -20.89377 ], [ -56.17242, -20.89264 ], [ -56.17237, -20.89167 ], [ -56.17222, -20.89117 ], [ -56.17169, -20.89021 ], [ -56.17131, -20.88981 ], [ -56.17062, -20.88945 ], [ -56.16956, -20.88911 ], [ -56.16755, -20.88877 ], [ -56.16656, -20.88872 ], [ -56.16585, -20.88874 ], [ -56.16439, -20.88894 ], [ -56.16218, -20.88942 ], [ -56.16071, -20.8893 ], [ -56.15847, -20.88926 ], [ -56.15444, -20.89039 ], [ -56.15277, -20.89103 ], [ -56.15081, -20.89165 ], [ -56.14928, -20.89188 ], [ -56.14876, -20.89188 ], [ -56.14825, -20.89177 ], [ -56.14789, -20.89154 ], [ -56.14745, -20.89107 ], [ -56.14716, -20.89055 ], [ -56.14679, -20.88959 ], [ -56.14639, -20.88792 ], [ -56.14632, -20.88674 ], [ -56.14641, -20.88518 ], [ -56.14608, -20.88335 ], [ -56.14642, -20.88295 ], [ -56.14694, -20.88274 ], [ -56.14742, -20.88268 ], [ -56.15132, -20.8831 ], [ -56.15236, -20.88347 ], [ -56.15307, -20.88399 ], [ -56.15397, -20.88444 ], [ -56.15614, -20.88505 ], [ -56.15681, -20.88506 ], [ -56.1575, -20.88486 ], [ -56.15796, -20.88457 ], [ -56.15818, -20.88425 ], [ -56.15821, -20.88336 ], [ -56.15797, -20.88201 ], [ -56.15772, -20.88138 ], [ -56.15752, -20.88102 ], [ -56.15677, -20.88021 ], [ -56.15477, -20.87886 ], [ -56.15427, -20.87844 ], [ -56.15393, -20.87799 ], [ -56.15333, -20.87648 ], [ -56.15321, -20.87535 ], [ -56.15305, -20.8748 ], [ -56.15271, -20.87407 ], [ -56.15158, -20.87261 ], [ -56.15132, -20.87216 ], [ -56.15109, -20.87147 ], [ -56.15116, -20.87093 ], [ -56.1513, -20.87065 ], [ -56.15181, -20.87039 ], [ -56.15254, -20.87046 ], [ -56.15284, -20.8706 ], [ -56.15322, -20.87066 ], [ -56.15466, -20.87055 ], [ -56.15512, -20.87042 ], [ -56.15557, -20.87007 ], [ -56.15594, -20.86963 ], [ -56.15641, -20.86879 ], [ -56.15684, -20.86764 ], [ -56.15736, -20.8671 ], [ -56.15841, -20.86653 ], [ -56.1598, -20.86627 ], [ -56.1607, -20.866 ], [ -56.16123, -20.86575 ], [ -56.16166, -20.86532 ], [ -56.1619, -20.86444 ], [ -56.16192, -20.86347 ], [ -56.16184, -20.86283 ], [ -56.1614, -20.86089 ], [ -56.16135, -20.85982 ], [ -56.16157, -20.85854 ], [ -56.16189, -20.85766 ], [ -56.16238, -20.85675 ], [ -56.16277, -20.85515 ], [ -56.16253, -20.85299 ], [ -56.16234, -20.85223 ], [ -56.16212, -20.85072 ], [ -56.16211, -20.84978 ], [ -56.16229, -20.84891 ], [ -56.1631, -20.84711 ], [ -56.16317, -20.84662 ], [ -56.16315, -20.84593 ], [ -56.16288, -20.84484 ], [ -56.16256, -20.84413 ], [ -56.16213, -20.84345 ], [ -56.16189, -20.84258 ], [ -56.16177, -20.84059 ], [ -56.16191, -20.83871 ], [ -56.16174, -20.83796 ], [ -56.16149, -20.83742 ], [ -56.16097, -20.83691 ], [ -56.15907, -20.83588 ], [ -56.15692, -20.83517 ], [ -56.15592, -20.83497 ], [ -56.1551, -20.83492 ], [ -56.15434, -20.83507 ], [ -56.15337, -20.83542 ], [ -56.15273, -20.83575 ], [ -56.15138, -20.83681 ], [ -56.14932, -20.83897 ], [ -56.14844, -20.83977 ], [ -56.14562, -20.84184 ], [ -56.14369, -20.843 ], [ -56.14316, -20.84354 ] ], [ [ -56.13791, -20.84874 ], [ -56.13717, -20.84926 ], [ -56.13662, -20.84952 ], [ -56.13552, -20.8503 ], [ -56.13476, -20.85071 ], [ -56.13416, -20.85093 ], [ -56.13324, -20.85118 ], [ -56.1326, -20.85125 ], [ -56.13053, -20.85104 ], [ -56.12975, -20.85105 ], [ -56.12902, -20.85122 ], [ -56.12858, -20.8516 ], [ -56.12846, -20.85204 ], [ -56.12851, -20.85238 ], [ -56.12937, -20.85379 ], [ -56.12965, -20.8548 ], [ -56.12967, -20.85567 ], [ -56.12939, -20.85669 ], [ -56.12926, -20.85769 ], [ -56.12926, -20.85835 ], [ -56.12953, -20.85947 ], [ -56.13019, -20.86099 ], [ -56.13036, -20.86163 ], [ -56.13019, -20.86208 ], [ -56.12981, -20.86243 ], [ -56.12892, -20.86281 ], [ -56.12769, -20.86292 ], [ -56.1262, -20.86271 ], [ -56.12471, -20.86223 ], [ -56.12304, -20.86149 ], [ -56.12211, -20.8609 ], [ -56.1216, -20.86045 ], [ -56.12085, -20.85954 ], [ -56.1204, -20.85872 ], [ -56.12023, -20.8586 ], [ -56.11966, -20.85844 ], [ -56.1191, -20.85842 ], [ -56.11761, -20.85858 ], [ -56.11565, -20.85894 ], [ -56.1141, -20.8593 ], [ -56.1135, -20.85963 ], [ -56.11304, -20.86029 ], [ -56.11289, -20.86117 ], [ -56.11292, -20.86346 ], [ -56.11266, -20.86483 ], [ -56.11176, -20.86706 ], [ -56.11128, -20.86775 ], [ -56.11033, -20.86861 ], [ -56.10813, -20.86996 ], [ -56.10699, -20.87116 ], [ -56.10626, -20.87222 ], [ -56.10571, -20.87287 ], [ -56.10481, -20.87345 ], [ -56.10376, -20.8737 ], [ -56.1025, -20.87352 ], [ -56.10149, -20.8729 ], [ -56.10111, -20.87254 ], [ -56.10058, -20.87182 ], [ -56.10017, -20.87102 ], [ -56.09989, -20.86938 ], [ -56.09995, -20.8682 ], [ -56.10044, -20.86612 ], [ -56.10061, -20.86488 ], [ -56.10065, -20.86316 ], [ -56.1005, -20.8619 ], [ -56.1001, -20.86081 ], [ -56.0996, -20.86007 ], [ -56.09909, -20.85956 ], [ -56.0971, -20.85791 ], [ -56.09682, -20.85737 ], [ -56.09695, -20.85672 ], [ -56.09751, -20.85615 ], [ -56.10066, -20.85392 ], [ -56.1018, -20.85319 ], [ -56.10292, -20.85258 ], [ -56.1067, -20.85091 ], [ -56.11063, -20.84952 ], [ -56.11298, -20.84839 ], [ -56.11573, -20.8474 ], [ -56.11729, -20.84662 ], [ -56.11788, -20.84612 ], [ -56.11818, -20.8457 ], [ -56.1191, -20.84372 ], [ -56.11952, -20.84293 ], [ -56.11987, -20.84246 ], [ -56.12051, -20.84185 ], [ -56.12195, -20.84112 ], [ -56.1225, -20.84074 ], [ -56.123, -20.84011 ], [ -56.12339, -20.83897 ], [ -56.12341, -20.83775 ], [ -56.12331, -20.83683 ], [ -56.12311, -20.83616 ], [ -56.12208, -20.83435 ], [ -56.12186, -20.83354 ], [ -56.12195, -20.83311 ], [ -56.12217, -20.83281 ], [ -56.12264, -20.83253 ], [ -56.12365, -20.83218 ], [ -56.124, -20.83192 ], [ -56.12417, -20.83163 ], [ -56.12359, -20.82906 ], [ -56.12336, -20.82646 ], [ -56.12342, -20.82564 ], [ -56.12386, -20.82459 ], [ -56.12386, -20.82399 ], [ -56.12371, -20.82367 ], [ -56.12336, -20.82329 ], [ -56.12259, -20.82279 ], [ -56.11873, -20.82143 ], [ -56.11603, -20.82088 ], [ -56.11267, -20.82057 ], [ -56.11181, -20.82035 ], [ -56.11085, -20.81999 ], [ -56.1099, -20.81953 ], [ -56.10899, -20.81873 ], [ -56.10875, -20.81836 ], [ -56.10863, -20.81798 ], [ -56.10866, -20.81729 ], [ -56.1095, -20.81606 ], [ -56.10991, -20.81484 ], [ -56.1103, -20.81444 ], [ -56.11088, -20.81423 ], [ -56.11261, -20.81405 ], [ -56.11418, -20.81371 ], [ -56.1146, -20.81349 ], [ -56.11511, -20.81306 ], [ -56.11611, -20.81146 ], [ -56.11634, -20.8107 ], [ -56.11645, -20.80967 ], [ -56.11638, -20.8079 ], [ -56.11653, -20.80733 ], [ -56.11682, -20.80685 ], [ -56.11747, -20.80616 ], [ -56.11839, -20.80541 ], [ -56.11886, -20.80511 ], [ -56.12006, -20.80457 ], [ -56.12065, -20.80414 ], [ -56.12099, -20.80379 ], [ -56.1212, -20.80327 ], [ -56.12128, -20.80275 ], [ -56.12196, -20.80194 ], [ -56.12318, -20.80118 ], [ -56.12537, -20.80012 ], [ -56.1258, -20.79981 ], [ -56.12631, -20.79926 ], [ -56.12643, -20.79874 ], [ -56.12619, -20.7977 ], [ -56.12573, -20.79687 ], [ -56.12451, -20.79518 ], [ -56.12398, -20.7941 ], [ -56.12397, -20.79355 ], [ -56.12412, -20.79319 ], [ -56.12447, -20.79276 ], [ -56.12495, -20.79237 ], [ -56.12564, -20.79215 ], [ -56.12622, -20.79217 ], [ -56.12713, -20.79242 ], [ -56.1279, -20.7928 ], [ -56.12864, -20.79333 ], [ -56.13043, -20.79511 ], [ -56.13089, -20.79548 ], [ -56.13141, -20.7957 ], [ -56.13204, -20.79571 ], [ -56.13253, -20.79547 ], [ -56.13288, -20.79511 ], [ -56.13468, -20.79189 ], [ -56.13526, -20.79128 ], [ -56.13613, -20.79061 ], [ -56.1364, -20.7903 ], [ -56.13662, -20.78975 ], [ -56.1366, -20.78873 ], [ -56.13644, -20.78812 ], [ -56.13613, -20.78762 ], [ -56.13546, -20.78701 ], [ -56.13479, -20.78655 ], [ -56.13377, -20.78611 ], [ -56.13069, -20.78538 ], [ -56.13002, -20.7851 ], [ -56.12959, -20.78475 ], [ -56.12932, -20.78442 ], [ -56.129, -20.7838 ], [ -56.12847, -20.78224 ], [ -56.12824, -20.78019 ], [ -56.12792, -20.77898 ], [ -56.12754, -20.77819 ], [ -56.12697, -20.77756 ], [ -56.12637, -20.77712 ], [ -56.12218, -20.77484 ], [ -56.11878, -20.77333 ], [ -56.11774, -20.77264 ], [ -56.11645, -20.77154 ], [ -56.11508, -20.77116 ], [ -56.11363, -20.77101 ], [ -56.11164, -20.77108 ], [ -56.10978, -20.7713 ], [ -56.10856, -20.77132 ], [ -56.10697, -20.77176 ], [ -56.10603, -20.77226 ], [ -56.10474, -20.77335 ], [ -56.10366, -20.77476 ], [ -56.10304, -20.77613 ], [ -56.10263, -20.7768 ], [ -56.10206, -20.77742 ], [ -56.10133, -20.77793 ], [ -56.09983, -20.77854 ], [ -56.09798, -20.77861 ], [ -56.09648, -20.77877 ], [ -56.09567, -20.77895 ], [ -56.09428, -20.77955 ], [ -56.09197, -20.78092 ], [ -56.09152, -20.78106 ], [ -56.0911, -20.78094 ], [ -56.09071, -20.78046 ], [ -56.09013, -20.78 ], [ -56.08831, -20.77903 ], [ -56.08662, -20.77769 ], [ -56.08597, -20.77692 ], [ -56.08471, -20.77444 ], [ -56.08425, -20.77307 ], [ -56.08409, -20.77184 ], [ -56.08423, -20.77031 ], [ -56.08454, -20.76822 ], [ -56.08461, -20.76653 ], [ -56.08471, -20.76616 ], [ -56.08498, -20.7658 ], [ -56.08556, -20.76554 ], [ -56.08648, -20.76561 ], [ -56.0889, -20.76629 ], [ -56.08946, -20.76616 ], [ -56.08992, -20.76579 ], [ -56.09091, -20.76433 ], [ -56.09232, -20.76157 ], [ -56.09262, -20.76017 ], [ -56.09259, -20.75877 ], [ -56.09275, -20.75794 ], [ -56.09289, -20.75755 ], [ -56.09379, -20.75627 ], [ -56.09433, -20.75581 ], [ -56.09493, -20.755 ], [ -56.09624, -20.75382 ], [ -56.09861, -20.75113 ], [ -56.10112, -20.74939 ], [ -56.10444, -20.74747 ], [ -56.10509, -20.74697 ], [ -56.10593, -20.74614 ], [ -56.10628, -20.74532 ], [ -56.10633, -20.7445 ], [ -56.10622, -20.74362 ], [ -56.10589, -20.74254 ], [ -56.10575, -20.74157 ], [ -56.10589, -20.74101 ], [ -56.10627, -20.74048 ], [ -56.10681, -20.73996 ], [ -56.10757, -20.73968 ], [ -56.10868, -20.73946 ], [ -56.10965, -20.73961 ], [ -56.11018, -20.73986 ], [ -56.11117, -20.74058 ], [ -56.11262, -20.74127 ], [ -56.1138, -20.74176 ], [ -56.11473, -20.74196 ], [ -56.11557, -20.74197 ], [ -56.11611, -20.74186 ], [ -56.11703, -20.74144 ], [ -56.11765, -20.74095 ], [ -56.11791, -20.74044 ], [ -56.1178, -20.73939 ], [ -56.11678, -20.73619 ], [ -56.11642, -20.73528 ], [ -56.11607, -20.73245 ], [ -56.11587, -20.73176 ], [ -56.11555, -20.73118 ], [ -56.11546, -20.73072 ], [ -56.11541, -20.72992 ], [ -56.11551, -20.72933 ], [ -56.11588, -20.72837 ], [ -56.11633, -20.72776 ], [ -56.117, -20.72734 ], [ -56.11897, -20.72657 ], [ -56.12368, -20.72505 ], [ -56.12433, -20.72505 ], [ -56.12502, -20.72523 ], [ -56.12536, -20.72543 ], [ -56.12605, -20.72608 ], [ -56.12884, -20.72812 ], [ -56.12947, -20.72834 ], [ -56.13036, -20.72832 ], [ -56.13119, -20.72802 ], [ -56.13178, -20.72756 ], [ -56.13309, -20.72617 ], [ -56.13451, -20.72438 ], [ -56.13468, -20.72374 ], [ -56.13466, -20.72278 ], [ -56.13442, -20.72205 ], [ -56.13397, -20.72147 ], [ -56.13266, -20.72057 ], [ -56.13039, -20.71976 ], [ -56.12936, -20.71931 ], [ -56.12876, -20.71885 ], [ -56.1283, -20.71823 ], [ -56.12816, -20.71754 ], [ -56.12793, -20.71411 ], [ -56.12813, -20.71066 ], [ -56.12846, -20.70933 ], [ -56.12893, -20.70867 ], [ -56.12997, -20.70765 ], [ -56.13123, -20.70697 ], [ -56.13293, -20.70661 ], [ -56.13417, -20.70616 ], [ -56.13599, -20.70498 ], [ -56.13671, -20.70426 ], [ -56.13689, -20.70389 ], [ -56.13712, -20.703 ], [ -56.13774, -20.70169 ], [ -56.13804, -20.70059 ], [ -56.13854, -20.69947 ], [ -56.13898, -20.69874 ], [ -56.13946, -20.69738 ], [ -56.14034, -20.69589 ], [ -56.14086, -20.69177 ], [ -56.14079, -20.69134 ], [ -56.14051, -20.69103 ], [ -56.14018, -20.69091 ], [ -56.13918, -20.69105 ], [ -56.138, -20.69102 ], [ -56.13564, -20.6905 ], [ -56.13465, -20.69039 ], [ -56.13173, -20.68987 ], [ -56.13114, -20.68969 ], [ -56.13067, -20.68943 ], [ -56.13031, -20.68894 ], [ -56.13004, -20.68826 ], [ -56.12992, -20.68761 ], [ -56.1299, -20.68638 ], [ -56.12965, -20.68541 ], [ -56.12962, -20.68351 ], [ -56.12973, -20.68299 ], [ -56.12997, -20.68254 ], [ -56.13034, -20.68218 ], [ -56.13079, -20.68195 ], [ -56.13224, -20.68253 ], [ -56.13377, -20.68285 ], [ -56.13465, -20.68279 ], [ -56.13531, -20.68245 ], [ -56.1374, -20.68011 ], [ -56.14044, -20.67736 ], [ -56.14129, -20.67609 ], [ -56.14463, -20.67356 ], [ -56.14513, -20.67286 ], [ -56.14543, -20.67179 ], [ -56.1459, -20.67084 ], [ -56.1463, -20.67037 ], [ -56.14682, -20.67007 ], [ -56.14756, -20.66996 ], [ -56.14878, -20.67007 ], [ -56.1498, -20.6703 ], [ -56.15123, -20.67024 ], [ -56.15244, -20.66997 ], [ -56.15474, -20.66922 ], [ -56.1561, -20.66865 ], [ -56.15685, -20.66852 ], [ -56.15796, -20.66845 ], [ -56.15896, -20.66857 ], [ -56.16001, -20.66883 ], [ -56.16154, -20.66949 ], [ -56.16249, -20.67013 ], [ -56.16295, -20.67026 ], [ -56.16332, -20.67014 ], [ -56.16361, -20.66992 ], [ -56.16378, -20.66963 ], [ -56.16389, -20.66923 ], [ -56.16379, -20.66864 ], [ -56.16307, -20.66776 ], [ -56.16202, -20.66693 ], [ -56.16151, -20.66641 ], [ -56.16116, -20.66581 ], [ -56.16105, -20.6653 ], [ -56.16132, -20.66477 ], [ -56.16191, -20.66436 ], [ -56.16256, -20.66429 ], [ -56.16356, -20.66443 ], [ -56.16394, -20.6643 ], [ -56.16429, -20.664 ] ], [ [ -56.14316, -20.84354 ], [ -56.14327, -20.84404 ], [ -56.14307, -20.8445 ], [ -56.14022, -20.84768 ], [ -56.13911, -20.84847 ], [ -56.13841, -20.84877 ], [ -56.13791, -20.84874 ] ], [ [ -56.14316, -20.84354 ], [ -56.14288, -20.84337 ], [ -56.14265, -20.84349 ], [ -56.1417, -20.84456 ], [ -56.14116, -20.84504 ], [ -56.13989, -20.84658 ], [ -56.13885, -20.8475 ], [ -56.13802, -20.8481 ], [ -56.13788, -20.84836 ], [ -56.13791, -20.84874 ] ], [ [ -56.16429, -20.664 ], [ -56.16466, -20.66411 ], [ -56.165, -20.66403 ], [ -56.16523, -20.6638 ], [ -56.16524, -20.66349 ], [ -56.1651, -20.663 ], [ -56.16479, -20.6626 ], [ -56.16387, -20.66229 ] ], [ [ -56.16429, -20.664 ], [ -56.164, -20.66312 ], [ -56.16401, -20.66263 ], [ -56.16387, -20.66229 ] ], [ [ -56.16387, -20.66229 ], [ -56.16266, -20.66201 ], [ -56.16006, -20.66177 ], [ -56.15893, -20.66136 ], [ -56.15766, -20.66077 ], [ -56.15489, -20.65988 ], [ -56.15396, -20.6597 ], [ -56.15158, -20.65961 ], [ -56.15106, -20.65947 ], [ -56.15069, -20.65925 ], [ -56.15028, -20.65888 ], [ -56.1501, -20.65846 ], [ -56.14982, -20.65646 ], [ -56.14956, -20.65563 ], [ -56.14941, -20.6544 ], [ -56.14912, -20.65355 ], [ -56.14857, -20.65259 ], [ -56.14819, -20.65219 ], [ -56.14742, -20.65156 ], [ -56.14713, -20.65101 ], [ -56.14711, -20.65069 ], [ -56.14719, -20.65026 ], [ -56.14764, -20.64956 ], [ -56.14879, -20.64842 ], [ -56.14996, -20.64767 ], [ -56.15133, -20.64655 ], [ -56.15208, -20.64567 ], [ -56.15335, -20.64371 ], [ -56.15443, -20.64153 ], [ -56.15482, -20.6404 ], [ -56.15492, -20.63851 ], [ -56.15453, -20.63641 ], [ -56.1537, -20.63456 ], [ -56.15307, -20.63385 ], [ -56.15179, -20.63284 ], [ -56.14959, -20.6321 ], [ -56.14889, -20.63174 ], [ -56.14869, -20.63113 ], [ -56.1493, -20.62837 ], [ -56.14964, -20.62539 ], [ -56.14975, -20.62496 ], [ -56.15006, -20.62453 ], [ -56.15056, -20.62423 ], [ -56.15116, -20.62413 ], [ -56.15209, -20.62429 ], [ -56.1529, -20.62414 ], [ -56.15419, -20.6233 ], [ -56.15466, -20.62308 ], [ -56.15617, -20.62267 ], [ -56.15702, -20.62262 ], [ -56.15761, -20.62249 ], [ -56.15796, -20.62227 ], [ -56.15824, -20.62198 ], [ -56.1585, -20.62155 ], [ -56.15862, -20.62115 ], [ -56.15861, -20.62069 ], [ -56.15846, -20.62024 ], [ -56.15813, -20.61982 ], [ -56.1576, -20.61951 ], [ -56.15704, -20.61947 ], [ -56.15645, -20.61956 ], [ -56.15493, -20.62018 ], [ -56.15454, -20.62026 ], [ -56.15356, -20.62026 ], [ -56.15255, -20.61996 ], [ -56.15183, -20.61949 ], [ -56.1515, -20.61915 ], [ -56.1514, -20.61877 ], [ -56.15148, -20.61822 ], [ -56.15162, -20.6179 ], [ -56.152, -20.61741 ], [ -56.15277, -20.61673 ], [ -56.15458, -20.61604 ], [ -56.15594, -20.61597 ], [ -56.15797, -20.61649 ], [ -56.15871, -20.61651 ], [ -56.15932, -20.61687 ], [ -56.15983, -20.6176 ], [ -56.16028, -20.61937 ], [ -56.16094, -20.62054 ], [ -56.16124, -20.62085 ], [ -56.16172, -20.62114 ], [ -56.16248, -20.62125 ], [ -56.16298, -20.62113 ], [ -56.16382, -20.62058 ], [ -56.16766, -20.61693 ], [ -56.16868, -20.61622 ], [ -56.16901, -20.61612 ], [ -56.1697, -20.61608 ], [ -56.17065, -20.61634 ], [ -56.17243, -20.61727 ], [ -56.17329, -20.61784 ], [ -56.17422, -20.61879 ], [ -56.17466, -20.61952 ], [ -56.1748, -20.62042 ], [ -56.17466, -20.62156 ], [ -56.17478, -20.62223 ], [ -56.17554, -20.62347 ], [ -56.17635, -20.6244 ], [ -56.17678, -20.6255 ], [ -56.17674, -20.62684 ], [ -56.1768, -20.62724 ], [ -56.17657, -20.6274 ], [ -56.17646, -20.62762 ], [ -56.17617, -20.62875 ], [ -56.1762, -20.62936 ], [ -56.17631, -20.62963 ], [ -56.17666, -20.6298 ], [ -56.17726, -20.62978 ], [ -56.1779, -20.62957 ], [ -56.17895, -20.62896 ], [ -56.17964, -20.62866 ], [ -56.18032, -20.62851 ], [ -56.18109, -20.6286 ], [ -56.18205, -20.62923 ], [ -56.18262, -20.62978 ], [ -56.18324, -20.63082 ], [ -56.18349, -20.63165 ], [ -56.18372, -20.63201 ], [ -56.18408, -20.63222 ], [ -56.18456, -20.6322 ], [ -56.18528, -20.63183 ], [ -56.18592, -20.63094 ], [ -56.18768, -20.62916 ], [ -56.18876, -20.6273 ], [ -56.18955, -20.62545 ], [ -56.19076, -20.6241 ], [ -56.19107, -20.6239 ], [ -56.1915, -20.6238 ], [ -56.19248, -20.62381 ], [ -56.19318, -20.62395 ], [ -56.19448, -20.62449 ], [ -56.1952, -20.62461 ], [ -56.19594, -20.62451 ], [ -56.1966, -20.62406 ], [ -56.19681, -20.62368 ], [ -56.19712, -20.62261 ], [ -56.19718, -20.61965 ], [ -56.1973, -20.6192 ], [ -56.19763, -20.61875 ], [ -56.19814, -20.61866 ], [ -56.19884, -20.61881 ], [ -56.19933, -20.61902 ], [ -56.20018, -20.61959 ], [ -56.20115, -20.61991 ], [ -56.20168, -20.61985 ], [ -56.2021, -20.61966 ], [ -56.20241, -20.61942 ], [ -56.20268, -20.61901 ], [ -56.20281, -20.6185 ], [ -56.20277, -20.61763 ], [ -56.20237, -20.61653 ], [ -56.20199, -20.6159 ], [ -56.20158, -20.61544 ], [ -56.201, -20.61499 ], [ -56.19947, -20.61408 ], [ -56.19775, -20.61285 ], [ -56.19727, -20.61223 ], [ -56.19709, -20.61151 ], [ -56.1972, -20.61086 ], [ -56.19738, -20.61044 ], [ -56.19932, -20.60781 ], [ -56.19992, -20.60662 ], [ -56.2002, -20.60575 ], [ -56.20056, -20.60494 ], [ -56.20094, -20.60455 ], [ -56.20155, -20.60419 ], [ -56.20195, -20.60408 ], [ -56.20255, -20.60402 ], [ -56.20353, -20.60411 ], [ -56.20443, -20.60435 ], [ -56.20559, -20.60483 ], [ -56.20647, -20.60487 ], [ -56.20731, -20.60469 ], [ -56.20772, -20.60453 ], [ -56.20877, -20.60365 ], [ -56.20909, -20.60348 ], [ -56.20962, -20.60331 ], [ -56.21008, -20.60334 ], [ -56.21057, -20.60359 ], [ -56.21115, -20.60419 ], [ -56.21191, -20.60541 ], [ -56.21227, -20.60661 ], [ -56.21253, -20.60696 ], [ -56.2129, -20.60714 ], [ -56.21347, -20.607 ], [ -56.21394, -20.60677 ], [ -56.21434, -20.60646 ], [ -56.21466, -20.60603 ], [ -56.21537, -20.60534 ], [ -56.21577, -20.60513 ], [ -56.21605, -20.60513 ], [ -56.21642, -20.60543 ], [ -56.21649, -20.6057 ], [ -56.21645, -20.60596 ], [ -56.21584, -20.60692 ], [ -56.21468, -20.6081 ], [ -56.21457, -20.60846 ], [ -56.21473, -20.60902 ], [ -56.21514, -20.60952 ], [ -56.21542, -20.60962 ], [ -56.21605, -20.60961 ], [ -56.21732, -20.60932 ], [ -56.21775, -20.60933 ], [ -56.21818, -20.60945 ], [ -56.21848, -20.60966 ], [ -56.21885, -20.6101 ], [ -56.21911, -20.61087 ], [ -56.21903, -20.6116 ], [ -56.21858, -20.61243 ], [ -56.21812, -20.61279 ], [ -56.21729, -20.61304 ], [ -56.21634, -20.61299 ], [ -56.21545, -20.61276 ], [ -56.21434, -20.61221 ], [ -56.21378, -20.61206 ], [ -56.21333, -20.61211 ], [ -56.21293, -20.61232 ], [ -56.21253, -20.61274 ], [ -56.21233, -20.61325 ], [ -56.21234, -20.61446 ], [ -56.2125, -20.61528 ], [ -56.21265, -20.61566 ], [ -56.21338, -20.61685 ], [ -56.21371, -20.61725 ], [ -56.21413, -20.61755 ], [ -56.21592, -20.61816 ], [ -56.21637, -20.61844 ], [ -56.21685, -20.61908 ], [ -56.21712, -20.6199 ], [ -56.217, -20.62155 ], [ -56.21651, -20.62369 ], [ -56.21648, -20.62423 ], [ -56.2166, -20.62502 ], [ -56.2164, -20.62581 ], [ -56.21614, -20.62615 ], [ -56.21556, -20.62662 ], [ -56.21368, -20.62767 ], [ -56.21253, -20.62883 ], [ -56.21211, -20.62985 ], [ -56.21203, -20.63044 ], [ -56.21218, -20.63117 ], [ -56.21238, -20.63151 ], [ -56.21286, -20.63175 ], [ -56.21347, -20.63185 ], [ -56.21421, -20.63178 ], [ -56.21542, -20.63131 ], [ -56.21657, -20.63056 ], [ -56.21707, -20.63051 ], [ -56.21725, -20.63066 ], [ -56.21738, -20.63094 ], [ -56.21746, -20.6317 ], [ -56.21728, -20.63251 ], [ -56.21673, -20.63318 ], [ -56.21608, -20.63369 ], [ -56.21265, -20.63583 ], [ -56.21211, -20.63653 ], [ -56.21193, -20.63698 ], [ -56.21189, -20.63739 ], [ -56.21197, -20.63783 ], [ -56.21218, -20.63847 ], [ -56.21296, -20.63972 ], [ -56.21307, -20.64025 ], [ -56.21302, -20.64105 ], [ -56.21276, -20.64171 ], [ -56.21202, -20.64283 ], [ -56.21167, -20.64394 ], [ -56.21131, -20.64449 ], [ -56.2105, -20.64516 ], [ -56.2102, -20.64559 ], [ -56.21003, -20.64607 ], [ -56.20998, -20.64686 ], [ -56.21021, -20.64709 ], [ -56.2108, -20.64717 ], [ -56.21254, -20.64661 ], [ -56.21365, -20.64641 ], [ -56.21449, -20.64613 ], [ -56.21561, -20.64549 ], [ -56.21669, -20.64425 ], [ -56.21756, -20.6435 ], [ -56.21868, -20.64303 ], [ -56.21974, -20.64276 ], [ -56.22021, -20.64272 ], [ -56.22076, -20.64281 ], [ -56.22166, -20.6433 ], [ -56.22265, -20.64409 ], [ -56.22413, -20.6448 ], [ -56.22455, -20.64514 ], [ -56.22477, -20.64548 ], [ -56.22486, -20.64595 ], [ -56.22473, -20.64634 ], [ -56.22437, -20.64662 ], [ -56.22239, -20.64721 ], [ -56.22214, -20.64754 ], [ -56.22206, -20.64797 ], [ -56.22228, -20.64838 ], [ -56.22262, -20.64868 ], [ -56.22561, -20.64942 ], [ -56.22669, -20.64977 ], [ -56.2272, -20.65012 ], [ -56.22768, -20.65074 ], [ -56.22786, -20.65137 ], [ -56.22782, -20.65251 ], [ -56.2276, -20.65327 ], [ -56.2269, -20.65491 ], [ -56.22677, -20.65593 ], [ -56.22695, -20.65692 ], [ -56.22735, -20.65752 ], [ -56.22783, -20.65792 ], [ -56.22848, -20.65825 ], [ -56.22904, -20.65839 ], [ -56.22945, -20.65838 ], [ -56.22996, -20.65823 ], [ -56.23045, -20.65789 ], [ -56.23091, -20.6573 ], [ -56.23132, -20.65641 ], [ -56.23184, -20.65593 ], [ -56.2325, -20.65571 ], [ -56.23374, -20.65561 ], [ -56.23424, -20.6555 ], [ -56.23495, -20.65523 ], [ -56.2356, -20.65483 ], [ -56.23617, -20.65417 ], [ -56.23701, -20.65268 ], [ -56.23769, -20.65203 ], [ -56.23834, -20.65174 ], [ -56.23971, -20.65147 ], [ -56.24042, -20.65124 ], [ -56.24261, -20.64996 ], [ -56.2448, -20.6492 ], [ -56.24559, -20.64854 ], [ -56.24577, -20.64813 ], [ -56.246, -20.64612 ], [ -56.24593, -20.64445 ], [ -56.24571, -20.6439 ], [ -56.24531, -20.64356 ], [ -56.2447, -20.64323 ], [ -56.24208, -20.6422 ], [ -56.24149, -20.64167 ], [ -56.24137, -20.64137 ], [ -56.24138, -20.64105 ], [ -56.24179, -20.64052 ], [ -56.24303, -20.63974 ], [ -56.24362, -20.63955 ], [ -56.24415, -20.63959 ], [ -56.24466, -20.63978 ], [ -56.24513, -20.64011 ], [ -56.24665, -20.64194 ], [ -56.24744, -20.64261 ], [ -56.24768, -20.64273 ], [ -56.24814, -20.64279 ], [ -56.24846, -20.64269 ], [ -56.24885, -20.64207 ], [ -56.24876, -20.64137 ], [ -56.24865, -20.64105 ], [ -56.24777, -20.63954 ], [ -56.24733, -20.63844 ], [ -56.24721, -20.63774 ], [ -56.24724, -20.63721 ], [ -56.2474, -20.63685 ], [ -56.24783, -20.63643 ], [ -56.24811, -20.63628 ], [ -56.24871, -20.63629 ], [ -56.24909, -20.63644 ], [ -56.24947, -20.63671 ], [ -56.25011, -20.63736 ], [ -56.25111, -20.63876 ], [ -56.2519, -20.63939 ], [ -56.25244, -20.63951 ], [ -56.25315, -20.6394 ], [ -56.25438, -20.63943 ], [ -56.2548, -20.63956 ], [ -56.25511, -20.63983 ], [ -56.25513, -20.64022 ], [ -56.25464, -20.64075 ], [ -56.25421, -20.64101 ], [ -56.25319, -20.64141 ], [ -56.25215, -20.64213 ], [ -56.25199, -20.6425 ], [ -56.25197, -20.64284 ], [ -56.25209, -20.643 ], [ -56.25236, -20.6431 ], [ -56.25295, -20.64304 ], [ -56.25354, -20.64278 ], [ -56.25538, -20.64166 ], [ -56.25625, -20.64122 ], [ -56.25719, -20.64091 ], [ -56.25843, -20.64063 ], [ -56.25926, -20.64025 ], [ -56.26023, -20.63954 ], [ -56.261, -20.63855 ], [ -56.26165, -20.63797 ], [ -56.26225, -20.63774 ], [ -56.26292, -20.6377 ], [ -56.26466, -20.63799 ], [ -56.26524, -20.63817 ], [ -56.26597, -20.63824 ], [ -56.26725, -20.63861 ], [ -56.26773, -20.63896 ], [ -56.26803, -20.63944 ], [ -56.26812, -20.63987 ], [ -56.268, -20.64118 ], [ -56.26761, -20.64195 ], [ -56.26676, -20.64262 ], [ -56.2651, -20.6429 ], [ -56.26478, -20.64315 ], [ -56.2647, -20.64349 ], [ -56.26481, -20.64383 ], [ -56.26503, -20.64414 ], [ -56.26546, -20.64449 ], [ -56.26592, -20.64462 ], [ -56.26656, -20.6446 ], [ -56.2674, -20.64443 ], [ -56.26922, -20.64389 ], [ -56.27037, -20.64374 ], [ -56.27102, -20.64385 ], [ -56.27216, -20.6443 ], [ -56.27314, -20.64448 ], [ -56.27401, -20.64452 ], [ -56.27478, -20.64432 ], [ -56.27513, -20.6439 ], [ -56.27536, -20.64221 ], [ -56.27523, -20.64145 ], [ -56.27522, -20.64074 ], [ -56.27456, -20.63774 ], [ -56.27461, -20.63706 ], [ -56.27487, -20.63658 ], [ -56.27538, -20.63616 ], [ -56.27611, -20.636 ], [ -56.27663, -20.63606 ], [ -56.27873, -20.63661 ], [ -56.27976, -20.63666 ], [ -56.28065, -20.63651 ], [ -56.28128, -20.63627 ], [ -56.2818, -20.63586 ], [ -56.28195, -20.63562 ], [ -56.28213, -20.63499 ], [ -56.28206, -20.63395 ], [ -56.2818, -20.63299 ], [ -56.28141, -20.632 ], [ -56.28121, -20.63051 ], [ -56.28135, -20.62909 ], [ -56.28211, -20.62663 ], [ -56.28221, -20.62581 ], [ -56.28209, -20.62493 ], [ -56.28158, -20.62416 ], [ -56.28085, -20.62372 ], [ -56.27849, -20.62306 ], [ -56.27784, -20.62277 ], [ -56.27754, -20.6225 ], [ -56.27739, -20.62205 ], [ -56.27743, -20.62169 ], [ -56.27764, -20.62132 ], [ -56.27844, -20.62033 ], [ -56.27996, -20.61896 ], [ -56.28054, -20.61853 ], [ -56.2817, -20.61809 ], [ -56.2833, -20.61769 ], [ -56.28535, -20.61693 ], [ -56.28591, -20.61715 ], [ -56.28647, -20.61911 ], [ -56.28664, -20.61942 ], [ -56.28697, -20.61975 ], [ -56.28735, -20.62003 ], [ -56.28777, -20.62017 ], [ -56.28836, -20.62001 ], [ -56.28885, -20.61968 ], [ -56.28911, -20.61934 ], [ -56.28921, -20.61894 ], [ -56.28919, -20.61838 ], [ -56.28906, -20.61779 ], [ -56.28884, -20.61726 ], [ -56.28821, -20.61642 ], [ -56.28742, -20.61572 ], [ -56.28705, -20.61527 ], [ -56.28689, -20.61464 ], [ -56.28714, -20.61397 ], [ -56.28759, -20.6134 ], [ -56.28827, -20.61279 ], [ -56.29009, -20.61142 ], [ -56.29064, -20.6111 ], [ -56.29124, -20.611 ], [ -56.29186, -20.61107 ], [ -56.29242, -20.61128 ], [ -56.29306, -20.61166 ], [ -56.2935, -20.6118 ], [ -56.29388, -20.61179 ], [ -56.29419, -20.61163 ], [ -56.29441, -20.61129 ], [ -56.29444, -20.61094 ], [ -56.29399, -20.60903 ], [ -56.29397, -20.60859 ], [ -56.29407, -20.6083 ], [ -56.29439, -20.60788 ], [ -56.29476, -20.60758 ], [ -56.29654, -20.60704 ], [ -56.2967, -20.60692 ], [ -56.29678, -20.60667 ], [ -56.29659, -20.60626 ], [ -56.29623, -20.60599 ], [ -56.29538, -20.60588 ], [ -56.29464, -20.60589 ], [ -56.29419, -20.60574 ], [ -56.29396, -20.60549 ], [ -56.29389, -20.60513 ], [ -56.29405, -20.60442 ], [ -56.29507, -20.60318 ], [ -56.29518, -20.60294 ], [ -56.29518, -20.60272 ], [ -56.29514, -20.60259 ], [ -56.29477, -20.60229 ], [ -56.29436, -20.60212 ], [ -56.29322, -20.60188 ], [ -56.29299, -20.60169 ], [ -56.29282, -20.60138 ], [ -56.29292, -20.60107 ], [ -56.29307, -20.60078 ], [ -56.29364, -20.60038 ], [ -56.29454, -20.60005 ], [ -56.2957, -20.59999 ], [ -56.29728, -20.60019 ], [ -56.29815, -20.60017 ], [ -56.29893, -20.60002 ], [ -56.2993, -20.5997 ], [ -56.2993, -20.59954 ], [ -56.2991, -20.59918 ], [ -56.29882, -20.59894 ], [ -56.29799, -20.59854 ], [ -56.29676, -20.59817 ], [ -56.29583, -20.59742 ], [ -56.29545, -20.59665 ], [ -56.2955, -20.5961 ], [ -56.2958, -20.5954 ], [ -56.29657, -20.59474 ], [ -56.29772, -20.59424 ], [ -56.29835, -20.5941 ], [ -56.29938, -20.59431 ], [ -56.30047, -20.59496 ], [ -56.30075, -20.595 ], [ -56.30124, -20.59493 ], [ -56.30301, -20.59394 ], [ -56.30583, -20.59328 ], [ -56.30715, -20.59278 ], [ -56.30774, -20.59238 ], [ -56.30806, -20.59202 ], [ -56.30817, -20.59177 ], [ -56.3083, -20.59116 ], [ -56.30818, -20.59017 ], [ -56.30762, -20.58841 ], [ -56.30742, -20.58723 ], [ -56.30702, -20.58558 ], [ -56.30627, -20.58337 ], [ -56.30598, -20.58285 ], [ -56.30524, -20.58209 ], [ -56.30345, -20.58155 ], [ -56.30273, -20.58121 ], [ -56.30058, -20.57925 ], [ -56.29833, -20.57797 ], [ -56.29769, -20.57724 ], [ -56.29771, -20.577 ], [ -56.29786, -20.57674 ], [ -56.29826, -20.57639 ], [ -56.3002, -20.57564 ], [ -56.30151, -20.57498 ], [ -56.30215, -20.57484 ], [ -56.30305, -20.57485 ], [ -56.30401, -20.57523 ], [ -56.30472, -20.57591 ], [ -56.30537, -20.57685 ], [ -56.30584, -20.57733 ], [ -56.30876, -20.57926 ], [ -56.31097, -20.58018 ], [ -56.31349, -20.58039 ], [ -56.31414, -20.58054 ], [ -56.31504, -20.58091 ], [ -56.31564, -20.58144 ], [ -56.31601, -20.58223 ], [ -56.31596, -20.5834 ], [ -56.31579, -20.5841 ], [ -56.31549, -20.5848 ], [ -56.31518, -20.58531 ], [ -56.31423, -20.5864 ], [ -56.31409, -20.58675 ], [ -56.31409, -20.58707 ], [ -56.3143, -20.58743 ], [ -56.31483, -20.58781 ], [ -56.3156, -20.58821 ], [ -56.31666, -20.58862 ], [ -56.31757, -20.58873 ], [ -56.31815, -20.58852 ], [ -56.31846, -20.58811 ], [ -56.3185, -20.58762 ], [ -56.31835, -20.58675 ], [ -56.31803, -20.58576 ], [ -56.318, -20.58494 ], [ -56.31822, -20.58425 ], [ -56.31862, -20.58377 ], [ -56.31936, -20.58342 ], [ -56.3199, -20.58337 ], [ -56.32272, -20.58344 ], [ -56.32325, -20.58338 ], [ -56.32355, -20.58327 ], [ -56.3239, -20.58298 ], [ -56.32403, -20.58277 ], [ -56.32408, -20.58248 ], [ -56.32389, -20.58199 ], [ -56.32264, -20.5805 ], [ -56.32223, -20.57987 ], [ -56.32212, -20.57941 ], [ -56.32225, -20.57908 ], [ -56.32272, -20.57873 ], [ -56.32305, -20.57865 ], [ -56.32402, -20.57864 ], [ -56.32493, -20.57884 ], [ -56.32565, -20.57877 ], [ -56.3261, -20.57854 ], [ -56.32638, -20.57805 ], [ -56.32635, -20.57731 ], [ -56.32589, -20.57567 ], [ -56.32581, -20.57439 ], [ -56.32549, -20.57385 ], [ -56.32505, -20.57357 ], [ -56.32445, -20.5736 ], [ -56.32405, -20.57377 ], [ -56.32361, -20.57416 ], [ -56.32307, -20.57448 ], [ -56.32253, -20.57462 ], [ -56.32218, -20.57448 ], [ -56.32205, -20.5743 ], [ -56.32211, -20.57356 ], [ -56.32221, -20.57338 ], [ -56.32262, -20.57284 ], [ -56.32344, -20.57205 ], [ -56.32416, -20.57111 ], [ -56.32508, -20.57057 ], [ -56.32584, -20.57048 ], [ -56.32673, -20.57061 ], [ -56.32758, -20.57094 ], [ -56.32892, -20.57116 ], [ -56.32946, -20.57116 ], [ -56.32982, -20.5711 ], [ -56.33009, -20.57096 ], [ -56.33051, -20.57064 ], [ -56.33083, -20.5702 ], [ -56.33091, -20.56975 ], [ -56.33085, -20.56921 ], [ -56.33045, -20.56844 ], [ -56.32957, -20.56725 ], [ -56.32945, -20.56679 ], [ -56.32952, -20.56626 ], [ -56.32989, -20.56566 ], [ -56.33046, -20.56532 ], [ -56.33112, -20.56534 ], [ -56.33195, -20.56558 ], [ -56.33256, -20.56544 ], [ -56.33283, -20.56524 ], [ -56.33289, -20.56503 ], [ -56.3328, -20.56472 ], [ -56.33182, -20.56354 ], [ -56.33178, -20.56291 ], [ -56.33195, -20.56249 ], [ -56.33225, -20.56209 ], [ -56.33372, -20.56085 ], [ -56.33461, -20.55985 ], [ -56.33479, -20.55951 ], [ -56.33456, -20.55911 ], [ -56.33413, -20.55884 ], [ -56.3336, -20.55865 ], [ -56.33302, -20.55855 ], [ -56.33208, -20.55807 ], [ -56.33171, -20.55747 ], [ -56.33148, -20.55689 ], [ -56.3315, -20.55649 ], [ -56.33177, -20.55605 ], [ -56.33214, -20.55577 ], [ -56.33266, -20.55559 ], [ -56.33359, -20.55559 ], [ -56.33432, -20.55591 ], [ -56.33563, -20.55684 ], [ -56.33618, -20.55706 ], [ -56.33643, -20.55706 ], [ -56.33723, -20.55667 ], [ -56.33765, -20.55613 ], [ -56.33781, -20.55543 ], [ -56.33771, -20.55381 ], [ -56.33792, -20.55345 ], [ -56.33832, -20.55321 ], [ -56.33898, -20.55319 ], [ -56.3406, -20.55412 ], [ -56.34118, -20.55433 ], [ -56.34157, -20.55437 ], [ -56.34271, -20.5541 ], [ -56.34413, -20.5534 ], [ -56.3454, -20.55324 ], [ -56.34597, -20.55309 ], [ -56.34617, -20.55275 ], [ -56.34614, -20.55238 ], [ -56.34601, -20.55205 ], [ -56.34505, -20.55084 ], [ -56.34491, -20.55037 ], [ -56.34494, -20.54999 ], [ -56.34591, -20.54837 ], [ -56.34642, -20.54774 ], [ -56.34711, -20.54657 ], [ -56.34753, -20.54559 ], [ -56.34793, -20.54506 ], [ -56.34833, -20.54493 ], [ -56.34967, -20.54497 ], [ -56.34985, -20.54492 ], [ -56.35009, -20.54463 ], [ -56.35004, -20.54417 ], [ -56.34962, -20.5435 ], [ -56.34954, -20.54275 ], [ -56.34983, -20.54211 ], [ -56.35048, -20.54162 ], [ -56.35139, -20.54142 ], [ -56.35165, -20.5415 ], [ -56.35182, -20.54174 ], [ -56.35176, -20.5422 ], [ -56.35131, -20.54322 ], [ -56.35116, -20.54384 ], [ -56.3512, -20.5446 ], [ -56.35147, -20.54521 ], [ -56.35244, -20.546 ], [ -56.35277, -20.5461 ], [ -56.35364, -20.5459 ], [ -56.35431, -20.54536 ], [ -56.35459, -20.54489 ], [ -56.35458, -20.54442 ], [ -56.35423, -20.54364 ], [ -56.35314, -20.54169 ], [ -56.35286, -20.54077 ], [ -56.35282, -20.5397 ], [ -56.35313, -20.53869 ], [ -56.35334, -20.53849 ], [ -56.35367, -20.53842 ], [ -56.35384, -20.53846 ], [ -56.35423, -20.53873 ], [ -56.35448, -20.53931 ], [ -56.35446, -20.54036 ], [ -56.35456, -20.54096 ], [ -56.35498, -20.54147 ], [ -56.3555, -20.54172 ], [ -56.35612, -20.54161 ], [ -56.35692, -20.54105 ], [ -56.3577, -20.54002 ], [ -56.35786, -20.53957 ], [ -56.35787, -20.53925 ], [ -56.35759, -20.53868 ], [ -56.35697, -20.5381 ], [ -56.3563, -20.53766 ], [ -56.3557, -20.53742 ], [ -56.35398, -20.53596 ], [ -56.35335, -20.53568 ], [ -56.35266, -20.53574 ], [ -56.35223, -20.53599 ], [ -56.35153, -20.53663 ], [ -56.35083, -20.53758 ], [ -56.35046, -20.53768 ], [ -56.35026, -20.53759 ], [ -56.35002, -20.53715 ], [ -56.34999, -20.53685 ], [ -56.35005, -20.53643 ], [ -56.3503, -20.53574 ], [ -56.35159, -20.53381 ], [ -56.35232, -20.53316 ], [ -56.35301, -20.53272 ], [ -56.35436, -20.53208 ], [ -56.35523, -20.5318 ], [ -56.35601, -20.53165 ], [ -56.35708, -20.53165 ], [ -56.35798, -20.53185 ], [ -56.35849, -20.5318 ], [ -56.35977, -20.53187 ], [ -56.36028, -20.53178 ], [ -56.36138, -20.53132 ], [ -56.36178, -20.53123 ], [ -56.36265, -20.53143 ], [ -56.36363, -20.53195 ], [ -56.36407, -20.53202 ], [ -56.36438, -20.53185 ], [ -56.36443, -20.53131 ], [ -56.36393, -20.5304 ], [ -56.36377, -20.52972 ], [ -56.36375, -20.52927 ], [ -56.36405, -20.52841 ], [ -56.36489, -20.52724 ], [ -56.36487, -20.52695 ], [ -56.36467, -20.52663 ], [ -56.36398, -20.5263 ], [ -56.36337, -20.52624 ], [ -56.3597, -20.52664 ], [ -56.35887, -20.52657 ], [ -56.35845, -20.52638 ], [ -56.35832, -20.52623 ], [ -56.35825, -20.52594 ], [ -56.35831, -20.52563 ], [ -56.35857, -20.5253 ], [ -56.35899, -20.52508 ], [ -56.35984, -20.52496 ], [ -56.36229, -20.525 ], [ -56.36321, -20.52493 ], [ -56.3639, -20.52472 ], [ -56.36431, -20.52442 ], [ -56.36476, -20.52382 ], [ -56.36481, -20.52332 ], [ -56.36472, -20.52242 ], [ -56.36492, -20.52109 ], [ -56.36529, -20.5202 ], [ -56.36581, -20.51935 ], [ -56.36608, -20.51855 ], [ -56.36655, -20.51811 ], [ -56.36709, -20.51787 ], [ -56.3685, -20.51762 ], [ -56.36878, -20.51734 ], [ -56.36888, -20.51693 ], [ -56.3688, -20.51642 ], [ -56.3685, -20.51604 ], [ -56.36801, -20.51562 ], [ -56.36694, -20.51493 ], [ -56.36546, -20.5137 ], [ -56.36531, -20.5133 ], [ -56.36534, -20.51306 ], [ -56.36552, -20.51289 ], [ -56.36585, -20.51277 ], [ -56.36649, -20.51264 ], [ -56.36831, -20.51202 ], [ -56.37041, -20.51181 ], [ -56.37096, -20.51153 ], [ -56.37112, -20.5113 ], [ -56.3712, -20.51085 ], [ -56.37109, -20.51027 ], [ -56.37109, -20.50965 ], [ -56.37141, -20.50883 ], [ -56.37159, -20.50792 ], [ -56.37145, -20.50743 ], [ -56.37084, -20.50665 ], [ -56.37069, -20.50636 ], [ -56.37066, -20.5061 ], [ -56.37081, -20.50594 ], [ -56.37112, -20.50584 ], [ -56.37233, -20.50591 ], [ -56.37317, -20.50576 ], [ -56.37449, -20.50493 ], [ -56.37513, -20.50428 ], [ -56.37517, -20.50378 ], [ -56.37453, -20.5027 ], [ -56.37441, -20.5022 ], [ -56.37436, -20.50154 ], [ -56.37455, -20.50015 ], [ -56.37493, -20.49879 ], [ -56.37516, -20.49826 ], [ -56.37555, -20.49772 ], [ -56.37596, -20.49754 ], [ -56.3767, -20.49768 ], [ -56.37774, -20.49843 ], [ -56.37813, -20.49857 ], [ -56.37844, -20.49859 ], [ -56.37871, -20.49848 ], [ -56.37896, -20.49815 ], [ -56.3788, -20.49769 ], [ -56.37781, -20.49666 ], [ -56.37756, -20.49597 ], [ -56.37767, -20.49536 ], [ -56.37846, -20.49396 ], [ -56.37836, -20.49329 ], [ -56.37766, -20.49285 ], [ -56.37686, -20.49284 ], [ -56.37587, -20.49311 ], [ -56.37346, -20.49429 ], [ -56.37319, -20.49437 ], [ -56.37293, -20.49424 ], [ -56.37277, -20.49405 ], [ -56.37279, -20.49362 ], [ -56.37338, -20.4926 ], [ -56.37347, -20.49214 ], [ -56.3734, -20.49163 ], [ -56.37286, -20.49057 ], [ -56.37198, -20.48944 ], [ -56.37148, -20.489 ], [ -56.37139, -20.48874 ], [ -56.37144, -20.4885 ], [ -56.37173, -20.48828 ], [ -56.37223, -20.48836 ], [ -56.37284, -20.48832 ], [ -56.37377, -20.48789 ], [ -56.37413, -20.48783 ], [ -56.37449, -20.48802 ], [ -56.37481, -20.48843 ], [ -56.37489, -20.48934 ], [ -56.37515, -20.48972 ], [ -56.37539, -20.48987 ], [ -56.37564, -20.48991 ], [ -56.3759, -20.48988 ], [ -56.37626, -20.4897 ], [ -56.37653, -20.48941 ], [ -56.37656, -20.48881 ], [ -56.37628, -20.48783 ], [ -56.37593, -20.48718 ], [ -56.37562, -20.4862 ], [ -56.37562, -20.48559 ], [ -56.37586, -20.48503 ], [ -56.37624, -20.48455 ], [ -56.37688, -20.48408 ], [ -56.37724, -20.48398 ], [ -56.37753, -20.48409 ], [ -56.37785, -20.48438 ], [ -56.37808, -20.48512 ], [ -56.37838, -20.48561 ], [ -56.37899, -20.48606 ], [ -56.37967, -20.48635 ], [ -56.38007, -20.48667 ], [ -56.38036, -20.48707 ], [ -56.38053, -20.48766 ], [ -56.38081, -20.4881 ], [ -56.3815, -20.48855 ], [ -56.3823, -20.48871 ], [ -56.38303, -20.48865 ], [ -56.38373, -20.48832 ], [ -56.38407, -20.48788 ], [ -56.38414, -20.48753 ], [ -56.38408, -20.48707 ], [ -56.38388, -20.48645 ], [ -56.3836, -20.48599 ], [ -56.38292, -20.48518 ], [ -56.38264, -20.48467 ], [ -56.38265, -20.48418 ], [ -56.38314, -20.48392 ], [ -56.38331, -20.48388 ], [ -56.38408, -20.48399 ], [ -56.38499, -20.48449 ], [ -56.38565, -20.48512 ], [ -56.38672, -20.48649 ], [ -56.387, -20.48671 ], [ -56.38752, -20.48681 ], [ -56.38775, -20.48676 ], [ -56.38842, -20.48633 ], [ -56.38883, -20.48581 ], [ -56.38954, -20.48444 ], [ -56.39032, -20.48371 ], [ -56.39062, -20.48359 ], [ -56.391, -20.48358 ], [ -56.39227, -20.48397 ], [ -56.39272, -20.48386 ], [ -56.393, -20.48366 ], [ -56.3931, -20.48328 ], [ -56.39289, -20.48274 ], [ -56.39255, -20.48239 ], [ -56.39114, -20.4815 ], [ -56.39087, -20.4812 ], [ -56.39064, -20.48056 ], [ -56.39065, -20.4803 ], [ -56.39077, -20.48011 ], [ -56.39101, -20.47998 ], [ -56.39175, -20.47996 ], [ -56.39289, -20.48032 ], [ -56.39377, -20.48029 ], [ -56.39423, -20.48008 ], [ -56.39467, -20.4797 ], [ -56.39489, -20.47939 ], [ -56.39517, -20.47873 ], [ -56.39522, -20.47804 ], [ -56.39515, -20.47761 ], [ -56.39473, -20.47659 ], [ -56.39437, -20.47608 ], [ -56.39432, -20.47557 ], [ -56.39439, -20.47516 ], [ -56.39461, -20.47469 ], [ -56.39524, -20.47399 ], [ -56.39556, -20.47333 ], [ -56.3956, -20.47291 ], [ -56.39547, -20.47222 ], [ -56.39524, -20.47167 ], [ -56.39468, -20.4708 ], [ -56.39423, -20.47032 ], [ -56.39368, -20.47017 ], [ -56.39265, -20.47023 ], [ -56.39243, -20.47001 ], [ -56.39238, -20.4698 ], [ -56.39269, -20.4694 ], [ -56.39365, -20.4689 ], [ -56.39413, -20.46847 ], [ -56.39421, -20.46803 ], [ -56.39393, -20.46713 ], [ -56.39399, -20.46685 ], [ -56.39416, -20.46665 ], [ -56.39445, -20.46659 ], [ -56.39491, -20.46667 ], [ -56.39598, -20.46726 ], [ -56.39684, -20.4675 ], [ -56.39733, -20.46746 ], [ -56.39771, -20.46724 ], [ -56.39774, -20.46678 ], [ -56.39753, -20.46633 ], [ -56.39709, -20.46572 ], [ -56.397, -20.46513 ], [ -56.39726, -20.46449 ], [ -56.39796, -20.46379 ], [ -56.39829, -20.4633 ], [ -56.39845, -20.46289 ], [ -56.39836, -20.46247 ], [ -56.39823, -20.46233 ], [ -56.39794, -20.46222 ], [ -56.39708, -20.46218 ], [ -56.39447, -20.46258 ], [ -56.39409, -20.46251 ], [ -56.39385, -20.46221 ], [ -56.39385, -20.46191 ], [ -56.39398, -20.46154 ], [ -56.39421, -20.4612 ], [ -56.39498, -20.4604 ], [ -56.39513, -20.46011 ], [ -56.39512, -20.45979 ], [ -56.39487, -20.45927 ], [ -56.39343, -20.45794 ], [ -56.39352, -20.45765 ], [ -56.39373, -20.4575 ], [ -56.39543, -20.45756 ], [ -56.39604, -20.45723 ], [ -56.39646, -20.45656 ], [ -56.39658, -20.4561 ], [ -56.39658, -20.45575 ], [ -56.39629, -20.45536 ], [ -56.39587, -20.45515 ], [ -56.39551, -20.45507 ], [ -56.39287, -20.45515 ], [ -56.39193, -20.45533 ], [ -56.39038, -20.45606 ], [ -56.3898, -20.45611 ], [ -56.3895, -20.45598 ], [ -56.38926, -20.45575 ], [ -56.38901, -20.45532 ], [ -56.38887, -20.4546 ], [ -56.38843, -20.45392 ], [ -56.38764, -20.45322 ], [ -56.38687, -20.45276 ], [ -56.38653, -20.45237 ], [ -56.38611, -20.45116 ], [ -56.38603, -20.44943 ], [ -56.38617, -20.44845 ], [ -56.38663, -20.44655 ], [ -56.3868, -20.44441 ], [ -56.38659, -20.44348 ], [ -56.38597, -20.44252 ], [ -56.38575, -20.44199 ], [ -56.38565, -20.44155 ], [ -56.38574, -20.44111 ], [ -56.38626, -20.44045 ], [ -56.38672, -20.4402 ], [ -56.38741, -20.44001 ], [ -56.38861, -20.4399 ], [ -56.38955, -20.4397 ], [ -56.39145, -20.43904 ], [ -56.3922, -20.43861 ], [ -56.39274, -20.43801 ], [ -56.39347, -20.4366 ], [ -56.39395, -20.4361 ], [ -56.39433, -20.43615 ], [ -56.39474, -20.43645 ], [ -56.39506, -20.43703 ], [ -56.39522, -20.43767 ], [ -56.39515, -20.43853 ], [ -56.39484, -20.43942 ], [ -56.3943, -20.4405 ], [ -56.39366, -20.44144 ], [ -56.39344, -20.44212 ], [ -56.39344, -20.44265 ], [ -56.39363, -20.443 ], [ -56.39393, -20.44331 ], [ -56.39436, -20.44356 ], [ -56.39468, -20.44363 ], [ -56.39522, -20.4436 ], [ -56.39604, -20.44328 ], [ -56.39694, -20.44265 ], [ -56.39756, -20.44184 ], [ -56.39828, -20.44119 ], [ -56.39927, -20.44074 ], [ -56.40015, -20.4407 ], [ -56.40196, -20.441 ], [ -56.40269, -20.4409 ], [ -56.40304, -20.44069 ], [ -56.40318, -20.44046 ], [ -56.40319, -20.43947 ], [ -56.40293, -20.43872 ], [ -56.40218, -20.43717 ], [ -56.40099, -20.43559 ], [ -56.39916, -20.43378 ], [ -56.399, -20.43348 ], [ -56.39896, -20.43317 ], [ -56.39916, -20.43283 ], [ -56.40072, -20.43213 ], [ -56.40186, -20.4318 ], [ -56.40357, -20.43146 ], [ -56.40436, -20.43118 ], [ -56.4047, -20.43091 ], [ -56.40479, -20.43073 ], [ -56.40477, -20.43054 ], [ -56.40468, -20.43035 ], [ -56.40429, -20.42998 ], [ -56.40383, -20.42974 ], [ -56.40315, -20.42954 ], [ -56.40226, -20.42953 ], [ -56.40078, -20.42996 ], [ -56.40031, -20.42998 ], [ -56.39991, -20.42988 ], [ -56.39935, -20.4295 ], [ -56.39885, -20.42877 ], [ -56.39852, -20.42843 ], [ -56.39715, -20.42767 ], [ -56.39683, -20.42739 ], [ -56.39658, -20.42679 ], [ -56.39657, -20.42615 ], [ -56.39695, -20.42542 ], [ -56.39719, -20.42527 ], [ -56.39747, -20.42529 ], [ -56.39789, -20.42546 ], [ -56.3984, -20.4258 ], [ -56.39905, -20.4264 ], [ -56.39948, -20.42661 ], [ -56.40016, -20.42671 ], [ -56.40068, -20.42649 ], [ -56.40085, -20.42624 ], [ -56.40095, -20.42575 ], [ -56.40086, -20.42545 ], [ -56.40083, -20.42481 ], [ -56.40066, -20.42413 ], [ -56.40019, -20.42322 ], [ -56.39942, -20.42238 ], [ -56.39858, -20.42184 ], [ -56.39679, -20.42104 ], [ -56.39627, -20.42068 ], [ -56.39593, -20.42031 ], [ -56.39581, -20.41991 ], [ -56.39581, -20.4195 ], [ -56.39626, -20.4186 ], [ -56.39631, -20.41794 ], [ -56.39603, -20.41737 ], [ -56.39546, -20.4169 ], [ -56.39492, -20.41628 ], [ -56.39467, -20.41576 ], [ -56.39448, -20.41447 ], [ -56.39427, -20.41419 ], [ -56.39396, -20.41406 ], [ -56.39334, -20.41405 ], [ -56.39264, -20.41422 ], [ -56.39231, -20.41416 ], [ -56.39214, -20.41404 ], [ -56.39197, -20.41372 ], [ -56.39188, -20.41307 ], [ -56.39192, -20.41232 ], [ -56.39205, -20.41185 ], [ -56.39287, -20.41067 ], [ -56.39377, -20.40997 ], [ -56.39446, -20.40983 ], [ -56.39523, -20.40982 ], [ -56.3956, -20.41004 ], [ -56.39578, -20.41061 ], [ -56.39591, -20.41226 ], [ -56.39606, -20.41259 ], [ -56.39635, -20.41288 ], [ -56.39675, -20.41307 ], [ -56.39729, -20.41308 ], [ -56.39765, -20.41297 ], [ -56.3983, -20.41256 ], [ -56.39863, -20.41193 ], [ -56.39886, -20.4108 ], [ -56.39889, -20.41009 ], [ -56.39862, -20.40871 ], [ -56.39834, -20.40821 ], [ -56.39794, -20.40784 ], [ -56.39732, -20.40773 ], [ -56.39694, -20.40776 ], [ -56.39548, -20.40819 ], [ -56.39515, -20.40821 ], [ -56.39456, -20.4081 ], [ -56.39429, -20.40789 ], [ -56.39416, -20.40756 ], [ -56.39419, -20.40716 ], [ -56.39469, -20.40648 ], [ -56.39558, -20.40575 ], [ -56.3962, -20.40547 ], [ -56.39684, -20.40551 ], [ -56.39893, -20.40611 ], [ -56.3995, -20.40611 ], [ -56.39994, -20.40583 ], [ -56.40012, -20.40547 ], [ -56.40009, -20.40507 ], [ -56.39933, -20.40406 ], [ -56.39903, -20.40345 ], [ -56.39904, -20.40261 ], [ -56.3995, -20.40214 ], [ -56.39991, -20.40199 ], [ -56.40048, -20.40194 ], [ -56.40064, -20.40161 ], [ -56.40062, -20.40124 ], [ -56.40034, -20.40094 ], [ -56.39956, -20.40067 ], [ -56.39931, -20.40035 ], [ -56.39897, -20.4001 ], [ -56.39813, -20.39982 ], [ -56.3974, -20.3997 ], [ -56.39648, -20.39899 ], [ -56.39625, -20.3989 ], [ -56.39584, -20.39896 ], [ -56.39549, -20.39926 ], [ -56.39506, -20.39995 ], [ -56.39485, -20.40078 ], [ -56.39504, -20.40147 ], [ -56.39553, -20.40209 ], [ -56.39668, -20.40296 ], [ -56.39679, -20.40318 ], [ -56.3968, -20.40351 ], [ -56.39651, -20.40382 ], [ -56.39633, -20.40391 ], [ -56.39594, -20.40391 ], [ -56.39465, -20.40334 ], [ -56.3938, -20.4031 ], [ -56.39266, -20.40305 ], [ -56.39212, -20.40287 ], [ -56.39177, -20.40244 ], [ -56.39164, -20.40187 ], [ -56.39177, -20.40136 ], [ -56.39355, -20.39979 ], [ -56.39385, -20.39932 ], [ -56.3939, -20.39885 ], [ -56.39379, -20.3985 ], [ -56.3935, -20.39811 ], [ -56.39226, -20.39727 ], [ -56.39176, -20.39679 ], [ -56.39148, -20.39619 ], [ -56.39168, -20.3951 ], [ -56.39237, -20.39384 ], [ -56.39283, -20.39276 ], [ -56.39343, -20.39196 ], [ -56.39402, -20.39146 ], [ -56.39588, -20.39048 ], [ -56.3963, -20.39013 ], [ -56.39646, -20.38985 ], [ -56.3964, -20.38961 ], [ -56.39607, -20.38931 ], [ -56.39568, -20.38918 ], [ -56.39504, -20.38919 ], [ -56.39462, -20.38904 ], [ -56.39447, -20.38889 ], [ -56.39437, -20.38833 ], [ -56.39467, -20.38755 ], [ -56.39513, -20.38704 ], [ -56.39584, -20.38689 ], [ -56.39662, -20.38704 ], [ -56.3975, -20.3875 ], [ -56.39791, -20.38783 ], [ -56.39827, -20.38831 ], [ -56.39862, -20.38902 ], [ -56.39895, -20.38933 ], [ -56.39955, -20.38954 ], [ -56.40057, -20.38967 ], [ -56.40139, -20.38932 ], [ -56.40234, -20.38913 ], [ -56.40266, -20.38888 ], [ -56.40289, -20.38829 ], [ -56.40299, -20.38759 ], [ -56.40289, -20.3859 ], [ -56.40303, -20.38548 ], [ -56.40331, -20.38516 ], [ -56.40376, -20.38505 ], [ -56.40423, -20.38512 ], [ -56.40542, -20.3856 ], [ -56.40648, -20.3862 ], [ -56.40715, -20.38624 ], [ -56.40768, -20.38609 ], [ -56.4085, -20.3856 ], [ -56.40891, -20.38507 ], [ -56.40898, -20.38467 ], [ -56.40877, -20.38388 ], [ -56.40862, -20.38361 ], [ -56.40788, -20.38297 ], [ -56.40709, -20.38268 ], [ -56.40564, -20.38264 ], [ -56.40497, -20.38237 ], [ -56.40442, -20.38134 ], [ -56.40398, -20.37975 ], [ -56.40371, -20.3791 ], [ -56.40312, -20.37826 ], [ -56.40252, -20.37778 ], [ -56.40148, -20.37748 ], [ -56.39986, -20.37758 ], [ -56.3993, -20.37741 ], [ -56.39872, -20.37671 ], [ -56.39838, -20.37568 ], [ -56.39814, -20.37527 ], [ -56.39766, -20.37482 ], [ -56.39692, -20.37456 ], [ -56.39635, -20.37462 ], [ -56.39619, -20.37473 ], [ -56.3959, -20.37506 ], [ -56.39559, -20.37573 ], [ -56.39535, -20.37607 ], [ -56.39502, -20.37621 ], [ -56.39477, -20.37619 ], [ -56.39457, -20.376 ], [ -56.39441, -20.37562 ], [ -56.39444, -20.37499 ], [ -56.39487, -20.37426 ], [ -56.39566, -20.37359 ], [ -56.39594, -20.37326 ], [ -56.39606, -20.37271 ], [ -56.39605, -20.3716 ], [ -56.39614, -20.37131 ], [ -56.39636, -20.371 ], [ -56.39663, -20.37096 ], [ -56.39718, -20.3711 ], [ -56.39797, -20.37162 ], [ -56.39829, -20.37173 ], [ -56.39864, -20.37179 ], [ -56.39932, -20.37168 ], [ -56.40115, -20.37076 ], [ -56.40137, -20.37043 ], [ -56.40151, -20.36982 ], [ -56.40139, -20.3695 ], [ -56.40116, -20.36929 ], [ -56.40094, -20.36922 ], [ -56.4002, -20.3691 ], [ -56.39911, -20.3691 ], [ -56.39841, -20.36891 ], [ -56.39748, -20.36824 ], [ -56.39709, -20.36775 ], [ -56.39697, -20.36709 ], [ -56.39704, -20.36627 ], [ -56.39744, -20.36553 ], [ -56.39765, -20.36491 ], [ -56.39774, -20.36381 ], [ -56.39829, -20.36276 ], [ -56.39836, -20.36217 ], [ -56.39813, -20.36178 ], [ -56.39772, -20.36161 ], [ -56.397, -20.36174 ], [ -56.3958, -20.36238 ], [ -56.39537, -20.36232 ], [ -56.3951, -20.36206 ], [ -56.39495, -20.36151 ], [ -56.39514, -20.36116 ], [ -56.39554, -20.36087 ], [ -56.39636, -20.36055 ], [ -56.39667, -20.36009 ], [ -56.39659, -20.35952 ], [ -56.39621, -20.35893 ], [ -56.39585, -20.35861 ], [ -56.39532, -20.35845 ], [ -56.39477, -20.35851 ], [ -56.39378, -20.35892 ], [ -56.39338, -20.35886 ], [ -56.39244, -20.35833 ], [ -56.39141, -20.3583 ], [ -56.39099, -20.35799 ], [ -56.39081, -20.35769 ], [ -56.39081, -20.35733 ], [ -56.39117, -20.35689 ], [ -56.39184, -20.35642 ], [ -56.3928, -20.3561 ], [ -56.3933, -20.35581 ], [ -56.39453, -20.35462 ], [ -56.39473, -20.35422 ], [ -56.39471, -20.3539 ], [ -56.39452, -20.35349 ], [ -56.39418, -20.3533 ], [ -56.39375, -20.35322 ], [ -56.39206, -20.35325 ], [ -56.3916, -20.35315 ], [ -56.3912, -20.35286 ], [ -56.39105, -20.35248 ], [ -56.39104, -20.35209 ], [ -56.39147, -20.35115 ], [ -56.39207, -20.35046 ], [ -56.39259, -20.34998 ], [ -56.39359, -20.34939 ], [ -56.39416, -20.3492 ], [ -56.39499, -20.34908 ], [ -56.39656, -20.34916 ], [ -56.39773, -20.34908 ], [ -56.39796, -20.349 ], [ -56.39843, -20.34857 ], [ -56.39848, -20.34829 ], [ -56.3983, -20.34799 ], [ -56.39683, -20.3476 ], [ -56.39579, -20.34762 ], [ -56.39522, -20.34751 ], [ -56.39452, -20.34699 ], [ -56.39418, -20.34642 ], [ -56.39398, -20.34593 ], [ -56.39392, -20.34503 ], [ -56.394, -20.34438 ], [ -56.39417, -20.34387 ], [ -56.39446, -20.34333 ], [ -56.39528, -20.34246 ], [ -56.39625, -20.34195 ], [ -56.39675, -20.34186 ] ], [ [ -56.39675, -20.34186 ], [ -56.39757, -20.34291 ], [ -56.39917, -20.3443 ], [ -56.39945, -20.34441 ], [ -56.39984, -20.34442 ], [ -56.40026, -20.34416 ], [ -56.40033, -20.34392 ], [ -56.40027, -20.34362 ], [ -56.39985, -20.34294 ], [ -56.39884, -20.34209 ], [ -56.39682, -20.34094 ] ], [ [ -56.39675, -20.34186 ], [ -56.397, -20.34152 ], [ -56.39682, -20.34094 ] ], [ [ -56.39682, -20.34094 ], [ -56.39634, -20.34078 ], [ -56.39553, -20.34073 ], [ -56.39368, -20.34095 ], [ -56.3928, -20.34128 ], [ -56.39229, -20.34124 ], [ -56.39193, -20.34109 ], [ -56.39155, -20.34069 ], [ -56.39136, -20.34031 ], [ -56.39122, -20.33945 ], [ -56.3913, -20.33863 ], [ -56.39146, -20.33804 ], [ -56.39168, -20.33769 ], [ -56.39161, -20.33726 ], [ -56.39146, -20.3371 ], [ -56.3908, -20.3367 ], [ -56.3896, -20.33655 ], [ -56.38918, -20.33633 ], [ -56.3889, -20.33607 ], [ -56.38813, -20.33441 ], [ -56.38815, -20.33407 ], [ -56.38849, -20.33366 ], [ -56.38896, -20.33336 ], [ -56.38975, -20.3332 ], [ -56.39092, -20.33334 ], [ -56.39167, -20.33367 ], [ -56.39264, -20.33435 ], [ -56.39315, -20.3344 ], [ -56.39371, -20.33412 ], [ -56.39402, -20.33349 ], [ -56.39437, -20.3323 ], [ -56.39454, -20.33143 ], [ -56.39458, -20.33071 ], [ -56.39437, -20.33011 ], [ -56.3937, -20.32947 ], [ -56.39315, -20.32864 ], [ -56.39287, -20.32795 ], [ -56.39288, -20.32744 ], [ -56.39319, -20.327 ], [ -56.39373, -20.32664 ], [ -56.39539, -20.32636 ], [ -56.39618, -20.32601 ], [ -56.39656, -20.32574 ], [ -56.39721, -20.32486 ], [ -56.39764, -20.32403 ], [ -56.39777, -20.32355 ], [ -56.39778, -20.32306 ], [ -56.39756, -20.3225 ], [ -56.39722, -20.32218 ], [ -56.39687, -20.32201 ], [ -56.39513, -20.32159 ], [ -56.39433, -20.32148 ], [ -56.39336, -20.32105 ], [ -56.39224, -20.32033 ], [ -56.39171, -20.3197 ], [ -56.39053, -20.31862 ], [ -56.38994, -20.3186 ], [ -56.3895, -20.31882 ], [ -56.38916, -20.31915 ], [ -56.38895, -20.31919 ], [ -56.38879, -20.31913 ], [ -56.38866, -20.31891 ], [ -56.38878, -20.31837 ], [ -56.38973, -20.31719 ], [ -56.39026, -20.31639 ], [ -56.39064, -20.31602 ], [ -56.39119, -20.31573 ], [ -56.39173, -20.31567 ], [ -56.39256, -20.31575 ], [ -56.39302, -20.31571 ], [ -56.39358, -20.31548 ], [ -56.39379, -20.31516 ], [ -56.39383, -20.31488 ], [ -56.3937, -20.31396 ], [ -56.39394, -20.31292 ], [ -56.39381, -20.31254 ], [ -56.39353, -20.31224 ], [ -56.3932, -20.31206 ], [ -56.3925, -20.31205 ], [ -56.39157, -20.31245 ], [ -56.39115, -20.31287 ], [ -56.39081, -20.31292 ], [ -56.39066, -20.31287 ], [ -56.39045, -20.31262 ], [ -56.39038, -20.31221 ], [ -56.39051, -20.31193 ], [ -56.39117, -20.3113 ], [ -56.39175, -20.31047 ], [ -56.39209, -20.30974 ], [ -56.39232, -20.3087 ], [ -56.39326, -20.30696 ], [ -56.39472, -20.3051 ], [ -56.3949, -20.30467 ], [ -56.39494, -20.30416 ], [ -56.39473, -20.30329 ], [ -56.39365, -20.30135 ], [ -56.3932, -20.30025 ], [ -56.39306, -20.29964 ], [ -56.393, -20.29814 ], [ -56.39325, -20.29693 ], [ -56.39357, -20.29613 ], [ -56.39354, -20.2954 ], [ -56.39322, -20.29502 ], [ -56.39228, -20.29467 ], [ -56.39181, -20.29429 ], [ -56.39117, -20.29349 ], [ -56.39084, -20.29272 ], [ -56.39083, -20.29191 ], [ -56.39103, -20.29117 ], [ -56.39139, -20.29044 ], [ -56.39198, -20.28974 ], [ -56.39236, -20.28916 ], [ -56.39258, -20.28859 ], [ -56.39257, -20.28806 ], [ -56.39235, -20.28761 ], [ -56.39178, -20.28707 ], [ -56.39014, -20.28606 ], [ -56.38955, -20.28583 ], [ -56.38901, -20.28581 ], [ -56.38839, -20.28608 ], [ -56.38735, -20.2869 ], [ -56.38687, -20.28686 ], [ -56.38658, -20.28673 ], [ -56.38624, -20.28635 ], [ -56.38602, -20.28555 ], [ -56.38605, -20.28437 ], [ -56.38598, -20.28383 ], [ -56.38612, -20.28313 ], [ -56.38676, -20.28183 ], [ -56.38742, -20.28074 ], [ -56.38827, -20.27977 ], [ -56.38889, -20.27951 ], [ -56.38977, -20.27957 ], [ -56.39053, -20.27981 ], [ -56.39163, -20.28048 ], [ -56.39213, -20.28052 ], [ -56.39249, -20.28032 ], [ -56.39277, -20.27949 ], [ -56.3926, -20.27821 ], [ -56.39268, -20.27762 ], [ -56.39298, -20.2771 ], [ -56.39386, -20.27641 ], [ -56.39583, -20.27614 ], [ -56.39622, -20.27598 ], [ -56.3965, -20.27572 ], [ -56.39664, -20.27542 ], [ -56.3966, -20.2751 ], [ -56.39638, -20.27466 ], [ -56.39598, -20.27449 ], [ -56.39549, -20.27448 ], [ -56.39512, -20.27457 ], [ -56.39409, -20.27513 ], [ -56.39371, -20.27524 ], [ -56.39324, -20.27524 ], [ -56.39263, -20.27502 ], [ -56.39238, -20.27472 ], [ -56.39199, -20.2737 ], [ -56.39103, -20.27243 ], [ -56.39078, -20.27185 ], [ -56.39082, -20.27154 ], [ -56.39104, -20.27135 ], [ -56.39146, -20.27131 ], [ -56.39223, -20.27192 ], [ -56.39332, -20.27229 ], [ -56.39405, -20.27223 ], [ -56.39439, -20.27198 ], [ -56.39536, -20.27055 ], [ -56.39586, -20.27013 ], [ -56.39657, -20.26967 ], [ -56.39694, -20.26931 ], [ -56.39719, -20.26892 ], [ -56.39756, -20.26788 ], [ -56.39794, -20.26727 ], [ -56.3991, -20.266 ], [ -56.39993, -20.26527 ], [ -56.40032, -20.26476 ], [ -56.40045, -20.26437 ], [ -56.40041, -20.26403 ], [ -56.4001, -20.26345 ], [ -56.39943, -20.26277 ], [ -56.39942, -20.26248 ], [ -56.39957, -20.26218 ], [ -56.39988, -20.26195 ], [ -56.40027, -20.26187 ], [ -56.40192, -20.26213 ], [ -56.40266, -20.26168 ], [ -56.40322, -20.26083 ], [ -56.40322, -20.26036 ], [ -56.40298, -20.25996 ], [ -56.40261, -20.25968 ], [ -56.40165, -20.25921 ], [ -56.40119, -20.25872 ], [ -56.40097, -20.25789 ], [ -56.40087, -20.25662 ], [ -56.40027, -20.25554 ], [ -56.40003, -20.25485 ], [ -56.40002, -20.25333 ], [ -56.39982, -20.25251 ], [ -56.39859, -20.25056 ], [ -56.39814, -20.24934 ], [ -56.39814, -20.24756 ], [ -56.39827, -20.24698 ], [ -56.39867, -20.24635 ], [ -56.40017, -20.245 ], [ -56.40038, -20.24467 ], [ -56.40051, -20.24415 ], [ -56.40049, -20.24345 ], [ -56.39994, -20.24112 ], [ -56.39992, -20.24023 ], [ -56.40014, -20.23931 ], [ -56.40078, -20.23858 ], [ -56.4012, -20.23836 ], [ -56.40171, -20.23826 ], [ -56.40248, -20.23839 ], [ -56.40377, -20.23909 ], [ -56.40467, -20.23934 ], [ -56.40586, -20.2393 ], [ -56.4068, -20.23891 ], [ -56.40716, -20.23865 ], [ -56.40748, -20.23822 ], [ -56.40759, -20.2379 ], [ -56.40757, -20.23745 ], [ -56.40733, -20.2369 ], [ -56.40648, -20.23599 ], [ -56.40634, -20.23546 ], [ -56.40663, -20.235 ], [ -56.40742, -20.23489 ], [ -56.408, -20.23508 ], [ -56.40847, -20.23536 ], [ -56.409, -20.23584 ], [ -56.40928, -20.2363 ], [ -56.40942, -20.23672 ], [ -56.40946, -20.23716 ], [ -56.40924, -20.23866 ], [ -56.40923, -20.23918 ], [ -56.40946, -20.23993 ], [ -56.40982, -20.24031 ], [ -56.41023, -20.24061 ], [ -56.41106, -20.24094 ], [ -56.4119, -20.24115 ], [ -56.4126, -20.24123 ], [ -56.41358, -20.24163 ], [ -56.41409, -20.24175 ], [ -56.41487, -20.24163 ], [ -56.41555, -20.24109 ], [ -56.41645, -20.24051 ], [ -56.4183, -20.23988 ], [ -56.4188, -20.23948 ], [ -56.41899, -20.2391 ], [ -56.41903, -20.23855 ], [ -56.41944, -20.23758 ], [ -56.42054, -20.2364 ], [ -56.42097, -20.23538 ], [ -56.42171, -20.23435 ], [ -56.42235, -20.23325 ], [ -56.42294, -20.23158 ], [ -56.42377, -20.22988 ], [ -56.42444, -20.22881 ], [ -56.42511, -20.22812 ], [ -56.42578, -20.22777 ], [ -56.42635, -20.22762 ], [ -56.42696, -20.22756 ], [ -56.42767, -20.22761 ], [ -56.42869, -20.22805 ], [ -56.43012, -20.22929 ], [ -56.43065, -20.22964 ], [ -56.43093, -20.22964 ], [ -56.43129, -20.22942 ], [ -56.43152, -20.22916 ], [ -56.4318, -20.22849 ], [ -56.43269, -20.2272 ], [ -56.43308, -20.22639 ], [ -56.4331, -20.22604 ], [ -56.43297, -20.22543 ], [ -56.43253, -20.22402 ], [ -56.43248, -20.22331 ], [ -56.43265, -20.22284 ], [ -56.43282, -20.22267 ], [ -56.43314, -20.22252 ], [ -56.43376, -20.22261 ], [ -56.43517, -20.22403 ], [ -56.43587, -20.22442 ], [ -56.43672, -20.22474 ], [ -56.43759, -20.22487 ], [ -56.43936, -20.22481 ], [ -56.43998, -20.22491 ], [ -56.44105, -20.22526 ], [ -56.44181, -20.22532 ], [ -56.44305, -20.22527 ], [ -56.44363, -20.22542 ], [ -56.44389, -20.22559 ], [ -56.44405, -20.22581 ], [ -56.44407, -20.22621 ], [ -56.44386, -20.22661 ], [ -56.44281, -20.22718 ], [ -56.44242, -20.2277 ], [ -56.4424, -20.2284 ], [ -56.44263, -20.22888 ], [ -56.44302, -20.2293 ], [ -56.44334, -20.22948 ], [ -56.44381, -20.22956 ], [ -56.4443, -20.22932 ], [ -56.44486, -20.22849 ], [ -56.44525, -20.22829 ], [ -56.44575, -20.22832 ], [ -56.44609, -20.22858 ], [ -56.44619, -20.22945 ], [ -56.44629, -20.22968 ], [ -56.44648, -20.22996 ], [ -56.44679, -20.2302 ], [ -56.44722, -20.23019 ], [ -56.44751, -20.22992 ], [ -56.44771, -20.22958 ], [ -56.44781, -20.22905 ], [ -56.44778, -20.22826 ], [ -56.44791, -20.22786 ], [ -56.44838, -20.22738 ], [ -56.4488, -20.22728 ], [ -56.44909, -20.22741 ], [ -56.44932, -20.22776 ], [ -56.44941, -20.22924 ], [ -56.44951, -20.22963 ], [ -56.45008, -20.23002 ], [ -56.45031, -20.23004 ], [ -56.45069, -20.22993 ], [ -56.45108, -20.22917 ], [ -56.45114, -20.2286 ], [ -56.45082, -20.22758 ], [ -56.45011, -20.22652 ], [ -56.45002, -20.22592 ], [ -56.45033, -20.22557 ], [ -56.45166, -20.22504 ], [ -56.4523, -20.22449 ], [ -56.45289, -20.22418 ], [ -56.45328, -20.22413 ], [ -56.4537, -20.22422 ], [ -56.45436, -20.22452 ], [ -56.45531, -20.22529 ], [ -56.45557, -20.22538 ], [ -56.45596, -20.22537 ], [ -56.45661, -20.22504 ], [ -56.45674, -20.22484 ], [ -56.457, -20.22412 ], [ -56.45732, -20.22373 ], [ -56.45781, -20.2235 ], [ -56.45806, -20.22353 ], [ -56.45853, -20.22399 ], [ -56.45871, -20.22456 ], [ -56.45862, -20.22513 ], [ -56.45797, -20.2264 ], [ -56.45789, -20.227 ], [ -56.45799, -20.22725 ], [ -56.45813, -20.22735 ], [ -56.45866, -20.22735 ], [ -56.45896, -20.22716 ], [ -56.45932, -20.22673 ], [ -56.45945, -20.22645 ], [ -56.45977, -20.22498 ], [ -56.46052, -20.22378 ], [ -56.46078, -20.22319 ], [ -56.46082, -20.22262 ], [ -56.4606, -20.2215 ], [ -56.46063, -20.22078 ], [ -56.46091, -20.22025 ], [ -56.46177, -20.21926 ], [ -56.46193, -20.21896 ], [ -56.46209, -20.21836 ], [ -56.46174, -20.21694 ], [ -56.46173, -20.21634 ], [ -56.46184, -20.21602 ], [ -56.46237, -20.2154 ], [ -56.46308, -20.21506 ], [ -56.4637, -20.2145 ], [ -56.46418, -20.21419 ], [ -56.46504, -20.2139 ], [ -56.46617, -20.21379 ], [ -56.46725, -20.21353 ], [ -56.46769, -20.21355 ], [ -56.46808, -20.21377 ], [ -56.46823, -20.21415 ], [ -56.46805, -20.2146 ], [ -56.46751, -20.21507 ], [ -56.46624, -20.2157 ], [ -56.46586, -20.21611 ], [ -56.46574, -20.21649 ], [ -56.46581, -20.21689 ], [ -56.4661, -20.21725 ], [ -56.46656, -20.21762 ], [ -56.46755, -20.21801 ], [ -56.46818, -20.21807 ], [ -56.46886, -20.21785 ], [ -56.46942, -20.21756 ], [ -56.46988, -20.2171 ], [ -56.47038, -20.2169 ], [ -56.47107, -20.21678 ], [ -56.47207, -20.21679 ], [ -56.47278, -20.21666 ], [ -56.47315, -20.21644 ], [ -56.47332, -20.21608 ], [ -56.47378, -20.2156 ], [ -56.47429, -20.21534 ], [ -56.47467, -20.21527 ], [ -56.47502, -20.21534 ], [ -56.47525, -20.2156 ], [ -56.47531, -20.21602 ], [ -56.47508, -20.21637 ], [ -56.47495, -20.21691 ], [ -56.47529, -20.21774 ], [ -56.47583, -20.21818 ], [ -56.47616, -20.21832 ], [ -56.47664, -20.21831 ], [ -56.47718, -20.21807 ], [ -56.47763, -20.21767 ], [ -56.47802, -20.21711 ], [ -56.47827, -20.21648 ], [ -56.47866, -20.21585 ], [ -56.4799, -20.21446 ], [ -56.48032, -20.21385 ], [ -56.48119, -20.21304 ], [ -56.48149, -20.21258 ], [ -56.48165, -20.21182 ], [ -56.48164, -20.21125 ], [ -56.48182, -20.21043 ], [ -56.48186, -20.20956 ], [ -56.48175, -20.20872 ], [ -56.48153, -20.20804 ], [ -56.48118, -20.20742 ], [ -56.48059, -20.20677 ], [ -56.4802, -20.20651 ], [ -56.47971, -20.20633 ], [ -56.478, -20.20616 ], [ -56.47725, -20.20593 ], [ -56.4769, -20.20566 ], [ -56.47661, -20.20509 ], [ -56.47655, -20.20469 ], [ -56.47667, -20.20442 ], [ -56.47681, -20.20426 ], [ -56.4773, -20.20406 ], [ -56.47876, -20.2041 ], [ -56.47966, -20.20389 ], [ -56.48021, -20.20386 ], [ -56.481, -20.20395 ], [ -56.48343, -20.20456 ], [ -56.48381, -20.20455 ], [ -56.48433, -20.20436 ], [ -56.48486, -20.20398 ], [ -56.48526, -20.20344 ], [ -56.48538, -20.20298 ], [ -56.48528, -20.20178 ], [ -56.48535, -20.20121 ], [ -56.48564, -20.20082 ], [ -56.48603, -20.20057 ], [ -56.48714, -20.20046 ], [ -56.48773, -20.20084 ], [ -56.48843, -20.20102 ], [ -56.48884, -20.20093 ], [ -56.48998, -20.20046 ], [ -56.49072, -20.20044 ], [ -56.49148, -20.20071 ], [ -56.49193, -20.20109 ], [ -56.49243, -20.20187 ], [ -56.49255, -20.20228 ], [ -56.49259, -20.20314 ], [ -56.49251, -20.20415 ], [ -56.49143, -20.20858 ], [ -56.49101, -20.20954 ], [ -56.49043, -20.21053 ], [ -56.49037, -20.21097 ], [ -56.49046, -20.21128 ], [ -56.4907, -20.21149 ], [ -56.49117, -20.21167 ], [ -56.49156, -20.21169 ], [ -56.49216, -20.21163 ], [ -56.49347, -20.2113 ], [ -56.49386, -20.21111 ], [ -56.49417, -20.21074 ], [ -56.49434, -20.21042 ], [ -56.49459, -20.20939 ], [ -56.49433, -20.20723 ], [ -56.49439, -20.20591 ], [ -56.4947, -20.205 ], [ -56.49544, -20.20386 ], [ -56.49595, -20.20335 ], [ -56.49632, -20.2026 ], [ -56.49668, -20.20164 ], [ -56.49718, -20.20093 ], [ -56.49814, -20.20035 ], [ -56.49891, -20.2 ], [ -56.50076, -20.19945 ], [ -56.50172, -20.19893 ], [ -56.50198, -20.19861 ], [ -56.50314, -20.19595 ], [ -56.50413, -20.19426 ], [ -56.50475, -20.19284 ], [ -56.50508, -20.1916 ], [ -56.50545, -20.18727 ], [ -56.50574, -20.18614 ], [ -56.50659, -20.18399 ], [ -56.50673, -20.18326 ], [ -56.50679, -20.18224 ], [ -56.50672, -20.17954 ], [ -56.50605, -20.17514 ], [ -56.50596, -20.17363 ], [ -56.506, -20.17238 ], [ -56.50618, -20.17134 ], [ -56.50698, -20.16897 ], [ -56.5071, -20.16814 ], [ -56.50703, -20.1672 ], [ -56.50726, -20.16484 ], [ -56.50751, -20.16382 ], [ -56.50809, -20.1627 ], [ -56.50832, -20.16176 ], [ -56.50807, -20.16101 ], [ -56.50776, -20.1606 ], [ -56.50715, -20.16018 ], [ -56.50609, -20.15971 ], [ -56.50586, -20.15948 ], [ -56.50563, -20.15909 ], [ -56.50548, -20.15859 ], [ -56.50552, -20.15817 ], [ -56.50615, -20.15656 ], [ -56.50617, -20.15585 ], [ -56.50585, -20.15529 ], [ -56.50473, -20.15419 ], [ -56.50427, -20.15339 ], [ -56.50416, -20.15242 ], [ -56.50436, -20.15204 ], [ -56.50483, -20.15169 ], [ -56.50526, -20.15155 ], [ -56.50596, -20.15147 ], [ -56.50702, -20.15169 ], [ -56.50906, -20.15271 ], [ -56.51006, -20.15293 ], [ -56.5106, -20.15288 ], [ -56.51088, -20.15269 ], [ -56.51106, -20.15241 ], [ -56.51109, -20.15191 ], [ -56.51074, -20.15127 ], [ -56.51025, -20.15081 ], [ -56.50952, -20.15041 ], [ -56.50573, -20.14897 ], [ -56.50509, -20.14857 ], [ -56.50439, -20.14799 ], [ -56.50385, -20.14734 ], [ -56.5032, -20.14601 ], [ -56.50283, -20.14353 ], [ -56.50248, -20.14266 ], [ -56.50219, -20.14243 ], [ -56.50076, -20.14198 ], [ -56.49921, -20.14184 ], [ -56.4988, -20.14164 ], [ -56.49875, -20.14122 ], [ -56.49922, -20.14037 ], [ -56.49928, -20.14005 ], [ -56.49915, -20.1397 ], [ -56.49891, -20.13949 ], [ -56.49875, -20.13938 ], [ -56.49847, -20.13935 ], [ -56.498, -20.13946 ], [ -56.49658, -20.14021 ], [ -56.49609, -20.14027 ], [ -56.49523, -20.14014 ], [ -56.49474, -20.13974 ], [ -56.49454, -20.13933 ], [ -56.49423, -20.13741 ], [ -56.49391, -20.1368 ], [ -56.49313, -20.13627 ], [ -56.49244, -20.13605 ], [ -56.49102, -20.13541 ], [ -56.48994, -20.13462 ], [ -56.4894, -20.13412 ], [ -56.4892, -20.13364 ], [ -56.48923, -20.13325 ], [ -56.48948, -20.13277 ], [ -56.49068, -20.13129 ], [ -56.49098, -20.13047 ], [ -56.49099, -20.12988 ], [ -56.49032, -20.128 ], [ -56.49029, -20.12732 ], [ -56.49037, -20.12661 ], [ -56.49054, -20.12616 ], [ -56.49084, -20.12556 ], [ -56.49129, -20.125 ], [ -56.4914, -20.12474 ], [ -56.4915, -20.12424 ], [ -56.49143, -20.12393 ], [ -56.49119, -20.1237 ], [ -56.49084, -20.1236 ], [ -56.49055, -20.12361 ], [ -56.49004, -20.1239 ], [ -56.4897, -20.12433 ], [ -56.48885, -20.12632 ], [ -56.48839, -20.12714 ], [ -56.48789, -20.12751 ], [ -56.48734, -20.12747 ], [ -56.487, -20.12711 ], [ -56.48693, -20.12675 ], [ -56.48701, -20.12598 ], [ -56.48762, -20.12483 ], [ -56.48896, -20.12178 ], [ -56.48932, -20.1213 ], [ -56.48984, -20.12084 ], [ -56.49093, -20.12037 ], [ -56.492, -20.12039 ], [ -56.49244, -20.12055 ], [ -56.49375, -20.12149 ], [ -56.49416, -20.12157 ], [ -56.49515, -20.12129 ], [ -56.49679, -20.12045 ], [ -56.49767, -20.11975 ], [ -56.4982, -20.119 ], [ -56.49829, -20.11874 ], [ -56.49829, -20.11836 ], [ -56.49802, -20.1177 ], [ -56.49739, -20.11712 ], [ -56.49683, -20.11693 ], [ -56.49601, -20.11696 ], [ -56.49524, -20.11689 ], [ -56.49486, -20.1168 ], [ -56.49418, -20.1164 ], [ -56.4939, -20.11604 ], [ -56.49382, -20.11572 ], [ -56.49395, -20.11524 ], [ -56.49425, -20.11498 ], [ -56.49481, -20.11483 ], [ -56.49569, -20.11502 ], [ -56.49718, -20.11581 ], [ -56.49832, -20.1162 ], [ -56.50067, -20.11652 ], [ -56.5011, -20.11709 ], [ -56.50153, -20.11805 ], [ -56.50304, -20.11968 ], [ -56.50342, -20.12024 ], [ -56.50375, -20.12095 ], [ -56.50389, -20.12148 ], [ -56.50405, -20.12335 ], [ -56.50427, -20.1237 ], [ -56.5045, -20.12378 ], [ -56.50474, -20.12368 ], [ -56.50497, -20.12346 ], [ -56.50605, -20.12119 ], [ -56.50634, -20.12083 ], [ -56.50674, -20.12063 ], [ -56.50704, -20.1206 ], [ -56.50752, -20.12085 ], [ -56.50773, -20.12121 ], [ -56.50783, -20.12155 ], [ -56.5078, -20.12217 ], [ -56.5073, -20.12294 ], [ -56.50591, -20.12415 ], [ -56.50538, -20.12472 ], [ -56.50531, -20.12514 ], [ -56.50567, -20.12539 ], [ -56.50806, -20.126 ], [ -56.50996, -20.12623 ], [ -56.51041, -20.12643 ], [ -56.51065, -20.12671 ], [ -56.5111, -20.12703 ], [ -56.51153, -20.12725 ], [ -56.51202, -20.12737 ], [ -56.51277, -20.12726 ], [ -56.5147, -20.12647 ], [ -56.51596, -20.12646 ], [ -56.51637, -20.12659 ], [ -56.51786, -20.12782 ], [ -56.51849, -20.12786 ], [ -56.51863, -20.12778 ], [ -56.51884, -20.12753 ], [ -56.51897, -20.12702 ], [ -56.51893, -20.12594 ], [ -56.51909, -20.12502 ], [ -56.51954, -20.12424 ], [ -56.5208, -20.12261 ], [ -56.52142, -20.12112 ], [ -56.52149, -20.12071 ], [ -56.52136, -20.11927 ], [ -56.52143, -20.11829 ], [ -56.52175, -20.11735 ], [ -56.52233, -20.11652 ], [ -56.52273, -20.11548 ], [ -56.52321, -20.11501 ], [ -56.52349, -20.11496 ], [ -56.52558, -20.11566 ], [ -56.52627, -20.11564 ], [ -56.52687, -20.11536 ], [ -56.52709, -20.11514 ], [ -56.52732, -20.11433 ], [ -56.52724, -20.11307 ], [ -56.5271, -20.11257 ], [ -56.52653, -20.11173 ], [ -56.52575, -20.11114 ], [ -56.52465, -20.11069 ], [ -56.52192, -20.11056 ], [ -56.52146, -20.11043 ], [ -56.52113, -20.11021 ], [ -56.52095, -20.10988 ], [ -56.52098, -20.10929 ], [ -56.52135, -20.10837 ], [ -56.52187, -20.1076 ], [ -56.52199, -20.1068 ], [ -56.52189, -20.10634 ], [ -56.52109, -20.10496 ], [ -56.52099, -20.10467 ], [ -56.52102, -20.10429 ], [ -56.52114, -20.10405 ], [ -56.5214, -20.10396 ], [ -56.52348, -20.10364 ], [ -56.52382, -20.10368 ], [ -56.52423, -20.10385 ], [ -56.52444, -20.10406 ], [ -56.52483, -20.10542 ], [ -56.52503, -20.10574 ], [ -56.52559, -20.10606 ], [ -56.52623, -20.10614 ], [ -56.5269, -20.10587 ], [ -56.52775, -20.10521 ], [ -56.52818, -20.10448 ], [ -56.52823, -20.10412 ], [ -56.52813, -20.10378 ], [ -56.5279, -20.10354 ], [ -56.52751, -20.10333 ], [ -56.52622, -20.10286 ], [ -56.52495, -20.10256 ], [ -56.52404, -20.1022 ], [ -56.52382, -20.10208 ], [ -56.52345, -20.10161 ], [ -56.52325, -20.10102 ], [ -56.52324, -20.10048 ], [ -56.52395, -20.09872 ], [ -56.52404, -20.0978 ], [ -56.52362, -20.09716 ], [ -56.52315, -20.0969 ], [ -56.52265, -20.09638 ], [ -56.52251, -20.09612 ], [ -56.52247, -20.09582 ], [ -56.52255, -20.0954 ], [ -56.52331, -20.09342 ], [ -56.52366, -20.09303 ], [ -56.52417, -20.09294 ], [ -56.52485, -20.09307 ], [ -56.52523, -20.09332 ], [ -56.5255, -20.09339 ], [ -56.52584, -20.09327 ], [ -56.52603, -20.09312 ], [ -56.52624, -20.09261 ], [ -56.52596, -20.09214 ], [ -56.5254, -20.09162 ], [ -56.52499, -20.09137 ], [ -56.52459, -20.09126 ], [ -56.52379, -20.09087 ], [ -56.52319, -20.09048 ], [ -56.52302, -20.08991 ], [ -56.52307, -20.08957 ], [ -56.52338, -20.08923 ], [ -56.52384, -20.08897 ], [ -56.5246, -20.08872 ], [ -56.52589, -20.08846 ], [ -56.52716, -20.08796 ], [ -56.52788, -20.08758 ], [ -56.52844, -20.08705 ], [ -56.52855, -20.08682 ], [ -56.52853, -20.08635 ], [ -56.52829, -20.08606 ], [ -56.52789, -20.08584 ], [ -56.52758, -20.08585 ], [ -56.52712, -20.08598 ], [ -56.52551, -20.08704 ], [ -56.52448, -20.08759 ], [ -56.52389, -20.08774 ], [ -56.52324, -20.08774 ], [ -56.52259, -20.08751 ], [ -56.52224, -20.08715 ], [ -56.52212, -20.08671 ], [ -56.52221, -20.08617 ], [ -56.52244, -20.08585 ], [ -56.5228, -20.08555 ], [ -56.52417, -20.08485 ], [ -56.52499, -20.08454 ], [ -56.52586, -20.08439 ], [ -56.5267, -20.08434 ], [ -56.52743, -20.08446 ], [ -56.52793, -20.08459 ], [ -56.52933, -20.08524 ], [ -56.53, -20.08538 ], [ -56.53108, -20.08529 ], [ -56.53219, -20.08496 ], [ -56.53287, -20.08461 ], [ -56.53345, -20.08413 ], [ -56.53399, -20.08339 ], [ -56.53406, -20.08279 ], [ -56.53399, -20.08242 ], [ -56.53374, -20.08199 ], [ -56.53322, -20.08161 ], [ -56.53259, -20.08139 ], [ -56.52849, -20.08123 ], [ -56.52817, -20.08107 ], [ -56.52804, -20.08083 ], [ -56.52804, -20.08047 ], [ -56.5282, -20.08021 ], [ -56.52869, -20.07995 ], [ -56.53001, -20.07969 ], [ -56.53261, -20.07866 ], [ -56.53351, -20.07855 ], [ -56.53406, -20.07862 ], [ -56.53497, -20.07903 ], [ -56.53532, -20.0794 ], [ -56.53593, -20.08042 ], [ -56.53647, -20.08088 ], [ -56.53742, -20.08101 ], [ -56.53809, -20.08082 ], [ -56.53975, -20.08069 ], [ -56.54026, -20.08058 ], [ -56.54115, -20.0802 ], [ -56.54152, -20.07994 ], [ -56.54176, -20.07962 ], [ -56.54188, -20.07923 ], [ -56.54193, -20.07874 ], [ -56.54182, -20.07807 ], [ -56.54182, -20.07697 ] ], [ [ -56.54182, -20.07697 ], [ -56.54193, -20.07668 ], [ -56.54251, -20.07659 ] ], [ [ -56.54182, -20.07697 ], [ -56.54124, -20.07663 ], [ -56.54096, -20.07666 ], [ -56.54051, -20.07689 ], [ -56.53999, -20.07748 ], [ -56.53946, -20.0777 ], [ -56.53906, -20.07759 ], [ -56.53871, -20.07724 ], [ -56.53855, -20.07655 ], [ -56.53866, -20.07584 ], [ -56.53889, -20.07516 ], [ -56.53917, -20.0745 ], [ -56.53961, -20.07376 ], [ -56.54021, -20.07316 ], [ -56.54058, -20.07302 ], [ -56.54081, -20.07307 ], [ -56.54139, -20.07357 ], [ -56.54171, -20.07431 ], [ -56.54212, -20.07593 ], [ -56.54251, -20.07659 ] ], [ [ -56.54251, -20.07659 ], [ -56.54354, -20.07695 ], [ -56.54388, -20.0769 ], [ -56.54424, -20.0767 ], [ -56.54458, -20.07629 ], [ -56.54516, -20.0751 ], [ -56.5458, -20.07412 ], [ -56.5465, -20.07347 ], [ -56.54714, -20.07249 ], [ -56.54714, -20.07192 ], [ -56.54676, -20.07159 ], [ -56.54627, -20.07141 ], [ -56.5459, -20.07137 ], [ -56.54394, -20.07144 ], [ -56.54358, -20.07132 ], [ -56.54336, -20.07101 ], [ -56.54343, -20.07062 ], [ -56.54365, -20.07027 ], [ -56.54445, -20.06944 ], [ -56.54574, -20.06698 ], [ -56.54622, -20.06653 ], [ -56.54671, -20.06627 ], [ -56.5474, -20.06619 ], [ -56.54785, -20.06624 ], [ -56.549, -20.06658 ], [ -56.54933, -20.06645 ], [ -56.54944, -20.06621 ], [ -56.54905, -20.06554 ], [ -56.54861, -20.06526 ], [ -56.54781, -20.06494 ], [ -56.54721, -20.06485 ], [ -56.5461, -20.06494 ], [ -56.54523, -20.06525 ], [ -56.54492, -20.06544 ], [ -56.54386, -20.06638 ], [ -56.54344, -20.06657 ], [ -56.54316, -20.0665 ], [ -56.54293, -20.06626 ], [ -56.54275, -20.06573 ], [ -56.54266, -20.06364 ], [ -56.54291, -20.06268 ], [ -56.54319, -20.06225 ], [ -56.54497, -20.06093 ], [ -56.54584, -20.06048 ], [ -56.54637, -20.06006 ], [ -56.54702, -20.05928 ], [ -56.54763, -20.05795 ], [ -56.54781, -20.05776 ], [ -56.54829, -20.05749 ], [ -56.54869, -20.05744 ], [ -56.54947, -20.05754 ], [ -56.54992, -20.05745 ], [ -56.55101, -20.05701 ], [ -56.55133, -20.05695 ], [ -56.55244, -20.05718 ], [ -56.55286, -20.05752 ], [ -56.55305, -20.05782 ], [ -56.55312, -20.05847 ], [ -56.5529, -20.05937 ], [ -56.55215, -20.06071 ], [ -56.55219, -20.06103 ], [ -56.55281, -20.06117 ], [ -56.55421, -20.06098 ], [ -56.55511, -20.06106 ], [ -56.55598, -20.06123 ], [ -56.55643, -20.06138 ], [ -56.55689, -20.06167 ], [ -56.55763, -20.06189 ], [ -56.55831, -20.06174 ], [ -56.55878, -20.06149 ], [ -56.55914, -20.06104 ], [ -56.55944, -20.06011 ], [ -56.55952, -20.05869 ], [ -56.5598, -20.05855 ], [ -56.56007, -20.05869 ], [ -56.56025, -20.05905 ], [ -56.56066, -20.06093 ], [ -56.56079, -20.06114 ], [ -56.561, -20.06127 ], [ -56.56141, -20.06112 ], [ -56.56172, -20.06054 ], [ -56.56242, -20.0597 ], [ -56.56301, -20.05921 ], [ -56.56351, -20.05895 ], [ -56.56401, -20.0589 ], [ -56.56435, -20.059 ], [ -56.56446, -20.05923 ], [ -56.56441, -20.05972 ], [ -56.56333, -20.06162 ], [ -56.56332, -20.06199 ], [ -56.56344, -20.06219 ], [ -56.5637, -20.06228 ], [ -56.56414, -20.06229 ], [ -56.56518, -20.0619 ], [ -56.56633, -20.06183 ], [ -56.56693, -20.06157 ], [ -56.5673, -20.06124 ], [ -56.56758, -20.06067 ], [ -56.56776, -20.0597 ], [ -56.56797, -20.0594 ], [ -56.56831, -20.05919 ], [ -56.56874, -20.05918 ], [ -56.56974, -20.05956 ], [ -56.57019, -20.06004 ], [ -56.57018, -20.06045 ], [ -56.57006, -20.06066 ], [ -56.56919, -20.06144 ], [ -56.56772, -20.06235 ], [ -56.56736, -20.06287 ], [ -56.5673, -20.06315 ], [ -56.56745, -20.06381 ], [ -56.56779, -20.06435 ], [ -56.56818, -20.0654 ], [ -56.56804, -20.06594 ], [ -56.56763, -20.06626 ], [ -56.56718, -20.06626 ], [ -56.56534, -20.06546 ], [ -56.56493, -20.06551 ], [ -56.56483, -20.06593 ], [ -56.56485, -20.06619 ], [ -56.56499, -20.06662 ], [ -56.56553, -20.06741 ], [ -56.56589, -20.06771 ], [ -56.56692, -20.06823 ], [ -56.56742, -20.06843 ], [ -56.56862, -20.06869 ], [ -56.56937, -20.06874 ], [ -56.57164, -20.06957 ], [ -56.57211, -20.06961 ], [ -56.57255, -20.06954 ], [ -56.57315, -20.06926 ], [ -56.5735, -20.06898 ], [ -56.57373, -20.0686 ], [ -56.57411, -20.06749 ], [ -56.57451, -20.06691 ], [ -56.57527, -20.06657 ], [ -56.57665, -20.06639 ], [ -56.57705, -20.06626 ], [ -56.57749, -20.06602 ], [ -56.57798, -20.0656 ], [ -56.57876, -20.06453 ], [ -56.57919, -20.06418 ], [ -56.58056, -20.06362 ], [ -56.5813, -20.06351 ], [ -56.5826, -20.06314 ], [ -56.58333, -20.06277 ], [ -56.58362, -20.06224 ], [ -56.58381, -20.06165 ], [ -56.58377, -20.06049 ], [ -56.58389, -20.05904 ], [ -56.58462, -20.05709 ], [ -56.58483, -20.05553 ], [ -56.58524, -20.05506 ], [ -56.5867, -20.05454 ], [ -56.58774, -20.05381 ], [ -56.58802, -20.05371 ], [ -56.5884, -20.05374 ], [ -56.58875, -20.05396 ], [ -56.58973, -20.05488 ], [ -56.59033, -20.05514 ], [ -56.59066, -20.05518 ], [ -56.5909, -20.05508 ], [ -56.5914, -20.05466 ], [ -56.59148, -20.05422 ], [ -56.59136, -20.05392 ], [ -56.58982, -20.05263 ], [ -56.5895, -20.05198 ], [ -56.58943, -20.05136 ], [ -56.5895, -20.05058 ], [ -56.58969, -20.05006 ], [ -56.5901, -20.0494 ], [ -56.59109, -20.04834 ], [ -56.59155, -20.04794 ], [ -56.59417, -20.04624 ], [ -56.5951, -20.04552 ], [ -56.59543, -20.04491 ], [ -56.59542, -20.04476 ], [ -56.59517, -20.04449 ], [ -56.59497, -20.04441 ], [ -56.59263, -20.04408 ], [ -56.59211, -20.0436 ], [ -56.59205, -20.04325 ], [ -56.5922, -20.04267 ], [ -56.59238, -20.04245 ], [ -56.5932, -20.04208 ], [ -56.59395, -20.04196 ], [ -56.59605, -20.04244 ], [ -56.59703, -20.04255 ], [ -56.59918, -20.04259 ], [ -56.59965, -20.04276 ], [ -56.60009, -20.04302 ], [ -56.60048, -20.0434 ], [ -56.60073, -20.04388 ], [ -56.60105, -20.04648 ], [ -56.60137, -20.04685 ], [ -56.60179, -20.04696 ], [ -56.60218, -20.04685 ], [ -56.60247, -20.04664 ], [ -56.60261, -20.04639 ], [ -56.60276, -20.04568 ], [ -56.60258, -20.04455 ], [ -56.60185, -20.04272 ], [ -56.6018, -20.04222 ], [ -56.60189, -20.04185 ], [ -56.60224, -20.04138 ], [ -56.60289, -20.04094 ], [ -56.60377, -20.04061 ], [ -56.60453, -20.04058 ], [ -56.60507, -20.04071 ], [ -56.60637, -20.04122 ], [ -56.60749, -20.04132 ], [ -56.60831, -20.04104 ], [ -56.6095, -20.04021 ], [ -56.60992, -20.04017 ], [ -56.61017, -20.04031 ], [ -56.61031, -20.04055 ], [ -56.61045, -20.04167 ], [ -56.61065, -20.04215 ], [ -56.61102, -20.04246 ], [ -56.61174, -20.04275 ], [ -56.61228, -20.04273 ], [ -56.61279, -20.04255 ], [ -56.61316, -20.04199 ], [ -56.61334, -20.04162 ], [ -56.61364, -20.03996 ], [ -56.61396, -20.03923 ], [ -56.61425, -20.03901 ], [ -56.61468, -20.03897 ], [ -56.6154, -20.03911 ], [ -56.61596, -20.03932 ], [ -56.61756, -20.04019 ], [ -56.61854, -20.04098 ], [ -56.61919, -20.04166 ], [ -56.61947, -20.04224 ], [ -56.61983, -20.04257 ], [ -56.62051, -20.04347 ], [ -56.621, -20.04496 ], [ -56.62116, -20.04524 ], [ -56.62151, -20.04542 ], [ -56.62212, -20.04539 ], [ -56.62329, -20.04507 ], [ -56.62385, -20.04502 ], [ -56.62594, -20.04523 ], [ -56.62639, -20.04517 ], [ -56.62687, -20.04498 ], [ -56.62748, -20.04443 ], [ -56.62766, -20.04401 ], [ -56.6278, -20.04368 ], [ -56.62817, -20.04179 ], [ -56.62841, -20.04127 ], [ -56.62863, -20.04108 ], [ -56.62896, -20.04104 ], [ -56.62944, -20.04114 ], [ -56.63052, -20.04168 ], [ -56.63137, -20.04225 ], [ -56.63186, -20.0424 ], [ -56.6325, -20.04227 ], [ -56.6329, -20.04194 ], [ -56.63398, -20.04138 ], [ -56.63428, -20.04138 ], [ -56.63456, -20.0416 ], [ -56.63469, -20.04223 ], [ -56.63456, -20.04298 ], [ -56.63384, -20.045 ], [ -56.63341, -20.0458 ], [ -56.63341, -20.04618 ], [ -56.63357, -20.04642 ], [ -56.63387, -20.04662 ], [ -56.63452, -20.04675 ], [ -56.6354, -20.04661 ], [ -56.63821, -20.04532 ], [ -56.63884, -20.04514 ], [ -56.63972, -20.04518 ], [ -56.64073, -20.04548 ], [ -56.64165, -20.04548 ], [ -56.64216, -20.0453 ], [ -56.64255, -20.04505 ], [ -56.64287, -20.0447 ], [ -56.64312, -20.04405 ], [ -56.64307, -20.04341 ], [ -56.64253, -20.04199 ], [ -56.6424, -20.0411 ], [ -56.64253, -20.04016 ], [ -56.64265, -20.03988 ], [ -56.64286, -20.03968 ], [ -56.64333, -20.03944 ], [ -56.64481, -20.03926 ], [ -56.64578, -20.03945 ], [ -56.64614, -20.0397 ], [ -56.64646, -20.04008 ], [ -56.64667, -20.04068 ], [ -56.64667, -20.04118 ], [ -56.64636, -20.04222 ], [ -56.64631, -20.0427 ], [ -56.64637, -20.04311 ], [ -56.64661, -20.04343 ], [ -56.64683, -20.04352 ], [ -56.64763, -20.04353 ], [ -56.64803, -20.04327 ], [ -56.64843, -20.04265 ], [ -56.64946, -20.03953 ], [ -56.64982, -20.03887 ], [ -56.65015, -20.03856 ], [ -56.65063, -20.0383 ], [ -56.65245, -20.0382 ], [ -56.65302, -20.03772 ], [ -56.65309, -20.03735 ], [ -56.65298, -20.03711 ], [ -56.65188, -20.03573 ], [ -56.65179, -20.03509 ], [ -56.65186, -20.0348 ], [ -56.65212, -20.03449 ], [ -56.65265, -20.03411 ], [ -56.65441, -20.03341 ], [ -56.65484, -20.03312 ], [ -56.65504, -20.03276 ], [ -56.65511, -20.03235 ], [ -56.65507, -20.03208 ], [ -56.65468, -20.03122 ], [ -56.65464, -20.03079 ], [ -56.65472, -20.03047 ], [ -56.65498, -20.03032 ], [ -56.6552, -20.03034 ], [ -56.65565, -20.03062 ], [ -56.65668, -20.03179 ], [ -56.65686, -20.03224 ], [ -56.65685, -20.03312 ], [ -56.65675, -20.03349 ], [ -56.65663, -20.03378 ], [ -56.65577, -20.0349 ], [ -56.65562, -20.03532 ], [ -56.65568, -20.03582 ], [ -56.65586, -20.03612 ], [ -56.65625, -20.03648 ], [ -56.65675, -20.03669 ], [ -56.65824, -20.03694 ], [ -56.65995, -20.03743 ], [ -56.66043, -20.03785 ], [ -56.66074, -20.03851 ], [ -56.66105, -20.04056 ], [ -56.66159, -20.04247 ], [ -56.66193, -20.04289 ], [ -56.66239, -20.04306 ], [ -56.66316, -20.04296 ], [ -56.66351, -20.04278 ], [ -56.66429, -20.04203 ], [ -56.66478, -20.04102 ], [ -56.66478, -20.04038 ], [ -56.66462, -20.03986 ], [ -56.66321, -20.03738 ], [ -56.66314, -20.03697 ], [ -56.66337, -20.03647 ], [ -56.6638, -20.03617 ], [ -56.66552, -20.03608 ], [ -56.66594, -20.03601 ], [ -56.66623, -20.03587 ], [ -56.66641, -20.03565 ], [ -56.66647, -20.03541 ], [ -56.66612, -20.03423 ], [ -56.66612, -20.03399 ], [ -56.6663, -20.03384 ], [ -56.66663, -20.03384 ], [ -56.6669, -20.03396 ], [ -56.66839, -20.03512 ], [ -56.66879, -20.03528 ], [ -56.66946, -20.03537 ], [ -56.67031, -20.03533 ], [ -56.67122, -20.03504 ], [ -56.67287, -20.0331 ], [ -56.67386, -20.0314 ], [ -56.67478, -20.03015 ], [ -56.67521, -20.0298 ], [ -56.67559, -20.0297 ], [ -56.6761, -20.02984 ], [ -56.67928, -20.0318 ], [ -56.67986, -20.03208 ], [ -56.68062, -20.03214 ], [ -56.68157, -20.03184 ], [ -56.68205, -20.03187 ], [ -56.68221, -20.03206 ], [ -56.68224, -20.03251 ], [ -56.68204, -20.03282 ], [ -56.68009, -20.03501 ], [ -56.67969, -20.03582 ], [ -56.67967, -20.03618 ], [ -56.68008, -20.03671 ], [ -56.68067, -20.03699 ], [ -56.68105, -20.03729 ], [ -56.68164, -20.03854 ], [ -56.68189, -20.03883 ], [ -56.68203, -20.03887 ], [ -56.68238, -20.03888 ], [ -56.68319, -20.03872 ], [ -56.68478, -20.03898 ], [ -56.68544, -20.03924 ], [ -56.68574, -20.03924 ], [ -56.686, -20.03914 ], [ -56.68616, -20.03889 ], [ -56.68619, -20.03863 ], [ -56.68591, -20.03774 ], [ -56.68554, -20.03708 ], [ -56.68554, -20.0366 ], [ -56.68566, -20.03625 ], [ -56.68625, -20.03556 ], [ -56.68732, -20.03468 ], [ -56.68806, -20.03428 ], [ -56.68892, -20.03409 ], [ -56.68965, -20.03413 ], [ -56.6908, -20.03393 ], [ -56.69157, -20.03395 ], [ -56.69201, -20.03412 ], [ -56.6922, -20.03449 ], [ -56.6922, -20.03491 ], [ -56.69208, -20.03547 ], [ -56.69173, -20.03628 ], [ -56.69138, -20.0375 ], [ -56.69133, -20.03864 ], [ -56.69154, -20.03929 ], [ -56.69194, -20.03963 ], [ -56.69261, -20.03985 ], [ -56.69339, -20.03985 ], [ -56.69452, -20.03955 ], [ -56.69506, -20.03921 ], [ -56.69628, -20.03793 ], [ -56.69662, -20.03784 ], [ -56.69693, -20.03784 ], [ -56.69716, -20.03799 ], [ -56.69743, -20.03829 ], [ -56.69766, -20.03875 ], [ -56.6982, -20.03932 ], [ -56.69844, -20.03939 ], [ -56.69906, -20.03928 ], [ -56.69931, -20.03898 ], [ -56.69924, -20.03862 ], [ -56.69856, -20.03727 ], [ -56.69857, -20.03667 ], [ -56.69895, -20.03607 ], [ -56.69945, -20.03576 ], [ -56.70068, -20.03434 ], [ -56.70118, -20.03389 ], [ -56.70202, -20.03357 ], [ -56.7025, -20.0335 ], [ -56.7033, -20.03354 ], [ -56.70459, -20.03397 ], [ -56.70589, -20.03455 ], [ -56.70835, -20.03632 ], [ -56.70869, -20.03648 ], [ -56.70955, -20.03667 ], [ -56.71037, -20.03666 ], [ -56.71101, -20.03648 ], [ -56.71156, -20.03618 ], [ -56.71192, -20.03589 ], [ -56.71311, -20.03448 ], [ -56.71394, -20.03286 ], [ -56.71404, -20.0323 ], [ -56.71396, -20.03158 ], [ -56.71341, -20.02982 ], [ -56.71313, -20.02931 ], [ -56.71308, -20.02892 ], [ -56.71322, -20.02848 ], [ -56.71339, -20.02825 ], [ -56.71394, -20.02794 ], [ -56.71429, -20.02784 ], [ -56.71494, -20.02794 ], [ -56.71556, -20.02843 ], [ -56.71581, -20.02894 ], [ -56.71656, -20.03004 ], [ -56.71697, -20.03025 ], [ -56.7173, -20.03022 ], [ -56.71754, -20.02999 ], [ -56.71757, -20.02953 ], [ -56.71732, -20.02864 ], [ -56.71627, -20.02699 ], [ -56.71532, -20.02588 ], [ -56.71514, -20.02543 ], [ -56.71514, -20.02514 ], [ -56.7155, -20.02488 ], [ -56.71634, -20.02446 ], [ -56.71705, -20.02427 ], [ -56.71776, -20.02392 ], [ -56.71818, -20.02356 ], [ -56.7183, -20.02328 ], [ -56.71829, -20.02289 ], [ -56.71771, -20.0215 ], [ -56.7177, -20.02089 ], [ -56.71777, -20.02066 ], [ -56.71816, -20.02015 ], [ -56.71863, -20.01983 ], [ -56.7192, -20.01961 ], [ -56.72213, -20.01911 ], [ -56.72246, -20.01889 ], [ -56.72272, -20.0185 ], [ -56.72296, -20.01783 ], [ -56.72298, -20.01711 ], [ -56.72288, -20.01654 ], [ -56.72241, -20.01521 ], [ -56.72234, -20.0147 ], [ -56.72241, -20.01373 ], [ -56.7229, -20.0128 ], [ -56.72455, -20.01168 ], [ -56.72612, -20.01028 ], [ -56.72654, -20.00975 ], [ -56.72663, -20.00951 ], [ -56.72663, -20.00928 ], [ -56.72608, -20.00822 ], [ -56.72612, -20.00788 ], [ -56.7263, -20.00766 ], [ -56.72724, -20.00711 ], [ -56.72884, -20.0063 ], [ -56.72948, -20.00615 ], [ -56.73085, -20.00616 ], [ -56.73143, -20.00625 ], [ -56.73265, -20.00613 ], [ -56.7336, -20.00574 ], [ -56.73425, -20.00532 ], [ -56.73457, -20.00497 ], [ -56.73496, -20.00481 ], [ -56.73538, -20.00472 ], [ -56.73613, -20.00476 ], [ -56.73692, -20.00468 ], [ -56.73733, -20.00454 ], [ -56.73742, -20.00427 ], [ -56.73648, -20.00347 ], [ -56.73619, -20.00296 ], [ -56.73627, -20.00214 ], [ -56.73654, -20.00155 ], [ -56.73678, -20.00129 ], [ -56.73718, -20.00105 ], [ -56.73863, -19.99962 ], [ -56.73886, -19.99917 ], [ -56.7386, -19.9982 ], [ -56.73861, -19.99777 ], [ -56.73849, -19.99743 ], [ -56.73816, -19.99689 ], [ -56.73726, -19.99607 ], [ -56.7372, -19.99575 ], [ -56.73734, -19.99555 ], [ -56.73852, -19.99461 ], [ -56.73938, -19.9931 ], [ -56.73964, -19.9929 ], [ -56.74103, -19.99295 ], [ -56.74213, -19.99311 ], [ -56.74321, -19.99291 ], [ -56.74375, -19.99242 ], [ -56.74397, -19.9917 ], [ -56.7439, -19.99075 ], [ -56.74313, -19.98993 ], [ -56.74089, -19.98833 ], [ -56.74037, -19.98786 ], [ -56.73984, -19.98692 ], [ -56.73977, -19.98648 ], [ -56.73884, -19.98454 ], [ -56.73844, -19.98419 ], [ -56.73849, -19.98347 ], [ -56.73855, -19.98329 ], [ -56.73935, -19.98296 ], [ -56.74005, -19.98227 ], [ -56.74042, -19.98142 ], [ -56.74085, -19.98073 ], [ -56.74127, -19.98014 ], [ -56.74159, -19.97995 ], [ -56.74367, -19.98012 ], [ -56.7457, -19.98111 ], [ -56.74636, -19.98133 ], [ -56.74721, -19.98127 ], [ -56.74759, -19.98102 ], [ -56.74814, -19.98037 ], [ -56.7496, -19.9777 ], [ -56.75055, -19.9758 ], [ -56.75088, -19.97484 ], [ -56.75087, -19.97466 ], [ -56.7506, -19.97361 ], [ -56.75047, -19.97339 ], [ -56.74845, -19.9711 ], [ -56.74842, -19.96991 ], [ -56.74885, -19.96864 ], [ -56.74907, -19.96735 ], [ -56.74898, -19.96647 ], [ -56.74911, -19.96455 ], [ -56.74988, -19.96171 ], [ -56.75111, -19.95959 ], [ -56.7521, -19.95864 ], [ -56.75396, -19.95647 ], [ -56.75462, -19.95613 ], [ -56.75521, -19.95601 ], [ -56.75549, -19.95606 ], [ -56.75586, -19.9563 ], [ -56.756, -19.95654 ], [ -56.75651, -19.9588 ], [ -56.75675, -19.95905 ], [ -56.75715, -19.95911 ], [ -56.7577, -19.95901 ], [ -56.75937, -19.95759 ], [ -56.7599, -19.95725 ], [ -56.76076, -19.95678 ], [ -56.76133, -19.95665 ], [ -56.7622, -19.95663 ], [ -56.76248, -19.95673 ], [ -56.76332, -19.95739 ], [ -56.76419, -19.95789 ], [ -56.7648, -19.95802 ], [ -56.76618, -19.95794 ], [ -56.76875, -19.95733 ], [ -56.77065, -19.95736 ], [ -56.77248, -19.95731 ], [ -56.77304, -19.95723 ], [ -56.7736, -19.95684 ], [ -56.77384, -19.95651 ], [ -56.77385, -19.95599 ], [ -56.77368, -19.95545 ], [ -56.77303, -19.95482 ], [ -56.77246, -19.95447 ], [ -56.77184, -19.95372 ], [ -56.77168, -19.95339 ], [ -56.77168, -19.95242 ], [ -56.7721, -19.95197 ], [ -56.77244, -19.95177 ], [ -56.77407, -19.95108 ], [ -56.77463, -19.95057 ], [ -56.77549, -19.9495 ], [ -56.77613, -19.94833 ], [ -56.77676, -19.94635 ], [ -56.7776, -19.94491 ], [ -56.77789, -19.94465 ], [ -56.77851, -19.94436 ], [ -56.77908, -19.94448 ], [ -56.77936, -19.9446 ], [ -56.78095, -19.94615 ], [ -56.78147, -19.94634 ], [ -56.78194, -19.94632 ], [ -56.78239, -19.94612 ], [ -56.78295, -19.94539 ], [ -56.78354, -19.94435 ], [ -56.78411, -19.94388 ], [ -56.78442, -19.94371 ], [ -56.78507, -19.94353 ], [ -56.78639, -19.94353 ], [ -56.78725, -19.94322 ], [ -56.78749, -19.9428 ], [ -56.78763, -19.94216 ], [ -56.78764, -19.94156 ], [ -56.78745, -19.94009 ], [ -56.78755, -19.93941 ], [ -56.78796, -19.93905 ], [ -56.78849, -19.93884 ], [ -56.79036, -19.93868 ], [ -56.79134, -19.93781 ], [ -56.7919, -19.937 ], [ -56.79226, -19.93615 ], [ -56.79293, -19.93596 ], [ -56.79412, -19.93603 ], [ -56.7945, -19.93593 ], [ -56.79484, -19.93561 ], [ -56.79501, -19.93522 ], [ -56.79504, -19.9349 ], [ -56.79497, -19.93392 ], [ -56.7946, -19.93251 ], [ -56.79437, -19.93199 ], [ -56.79422, -19.93125 ], [ -56.79407, -19.92958 ], [ -56.79413, -19.92857 ], [ -56.79475, -19.928 ], [ -56.79543, -19.92766 ], [ -56.79746, -19.92779 ], [ -56.79819, -19.92734 ], [ -56.79848, -19.92655 ], [ -56.79866, -19.92501 ], [ -56.79926, -19.92386 ], [ -56.8003, -19.92344 ], [ -56.80131, -19.92396 ], [ -56.80262, -19.92494 ], [ -56.80336, -19.92503 ], [ -56.80379, -19.92482 ], [ -56.80471, -19.9241 ], [ -56.80621, -19.92254 ], [ -56.80618, -19.92173 ], [ -56.80563, -19.92124 ], [ -56.80443, -19.92123 ], [ -56.80308, -19.92171 ], [ -56.80241, -19.92165 ], [ -56.80226, -19.92157 ], [ -56.802, -19.92132 ], [ -56.80183, -19.92085 ], [ -56.80173, -19.92033 ], [ -56.80169, -19.91921 ], [ -56.80158, -19.91876 ], [ -56.80132, -19.91831 ], [ -56.80083, -19.91792 ], [ -56.7998, -19.91735 ], [ -56.79912, -19.91716 ], [ -56.79887, -19.91718 ], [ -56.79823, -19.91767 ], [ -56.79758, -19.91892 ], [ -56.79705, -19.9202 ], [ -56.7963, -19.92108 ], [ -56.79583, -19.9214 ], [ -56.79536, -19.92143 ], [ -56.79471, -19.92124 ], [ -56.79421, -19.9206 ], [ -56.7938, -19.91956 ], [ -56.79376, -19.91849 ], [ -56.79421, -19.91687 ], [ -56.79432, -19.91592 ], [ -56.7942, -19.91581 ], [ -56.79418, -19.91556 ], [ -56.79403, -19.91538 ], [ -56.79362, -19.91531 ], [ -56.79287, -19.91567 ], [ -56.79225, -19.91617 ], [ -56.79193, -19.9166 ], [ -56.79133, -19.91671 ], [ -56.7908, -19.9167 ], [ -56.79061, -19.91654 ], [ -56.79034, -19.91646 ], [ -56.78925, -19.9148 ], [ -56.78872, -19.91437 ], [ -56.78801, -19.91435 ], [ -56.78698, -19.91451 ], [ -56.7865, -19.91451 ], [ -56.78583, -19.91424 ], [ -56.78548, -19.91365 ], [ -56.78559, -19.91297 ], [ -56.78657, -19.91169 ], [ -56.78678, -19.91117 ], [ -56.78693, -19.91046 ], [ -56.78681, -19.91001 ], [ -56.78646, -19.90982 ], [ -56.78583, -19.91003 ], [ -56.78548, -19.91086 ], [ -56.78464, -19.91216 ], [ -56.78437, -19.9122 ], [ -56.78378, -19.91195 ], [ -56.78299, -19.91029 ], [ -56.78247, -19.9077 ], [ -56.78231, -19.90732 ], [ -56.78258, -19.90631 ], [ -56.78327, -19.90498 ], [ -56.78321, -19.90463 ], [ -56.78291, -19.90418 ], [ -56.78223, -19.90385 ], [ -56.78204, -19.90384 ], [ -56.78136, -19.90326 ], [ -56.78108, -19.90252 ], [ -56.78118, -19.90162 ], [ -56.78183, -19.90091 ], [ -56.78452, -19.90024 ], [ -56.78519, -19.89973 ], [ -56.78545, -19.89942 ], [ -56.78557, -19.89866 ], [ -56.78547, -19.89839 ], [ -56.78366, -19.8965 ], [ -56.78327, -19.8958 ], [ -56.78318, -19.89535 ], [ -56.78377, -19.8944 ], [ -56.78502, -19.89335 ], [ -56.7851, -19.89271 ], [ -56.78467, -19.89189 ], [ -56.78436, -19.89105 ], [ -56.78432, -19.89034 ], [ -56.7844, -19.89016 ], [ -56.78464, -19.88998 ], [ -56.78516, -19.88986 ], [ -56.78556, -19.88989 ], [ -56.78602, -19.89004 ], [ -56.78794, -19.89145 ], [ -56.78856, -19.89173 ], [ -56.79015, -19.89178 ], [ -56.79171, -19.89201 ], [ -56.79205, -19.89192 ], [ -56.79271, -19.89189 ], [ -56.79284, -19.89175 ], [ -56.7932, -19.89088 ], [ -56.79368, -19.89059 ], [ -56.79428, -19.89045 ], [ -56.79469, -19.89047 ], [ -56.79616, -19.89055 ], [ -56.79682, -19.89074 ], [ -56.79765, -19.8913 ], [ -56.79784, -19.89158 ], [ -56.79786, -19.89184 ], [ -56.79734, -19.89258 ], [ -56.79582, -19.89358 ], [ -56.79568, -19.89386 ], [ -56.79585, -19.89415 ], [ -56.79637, -19.89434 ], [ -56.79852, -19.89318 ], [ -56.80057, -19.89287 ], [ -56.80107, -19.89234 ], [ -56.80122, -19.89192 ], [ -56.80107, -19.89052 ], [ -56.80068, -19.88964 ], [ -56.80081, -19.88889 ], [ -56.80145, -19.88815 ], [ -56.80274, -19.88632 ], [ -56.80285, -19.88604 ], [ -56.80298, -19.88463 ], [ -56.80256, -19.88339 ], [ -56.80247, -19.8828 ], [ -56.80256, -19.88235 ], [ -56.80303, -19.88169 ], [ -56.80467, -19.88035 ], [ -56.8057, -19.87974 ], [ -56.80707, -19.87842 ], [ -56.80711, -19.87783 ], [ -56.80694, -19.87706 ], [ -56.80664, -19.87638 ], [ -56.80673, -19.87616 ], [ -56.80722, -19.87589 ], [ -56.80773, -19.876 ], [ -56.80966, -19.87701 ], [ -56.81137, -19.87706 ], [ -56.81219, -19.87764 ], [ -56.81251, -19.87917 ], [ -56.81265, -19.87949 ], [ -56.81329, -19.87989 ], [ -56.81371, -19.87984 ], [ -56.81401, -19.87952 ], [ -56.81586, -19.87812 ], [ -56.81688, -19.87699 ], [ -56.81724, -19.87628 ], [ -56.81737, -19.87559 ], [ -56.81665, -19.87439 ], [ -56.81524, -19.87328 ], [ -56.81512, -19.87304 ], [ -56.81479, -19.8727 ], [ -56.81499, -19.87233 ], [ -56.81553, -19.87197 ], [ -56.81696, -19.87054 ], [ -56.81692, -19.86997 ], [ -56.81681, -19.86966 ], [ -56.81561, -19.86885 ], [ -56.81538, -19.86855 ], [ -56.81541, -19.86822 ], [ -56.81578, -19.86797 ], [ -56.81613, -19.86794 ], [ -56.8169, -19.86822 ], [ -56.81948, -19.86848 ], [ -56.82106, -19.86816 ], [ -56.82189, -19.86768 ], [ -56.8222, -19.86733 ], [ -56.82255, -19.86676 ], [ -56.82268, -19.86638 ], [ -56.82279, -19.86552 ], [ -56.82268, -19.86498 ], [ -56.82244, -19.86443 ], [ -56.82106, -19.86249 ], [ -56.82101, -19.86226 ], [ -56.82107, -19.86209 ], [ -56.82122, -19.86199 ], [ -56.82144, -19.86199 ], [ -56.82346, -19.86282 ], [ -56.8239, -19.86287 ], [ -56.82451, -19.86276 ], [ -56.82482, -19.86256 ], [ -56.82505, -19.86218 ], [ -56.82512, -19.86085 ], [ -56.82551, -19.8601 ], [ -56.82572, -19.85988 ], [ -56.82623, -19.85971 ], [ -56.82706, -19.85924 ], [ -56.82797, -19.85828 ], [ -56.82867, -19.85737 ], [ -56.82881, -19.85708 ], [ -56.82888, -19.85612 ], [ -56.82921, -19.85496 ], [ -56.8294, -19.8546 ], [ -56.83047, -19.85373 ], [ -56.83213, -19.85323 ], [ -56.83348, -19.85316 ], [ -56.83566, -19.85288 ], [ -56.83646, -19.85267 ], [ -56.83766, -19.85212 ], [ -56.83869, -19.85117 ], [ -56.84025, -19.84888 ], [ -56.84096, -19.84817 ], [ -56.8425, -19.84719 ], [ -56.84374, -19.8461 ], [ -56.84516, -19.84371 ], [ -56.84698, -19.84183 ], [ -56.84719, -19.84136 ], [ -56.8473, -19.83985 ], [ -56.84748, -19.83923 ], [ -56.84788, -19.83841 ], [ -56.84871, -19.83739 ], [ -56.84879, -19.83659 ], [ -56.84714, -19.83568 ], [ -56.84634, -19.83491 ], [ -56.84613, -19.83443 ], [ -56.84609, -19.83401 ], [ -56.84619, -19.8323 ], [ -56.84604, -19.83152 ], [ -56.84504, -19.83008 ], [ -56.84491, -19.82957 ], [ -56.84498, -19.82933 ], [ -56.84539, -19.8291 ], [ -56.84662, -19.82899 ], [ -56.84726, -19.82876 ], [ -56.84765, -19.82849 ], [ -56.84844, -19.82769 ], [ -56.84896, -19.82702 ], [ -56.84948, -19.82696 ], [ -56.85118, -19.82737 ], [ -56.85169, -19.82709 ], [ -56.85191, -19.82662 ], [ -56.852, -19.82615 ], [ -56.85188, -19.82545 ], [ -56.85146, -19.82417 ], [ -56.85111, -19.82344 ], [ -56.85024, -19.82243 ], [ -56.84957, -19.82149 ], [ -56.84931, -19.82106 ], [ -56.84923, -19.82067 ], [ -56.84936, -19.82021 ], [ -56.8501, -19.81977 ], [ -56.85051, -19.81939 ], [ -56.85102, -19.81849 ], [ -56.85124, -19.81793 ], [ -56.85171, -19.81461 ], [ -56.85174, -19.81393 ], [ -56.85161, -19.81334 ], [ -56.85133, -19.81277 ], [ -56.85088, -19.81217 ], [ -56.84935, -19.81085 ], [ -56.84891, -19.81058 ], [ -56.84819, -19.81048 ], [ -56.84787, -19.81028 ], [ -56.84781, -19.80992 ], [ -56.84789, -19.80923 ], [ -56.84769, -19.80868 ], [ -56.84748, -19.80838 ], [ -56.84677, -19.80789 ], [ -56.84618, -19.80762 ], [ -56.84566, -19.80756 ], [ -56.84516, -19.80672 ], [ -56.84513, -19.80619 ], [ -56.84523, -19.80574 ], [ -56.84588, -19.80502 ], [ -56.84632, -19.80427 ], [ -56.8462, -19.80356 ], [ -56.84608, -19.80329 ], [ -56.84531, -19.80308 ], [ -56.8451, -19.80317 ], [ -56.84467, -19.80336 ], [ -56.84281, -19.80462 ], [ -56.84254, -19.80471 ], [ -56.84236, -19.80465 ], [ -56.84197, -19.80427 ], [ -56.84204, -19.80376 ], [ -56.84249, -19.80325 ], [ -56.84299, -19.8029 ], [ -56.84346, -19.80265 ], [ -56.84401, -19.80258 ], [ -56.84548, -19.80198 ], [ -56.84586, -19.80147 ], [ -56.84589, -19.8007 ], [ -56.84578, -19.80051 ], [ -56.84552, -19.80022 ], [ -56.84492, -19.80012 ], [ -56.8442, -19.80016 ], [ -56.84356, -19.8003 ], [ -56.84204, -19.80036 ], [ -56.84184, -19.8003 ], [ -56.84151, -19.79977 ], [ -56.8415, -19.79955 ], [ -56.84158, -19.7987 ], [ -56.84164, -19.79506 ], [ -56.84132, -19.7943 ], [ -56.84101, -19.79395 ], [ -56.84051, -19.79381 ], [ -56.83921, -19.79423 ], [ -56.83861, -19.79464 ], [ -56.8381, -19.79512 ], [ -56.83764, -19.79587 ], [ -56.83742, -19.79757 ], [ -56.83708, -19.7982 ], [ -56.83699, -19.79874 ], [ -56.83681, -19.79906 ], [ -56.83665, -19.79913 ], [ -56.8363, -19.79911 ], [ -56.83589, -19.79898 ], [ -56.83564, -19.79886 ], [ -56.83527, -19.79853 ], [ -56.83403, -19.79708 ], [ -56.83285, -19.79539 ], [ -56.83234, -19.79508 ], [ -56.83211, -19.79506 ], [ -56.83181, -19.79518 ], [ -56.83108, -19.79602 ], [ -56.83098, -19.79625 ], [ -56.83086, -19.79686 ], [ -56.83106, -19.79723 ], [ -56.83132, -19.798 ], [ -56.83105, -19.7983 ], [ -56.83089, -19.7983 ], [ -56.8301, -19.79773 ], [ -56.82961, -19.79704 ], [ -56.82936, -19.79524 ], [ -56.8292, -19.79463 ], [ -56.82885, -19.79399 ], [ -56.82775, -19.79284 ], [ -56.82732, -19.79255 ], [ -56.82712, -19.79205 ], [ -56.82723, -19.79183 ], [ -56.82771, -19.79156 ], [ -56.83118, -19.79088 ], [ -56.83191, -19.79042 ], [ -56.8322, -19.79011 ], [ -56.83244, -19.78952 ], [ -56.83211, -19.78871 ], [ -56.83164, -19.78841 ], [ -56.83046, -19.78855 ], [ -56.82887, -19.78958 ], [ -56.82846, -19.78953 ], [ -56.82817, -19.78936 ], [ -56.828, -19.78898 ], [ -56.82799, -19.78847 ], [ -56.82848, -19.78767 ], [ -56.82876, -19.78619 ], [ -56.82852, -19.78546 ], [ -56.82785, -19.78488 ], [ -56.82636, -19.7846 ], [ -56.82392, -19.78511 ], [ -56.82236, -19.78501 ], [ -56.8219, -19.78484 ], [ -56.8211, -19.7843 ], [ -56.82069, -19.78355 ], [ -56.82027, -19.78302 ], [ -56.81911, -19.78259 ], [ -56.8179, -19.78275 ], [ -56.81606, -19.78379 ], [ -56.81544, -19.78452 ], [ -56.81482, -19.78556 ], [ -56.81431, -19.78679 ], [ -56.8138, -19.78744 ], [ -56.81308, -19.78793 ], [ -56.81192, -19.788 ], [ -56.81137, -19.78754 ], [ -56.81102, -19.78703 ], [ -56.8107, -19.78637 ], [ -56.81004, -19.78483 ], [ -56.80982, -19.78384 ], [ -56.80981, -19.78346 ], [ -56.80988, -19.7831 ], [ -56.81099, -19.78208 ], [ -56.81227, -19.78158 ], [ -56.81386, -19.7814 ], [ -56.81651, -19.78167 ], [ -56.81721, -19.78156 ], [ -56.81839, -19.7811 ], [ -56.81876, -19.78088 ], [ -56.81995, -19.77987 ], [ -56.82075, -19.77904 ], [ -56.82188, -19.77816 ], [ -56.82329, -19.77783 ], [ -56.825, -19.77731 ], [ -56.82611, -19.77652 ], [ -56.8263, -19.77629 ], [ -56.8278, -19.77272 ], [ -56.82788, -19.77196 ], [ -56.82818, -19.7711 ], [ -56.82816, -19.77031 ], [ -56.8283, -19.76966 ], [ -56.82828, -19.76847 ], [ -56.82808, -19.76607 ], [ -56.82801, -19.76407 ], [ -56.82803, -19.76226 ], [ -56.82824, -19.75904 ], [ -56.82854, -19.75824 ], [ -56.82894, -19.7576 ], [ -56.82955, -19.75687 ], [ -56.83018, -19.75643 ], [ -56.83104, -19.75597 ], [ -56.83292, -19.75567 ], [ -56.8341, -19.7553 ], [ -56.83483, -19.75497 ], [ -56.83666, -19.75382 ], [ -56.83769, -19.7528 ], [ -56.83937, -19.74998 ], [ -56.84007, -19.74896 ], [ -56.84083, -19.74847 ], [ -56.84171, -19.74804 ], [ -56.84204, -19.74805 ], [ -56.84268, -19.74826 ], [ -56.84296, -19.74843 ], [ -56.84319, -19.74898 ], [ -56.84328, -19.7494 ], [ -56.84226, -19.75249 ], [ -56.84234, -19.75317 ], [ -56.84254, -19.75341 ], [ -56.84327, -19.75357 ], [ -56.84416, -19.75346 ], [ -56.84474, -19.75323 ], [ -56.84586, -19.75211 ], [ -56.84604, -19.75164 ], [ -56.84591, -19.75058 ], [ -56.84504, -19.74908 ], [ -56.84391, -19.74655 ], [ -56.84401, -19.74505 ], [ -56.84559, -19.74237 ], [ -56.84633, -19.74155 ], [ -56.84732, -19.74009 ], [ -56.84771, -19.73901 ], [ -56.84825, -19.73672 ], [ -56.84847, -19.73477 ], [ -56.84943, -19.73294 ], [ -56.84996, -19.7324 ], [ -56.85057, -19.73195 ], [ -56.8513, -19.7316 ], [ -56.85181, -19.73161 ], [ -56.8523, -19.73149 ], [ -56.85354, -19.73204 ], [ -56.85508, -19.7331 ], [ -56.85549, -19.73361 ], [ -56.85611, -19.73466 ], [ -56.85628, -19.73521 ], [ -56.85694, -19.73647 ], [ -56.85738, -19.73671 ], [ -56.85776, -19.73675 ], [ -56.85799, -19.73669 ], [ -56.85846, -19.73606 ], [ -56.85831, -19.73488 ], [ -56.85814, -19.73453 ], [ -56.85578, -19.73196 ], [ -56.85501, -19.73129 ], [ -56.85288, -19.73019 ], [ -56.85037, -19.72984 ], [ -56.84972, -19.72984 ], [ -56.84893, -19.72962 ], [ -56.84838, -19.72927 ], [ -56.84768, -19.72839 ], [ -56.84748, -19.7276 ], [ -56.84742, -19.72712 ], [ -56.84824, -19.72573 ], [ -56.84889, -19.725 ], [ -56.85003, -19.72402 ], [ -56.85071, -19.72369 ], [ -56.85182, -19.72343 ], [ -56.85395, -19.72351 ], [ -56.85454, -19.72336 ], [ -56.85503, -19.72295 ], [ -56.85521, -19.72248 ], [ -56.8553, -19.7211 ], [ -56.85476, -19.71944 ], [ -56.85464, -19.71798 ], [ -56.85497, -19.71717 ], [ -56.85517, -19.71695 ], [ -56.85584, -19.71672 ], [ -56.85714, -19.71673 ], [ -56.85971, -19.71709 ], [ -56.86245, -19.71726 ], [ -56.86402, -19.71721 ], [ -56.86507, -19.71708 ], [ -56.86572, -19.71695 ], [ -56.86628, -19.71669 ], [ -56.86668, -19.71636 ], [ -56.86806, -19.71426 ], [ -56.86852, -19.71329 ], [ -56.86954, -19.71017 ], [ -56.87091, -19.70966 ], [ -56.87137, -19.70967 ], [ -56.87248, -19.71021 ], [ -56.87295, -19.7107 ], [ -56.87332, -19.71138 ], [ -56.87336, -19.71209 ], [ -56.87318, -19.7133 ], [ -56.87214, -19.71584 ], [ -56.87175, -19.7171 ], [ -56.87128, -19.71822 ], [ -56.87133, -19.71904 ], [ -56.87153, -19.7197 ], [ -56.87231, -19.72052 ], [ -56.87291, -19.7208 ], [ -56.87368, -19.72089 ], [ -56.87442, -19.7208 ], [ -56.87504, -19.72058 ], [ -56.87564, -19.7202 ], [ -56.87668, -19.71854 ], [ -56.87725, -19.71712 ], [ -56.87759, -19.71175 ], [ -56.87839, -19.70923 ], [ -56.8796, -19.70717 ], [ -56.88011, -19.70671 ], [ -56.88063, -19.70591 ], [ -56.88071, -19.70545 ], [ -56.88069, -19.70475 ], [ -56.88015, -19.70361 ], [ -56.87987, -19.70337 ], [ -56.87931, -19.70314 ], [ -56.87803, -19.70307 ], [ -56.87627, -19.70353 ], [ -56.87534, -19.70345 ], [ -56.87493, -19.70334 ], [ -56.87455, -19.70285 ], [ -56.87407, -19.7024 ], [ -56.8738, -19.70161 ], [ -56.87376, -19.70119 ], [ -56.87407, -19.69974 ], [ -56.87452, -19.69891 ], [ -56.87526, -19.69816 ], [ -56.87571, -19.69796 ], [ -56.87637, -19.69777 ], [ -56.87757, -19.69788 ], [ -56.87941, -19.69864 ], [ -56.88038, -19.69938 ], [ -56.88228, -19.70124 ], [ -56.88333, -19.70191 ], [ -56.88421, -19.70226 ], [ -56.88542, -19.70232 ], [ -56.88747, -19.70174 ], [ -56.88883, -19.70111 ], [ -56.88946, -19.70072 ], [ -56.88989, -19.69997 ], [ -56.88986, -19.69967 ], [ -56.88973, -19.69928 ], [ -56.88845, -19.69731 ], [ -56.88814, -19.69615 ], [ -56.88827, -19.69543 ], [ -56.88856, -19.6947 ], [ -56.88969, -19.69254 ], [ -56.89079, -19.69099 ], [ -56.89168, -19.68999 ], [ -56.8932, -19.68859 ], [ -56.89425, -19.6878 ], [ -56.89603, -19.68602 ], [ -56.89793, -19.68345 ], [ -56.89861, -19.6829 ], [ -56.89962, -19.68247 ], [ -56.90053, -19.68252 ], [ -56.90094, -19.68265 ], [ -56.90198, -19.68338 ], [ -56.90232, -19.68381 ], [ -56.90303, -19.68544 ], [ -56.90404, -19.68728 ], [ -56.90493, -19.6876 ], [ -56.90567, -19.68761 ], [ -56.90635, -19.68724 ], [ -56.90675, -19.6865 ], [ -56.90676, -19.68555 ], [ -56.9061, -19.68443 ], [ -56.90571, -19.68409 ], [ -56.90457, -19.68355 ], [ -56.90381, -19.68278 ], [ -56.9037, -19.68237 ], [ -56.90399, -19.68204 ], [ -56.90423, -19.68188 ], [ -56.90618, -19.68231 ], [ -56.90689, -19.68274 ], [ -56.90788, -19.68371 ], [ -56.9093, -19.68541 ], [ -56.91055, -19.68807 ], [ -56.91042, -19.69146 ], [ -56.91068, -19.69193 ], [ -56.9107, -19.69211 ], [ -56.91149, -19.69258 ], [ -56.91242, -19.69272 ], [ -56.91383, -19.69273 ], [ -56.91702, -19.69164 ], [ -56.92034, -19.69031 ], [ -56.9216, -19.68997 ], [ -56.92284, -19.69009 ], [ -56.92337, -19.69024 ], [ -56.92418, -19.69071 ], [ -56.92512, -19.69108 ], [ -56.92605, -19.69119 ], [ -56.92662, -19.69112 ], [ -56.92701, -19.69064 ], [ -56.92711, -19.69022 ], [ -56.9271, -19.68985 ], [ -56.92668, -19.68837 ], [ -56.92674, -19.68798 ], [ -56.92696, -19.68761 ], [ -56.92793, -19.68717 ], [ -56.92994, -19.68719 ], [ -56.93089, -19.68737 ], [ -56.93152, -19.68761 ], [ -56.93325, -19.68788 ], [ -56.93486, -19.68737 ], [ -56.93548, -19.68702 ], [ -56.93676, -19.68654 ], [ -56.9373, -19.68644 ], [ -56.93757, -19.68623 ], [ -56.93829, -19.68623 ], [ -56.93855, -19.6864 ], [ -56.93867, -19.68662 ], [ -56.93876, -19.6875 ], [ -56.93872, -19.68793 ], [ -56.93837, -19.68871 ], [ -56.93804, -19.6892 ], [ -56.93657, -19.69051 ], [ -56.93578, -19.69155 ], [ -56.93542, -19.69245 ], [ -56.93538, -19.69296 ], [ -56.93553, -19.69381 ], [ -56.93582, -19.69424 ], [ -56.93702, -19.69506 ], [ -56.93747, -19.69557 ], [ -56.93795, -19.69578 ], [ -56.93874, -19.69596 ], [ -56.9401, -19.69587 ], [ -56.94051, -19.69558 ], [ -56.94099, -19.69496 ], [ -56.94108, -19.69406 ], [ -56.94103, -19.69357 ], [ -56.94016, -19.69185 ], [ -56.93993, -19.69065 ], [ -56.94026, -19.68966 ], [ -56.94064, -19.68929 ], [ -56.94116, -19.68902 ], [ -56.94245, -19.68886 ], [ -56.9437, -19.68897 ], [ -56.94503, -19.6891 ], [ -56.94724, -19.68961 ], [ -56.94783, -19.68995 ], [ -56.94853, -19.69058 ], [ -56.94933, -19.69154 ], [ -56.95015, -19.6929 ], [ -56.95055, -19.69318 ], [ -56.95082, -19.6932 ], [ -56.95133, -19.69343 ], [ -56.9515, -19.6934 ], [ -56.95191, -19.69312 ], [ -56.95219, -19.69249 ], [ -56.95221, -19.69229 ], [ -56.95206, -19.69154 ], [ -56.95143, -19.6909 ], [ -56.95079, -19.68998 ], [ -56.95081, -19.68948 ], [ -56.95122, -19.68884 ], [ -56.95156, -19.68864 ], [ -56.95207, -19.68864 ], [ -56.95331, -19.68929 ], [ -56.95564, -19.69111 ], [ -56.95595, -19.69126 ], [ -56.9579, -19.69314 ], [ -56.95847, -19.6934 ], [ -56.95888, -19.69343 ], [ -56.95929, -19.69328 ], [ -56.95959, -19.69283 ], [ -56.95956, -19.69242 ], [ -56.9597, -19.69197 ], [ -56.95969, -19.68991 ], [ -56.95949, -19.68911 ], [ -56.95971, -19.68849 ], [ -56.95999, -19.68828 ], [ -56.96065, -19.68814 ], [ -56.96163, -19.68818 ], [ -56.96252, -19.68832 ], [ -56.96311, -19.68826 ], [ -56.96373, -19.68792 ], [ -56.96413, -19.68756 ], [ -56.96474, -19.68676 ], [ -56.96504, -19.68617 ], [ -56.9653, -19.68527 ], [ -56.96537, -19.68394 ], [ -56.96516, -19.68314 ], [ -56.96459, -19.68254 ], [ -56.9641, -19.68222 ], [ -56.96384, -19.68219 ], [ -56.96234, -19.68208 ], [ -56.96157, -19.68216 ], [ -56.95977, -19.6828 ], [ -56.95905, -19.68318 ], [ -56.9585, -19.68335 ], [ -56.95816, -19.68332 ], [ -56.95775, -19.68296 ], [ -56.9576, -19.68273 ], [ -56.95758, -19.68249 ], [ -56.95776, -19.68175 ], [ -56.95823, -19.68116 ], [ -56.95903, -19.68069 ], [ -56.96014, -19.68056 ], [ -56.96305, -19.68067 ], [ -56.9643, -19.6806 ], [ -56.9654, -19.68049 ], [ -56.96621, -19.68024 ], [ -56.96777, -19.68007 ], [ -56.96895, -19.68013 ], [ -56.96999, -19.68053 ], [ -56.97113, -19.6815 ], [ -56.97217, -19.68347 ], [ -56.97266, -19.68392 ], [ -56.97338, -19.68407 ], [ -56.9741, -19.68392 ], [ -56.97572, -19.68315 ], [ -56.97694, -19.68226 ], [ -56.97843, -19.68157 ], [ -56.97903, -19.68111 ], [ -56.97989, -19.68076 ], [ -56.98149, -19.68019 ], [ -56.98187, -19.68014 ], [ -56.98289, -19.6802 ], [ -56.98381, -19.6805 ], [ -56.98552, -19.68149 ], [ -56.98679, -19.68269 ], [ -56.98872, -19.68429 ], [ -56.9893, -19.68492 ], [ -56.99039, -19.68552 ], [ -56.99134, -19.68586 ], [ -56.99227, -19.68598 ], [ -56.99283, -19.68593 ], [ -56.99351, -19.68568 ], [ -56.99387, -19.68545 ], [ -56.99432, -19.68507 ], [ -56.99463, -19.68464 ], [ -56.99495, -19.68354 ], [ -56.99494, -19.68258 ], [ -56.99475, -19.68138 ], [ -56.99468, -19.67955 ], [ -56.99473, -19.67893 ], [ -56.99496, -19.67818 ], [ -56.99523, -19.67773 ], [ -56.996, -19.67681 ], [ -56.9975, -19.67542 ], [ -56.99823, -19.67484 ], [ -56.99881, -19.67413 ], [ -56.99906, -19.67359 ], [ -56.99963, -19.67077 ], [ -57.00012, -19.66759 ], [ -57.00012, -19.66675 ], [ -56.99995, -19.66631 ], [ -56.99912, -19.66507 ], [ -56.99894, -19.66465 ], [ -56.99812, -19.66375 ], [ -56.99738, -19.66321 ], [ -56.99701, -19.66315 ], [ -56.99606, -19.66334 ], [ -56.99493, -19.66402 ], [ -56.99435, -19.66454 ], [ -56.99359, -19.66457 ], [ -56.99338, -19.66427 ], [ -56.99317, -19.6633 ], [ -56.99329, -19.6617 ], [ -56.99353, -19.66087 ], [ -56.99384, -19.6603 ], [ -56.9951, -19.65897 ], [ -56.99535, -19.65853 ], [ -56.99543, -19.65818 ], [ -56.99536, -19.6578 ], [ -56.99499, -19.65752 ], [ -56.99446, -19.65743 ], [ -56.99342, -19.65746 ], [ -56.99133, -19.65799 ], [ -56.99067, -19.65829 ], [ -56.98961, -19.65903 ], [ -56.98915, -19.65958 ], [ -56.98837, -19.6603 ], [ -56.98762, -19.66075 ], [ -56.98737, -19.66082 ], [ -56.9868, -19.66081 ], [ -56.98662, -19.66073 ], [ -56.98623, -19.66029 ], [ -56.98603, -19.6598 ], [ -56.98592, -19.65923 ], [ -56.9859, -19.65742 ], [ -56.98602, -19.6565 ], [ -56.98649, -19.65513 ], [ -56.98753, -19.65391 ], [ -56.98888, -19.65311 ], [ -56.99012, -19.65217 ], [ -56.99043, -19.65169 ], [ -56.99044, -19.65135 ], [ -56.99019, -19.65077 ], [ -56.98968, -19.6503 ], [ -56.98839, -19.64944 ], [ -56.98689, -19.64874 ], [ -56.98471, -19.64798 ], [ -56.98431, -19.64774 ], [ -56.98377, -19.64723 ], [ -56.98356, -19.64678 ], [ -56.98354, -19.64654 ], [ -56.98359, -19.64433 ], [ -56.98417, -19.64137 ], [ -56.98483, -19.64014 ], [ -56.98536, -19.63937 ], [ -56.98622, -19.63875 ], [ -56.98742, -19.63826 ], [ -56.99105, -19.63639 ], [ -56.9922, -19.6356 ], [ -56.99249, -19.63539 ], [ -56.99345, -19.63425 ], [ -56.99383, -19.63349 ], [ -56.9939, -19.63317 ], [ -56.994, -19.63179 ], [ -56.99393, -19.63135 ], [ -56.99371, -19.63058 ], [ -56.99333, -19.62982 ], [ -56.99269, -19.62896 ], [ -56.9914, -19.62775 ], [ -56.99078, -19.62705 ], [ -56.98921, -19.6257 ], [ -56.98824, -19.62417 ], [ -56.98761, -19.62268 ], [ -56.98754, -19.62183 ], [ -56.9876, -19.62141 ], [ -56.98805, -19.6204 ], [ -56.98826, -19.62007 ], [ -56.98865, -19.61979 ], [ -56.98983, -19.61918 ], [ -56.99086, -19.61906 ], [ -56.99197, -19.61928 ], [ -56.99246, -19.61946 ], [ -56.99431, -19.62059 ], [ -56.99482, -19.62102 ], [ -56.99535, -19.62129 ], [ -56.99625, -19.62156 ], [ -56.99695, -19.62159 ], [ -56.99772, -19.62129 ], [ -56.99827, -19.62095 ], [ -56.99917, -19.61988 ], [ -56.99963, -19.61842 ], [ -56.99972, -19.61765 ], [ -56.99964, -19.61645 ], [ -56.99913, -19.61524 ], [ -56.99884, -19.61489 ], [ -56.99803, -19.61437 ], [ -56.99701, -19.6142 ], [ -56.99596, -19.61419 ], [ -56.99489, -19.61438 ], [ -56.99405, -19.61483 ], [ -56.99188, -19.61556 ], [ -56.99025, -19.6159 ], [ -56.98928, -19.61584 ], [ -56.98728, -19.61525 ], [ -56.98623, -19.61483 ], [ -56.98484, -19.61461 ], [ -56.98338, -19.6141 ], [ -56.98229, -19.61325 ], [ -56.98195, -19.61267 ], [ -56.98186, -19.61217 ], [ -56.98196, -19.61177 ], [ -56.9822, -19.61136 ], [ -56.98256, -19.61109 ], [ -56.98336, -19.61075 ], [ -56.98635, -19.60992 ], [ -56.98729, -19.60956 ], [ -56.98789, -19.6092 ], [ -56.98902, -19.60818 ], [ -56.9897, -19.60723 ], [ -56.98993, -19.60658 ], [ -56.98997, -19.60604 ], [ -56.98996, -19.60565 ], [ -56.98984, -19.60517 ], [ -56.98919, -19.60435 ], [ -56.98769, -19.60317 ], [ -56.98735, -19.60277 ], [ -56.98702, -19.60228 ], [ -56.98689, -19.60187 ], [ -56.98692, -19.60124 ], [ -56.98709, -19.60086 ], [ -56.98757, -19.60024 ], [ -56.98829, -19.59969 ], [ -56.99075, -19.59854 ], [ -56.99146, -19.59798 ], [ -56.99237, -19.59746 ], [ -56.99283, -19.597 ], [ -56.99321, -19.59646 ], [ -56.99341, -19.59592 ], [ -56.99374, -19.59447 ], [ -56.99379, -19.59328 ], [ -56.99368, -19.59239 ], [ -56.99379, -19.59206 ], [ -56.99411, -19.5915 ], [ -56.99439, -19.59125 ], [ -56.9947, -19.59111 ], [ -56.99542, -19.591 ], [ -56.99888, -19.59151 ], [ -56.99914, -19.59138 ], [ -56.99929, -19.5911 ], [ -56.99931, -19.59051 ], [ -56.99921, -19.59032 ], [ -56.99831, -19.58923 ], [ -56.99731, -19.58859 ], [ -56.99629, -19.58813 ], [ -56.9954, -19.58745 ], [ -56.99468, -19.58709 ], [ -56.99341, -19.58577 ], [ -56.99316, -19.58535 ], [ -56.99289, -19.58461 ], [ -56.99315, -19.58339 ], [ -56.99353, -19.58278 ], [ -56.99517, -19.5812 ], [ -56.99665, -19.58009 ], [ -56.99699, -19.57994 ], [ -56.99738, -19.57955 ], [ -56.99869, -19.57897 ], [ -56.99994, -19.57824 ], [ -57.00077, -19.57788 ], [ -57.00142, -19.57779 ], [ -57.0033, -19.57765 ], [ -57.00445, -19.57773 ], [ -57.00545, -19.57799 ], [ -57.00657, -19.5785 ], [ -57.0071, -19.57885 ], [ -57.00903, -19.58051 ], [ -57.00993, -19.5809 ], [ -57.01158, -19.58123 ], [ -57.01227, -19.58162 ], [ -57.0125, -19.58183 ], [ -57.01283, -19.58225 ], [ -57.01304, -19.58284 ], [ -57.01303, -19.58311 ], [ -57.01297, -19.58408 ], [ -57.01242, -19.58553 ], [ -57.01228, -19.58618 ], [ -57.01235, -19.58664 ], [ -57.0127, -19.58705 ], [ -57.01302, -19.5872 ], [ -57.01399, -19.5873 ], [ -57.01523, -19.58707 ], [ -57.01586, -19.58673 ], [ -57.01685, -19.58594 ], [ -57.01717, -19.58554 ], [ -57.018, -19.58418 ], [ -57.01824, -19.58352 ], [ -57.01839, -19.58247 ], [ -57.01824, -19.58164 ], [ -57.01796, -19.5809 ], [ -57.01675, -19.57926 ], [ -57.0165, -19.57878 ], [ -57.01664, -19.57844 ], [ -57.01687, -19.57828 ], [ -57.01732, -19.57831 ], [ -57.01786, -19.57852 ], [ -57.0181, -19.57871 ], [ -57.01851, -19.57916 ], [ -57.0199, -19.58129 ], [ -57.02079, -19.58232 ], [ -57.02148, -19.58291 ], [ -57.02195, -19.58315 ], [ -57.02276, -19.58341 ], [ -57.0242, -19.58364 ], [ -57.02527, -19.58366 ], [ -57.02599, -19.58359 ], [ -57.02705, -19.5832 ], [ -57.0278, -19.58274 ], [ -57.02836, -19.58227 ], [ -57.02921, -19.58142 ], [ -57.02975, -19.58069 ], [ -57.03068, -19.57989 ], [ -57.03194, -19.57921 ], [ -57.03324, -19.57886 ], [ -57.0366, -19.5784 ], [ -57.0375, -19.57836 ], [ -57.03881, -19.5785 ], [ -57.03945, -19.57848 ], [ -57.04162, -19.57864 ], [ -57.04356, -19.57893 ], [ -57.04523, -19.57899 ], [ -57.04571, -19.57897 ], [ -57.0464, -19.57874 ], [ -57.04692, -19.57835 ], [ -57.04731, -19.5777 ], [ -57.04738, -19.57664 ], [ -57.0473, -19.57615 ], [ -57.04713, -19.57562 ], [ -57.04689, -19.57528 ], [ -57.04628, -19.57447 ], [ -57.04577, -19.57397 ], [ -57.04555, -19.57357 ], [ -57.04549, -19.57303 ], [ -57.04566, -19.57249 ], [ -57.04831, -19.56834 ], [ -57.04913, -19.56723 ], [ -57.04976, -19.56662 ], [ -57.04991, -19.56635 ], [ -57.05019, -19.56558 ], [ -57.05027, -19.56485 ], [ -57.05017, -19.56407 ], [ -57.04982, -19.56313 ], [ -57.04938, -19.56252 ], [ -57.04773, -19.56134 ], [ -57.04508, -19.55994 ], [ -57.04372, -19.55901 ], [ -57.04289, -19.55827 ], [ -57.04233, -19.55757 ], [ -57.04203, -19.55681 ], [ -57.04201, -19.55607 ], [ -57.04219, -19.55563 ], [ -57.0429, -19.55475 ], [ -57.04456, -19.55334 ], [ -57.0471, -19.55169 ], [ -57.04816, -19.55111 ], [ -57.04931, -19.55022 ], [ -57.05026, -19.5492 ], [ -57.05097, -19.54809 ], [ -57.05159, -19.54645 ], [ -57.05212, -19.54581 ], [ -57.05239, -19.54536 ], [ -57.05333, -19.54464 ], [ -57.05455, -19.5435 ], [ -57.05561, -19.54216 ], [ -57.05581, -19.54164 ], [ -57.0559, -19.54082 ], [ -57.05577, -19.53919 ], [ -57.05556, -19.53852 ], [ -57.05557, -19.53681 ], [ -57.05607, -19.53409 ], [ -57.05612, -19.53328 ], [ -57.05641, -19.53235 ], [ -57.05692, -19.53174 ], [ -57.05776, -19.53128 ], [ -57.05825, -19.53117 ], [ -57.05917, -19.53105 ], [ -57.06071, -19.53115 ], [ -57.0626, -19.53161 ], [ -57.06338, -19.53194 ], [ -57.0652, -19.5328 ], [ -57.06596, -19.53329 ], [ -57.0674, -19.53393 ], [ -57.06812, -19.53446 ], [ -57.0685, -19.53459 ], [ -57.06909, -19.53472 ], [ -57.06949, -19.53472 ], [ -57.07026, -19.53446 ], [ -57.07111, -19.53388 ], [ -57.07195, -19.5329 ], [ -57.07328, -19.52973 ], [ -57.07387, -19.52728 ], [ -57.0742, -19.52626 ], [ -57.07443, -19.52511 ], [ -57.07446, -19.52436 ], [ -57.07402, -19.52243 ], [ -57.07406, -19.52199 ], [ -57.07445, -19.52167 ], [ -57.07543, -19.52172 ], [ -57.07645, -19.52215 ], [ -57.07746, -19.523 ], [ -57.07804, -19.52369 ], [ -57.07937, -19.52503 ], [ -57.08002, -19.52549 ], [ -57.08027, -19.52556 ], [ -57.08101, -19.5255 ], [ -57.08341, -19.52485 ], [ -57.08459, -19.52476 ], [ -57.08663, -19.52474 ], [ -57.08729, -19.52463 ], [ -57.08792, -19.52435 ], [ -57.08853, -19.5239 ], [ -57.08906, -19.52311 ], [ -57.0893, -19.52226 ], [ -57.08923, -19.52159 ], [ -57.08936, -19.52031 ], [ -57.08928, -19.51964 ], [ -57.08941, -19.51895 ], [ -57.08982, -19.51814 ], [ -57.09016, -19.51791 ], [ -57.09082, -19.51778 ], [ -57.09123, -19.51786 ], [ -57.09154, -19.51802 ], [ -57.09226, -19.51861 ], [ -57.09257, -19.51906 ], [ -57.0931, -19.51941 ], [ -57.09334, -19.51966 ], [ -57.09451, -19.52052 ], [ -57.09557, -19.5211 ], [ -57.09661, -19.5214 ], [ -57.09883, -19.52152 ], [ -57.09947, -19.52166 ], [ -57.09986, -19.52187 ], [ -57.10022, -19.52231 ], [ -57.10036, -19.52268 ], [ -57.10041, -19.52352 ], [ -57.10033, -19.52477 ], [ -57.10042, -19.52537 ], [ -57.10104, -19.52625 ], [ -57.10146, -19.52656 ], [ -57.10213, -19.52678 ], [ -57.10332, -19.5269 ], [ -57.10488, -19.52679 ], [ -57.10679, -19.52631 ], [ -57.10826, -19.52567 ], [ -57.11022, -19.52436 ], [ -57.11102, -19.52358 ], [ -57.11183, -19.52256 ], [ -57.1124, -19.52151 ], [ -57.11273, -19.5206 ], [ -57.11285, -19.51984 ], [ -57.11285, -19.5174 ], [ -57.11275, -19.51709 ], [ -57.11267, -19.5153 ], [ -57.11246, -19.51402 ], [ -57.11257, -19.51265 ], [ -57.11254, -19.51175 ], [ -57.11271, -19.51098 ], [ -57.11287, -19.5106 ], [ -57.11358, -19.50984 ], [ -57.11415, -19.50936 ], [ -57.11521, -19.50873 ], [ -57.11617, -19.50854 ], [ -57.11655, -19.50858 ], [ -57.11706, -19.50892 ], [ -57.11721, -19.50933 ], [ -57.11705, -19.5105 ], [ -57.11662, -19.51156 ], [ -57.11594, -19.51403 ], [ -57.11585, -19.51511 ], [ -57.11597, -19.51641 ], [ -57.11624, -19.51731 ], [ -57.11689, -19.51872 ], [ -57.11763, -19.51971 ], [ -57.11815, -19.52021 ], [ -57.11863, -19.52051 ], [ -57.11895, -19.52068 ], [ -57.11982, -19.52091 ], [ -57.12041, -19.52098 ], [ -57.12211, -19.52097 ], [ -57.12279, -19.52059 ], [ -57.12343, -19.51981 ], [ -57.12384, -19.51811 ], [ -57.12403, -19.51684 ], [ -57.12433, -19.51573 ], [ -57.12518, -19.51403 ], [ -57.12539, -19.51285 ], [ -57.12567, -19.51203 ], [ -57.12576, -19.51132 ], [ -57.12633, -19.5102 ], [ -57.12679, -19.50958 ], [ -57.12721, -19.50922 ], [ -57.12773, -19.50891 ], [ -57.12852, -19.50874 ], [ -57.12975, -19.5087 ], [ -57.13075, -19.50882 ], [ -57.13176, -19.50906 ], [ -57.13357, -19.50934 ], [ -57.13533, -19.50932 ], [ -57.13861, -19.50847 ], [ -57.139, -19.5085 ], [ -57.13948, -19.50877 ], [ -57.13972, -19.50918 ], [ -57.13986, -19.5098 ], [ -57.13973, -19.51109 ], [ -57.13977, -19.5122 ], [ -57.14003, -19.51296 ], [ -57.14049, -19.51376 ] ], [ [ -57.14049, -19.51376 ], [ -57.1407, -19.51568 ], [ -57.14126, -19.51907 ], [ -57.1415, -19.51985 ], [ -57.14184, -19.52048 ], [ -57.14241, -19.52106 ], [ -57.1432, -19.52157 ], [ -57.14414, -19.52188 ], [ -57.14518, -19.52197 ], [ -57.14627, -19.52178 ], [ -57.14702, -19.52139 ], [ -57.14772, -19.52087 ], [ -57.14828, -19.51998 ], [ -57.14844, -19.51888 ], [ -57.14837, -19.51792 ], [ -57.1481, -19.51729 ], [ -57.14754, -19.51667 ], [ -57.14682, -19.51624 ], [ -57.14462, -19.51534 ], [ -57.14232, -19.5141 ], [ -57.1421, -19.5134 ] ], [ [ -57.14049, -19.51376 ], [ -57.14109, -19.51391 ], [ -57.14149, -19.51388 ], [ -57.1421, -19.5134 ] ], [ [ -57.1421, -19.5134 ], [ -57.1426, -19.51267 ], [ -57.14305, -19.51158 ], [ -57.14324, -19.51047 ], [ -57.14301, -19.50977 ], [ -57.14291, -19.50881 ], [ -57.14281, -19.50854 ], [ -57.14297, -19.50793 ], [ -57.14332, -19.50752 ], [ -57.14379, -19.5071 ], [ -57.14442, -19.50676 ], [ -57.14612, -19.50621 ], [ -57.1487, -19.50593 ], [ -57.15011, -19.50587 ], [ -57.15091, -19.50552 ], [ -57.15145, -19.50514 ], [ -57.15216, -19.50426 ], [ -57.15244, -19.50355 ], [ -57.15269, -19.50247 ], [ -57.15237, -19.49877 ], [ -57.15239, -19.49829 ], [ -57.15266, -19.49774 ], [ -57.15316, -19.49736 ], [ -57.15364, -19.49718 ], [ -57.1542, -19.4971 ], [ -57.15535, -19.49724 ], [ -57.15609, -19.4974 ], [ -57.15877, -19.49838 ], [ -57.15996, -19.49895 ], [ -57.16141, -19.49987 ], [ -57.16178, -19.50028 ], [ -57.16221, -19.50108 ], [ -57.16235, -19.50119 ], [ -57.16313, -19.50169 ], [ -57.16368, -19.50183 ], [ -57.16387, -19.50172 ], [ -57.16394, -19.50157 ], [ -57.16384, -19.50107 ], [ -57.16316, -19.49972 ], [ -57.16257, -19.49788 ], [ -57.1624, -19.4968 ], [ -57.16242, -19.49594 ], [ -57.16227, -19.49519 ], [ -57.16215, -19.49498 ], [ -57.16181, -19.49447 ], [ -57.16111, -19.49385 ], [ -57.15868, -19.49229 ], [ -57.15825, -19.49185 ], [ -57.15781, -19.49109 ], [ -57.15767, -19.49061 ], [ -57.1576, -19.48984 ], [ -57.15771, -19.48889 ], [ -57.15783, -19.48856 ], [ -57.15849, -19.48741 ], [ -57.15901, -19.48673 ], [ -57.15973, -19.48604 ], [ -57.16116, -19.48506 ], [ -57.16229, -19.48448 ], [ -57.16349, -19.48406 ], [ -57.16518, -19.48384 ], [ -57.16687, -19.48381 ], [ -57.16846, -19.48412 ], [ -57.16913, -19.48434 ], [ -57.16989, -19.48494 ], [ -57.17096, -19.4863 ], [ -57.17145, -19.48729 ], [ -57.17176, -19.48866 ], [ -57.17174, -19.48994 ], [ -57.17186, -19.49073 ], [ -57.17218, -19.49124 ], [ -57.17254, -19.49135 ], [ -57.17277, -19.49131 ], [ -57.17348, -19.49097 ], [ -57.17465, -19.49011 ], [ -57.17642, -19.48846 ], [ -57.17733, -19.48801 ], [ -57.17815, -19.48796 ], [ -57.17865, -19.48808 ], [ -57.17906, -19.48828 ], [ -57.17945, -19.48862 ], [ -57.17969, -19.48905 ], [ -57.17989, -19.48973 ], [ -57.17996, -19.49044 ], [ -57.17989, -19.49077 ], [ -57.1795, -19.49171 ], [ -57.17869, -19.49281 ], [ -57.1783, -19.49307 ], [ -57.17685, -19.49359 ], [ -57.17503, -19.49393 ], [ -57.1743, -19.49399 ], [ -57.17377, -19.49424 ], [ -57.1731, -19.49504 ], [ -57.17266, -19.49669 ], [ -57.17262, -19.49737 ], [ -57.17271, -19.49788 ], [ -57.17286, -19.49822 ], [ -57.17304, -19.49858 ], [ -57.17342, -19.49904 ], [ -57.17419, -19.49937 ], [ -57.1749, -19.49936 ], [ -57.17544, -19.49918 ], [ -57.17661, -19.49847 ], [ -57.17721, -19.49768 ], [ -57.17793, -19.49595 ], [ -57.17814, -19.49524 ], [ -57.17891, -19.49395 ], [ -57.17968, -19.49335 ], [ -57.18025, -19.49317 ], [ -57.18175, -19.49317 ], [ -57.18342, -19.49366 ], [ -57.18435, -19.49409 ], [ -57.18486, -19.49446 ], [ -57.18526, -19.49499 ], [ -57.18537, -19.4953 ], [ -57.18539, -19.49598 ], [ -57.18522, -19.49705 ], [ -57.18456, -19.49826 ], [ -57.18412, -19.49968 ], [ -57.18423, -19.50012 ], [ -57.18449, -19.50055 ], [ -57.18507, -19.50094 ], [ -57.18624, -19.50147 ], [ -57.18849, -19.50219 ], [ -57.19004, -19.50245 ], [ -57.1906, -19.50247 ], [ -57.19201, -19.50235 ], [ -57.19297, -19.50214 ], [ -57.19382, -19.50159 ], [ -57.19442, -19.50088 ], [ -57.19529, -19.49949 ], [ -57.19527, -19.49885 ], [ -57.19495, -19.49802 ], [ -57.19441, -19.49716 ], [ -57.19272, -19.49376 ], [ -57.19241, -19.4927 ], [ -57.19224, -19.49177 ], [ -57.19226, -19.49067 ], [ -57.19247, -19.48981 ], [ -57.19298, -19.48899 ], [ -57.19356, -19.48843 ], [ -57.19417, -19.48811 ], [ -57.19481, -19.48802 ], [ -57.19576, -19.48802 ], [ -57.19816, -19.4885 ], [ -57.1996, -19.4891 ], [ -57.2001, -19.48939 ], [ -57.20103, -19.49005 ], [ -57.20206, -19.49114 ], [ -57.20233, -19.49179 ], [ -57.20241, -19.4923 ], [ -57.20239, -19.49277 ], [ -57.20173, -19.49574 ], [ -57.20133, -19.49693 ], [ -57.20132, -19.49764 ], [ -57.2018, -19.49802 ], [ -57.20263, -19.49781 ], [ -57.20303, -19.49754 ], [ -57.2034, -19.49709 ], [ -57.20353, -19.49661 ], [ -57.20374, -19.4937 ], [ -57.2037, -19.49052 ], [ -57.2039, -19.48982 ], [ -57.20426, -19.48906 ], [ -57.20486, -19.48833 ], [ -57.20568, -19.48769 ], [ -57.2069, -19.48723 ], [ -57.20788, -19.48703 ], [ -57.20981, -19.48701 ], [ -57.21111, -19.48713 ], [ -57.21228, -19.48745 ], [ -57.21348, -19.48809 ], [ -57.21409, -19.48864 ], [ -57.21438, -19.4891 ], [ -57.2145, -19.48947 ], [ -57.21453, -19.49038 ], [ -57.21442, -19.49085 ], [ -57.21306, -19.49331 ], [ -57.21272, -19.49457 ], [ -57.2127, -19.49599 ], [ -57.21281, -19.49637 ], [ -57.21336, -19.49758 ], [ -57.2147, -19.49932 ], [ -57.21709, -19.50184 ], [ -57.21778, -19.50226 ], [ -57.2184, -19.50251 ], [ -57.21887, -19.5027 ], [ -57.21958, -19.50283 ], [ -57.22059, -19.50277 ], [ -57.22197, -19.50179 ], [ -57.22227, -19.50147 ], [ -57.2232, -19.4997 ], [ -57.22313, -19.49911 ], [ -57.22282, -19.49811 ], [ -57.22242, -19.49588 ], [ -57.22204, -19.49532 ], [ -57.22157, -19.49363 ], [ -57.22114, -19.49262 ], [ -57.22093, -19.49098 ], [ -57.22108, -19.49056 ], [ -57.22143, -19.48992 ], [ -57.22206, -19.48904 ], [ -57.22235, -19.48839 ], [ -57.22276, -19.48775 ], [ -57.22303, -19.48751 ], [ -57.22353, -19.48725 ], [ -57.2247, -19.48681 ], [ -57.22702, -19.48642 ], [ -57.22806, -19.48641 ], [ -57.22882, -19.48657 ], [ -57.22988, -19.48694 ], [ -57.23145, -19.48815 ], [ -57.23199, -19.48882 ], [ -57.23227, -19.48995 ], [ -57.23229, -19.49065 ], [ -57.23223, -19.49111 ], [ -57.23203, -19.49168 ], [ -57.23124, -19.49237 ], [ -57.2297, -19.49309 ], [ -57.22902, -19.49352 ], [ -57.22856, -19.49406 ], [ -57.22845, -19.49442 ], [ -57.22862, -19.49525 ], [ -57.2292, -19.49627 ], [ -57.2296, -19.4968 ], [ -57.23007, -19.4972 ], [ -57.23084, -19.49766 ], [ -57.23176, -19.49804 ], [ -57.23269, -19.49829 ], [ -57.23342, -19.49834 ], [ -57.23375, -19.49828 ], [ -57.23452, -19.49795 ], [ -57.23674, -19.49643 ], [ -57.23917, -19.49518 ], [ -57.24024, -19.49479 ], [ -57.24138, -19.49473 ], [ -57.24259, -19.49489 ], [ -57.24374, -19.49528 ], [ -57.24646, -19.49734 ], [ -57.24809, -19.49876 ], [ -57.24869, -19.49911 ], [ -57.24924, -19.49933 ], [ -57.24979, -19.49948 ], [ -57.25031, -19.49946 ], [ -57.25109, -19.49908 ], [ -57.25284, -19.49739 ], [ -57.25389, -19.49672 ], [ -57.2552, -19.49613 ], [ -57.25847, -19.49435 ], [ -57.25949, -19.49419 ], [ -57.2598, -19.49427 ], [ -57.26, -19.49443 ], [ -57.26008, -19.49452 ], [ -57.26019, -19.49553 ], [ -57.26044, -19.49643 ], [ -57.26109, -19.49682 ], [ -57.26136, -19.49676 ], [ -57.26157, -19.49671 ], [ -57.26203, -19.49629 ], [ -57.26274, -19.49455 ], [ -57.263, -19.4941 ], [ -57.26353, -19.49363 ], [ -57.26611, -19.49265 ], [ -57.26848, -19.49224 ], [ -57.26907, -19.49227 ], [ -57.27029, -19.49254 ], [ -57.27131, -19.49293 ], [ -57.27235, -19.49349 ], [ -57.2737, -19.49452 ], [ -57.27512, -19.49641 ], [ -57.27555, -19.49677 ], [ -57.27618, -19.49708 ], [ -57.27687, -19.49705 ], [ -57.2774, -19.4968 ], [ -57.27857, -19.4957 ], [ -57.27953, -19.49493 ], [ -57.28222, -19.49192 ], [ -57.28422, -19.49004 ], [ -57.28537, -19.48911 ], [ -57.28619, -19.48872 ], [ -57.28679, -19.48853 ], [ -57.2888, -19.48832 ], [ -57.28985, -19.48848 ], [ -57.29063, -19.48892 ], [ -57.2911, -19.48933 ], [ -57.29216, -19.49068 ], [ -57.29291, -19.49146 ], [ -57.29434, -19.49344 ], [ -57.29466, -19.494 ], [ -57.29513, -19.49513 ], [ -57.29539, -19.49643 ], [ -57.29573, -19.49716 ], [ -57.29605, -19.4975 ], [ -57.2965, -19.49752 ], [ -57.29698, -19.49709 ], [ -57.29741, -19.49653 ], [ -57.29771, -19.49593 ], [ -57.29812, -19.49436 ], [ -57.29835, -19.49191 ], [ -57.29803, -19.48998 ], [ -57.29803, -19.48882 ], [ -57.29827, -19.48747 ], [ -57.29852, -19.48658 ], [ -57.29891, -19.48583 ], [ -57.29934, -19.48421 ], [ -57.29943, -19.48334 ], [ -57.29927, -19.48235 ], [ -57.29896, -19.48169 ], [ -57.29867, -19.48132 ], [ -57.29798, -19.48068 ], [ -57.297, -19.48018 ], [ -57.29587, -19.47987 ], [ -57.29529, -19.47986 ], [ -57.29426, -19.48003 ], [ -57.29268, -19.48046 ], [ -57.29237, -19.48043 ], [ -57.29179, -19.48012 ], [ -57.29165, -19.47983 ], [ -57.29185, -19.47949 ], [ -57.29333, -19.4786 ], [ -57.29394, -19.47793 ], [ -57.29434, -19.4771 ], [ -57.29452, -19.47582 ], [ -57.29442, -19.4749 ], [ -57.29406, -19.47394 ], [ -57.29287, -19.47217 ], [ -57.29237, -19.47171 ], [ -57.2918, -19.47143 ], [ -57.291, -19.47133 ], [ -57.2906, -19.4714 ], [ -57.29004, -19.4716 ], [ -57.2893, -19.47219 ], [ -57.28852, -19.47352 ], [ -57.28812, -19.47474 ], [ -57.28781, -19.4762 ], [ -57.28743, -19.47713 ], [ -57.28674, -19.47789 ], [ -57.28623, -19.47825 ], [ -57.28518, -19.47844 ], [ -57.28434, -19.47833 ], [ -57.28377, -19.47804 ], [ -57.28348, -19.47773 ], [ -57.28337, -19.47736 ], [ -57.28342, -19.47679 ], [ -57.28366, -19.47602 ], [ -57.28445, -19.47438 ], [ -57.28584, -19.47241 ], [ -57.28655, -19.47163 ], [ -57.28777, -19.46993 ], [ -57.28834, -19.46888 ], [ -57.28902, -19.46713 ], [ -57.28986, -19.46587 ], [ -57.29063, -19.46508 ], [ -57.29201, -19.46405 ], [ -57.29497, -19.4626 ], [ -57.29621, -19.46217 ], [ -57.298, -19.46181 ], [ -57.29949, -19.46185 ], [ -57.30015, -19.46202 ], [ -57.30135, -19.46247 ], [ -57.30297, -19.46333 ], [ -57.30491, -19.46458 ], [ -57.30665, -19.46551 ], [ -57.30773, -19.4656 ], [ -57.30825, -19.46537 ], [ -57.30842, -19.46522 ], [ -57.3086, -19.46463 ], [ -57.30825, -19.46366 ], [ -57.30793, -19.46331 ], [ -57.30682, -19.46285 ], [ -57.30569, -19.46263 ], [ -57.30492, -19.46231 ], [ -57.3041, -19.46179 ], [ -57.30167, -19.45948 ], [ -57.30109, -19.4592 ], [ -57.29973, -19.45824 ], [ -57.29896, -19.45781 ], [ -57.29807, -19.45696 ], [ -57.29741, -19.45595 ], [ -57.29675, -19.45512 ], [ -57.29658, -19.4546 ], [ -57.29653, -19.45384 ], [ -57.29684, -19.45272 ], [ -57.29744, -19.45211 ], [ -57.29762, -19.45179 ], [ -57.29867, -19.45053 ], [ -57.30048, -19.44948 ], [ -57.30112, -19.44934 ], [ -57.30211, -19.44931 ], [ -57.30268, -19.44921 ], [ -57.30588, -19.44926 ], [ -57.30736, -19.44947 ], [ -57.30865, -19.44928 ], [ -57.30996, -19.44885 ], [ -57.3108, -19.44821 ], [ -57.31145, -19.44739 ], [ -57.31238, -19.44482 ], [ -57.31242, -19.44353 ], [ -57.31221, -19.44169 ], [ -57.312, -19.44088 ], [ -57.31161, -19.44004 ], [ -57.31077, -19.43883 ], [ -57.30777, -19.43591 ], [ -57.3072, -19.43522 ], [ -57.30662, -19.43431 ], [ -57.30645, -19.43365 ], [ -57.30651, -19.43334 ], [ -57.30691, -19.43295 ], [ -57.30774, -19.43275 ], [ -57.30976, -19.43288 ], [ -57.31158, -19.43334 ], [ -57.31184, -19.43351 ], [ -57.31231, -19.43414 ], [ -57.31255, -19.43473 ], [ -57.31285, -19.43634 ], [ -57.31327, -19.43723 ], [ -57.31359, -19.4376 ], [ -57.31411, -19.4379 ], [ -57.31486, -19.43788 ], [ -57.31552, -19.43763 ], [ -57.31606, -19.4373 ], [ -57.3166, -19.43675 ], [ -57.31733, -19.43555 ], [ -57.31765, -19.43491 ], [ -57.31804, -19.43383 ], [ -57.31817, -19.43291 ], [ -57.31815, -19.43215 ], [ -57.31804, -19.43136 ], [ -57.31658, -19.42777 ], [ -57.3163, -19.42674 ], [ -57.31623, -19.42633 ], [ -57.31629, -19.4255 ], [ -57.31669, -19.42376 ], [ -57.31663, -19.42281 ], [ -57.31633, -19.42202 ], [ -57.31602, -19.42153 ], [ -57.3142, -19.42006 ], [ -57.31416, -19.41961 ], [ -57.31428, -19.41908 ], [ -57.31467, -19.41883 ], [ -57.31568, -19.41879 ], [ -57.31649, -19.41885 ], [ -57.31851, -19.41915 ], [ -57.32013, -19.4196 ], [ -57.32082, -19.41991 ], [ -57.32172, -19.42051 ], [ -57.32291, -19.42162 ], [ -57.32351, -19.4225 ], [ -57.32396, -19.424 ], [ -57.32428, -19.42561 ], [ -57.3243, -19.42678 ], [ -57.32409, -19.4281 ], [ -57.32279, -19.43164 ], [ -57.32256, -19.43282 ], [ -57.32265, -19.43364 ], [ -57.32287, -19.43405 ], [ -57.32326, -19.43424 ], [ -57.32377, -19.43431 ], [ -57.3243, -19.43419 ], [ -57.32469, -19.434 ], [ -57.32541, -19.43318 ], [ -57.32637, -19.43047 ], [ -57.32832, -19.42697 ], [ -57.3289, -19.42623 ], [ -57.32904, -19.42583 ], [ -57.32965, -19.42535 ], [ -57.3303, -19.42414 ], [ -57.33093, -19.42268 ], [ -57.33194, -19.41933 ], [ -57.33198, -19.41878 ], [ -57.33197, -19.41747 ], [ -57.33155, -19.41519 ], [ -57.33157, -19.4131 ], [ -57.33167, -19.41259 ], [ -57.332, -19.41184 ], [ -57.33243, -19.41141 ], [ -57.33382, -19.41065 ] ] ] } },
{ "type": "Feature", "properties": { "titulo": "Rio Negro", "subtitulo": "Rio principal", "comprimento_km": 507.3 }, "geometry": { "type": "MultiLineString", "coordinates": [ [ [ -55.00924, -19.74785 ], [ -55.00975, -19.74747 ], [ -55.0107, -19.74706 ], [ -55.01113, -19.74677 ], [ -55.01263, -19.74476 ], [ -55.01282, -19.74441 ], [ -55.01285, -19.74419 ], [ -55.01275, -19.74387 ], [ -55.012, -19.74273 ], [ -55.01183, -19.74203 ], [ -55.01187, -19.7396 ], [ -55.0121, -19.73857 ], [ -55.01239, -19.73788 ], [ -55.0126, -19.7376 ], [ -55.0129, -19.73742 ], [ -55.01318, -19.73745 ], [ -55.01398, -19.73772 ], [ -55.01436, -19.73764 ], [ -55.01553, -19.73682 ], [ -55.01595, -19.73636 ], [ -55.01613, -19.73602 ], [ -55.01614, -19.73565 ], [ -55.01579, -19.73468 ], [ -55.01576, -19.7334 ], [ -55.01551, -19.73207 ], [ -55.01557, -19.73143 ], [ -55.01586, -19.73062 ], [ -55.01622, -19.72998 ], [ -55.01766, -19.72828 ], [ -55.01805, -19.72747 ], [ -55.01815, -19.72699 ], [ -55.01804, -19.72596 ], [ -55.01749, -19.72469 ], [ -55.01683, -19.72263 ], [ -55.01681, -19.72239 ], [ -55.01705, -19.72156 ], [ -55.01707, -19.72121 ], [ -55.01664, -19.71998 ], [ -55.01686, -19.71954 ], [ -55.01722, -19.71917 ], [ -55.01816, -19.71877 ], [ -55.01906, -19.71828 ], [ -55.01978, -19.71763 ], [ -55.02061, -19.71713 ], [ -55.02083, -19.71673 ], [ -55.0211, -19.71575 ], [ -55.02128, -19.71551 ], [ -55.02166, -19.71524 ], [ -55.02183, -19.71497 ], [ -55.02179, -19.71466 ], [ -55.0213, -19.71412 ], [ -55.02122, -19.71381 ], [ -55.02138, -19.71336 ], [ -55.022, -19.71241 ], [ -55.02207, -19.7122 ], [ -55.0219, -19.71189 ], [ -55.0212, -19.7113 ], [ -55.02107, -19.711 ], [ -55.02119, -19.70932 ], [ -55.02085, -19.70804 ], [ -55.02094, -19.70743 ], [ -55.02115, -19.70715 ], [ -55.02163, -19.70678 ], [ -55.02276, -19.70624 ], [ -55.02332, -19.70618 ], [ -55.02468, -19.70628 ], [ -55.02543, -19.70603 ], [ -55.02574, -19.7057 ], [ -55.02607, -19.70475 ], [ -55.02652, -19.70379 ], [ -55.02655, -19.70339 ], [ -55.02644, -19.70308 ], [ -55.02616, -19.7027 ], [ -55.02564, -19.70229 ], [ -55.02554, -19.70199 ], [ -55.02558, -19.70183 ], [ -55.02571, -19.70172 ], [ -55.02636, -19.70158 ], [ -55.0266, -19.70142 ], [ -55.02676, -19.70101 ], [ -55.02667, -19.70067 ], [ -55.02634, -19.70032 ], [ -55.02599, -19.70014 ], [ -55.02551, -19.70009 ], [ -55.02471, -19.70027 ], [ -55.02458, -19.70019 ], [ -55.02454, -19.70002 ], [ -55.02477, -19.69961 ], [ -55.0253, -19.69922 ], [ -55.02585, -19.69894 ], [ -55.0266, -19.69878 ], [ -55.02699, -19.6986 ], [ -55.02731, -19.69825 ], [ -55.02743, -19.69788 ], [ -55.02715, -19.69663 ], [ -55.02713, -19.69503 ], [ -55.02682, -19.69316 ], [ -55.02658, -19.69224 ], [ -55.02569, -19.68966 ], [ -55.0256, -19.68919 ], [ -55.02564, -19.68884 ], [ -55.02591, -19.68847 ], [ -55.02647, -19.68806 ], [ -55.02764, -19.68762 ], [ -55.0284, -19.68719 ], [ -55.02886, -19.6867 ], [ -55.02902, -19.68627 ], [ -55.02898, -19.68582 ], [ -55.0288, -19.68518 ], [ -55.02708, -19.68185 ], [ -55.02682, -19.68106 ], [ -55.02681, -19.68064 ], [ -55.02691, -19.68008 ], [ -55.0275, -19.67873 ], [ -55.02737, -19.67729 ], [ -55.02753, -19.67655 ], [ -55.02787, -19.6761 ], [ -55.02844, -19.6757 ], [ -55.02934, -19.67544 ], [ -55.03001, -19.67542 ], [ -55.03117, -19.67571 ], [ -55.03315, -19.67676 ], [ -55.03384, -19.67704 ], [ -55.03454, -19.67718 ], [ -55.03558, -19.67715 ], [ -55.03607, -19.67724 ], [ -55.03644, -19.67749 ], [ -55.03654, -19.67788 ], [ -55.03636, -19.67841 ], [ -55.03577, -19.67941 ], [ -55.03573, -19.67977 ], [ -55.03595, -19.68001 ], [ -55.03631, -19.68015 ], [ -55.03659, -19.68012 ], [ -55.03694, -19.67995 ], [ -55.03764, -19.67931 ], [ -55.03798, -19.67839 ], [ -55.0382, -19.67827 ], [ -55.03889, -19.67823 ], [ -55.03903, -19.67768 ], [ -55.03958, -19.67731 ], [ -55.03971, -19.67707 ], [ -55.03972, -19.67645 ], [ -55.0391, -19.67492 ], [ -55.03875, -19.67318 ], [ -55.03876, -19.67221 ], [ -55.03902, -19.6713 ], [ -55.03957, -19.67073 ], [ -55.04255, -19.66881 ], [ -55.04341, -19.66811 ], [ -55.04483, -19.66662 ], [ -55.04573, -19.66547 ], [ -55.04618, -19.66469 ], [ -55.04604, -19.66423 ], [ -55.04563, -19.66379 ], [ -55.04547, -19.6635 ], [ -55.04548, -19.66322 ], [ -55.04584, -19.66275 ], [ -55.04562, -19.66215 ], [ -55.04561, -19.66193 ], [ -55.04616, -19.66028 ], [ -55.04649, -19.65984 ], [ -55.04744, -19.65891 ], [ -55.04769, -19.65853 ], [ -55.04774, -19.65802 ], [ -55.04747, -19.65754 ], [ -55.04724, -19.65737 ], [ -55.04685, -19.65723 ], [ -55.04479, -19.65729 ], [ -55.04313, -19.65691 ], [ -55.04242, -19.65701 ], [ -55.04115, -19.65749 ], [ -55.0407, -19.65758 ], [ -55.03995, -19.65753 ], [ -55.03968, -19.6574 ], [ -55.03956, -19.6572 ], [ -55.03958, -19.65698 ], [ -55.0397, -19.65684 ], [ -55.04071, -19.65685 ], [ -55.04095, -19.65666 ], [ -55.04099, -19.65621 ], [ -55.04068, -19.65538 ], [ -55.04067, -19.65509 ], [ -55.0408, -19.65499 ], [ -55.04163, -19.6548 ], [ -55.04194, -19.65441 ], [ -55.04201, -19.65406 ], [ -55.04177, -19.65319 ], [ -55.04176, -19.65288 ], [ -55.04219, -19.65202 ], [ -55.0423, -19.65163 ], [ -55.04221, -19.651 ], [ -55.04204, -19.65054 ], [ -55.04177, -19.65017 ], [ -55.04127, -19.64982 ], [ -55.04106, -19.6494 ], [ -55.04102, -19.64902 ], [ -55.04131, -19.64846 ], [ -55.04133, -19.64799 ], [ -55.04111, -19.64749 ], [ -55.04053, -19.64677 ], [ -55.04045, -19.64639 ], [ -55.04055, -19.64624 ], [ -55.04071, -19.64617 ], [ -55.04126, -19.64643 ], [ -55.04148, -19.64644 ], [ -55.04176, -19.64614 ], [ -55.04227, -19.64606 ], [ -55.04241, -19.64589 ], [ -55.04246, -19.64568 ], [ -55.04234, -19.64542 ], [ -55.04208, -19.64514 ], [ -55.04097, -19.64467 ], [ -55.04063, -19.64424 ], [ -55.04047, -19.64376 ], [ -55.04043, -19.64325 ], [ -55.04079, -19.64217 ], [ -55.04078, -19.64169 ], [ -55.0406, -19.6415 ], [ -55.03987, -19.64125 ], [ -55.03952, -19.64053 ], [ -55.03901, -19.64012 ], [ -55.03887, -19.63991 ], [ -55.03884, -19.63951 ], [ -55.03905, -19.6384 ], [ -55.03891, -19.63785 ], [ -55.03892, -19.63755 ], [ -55.03909, -19.63745 ], [ -55.0397, -19.63741 ], [ -55.03992, -19.63729 ], [ -55.04008, -19.63704 ], [ -55.04028, -19.63628 ], [ -55.04101, -19.63585 ], [ -55.04136, -19.63522 ], [ -55.0412, -19.6343 ], [ -55.04141, -19.63407 ], [ -55.04214, -19.63365 ], [ -55.04244, -19.63338 ], [ -55.04262, -19.63299 ], [ -55.04258, -19.63246 ], [ -55.04274, -19.63223 ], [ -55.043, -19.63221 ], [ -55.04371, -19.63245 ], [ -55.044, -19.63246 ], [ -55.04426, -19.63235 ], [ -55.04511, -19.63169 ], [ -55.04543, -19.63157 ], [ -55.04594, -19.63165 ], [ -55.0471, -19.63205 ], [ -55.0477, -19.63204 ], [ -55.04873, -19.63157 ], [ -55.05096, -19.63089 ], [ -55.05134, -19.63061 ], [ -55.05154, -19.63035 ], [ -55.05179, -19.62972 ], [ -55.05176, -19.62947 ], [ -55.05165, -19.62931 ], [ -55.05074, -19.62919 ], [ -55.05054, -19.62909 ], [ -55.05042, -19.62887 ], [ -55.05033, -19.62814 ], [ -55.05017, -19.62782 ], [ -55.04907, -19.62731 ], [ -55.04846, -19.62649 ], [ -55.04767, -19.62655 ], [ -55.04696, -19.62642 ], [ -55.04619, -19.6265 ], [ -55.04535, -19.62645 ], [ -55.04508, -19.62653 ], [ -55.04474, -19.62681 ], [ -55.04424, -19.62777 ], [ -55.04398, -19.62788 ], [ -55.04351, -19.62788 ], [ -55.04264, -19.62736 ], [ -55.04215, -19.62737 ], [ -55.04205, -19.6275 ], [ -55.04199, -19.62826 ], [ -55.04173, -19.62872 ], [ -55.04146, -19.6287 ], [ -55.04086, -19.62817 ], [ -55.04055, -19.62812 ], [ -55.04033, -19.62825 ], [ -55.04016, -19.62849 ], [ -55.03964, -19.62968 ], [ -55.03915, -19.62978 ], [ -55.03878, -19.62965 ], [ -55.03864, -19.62951 ], [ -55.03859, -19.62928 ], [ -55.03865, -19.6286 ], [ -55.03876, -19.62829 ], [ -55.03923, -19.62772 ], [ -55.03933, -19.62745 ], [ -55.03927, -19.62712 ], [ -55.039, -19.62664 ], [ -55.03901, -19.62616 ], [ -55.03916, -19.62598 ], [ -55.03995, -19.62572 ], [ -55.04021, -19.62539 ], [ -55.04032, -19.62506 ], [ -55.04021, -19.62458 ], [ -55.03954, -19.62416 ], [ -55.03956, -19.62381 ], [ -55.03969, -19.62361 ], [ -55.03992, -19.62345 ], [ -55.04042, -19.62354 ], [ -55.04086, -19.62345 ], [ -55.04109, -19.623 ], [ -55.04114, -19.62252 ], [ -55.04104, -19.62207 ], [ -55.04081, -19.62183 ], [ -55.0405, -19.62169 ], [ -55.04021, -19.62167 ], [ -55.03955, -19.62182 ], [ -55.03812, -19.62237 ], [ -55.03779, -19.62271 ], [ -55.0374, -19.62369 ], [ -55.03722, -19.62393 ], [ -55.03702, -19.62399 ], [ -55.03643, -19.6239 ], [ -55.0362, -19.62395 ], [ -55.03599, -19.62414 ], [ -55.03562, -19.62476 ], [ -55.03542, -19.62491 ], [ -55.03439, -19.62502 ], [ -55.03363, -19.62528 ], [ -55.0332, -19.62505 ], [ -55.03312, -19.62492 ], [ -55.03307, -19.62449 ], [ -55.03325, -19.62428 ], [ -55.034, -19.62381 ], [ -55.0354, -19.62319 ], [ -55.03571, -19.62296 ], [ -55.03593, -19.62265 ], [ -55.03601, -19.62223 ], [ -55.03577, -19.62141 ], [ -55.03578, -19.62059 ], [ -55.03588, -19.62037 ], [ -55.03666, -19.61944 ], [ -55.03684, -19.61899 ], [ -55.03678, -19.61876 ], [ -55.03639, -19.61823 ], [ -55.03637, -19.6178 ], [ -55.03654, -19.61753 ], [ -55.03717, -19.61724 ], [ -55.03743, -19.61697 ], [ -55.03745, -19.61622 ], [ -55.03761, -19.61571 ], [ -55.03758, -19.61506 ], [ -55.0377, -19.61478 ], [ -55.03787, -19.61466 ], [ -55.03815, -19.61466 ], [ -55.03884, -19.61495 ], [ -55.03923, -19.61498 ], [ -55.04044, -19.61431 ], [ -55.04134, -19.6148 ], [ -55.04171, -19.61481 ], [ -55.04204, -19.61458 ], [ -55.04223, -19.61393 ], [ -55.04253, -19.6135 ], [ -55.04254, -19.61334 ], [ -55.0423, -19.61281 ], [ -55.04192, -19.61252 ], [ -55.03959, -19.61143 ], [ -55.03831, -19.61124 ], [ -55.03784, -19.61107 ], [ -55.0373, -19.61069 ], [ -55.03676, -19.60999 ], [ -55.03644, -19.60975 ], [ -55.03512, -19.60955 ], [ -55.03468, -19.60915 ], [ -55.03417, -19.60841 ], [ -55.03368, -19.60803 ], [ -55.03325, -19.60791 ], [ -55.0324, -19.60793 ], [ -55.03209, -19.6078 ], [ -55.03177, -19.60745 ], [ -55.03147, -19.60655 ], [ -55.03131, -19.60636 ], [ -55.03088, -19.60628 ], [ -55.02973, -19.60655 ], [ -55.02949, -19.60648 ], [ -55.0294, -19.60622 ], [ -55.02953, -19.6056 ], [ -55.03021, -19.6047 ], [ -55.03053, -19.60401 ], [ -55.0307, -19.60381 ], [ -55.03114, -19.6037 ], [ -55.03288, -19.60371 ], [ -55.0337, -19.60354 ], [ -55.03462, -19.60311 ], [ -55.03585, -19.60194 ], [ -55.0367, -19.60061 ], [ -55.03734, -19.59941 ], [ -55.03771, -19.59835 ], [ -55.03782, -19.59763 ], [ -55.03774, -19.59705 ], [ -55.03753, -19.59664 ], [ -55.0363, -19.59528 ], [ -55.03602, -19.5948 ], [ -55.03584, -19.59399 ], [ -55.0359, -19.59317 ], [ -55.03613, -19.5929 ], [ -55.03638, -19.59277 ], [ -55.03751, -19.59287 ], [ -55.0381, -19.59266 ], [ -55.03957, -19.59145 ], [ -55.04101, -19.59004 ], [ -55.04144, -19.58945 ], [ -55.04202, -19.58841 ], [ -55.04252, -19.58721 ], [ -55.04297, -19.58572 ], [ -55.04349, -19.58471 ], [ -55.04381, -19.58432 ], [ -55.04423, -19.58397 ], [ -55.04635, -19.58282 ], [ -55.04721, -19.58198 ], [ -55.04833, -19.58015 ], [ -55.04881, -19.57896 ], [ -55.04892, -19.57826 ], [ -55.04879, -19.57818 ], [ -55.04802, -19.57812 ], [ -55.04746, -19.57793 ], [ -55.04659, -19.57741 ], [ -55.04597, -19.57681 ], [ -55.0452, -19.57514 ], [ -55.04448, -19.57296 ], [ -55.04388, -19.57167 ], [ -55.04314, -19.57053 ], [ -55.04212, -19.56929 ], [ -55.04123, -19.56799 ], [ -55.03947, -19.56584 ], [ -55.03883, -19.56487 ], [ -55.03831, -19.56439 ], [ -55.03767, -19.56423 ], [ -55.03692, -19.56439 ], [ -55.03607, -19.56475 ], [ -55.0344, -19.56575 ], [ -55.03415, -19.56596 ], [ -55.03385, -19.56641 ], [ -55.0333, -19.56775 ], [ -55.03296, -19.56806 ], [ -55.03268, -19.56817 ], [ -55.03206, -19.5678 ], [ -55.03055, -19.56645 ], [ -55.02972, -19.56595 ], [ -55.02933, -19.56584 ], [ -55.02814, -19.56576 ], [ -55.02728, -19.5656 ], [ -55.02655, -19.56532 ], [ -55.02576, -19.56479 ], [ -55.02506, -19.56412 ], [ -55.02383, -19.56271 ], [ -55.02181, -19.56085 ], [ -55.02056, -19.5587 ], [ -55.02025, -19.55834 ], [ -55.01998, -19.55817 ], [ -55.01853, -19.55794 ], [ -55.01764, -19.55805 ], [ -55.01667, -19.55844 ], [ -55.01357, -19.56027 ], [ -55.01305, -19.56043 ], [ -55.01242, -19.56043 ], [ -55.01185, -19.5603 ], [ -55.01164, -19.5601 ], [ -55.01158, -19.55992 ], [ -55.01149, -19.55915 ], [ -55.01148, -19.55855 ], [ -55.01161, -19.55737 ], [ -55.0118, -19.55683 ], [ -55.01214, -19.55631 ], [ -55.01265, -19.55578 ], [ -55.01327, -19.55533 ], [ -55.01529, -19.55432 ], [ -55.01579, -19.55396 ], [ -55.01613, -19.55353 ], [ -55.0169, -19.552 ], [ -55.01747, -19.55126 ], [ -55.01819, -19.5506 ], [ -55.0194, -19.54973 ], [ -55.02041, -19.54851 ], [ -55.02171, -19.54742 ], [ -55.02317, -19.54581 ], [ -55.02339, -19.5453 ], [ -55.02333, -19.54486 ], [ -55.023, -19.54442 ], [ -55.02254, -19.54418 ], [ -55.02244, -19.54356 ], [ -55.02196, -19.54302 ], [ -55.02187, -19.54278 ], [ -55.02197, -19.54238 ], [ -55.02242, -19.54175 ], [ -55.02247, -19.54083 ], [ -55.02267, -19.54021 ], [ -55.02292, -19.53983 ], [ -55.02355, -19.53916 ], [ -55.02526, -19.53777 ], [ -55.02664, -19.536 ], [ -55.02722, -19.53538 ], [ -55.02782, -19.53494 ], [ -55.02913, -19.53432 ], [ -55.02938, -19.53411 ], [ -55.0296, -19.53331 ], [ -55.02978, -19.53097 ], [ -55.03015, -19.52968 ], [ -55.031, -19.52821 ], [ -55.03211, -19.52698 ], [ -55.03262, -19.52569 ], [ -55.03392, -19.52387 ], [ -55.03441, -19.52247 ], [ -55.03505, -19.52148 ], [ -55.03497, -19.52085 ], [ -55.03456, -19.51973 ], [ -55.03454, -19.51911 ], [ -55.03466, -19.51817 ], [ -55.0345, -19.51766 ], [ -55.03424, -19.51743 ], [ -55.03404, -19.51738 ], [ -55.03276, -19.5179 ], [ -55.03228, -19.51796 ], [ -55.0316, -19.51782 ], [ -55.03098, -19.51741 ], [ -55.03048, -19.51679 ], [ -55.02979, -19.51567 ], [ -55.02874, -19.51354 ], [ -55.02822, -19.51227 ], [ -55.02753, -19.51114 ], [ -55.02747, -19.51094 ], [ -55.02751, -19.5106 ], [ -55.02764, -19.51032 ], [ -55.02783, -19.51016 ], [ -55.02823, -19.51012 ], [ -55.02903, -19.5104 ], [ -55.02933, -19.51043 ], [ -55.02969, -19.51025 ], [ -55.02985, -19.50995 ], [ -55.02985, -19.50951 ], [ -55.02974, -19.50916 ], [ -55.02909, -19.50826 ], [ -55.02872, -19.50743 ], [ -55.02848, -19.5073 ], [ -55.02907, -19.50641 ], [ -55.02955, -19.50534 ], [ -55.02998, -19.50462 ], [ -55.03046, -19.5042 ], [ -55.03111, -19.50399 ], [ -55.03151, -19.50401 ], [ -55.03185, -19.5042 ], [ -55.0321, -19.50444 ], [ -55.03273, -19.50536 ], [ -55.03328, -19.50572 ], [ -55.03453, -19.50596 ], [ -55.03574, -19.50648 ], [ -55.03658, -19.50669 ], [ -55.03739, -19.50662 ], [ -55.03793, -19.50639 ], [ -55.03869, -19.5055 ], [ -55.03921, -19.50507 ], [ -55.03947, -19.50498 ], [ -55.03891, -19.50439 ], [ -55.03864, -19.5039 ], [ -55.03848, -19.50333 ], [ -55.03831, -19.50198 ], [ -55.03798, -19.50097 ], [ -55.03772, -19.50065 ], [ -55.03708, -19.50035 ], [ -55.03662, -19.49958 ], [ -55.03653, -19.49917 ], [ -55.03667, -19.4987 ], [ -55.03725, -19.4981 ], [ -55.03799, -19.49768 ], [ -55.04153, -19.49703 ], [ -55.04317, -19.49658 ], [ -55.04375, -19.49632 ], [ -55.04412, -19.49602 ], [ -55.0443, -19.49573 ], [ -55.04509, -19.49317 ], [ -55.04519, -19.49245 ], [ -55.0451, -19.49211 ], [ -55.04376, -19.49069 ], [ -55.04346, -19.49019 ], [ -55.04353, -19.48978 ], [ -55.04414, -19.4887 ], [ -55.04414, -19.48829 ], [ -55.04399, -19.48782 ], [ -55.04373, -19.4874 ], [ -55.04332, -19.48699 ], [ -55.04252, -19.48632 ], [ -55.0418, -19.48589 ], [ -55.04119, -19.48573 ], [ -55.04049, -19.48571 ], [ -55.04011, -19.48583 ], [ -55.03932, -19.48632 ], [ -55.03838, -19.4864 ], [ -55.03742, -19.48636 ], [ -55.03551, -19.48611 ], [ -55.03017, -19.48609 ], [ -55.02949, -19.48596 ], [ -55.02903, -19.48565 ], [ -55.0287, -19.48519 ], [ -55.02857, -19.48464 ], [ -55.02875, -19.48351 ], [ -55.02895, -19.48286 ], [ -55.02955, -19.48221 ], [ -55.03139, -19.48103 ], [ -55.03197, -19.48056 ], [ -55.03226, -19.48012 ], [ -55.03219, -19.47956 ], [ -55.03189, -19.47927 ], [ -55.03095, -19.47879 ], [ -55.03037, -19.47807 ], [ -55.02946, -19.47656 ], [ -55.02886, -19.47494 ], [ -55.02844, -19.47431 ], [ -55.02681, -19.47321 ], [ -55.025, -19.47226 ], [ -55.02389, -19.47178 ], [ -55.02339, -19.47141 ], [ -55.02228, -19.47037 ], [ -55.02191, -19.46981 ], [ -55.02163, -19.46915 ], [ -55.0215, -19.46814 ], [ -55.02167, -19.46751 ], [ -55.02251, -19.46655 ], [ -55.02359, -19.46583 ], [ -55.02481, -19.46527 ], [ -55.02562, -19.46509 ], [ -55.02661, -19.46509 ], [ -55.02767, -19.46546 ], [ -55.0282, -19.46555 ], [ -55.02868, -19.46549 ], [ -55.02923, -19.46523 ], [ -55.02956, -19.46478 ], [ -55.02987, -19.46351 ], [ -55.0302, -19.46256 ], [ -55.03064, -19.46208 ], [ -55.0313, -19.46164 ], [ -55.03182, -19.46149 ], [ -55.03266, -19.46139 ], [ -55.0341, -19.46163 ], [ -55.03501, -19.46196 ], [ -55.03647, -19.4628 ] ], [ [ -56.04246, -19.61392 ], [ -56.04274, -19.61437 ], [ -56.04377, -19.61552 ], [ -56.0449, -19.61617 ], [ -56.04536, -19.61631 ], [ -56.04589, -19.61629 ], [ -56.04652, -19.61585 ], [ -56.04673, -19.6153 ], [ -56.04653, -19.61463 ], [ -56.04557, -19.6129 ], [ -56.04549, -19.61244 ], [ -56.04555, -19.61209 ], [ -56.04578, -19.61179 ], [ -56.04613, -19.61162 ], [ -56.04844, -19.61211 ] ], [ [ -56.04844, -19.61211 ], [ -56.04866, -19.61249 ], [ -56.04906, -19.61282 ], [ -56.04953, -19.61306 ], [ -56.04999, -19.61315 ], [ -56.05145, -19.61277 ], [ -56.0519, -19.61205 ], [ -56.05209, -19.61137 ], [ -56.05217, -19.61059 ], [ -56.05205, -19.60926 ], [ -56.05133, -19.6063 ], [ -56.0514, -19.60606 ], [ -56.0518, -19.60572 ], [ -56.05216, -19.60566 ], [ -56.05275, -19.60585 ], [ -56.05491, -19.6077 ], [ -56.05516, -19.6078 ], [ -56.05559, -19.60779 ], [ -56.05605, -19.60761 ], [ -56.0566, -19.60724 ], [ -56.05697, -19.60683 ], [ -56.05749, -19.6059 ], [ -56.05758, -19.6053 ], [ -56.05726, -19.60469 ], [ -56.056, -19.60331 ], [ -56.05588, -19.60299 ], [ -56.05586, -19.60262 ], [ -56.05609, -19.6023 ], [ -56.05659, -19.60215 ], [ -56.05723, -19.60218 ], [ -56.05977, -19.60313 ], [ -56.0605, -19.60328 ], [ -56.06143, -19.60329 ], [ -56.06209, -19.6031 ], [ -56.06286, -19.60265 ], [ -56.06339, -19.60203 ], [ -56.06432, -19.60001 ], [ -56.06475, -19.59955 ], [ -56.06518, -19.59931 ], [ -56.0661, -19.59923 ], [ -56.06702, -19.59945 ], [ -56.069, -19.60041 ] ], [ [ -56.06294, -19.60476 ], [ -56.06442, -19.6058 ], [ -56.06511, -19.60592 ], [ -56.06557, -19.60577 ], [ -56.06587, -19.60525 ], [ -56.06634, -19.60254 ], [ -56.06679, -19.60153 ], [ -56.06718, -19.6012 ], [ -56.06803, -19.60099 ], [ -56.069, -19.60041 ] ], [ [ -56.069, -19.60041 ], [ -56.07096, -19.60141 ], [ -56.07133, -19.60172 ], [ -56.07163, -19.60233 ], [ -56.07153, -19.60273 ], [ -56.07125, -19.6029 ], [ -56.07058, -19.603 ], [ -56.0702, -19.60285 ], [ -56.06937, -19.6028 ], [ -56.06909, -19.60287 ], [ -56.0687, -19.60317 ], [ -56.06868, -19.60331 ], [ -56.06887, -19.60377 ], [ -56.06977, -19.60444 ], [ -56.07071, -19.6049 ], [ -56.07234, -19.60527 ], [ -56.07312, -19.60518 ], [ -56.07347, -19.60499 ], [ -56.07366, -19.60462 ], [ -56.07367, -19.60403 ], [ -56.07334, -19.60252 ], [ -56.07338, -19.6022 ], [ -56.07357, -19.60189 ], [ -56.07427, -19.60167 ], [ -56.07506, -19.60179 ], [ -56.07569, -19.6021 ], [ -56.07763, -19.60347 ], [ -56.07811, -19.60354 ], [ -56.07852, -19.60342 ], [ -56.07902, -19.6028 ], [ -56.07971, -19.60152 ], [ -56.0801, -19.60101 ], [ -56.08073, -19.60043 ], [ -56.08176, -19.59979 ], [ -56.08355, -19.599 ], [ -56.0838, -19.59865 ], [ -56.08384, -19.59841 ], [ -56.08373, -19.59806 ], [ -56.08291, -19.59701 ], [ -56.0827, -19.59647 ], [ -56.08282, -19.59599 ], [ -56.08369, -19.59533 ], [ -56.08463, -19.59495 ], [ -56.08558, -19.5947 ], [ -56.08676, -19.59471 ], [ -56.0875, -19.59503 ], [ -56.08886, -19.59593 ], [ -56.08918, -19.59605 ], [ -56.08957, -19.59598 ], [ -56.09, -19.5956 ], [ -56.09026, -19.59525 ], [ -56.09046, -19.59457 ], [ -56.09103, -19.59356 ], [ -56.09145, -19.59262 ], [ -56.09133, -19.59081 ], [ -56.09139, -19.59041 ], [ -56.09175, -19.58968 ], [ -56.09224, -19.58947 ], [ -56.09327, -19.58933 ], [ -56.09536, -19.58941 ], [ -56.09795, -19.58931 ], [ -56.09957, -19.58936 ], [ -56.10099, -19.58948 ], [ -56.10228, -19.58978 ], [ -56.10357, -19.59023 ], [ -56.10447, -19.59064 ], [ -56.10582, -19.5916 ], [ -56.10703, -19.59266 ], [ -56.10807, -19.5937 ], [ -56.10849, -19.59398 ], [ -56.1089, -19.59414 ], [ -56.1092, -19.59414 ], [ -56.10959, -19.59378 ], [ -56.10968, -19.59328 ], [ -56.10904, -19.59046 ], [ -56.10885, -19.58869 ], [ -56.10901, -19.58734 ], [ -56.1091, -19.58708 ], [ -56.10948, -19.58679 ], [ -56.11, -19.58689 ], [ -56.1111, -19.58749 ], [ -56.11176, -19.58815 ], [ -56.11241, -19.58906 ], [ -56.11484, -19.5916 ], [ -56.1159, -19.59256 ], [ -56.11644, -19.59293 ], [ -56.11672, -19.59302 ], [ -56.11832, -19.59322 ], [ -56.11856, -19.59336 ], [ -56.1187, -19.59359 ], [ -56.11871, -19.59397 ], [ -56.11835, -19.59448 ], [ -56.1176, -19.59523 ], [ -56.11679, -19.59657 ], [ -56.1148, -19.59852 ], [ -56.11466, -19.59908 ], [ -56.11486, -19.59943 ], [ -56.1151, -19.59964 ], [ -56.11537, -19.59973 ], [ -56.11627, -19.59972 ], [ -56.11812, -19.59924 ], [ -56.11902, -19.59893 ], [ -56.1212, -19.59786 ], [ -56.12184, -19.5978 ], [ -56.12237, -19.59807 ], [ -56.12252, -19.59868 ], [ -56.12222, -19.59921 ], [ -56.12096, -19.60039 ], [ -56.12037, -19.60129 ], [ -56.12023, -19.60172 ], [ -56.12023, -19.60222 ], [ -56.12036, -19.60272 ], [ -56.12064, -19.60324 ], [ -56.12171, -19.60445 ], [ -56.12211, -19.6047 ], [ -56.12253, -19.60478 ], [ -56.12337, -19.60466 ], [ -56.12475, -19.60416 ], [ -56.12612, -19.60384 ], [ -56.1272, -19.60381 ], [ -56.12851, -19.60396 ], [ -56.13007, -19.60402 ], [ -56.13255, -19.60354 ], [ -56.13357, -19.60311 ], [ -56.1341, -19.6028 ], [ -56.13431, -19.60257 ], [ -56.1344, -19.6022 ], [ -56.13397, -19.6017 ], [ -56.13375, -19.60159 ], [ -56.13306, -19.60141 ], [ -56.1317, -19.6013 ], [ -56.13079, -19.60106 ], [ -56.13052, -19.60086 ], [ -56.13039, -19.60063 ], [ -56.13028, -19.60004 ], [ -56.13061, -19.59941 ], [ -56.13202, -19.59872 ], [ -56.13289, -19.59858 ], [ -56.13586, -19.59842 ], [ -56.13635, -19.59829 ], [ -56.13673, -19.59809 ], [ -56.13709, -19.59777 ], [ -56.13772, -19.59694 ], [ -56.13898, -19.59395 ], [ -56.13916, -19.59301 ], [ -56.13931, -19.59265 ], [ -56.13976, -19.59213 ], [ -56.14053, -19.59184 ], [ -56.14301, -19.5919 ], [ -56.14368, -19.5916 ], [ -56.14392, -19.59129 ], [ -56.14421, -19.5906 ], [ -56.14455, -19.58912 ], [ -56.14511, -19.58742 ], [ -56.1455, -19.5867 ], [ -56.14607, -19.58592 ], [ -56.14666, -19.5854 ], [ -56.14746, -19.58494 ], [ -56.15005, -19.58463 ], [ -56.15216, -19.58413 ], [ -56.15312, -19.5837 ], [ -56.15385, -19.58309 ], [ -56.15469, -19.58179 ], [ -56.15489, -19.58136 ], [ -56.15511, -19.57987 ], [ -56.15527, -19.57961 ], [ -56.15553, -19.57945 ], [ -56.15606, -19.57939 ], [ -56.15679, -19.57957 ], [ -56.15773, -19.58021 ], [ -56.15824, -19.58078 ], [ -56.1602, -19.58345 ], [ -56.16112, -19.58421 ], [ -56.16167, -19.58434 ], [ -56.16225, -19.58416 ], [ -56.16263, -19.58386 ], [ -56.16321, -19.58313 ], [ -56.16351, -19.58294 ], [ -56.16408, -19.58291 ], [ -56.1644, -19.58306 ], [ -56.1659, -19.58452 ], [ -56.16708, -19.58551 ], [ -56.16842, -19.58688 ], [ -56.16959, -19.5878 ], [ -56.17093, -19.58851 ], [ -56.17184, -19.58891 ], [ -56.17242, -19.58906 ], [ -56.17302, -19.58915 ], [ -56.17401, -19.58907 ], [ -56.17508, -19.58867 ], [ -56.17711, -19.58751 ], [ -56.17785, -19.58731 ], [ -56.17868, -19.58733 ], [ -56.18066, -19.58771 ], [ -56.18362, -19.58866 ], [ -56.18615, -19.58971 ], [ -56.18962, -19.59086 ], [ -56.19066, -19.59111 ], [ -56.1916, -19.59148 ], [ -56.19526, -19.59241 ], [ -56.19729, -19.59278 ], [ -56.199, -19.59331 ], [ -56.19993, -19.59374 ], [ -56.20139, -19.59463 ], [ -56.20196, -19.59509 ], [ -56.20317, -19.59637 ], [ -56.20363, -19.59674 ], [ -56.20401, -19.59692 ], [ -56.20465, -19.59686 ], [ -56.20509, -19.59657 ], [ -56.20569, -19.59581 ], [ -56.20665, -19.59384 ], [ -56.20731, -19.59266 ], [ -56.20809, -19.59166 ], [ -56.20847, -19.59133 ], [ -56.20906, -19.59107 ], [ -56.21006, -19.59102 ], [ -56.21048, -19.59116 ], [ -56.21101, -19.59152 ], [ -56.21188, -19.59245 ], [ -56.21226, -19.59306 ], [ -56.21274, -19.59395 ], [ -56.21294, -19.59464 ], [ -56.21311, -19.59494 ], [ -56.21356, -19.59541 ], [ -56.21389, -19.59559 ], [ -56.21408, -19.59559 ], [ -56.21448, -19.59537 ], [ -56.21604, -19.59349 ], [ -56.21682, -19.59289 ], [ -56.2175, -19.59259 ], [ -56.21869, -19.59238 ], [ -56.22013, -19.59229 ], [ -56.22128, -19.59236 ], [ -56.22237, -19.5926 ], [ -56.22299, -19.59282 ], [ -56.22468, -19.5937 ], [ -56.22565, -19.59443 ], [ -56.22873, -19.59717 ], [ -56.22967, -19.59788 ], [ -56.23123, -19.59852 ], [ -56.23209, -19.59871 ], [ -56.23329, -19.59874 ], [ -56.23496, -19.5985 ], [ -56.23556, -19.59834 ], [ -56.23583, -19.5982 ], [ -56.23604, -19.5979 ], [ -56.23609, -19.59753 ], [ -56.23597, -19.59713 ], [ -56.23506, -19.59568 ], [ -56.23481, -19.59493 ], [ -56.23482, -19.59436 ], [ -56.23496, -19.59395 ], [ -56.23508, -19.59374 ], [ -56.23543, -19.59351 ], [ -56.23594, -19.59344 ], [ -56.23641, -19.5935 ], [ -56.23689, -19.59368 ], [ -56.23719, -19.59387 ], [ -56.23772, -19.59448 ], [ -56.238, -19.59513 ], [ -56.23843, -19.59663 ], [ -56.23862, -19.59702 ], [ -56.23901, -19.59738 ], [ -56.23946, -19.5975 ], [ -56.23999, -19.59739 ], [ -56.24072, -19.59706 ], [ -56.24266, -19.5956 ], [ -56.24377, -19.5949 ], [ -56.24521, -19.59429 ], [ -56.2473, -19.59359 ], [ -56.25051, -19.59143 ], [ -56.25088, -19.59095 ], [ -56.25101, -19.58998 ], [ -56.25092, -19.58955 ], [ -56.25032, -19.5883 ], [ -56.24998, -19.5873 ], [ -56.25002, -19.58668 ], [ -56.25018, -19.58619 ], [ -56.25175, -19.58443 ], [ -56.253, -19.5833 ], [ -56.25391, -19.58225 ], [ -56.2554, -19.58017 ] ], [ [ -56.2554, -19.58017 ], [ -56.256, -19.58012 ], [ -56.25629, -19.58017 ], [ -56.25663, -19.58035 ], [ -56.25722, -19.58105 ], [ -56.25818, -19.58169 ], [ -56.25866, -19.58173 ], [ -56.25891, -19.58162 ], [ -56.25923, -19.58089 ], [ -56.25926, -19.57996 ], [ -56.25915, -19.57901 ], [ -56.25926, -19.57847 ], [ -56.26012, -19.57717 ], [ -56.26009, -19.57658 ], [ -56.25986, -19.57534 ] ], [ [ -56.2554, -19.58017 ], [ -56.25557, -19.57973 ], [ -56.25562, -19.57919 ], [ -56.2553, -19.57757 ], [ -56.25532, -19.57654 ], [ -56.25559, -19.57629 ], [ -56.25611, -19.57609 ], [ -56.2571, -19.57599 ], [ -56.25811, -19.57566 ], [ -56.25986, -19.57534 ] ], [ [ -56.25986, -19.57534 ], [ -56.26094, -19.57526 ], [ -56.26317, -19.57559 ], [ -56.26759, -19.57694 ], [ -56.26928, -19.57735 ], [ -56.2726, -19.57905 ], [ -56.275, -19.58073 ], [ -56.27606, -19.5813 ], [ -56.27708, -19.58168 ], [ -56.2787, -19.58174 ], [ -56.2794, -19.58163 ], [ -56.2816, -19.58103 ], [ -56.28233, -19.58095 ], [ -56.2833, -19.58111 ], [ -56.28519, -19.58186 ], [ -56.28627, -19.58207 ], [ -56.28659, -19.582 ], [ -56.28722, -19.58162 ], [ -56.28856, -19.58034 ], [ -56.28908, -19.58007 ], [ -56.28955, -19.58004 ], [ -56.28979, -19.58016 ], [ -56.28988, -19.58033 ], [ -56.28987, -19.58062 ], [ -56.28948, -19.582 ], [ -56.28911, -19.58412 ], [ -56.28827, -19.58543 ], [ -56.28813, -19.58595 ], [ -56.28818, -19.58676 ], [ -56.28847, -19.58756 ], [ -56.28881, -19.58802 ], [ -56.2894, -19.58828 ], [ -56.28967, -19.58831 ], [ -56.28994, -19.58833 ], [ -56.29077, -19.58817 ], [ -56.29288, -19.58705 ], [ -56.29399, -19.5866 ], [ -56.29456, -19.58649 ], [ -56.29543, -19.58654 ], [ -56.29738, -19.58738 ], [ -56.29775, -19.58747 ], [ -56.29829, -19.58747 ], [ -56.29862, -19.5874 ], [ -56.29894, -19.5872 ], [ -56.2999, -19.58571 ], [ -56.30004, -19.58559 ], [ -56.30036, -19.58556 ], [ -56.30072, -19.58588 ], [ -56.30114, -19.58725 ], [ -56.30128, -19.58742 ], [ -56.30202, -19.58784 ], [ -56.30468, -19.58826 ], [ -56.30639, -19.58835 ], [ -56.30725, -19.58853 ], [ -56.30747, -19.58874 ], [ -56.30757, -19.58902 ], [ -56.30754, -19.58964 ], [ -56.30695, -19.59069 ], [ -56.30611, -19.59164 ], [ -56.30606, -19.59184 ], [ -56.30613, -19.59203 ], [ -56.30639, -19.59221 ], [ -56.30656, -19.59222 ], [ -56.3078, -19.59128 ], [ -56.30809, -19.59121 ], [ -56.30833, -19.59126 ], [ -56.30857, -19.59142 ], [ -56.30872, -19.59171 ], [ -56.30905, -19.59274 ], [ -56.30937, -19.593 ], [ -56.31112, -19.59387 ], [ -56.312, -19.59452 ], [ -56.3142, -19.59693 ], [ -56.31548, -19.5978 ], [ -56.31822, -19.59856 ], [ -56.31902, -19.59902 ], [ -56.3203, -19.59992 ], [ -56.32131, -19.60038 ], [ -56.32204, -19.60057 ], [ -56.32284, -19.60062 ], [ -56.32549, -19.60111 ], [ -56.32754, -19.60201 ], [ -56.3317, -19.60311 ], [ -56.33273, -19.60353 ], [ -56.33472, -19.60489 ], [ -56.33537, -19.60545 ], [ -56.33745, -19.60664 ], [ -56.33803, -19.60684 ], [ -56.33941, -19.60684 ], [ -56.3398, -19.60691 ], [ -56.34132, -19.60764 ], [ -56.34222, -19.60775 ], [ -56.34243, -19.60759 ], [ -56.3424, -19.60727 ], [ -56.34237, -19.60715 ], [ -56.34162, -19.60643 ], [ -56.34147, -19.60609 ], [ -56.34144, -19.60576 ], [ -56.34155, -19.60548 ], [ -56.3431, -19.60459 ], [ -56.3434, -19.60433 ], [ -56.34384, -19.60374 ], [ -56.34404, -19.60363 ], [ -56.34449, -19.60363 ], [ -56.34489, -19.60376 ], [ -56.34549, -19.60382 ], [ -56.34607, -19.60367 ], [ -56.3463, -19.60342 ], [ -56.34634, -19.6031 ], [ -56.34627, -19.60174 ], [ -56.34664, -19.59976 ], [ -56.34683, -19.5992 ], [ -56.3471, -19.59732 ], [ -56.34727, -19.59685 ], [ -56.34634, -19.59468 ], [ -56.34644, -19.59381 ], [ -56.34687, -19.59319 ], [ -56.34757, -19.59248 ], [ -56.34849, -19.59078 ], [ -56.34878, -19.59006 ], [ -56.34924, -19.58933 ], [ -56.34956, -19.58844 ], [ -56.3499, -19.58827 ], [ -56.35062, -19.58823 ], [ -56.35118, -19.58808 ], [ -56.35133, -19.5877 ], [ -56.35088, -19.58637 ], [ -56.34974, -19.5852 ], [ -56.34994, -19.58473 ], [ -56.35111, -19.58409 ], [ -56.35169, -19.5835 ], [ -56.35197, -19.58288 ], [ -56.35328, -19.58126 ], [ -56.3536, -19.57988 ], [ -56.35401, -19.57919 ], [ -56.35581, -19.57845 ], [ -56.35683, -19.5778 ], [ -56.35727, -19.5776 ], [ -56.35777, -19.57764 ], [ -56.35867, -19.57816 ], [ -56.35926, -19.57818 ], [ -56.3599, -19.57801 ], [ -56.36032, -19.57746 ], [ -56.36053, -19.57671 ], [ -56.36015, -19.57494 ], [ -56.36034, -19.57435 ], [ -56.36069, -19.574 ], [ -56.36147, -19.57371 ], [ -56.36258, -19.57388 ], [ -56.36347, -19.57451 ], [ -56.36405, -19.57464 ], [ -56.36443, -19.57455 ], [ -56.36516, -19.57345 ], [ -56.36593, -19.57272 ], [ -56.36662, -19.57277 ], [ -56.36752, -19.57367 ], [ -56.36845, -19.57361 ], [ -56.3697, -19.57214 ], [ -56.37037, -19.5721 ], [ -56.37098, -19.57238 ], [ -56.37189, -19.57334 ], [ -56.37245, -19.57368 ], [ -56.3749, -19.57371 ], [ -56.37552, -19.57317 ], [ -56.37593, -19.57246 ], [ -56.37636, -19.57253 ], [ -56.37706, -19.57295 ], [ -56.37773, -19.57316 ], [ -56.37847, -19.57322 ], [ -56.38104, -19.5722 ], [ -56.38201, -19.57163 ], [ -56.38286, -19.57153 ], [ -56.38372, -19.57213 ], [ -56.38434, -19.5724 ], [ -56.38506, -19.57234 ], [ -56.38582, -19.57181 ], [ -56.38587, -19.5703 ], [ -56.38625, -19.56974 ], [ -56.38628, -19.56928 ], [ -56.38599, -19.56889 ], [ -56.38586, -19.56853 ], [ -56.3862, -19.56836 ], [ -56.38702, -19.56828 ], [ -56.38778, -19.56838 ], [ -56.38882, -19.56817 ], [ -56.38988, -19.56775 ], [ -56.39079, -19.56716 ], [ -56.39193, -19.56573 ], [ -56.39269, -19.56515 ], [ -56.39654, -19.56342 ], [ -56.39699, -19.56289 ], [ -56.39782, -19.56133 ], [ -56.39805, -19.56008 ], [ -56.39794, -19.55898 ], [ -56.398, -19.55747 ], [ -56.39875, -19.55645 ], [ -56.39903, -19.55544 ], [ -56.40036, -19.55381 ], [ -56.40143, -19.55377 ], [ -56.40222, -19.55352 ], [ -56.4029, -19.55307 ], [ -56.40383, -19.55286 ], [ -56.40478, -19.55252 ], [ -56.40532, -19.55184 ], [ -56.40621, -19.55144 ], [ -56.40705, -19.55166 ], [ -56.40797, -19.55157 ], [ -56.4087, -19.54993 ], [ -56.40949, -19.54968 ], [ -56.41166, -19.54992 ], [ -56.4124, -19.54954 ], [ -56.41317, -19.54877 ], [ -56.41503, -19.5482 ], [ -56.41629, -19.54812 ], [ -56.41686, -19.54838 ], [ -56.41759, -19.54887 ], [ -56.41858, -19.5489 ], [ -56.42, -19.54784 ], [ -56.42099, -19.54767 ], [ -56.42158, -19.54735 ], [ -56.42223, -19.54613 ], [ -56.42524, -19.54459 ], [ -56.42615, -19.54364 ], [ -56.42621, -19.54329 ], [ -56.42613, -19.54293 ], [ -56.42555, -19.54253 ], [ -56.4253, -19.54203 ], [ -56.42532, -19.54146 ], [ -56.42556, -19.54092 ], [ -56.42611, -19.54043 ], [ -56.4275, -19.53963 ], [ -56.43006, -19.53936 ], [ -56.43126, -19.53958 ], [ -56.43184, -19.53978 ], [ -56.43243, -19.54013 ], [ -56.43288, -19.54048 ], [ -56.43348, -19.5411 ], [ -56.43418, -19.54137 ], [ -56.43514, -19.54152 ], [ -56.43593, -19.54198 ], [ -56.43742, -19.54436 ], [ -56.43944, -19.54637 ], [ -56.4402, -19.5466 ], [ -56.44141, -19.54622 ], [ -56.44231, -19.54573 ], [ -56.44284, -19.54501 ], [ -56.44329, -19.54416 ], [ -56.44369, -19.54391 ], [ -56.44411, -19.54412 ], [ -56.44452, -19.54474 ], [ -56.44503, -19.54472 ], [ -56.44557, -19.54438 ], [ -56.44774, -19.54218 ], [ -56.44833, -19.54198 ], [ -56.4491, -19.54208 ], [ -56.45113, -19.5429 ], [ -56.45141, -19.54291 ], [ -56.45201, -19.54314 ], [ -56.45272, -19.54362 ], [ -56.45296, -19.54435 ], [ -56.45348, -19.54516 ], [ -56.45442, -19.54546 ], [ -56.4562, -19.54587 ], [ -56.45735, -19.54667 ], [ -56.45811, -19.54694 ], [ -56.45852, -19.54694 ], [ -56.46004, -19.54654 ], [ -56.461, -19.54612 ], [ -56.46126, -19.5459 ], [ -56.46136, -19.54564 ], [ -56.46148, -19.54406 ], [ -56.46205, -19.54341 ], [ -56.4636, -19.54255 ], [ -56.46525, -19.54118 ], [ -56.46585, -19.541 ], [ -56.46713, -19.54136 ], [ -56.46778, -19.54132 ], [ -56.46846, -19.54072 ], [ -56.47014, -19.53957 ], [ -56.47066, -19.53877 ], [ -56.47073, -19.53777 ], [ -56.4705, -19.53558 ], [ -56.47069, -19.53503 ], [ -56.47139, -19.53426 ], [ -56.47221, -19.53392 ], [ -56.47378, -19.53382 ], [ -56.47829, -19.53463 ], [ -56.4792, -19.53489 ], [ -56.48012, -19.53537 ], [ -56.48209, -19.53711 ], [ -56.48307, -19.53751 ], [ -56.48395, -19.53743 ], [ -56.48453, -19.53694 ], [ -56.48454, -19.53519 ], [ -56.4858, -19.53355 ], [ -56.48666, -19.53349 ], [ -56.48705, -19.53392 ], [ -56.48777, -19.53428 ], [ -56.48837, -19.53431 ], [ -56.48938, -19.53394 ], [ -56.48991, -19.53335 ], [ -56.49001, -19.53298 ], [ -56.49004, -19.53192 ], [ -56.49024, -19.53112 ], [ -56.4906, -19.5306 ], [ -56.49233, -19.52934 ], [ -56.49279, -19.52884 ], [ -56.49334, -19.5279 ], [ -56.49422, -19.52689 ], [ -56.49514, -19.52645 ], [ -56.49688, -19.52646 ], [ -56.49808, -19.52593 ], [ -56.49865, -19.52497 ], [ -56.49921, -19.52472 ], [ -56.50128, -19.52492 ], [ -56.50234, -19.52562 ], [ -56.50335, -19.52538 ], [ -56.50465, -19.52427 ], [ -56.50559, -19.52385 ], [ -56.50613, -19.52381 ], [ -56.50765, -19.52446 ], [ -56.50928, -19.52596 ], [ -56.51005, -19.52614 ], [ -56.51042, -19.52635 ], [ -56.51245, -19.52759 ], [ -56.5132, -19.52814 ], [ -56.51348, -19.52855 ], [ -56.51381, -19.52933 ], [ -56.51447, -19.53041 ], [ -56.51487, -19.53057 ], [ -56.51537, -19.53063 ], [ -56.51579, -19.53056 ], [ -56.51865, -19.5297 ], [ -56.51953, -19.52991 ], [ -56.52091, -19.52977 ], [ -56.52129, -19.52954 ], [ -56.52184, -19.52887 ], [ -56.52186, -19.5285 ], [ -56.52206, -19.52807 ], [ -56.52212, -19.52769 ], [ -56.5228, -19.52673 ], [ -56.52315, -19.52641 ], [ -56.52333, -19.52568 ], [ -56.52495, -19.52482 ], [ -56.52524, -19.52454 ], [ -56.52533, -19.52409 ], [ -56.52524, -19.52365 ], [ -56.52493, -19.52303 ], [ -56.52491, -19.52246 ], [ -56.52517, -19.52178 ], [ -56.52515, -19.52164 ], [ -56.52496, -19.52156 ], [ -56.52461, -19.52158 ], [ -56.52376, -19.5218 ], [ -56.52325, -19.5218 ], [ -56.52227, -19.52127 ], [ -56.52173, -19.52136 ], [ -56.52052, -19.5213 ], [ -56.52008, -19.52123 ], [ -56.51994, -19.52104 ], [ -56.51986, -19.52076 ], [ -56.51998, -19.52034 ], [ -56.52132, -19.51912 ], [ -56.52145, -19.51868 ], [ -56.5215, -19.51772 ], [ -56.52175, -19.51721 ], [ -56.52204, -19.51697 ], [ -56.52249, -19.5169 ], [ -56.52303, -19.51707 ], [ -56.5235, -19.51737 ], [ -56.52415, -19.51798 ], [ -56.52505, -19.51834 ], [ -56.52587, -19.51847 ], [ -56.5263, -19.51833 ], [ -56.52785, -19.51728 ], [ -56.52933, -19.51719 ], [ -56.53082, -19.51727 ], [ -56.53226, -19.51763 ], [ -56.53335, -19.51811 ], [ -56.53384, -19.51823 ], [ -56.53473, -19.51831 ], [ -56.53538, -19.51819 ], [ -56.53566, -19.51824 ], [ -56.53869, -19.51917 ], [ -56.53969, -19.51914 ], [ -56.54015, -19.51893 ], [ -56.54198, -19.51762 ], [ -56.54287, -19.51755 ], [ -56.54337, -19.51773 ], [ -56.54376, -19.51769 ], [ -56.54398, -19.51736 ], [ -56.54427, -19.5163 ], [ -56.54455, -19.51595 ], [ -56.54514, -19.51574 ], [ -56.54601, -19.5158 ], [ -56.54761, -19.51618 ], [ -56.54923, -19.5161 ], [ -56.5503, -19.51638 ], [ -56.55347, -19.51771 ], [ -56.55485, -19.51872 ], [ -56.55536, -19.51896 ], [ -56.55652, -19.519 ], [ -56.55675, -19.51884 ], [ -56.55701, -19.51809 ], [ -56.55661, -19.51596 ], [ -56.55673, -19.51484 ], [ -56.55707, -19.51412 ], [ -56.55714, -19.51368 ], [ -56.55751, -19.51353 ], [ -56.55907, -19.5122 ], [ -56.56013, -19.51217 ], [ -56.56151, -19.51238 ], [ -56.56195, -19.51238 ], [ -56.5632, -19.51183 ], [ -56.56407, -19.5123 ], [ -56.56479, -19.5133 ], [ -56.56525, -19.51367 ], [ -56.56609, -19.51382 ], [ -56.56649, -19.51383 ], [ -56.5669, -19.5137 ], [ -56.56747, -19.51378 ], [ -56.56841, -19.51453 ], [ -56.5701, -19.51552 ], [ -56.57075, -19.51568 ], [ -56.57141, -19.51569 ], [ -56.57212, -19.51553 ], [ -56.57275, -19.51557 ], [ -56.57349, -19.51615 ], [ -56.57511, -19.51769 ], [ -56.57546, -19.51785 ], [ -56.57568, -19.51781 ], [ -56.57606, -19.51751 ], [ -56.57652, -19.51739 ], [ -56.57708, -19.5174 ], [ -56.5774, -19.51714 ], [ -56.57799, -19.51703 ], [ -56.57881, -19.51758 ], [ -56.57951, -19.51784 ], [ -56.58051, -19.51766 ], [ -56.58175, -19.51662 ], [ -56.5822, -19.51606 ], [ -56.58244, -19.51537 ], [ -56.58262, -19.51443 ], [ -56.58306, -19.51354 ], [ -56.58337, -19.51328 ], [ -56.58405, -19.51319 ], [ -56.58476, -19.51334 ], [ -56.58545, -19.51333 ], [ -56.58629, -19.51307 ], [ -56.58702, -19.51305 ], [ -56.58746, -19.51329 ], [ -56.58859, -19.51429 ], [ -56.59007, -19.51465 ], [ -56.59149, -19.51562 ], [ -56.59238, -19.51575 ], [ -56.59297, -19.51557 ], [ -56.59403, -19.51559 ], [ -56.59447, -19.5158 ], [ -56.59553, -19.51665 ], [ -56.59649, -19.51707 ], [ -56.59696, -19.51709 ], [ -56.59751, -19.51698 ], [ -56.59831, -19.51633 ], [ -56.59917, -19.5152 ], [ -56.59986, -19.51493 ], [ -56.60064, -19.51524 ], [ -56.60099, -19.51581 ], [ -56.6016, -19.51634 ], [ -56.60225, -19.51652 ], [ -56.60346, -19.51653 ], [ -56.60427, -19.51751 ], [ -56.60463, -19.51765 ], [ -56.60597, -19.51764 ], [ -56.60709, -19.51711 ], [ -56.60807, -19.51637 ], [ -56.60861, -19.5161 ], [ -56.60951, -19.51654 ], [ -56.60979, -19.51653 ], [ -56.61012, -19.51631 ], [ -56.61072, -19.51565 ], [ -56.61121, -19.51478 ], [ -56.61266, -19.51367 ], [ -56.61485, -19.51165 ], [ -56.6157, -19.51147 ], [ -56.61611, -19.51153 ], [ -56.6169, -19.51182 ], [ -56.61753, -19.5123 ], [ -56.61832, -19.51344 ], [ -56.61871, -19.51361 ], [ -56.61936, -19.51372 ], [ -56.61974, -19.51366 ], [ -56.62292, -19.5117 ], [ -56.625, -19.51117 ], [ -56.6258, -19.51022 ], [ -56.62691, -19.50916 ], [ -56.62751, -19.50878 ], [ -56.62772, -19.5083 ], [ -56.62802, -19.50795 ], [ -56.62842, -19.50783 ], [ -56.62987, -19.50785 ], [ -56.63042, -19.508 ], [ -56.63184, -19.50871 ], [ -56.6323, -19.5087 ], [ -56.63342, -19.50832 ], [ -56.63545, -19.50864 ], [ -56.6358, -19.50829 ], [ -56.63635, -19.50803 ], [ -56.63778, -19.50803 ], [ -56.63811, -19.50788 ], [ -56.6392, -19.50761 ], [ -56.63975, -19.5077 ], [ -56.6402, -19.50805 ], [ -56.64078, -19.50875 ], [ -56.64166, -19.51017 ], [ -56.64242, -19.51042 ], [ -56.64397, -19.5105 ], [ -56.64457, -19.51085 ], [ -56.64554, -19.51226 ], [ -56.64652, -19.51165 ], [ -56.64727, -19.5113 ], [ -56.6481, -19.51031 ], [ -56.64956, -19.50947 ], [ -56.65108, -19.50914 ], [ -56.65211, -19.5092 ], [ -56.65254, -19.50911 ], [ -56.65335, -19.50845 ], [ -56.6557, -19.50726 ], [ -56.65718, -19.50682 ], [ -56.65824, -19.50671 ], [ -56.65923, -19.50772 ], [ -56.65938, -19.5077 ], [ -56.65976, -19.50731 ], [ -56.66013, -19.50709 ], [ -56.66122, -19.50748 ], [ -56.66153, -19.5075 ], [ -56.66177, -19.50737 ], [ -56.66201, -19.50668 ], [ -56.66203, -19.50524 ], [ -56.6628, -19.50412 ], [ -56.66365, -19.50386 ], [ -56.66428, -19.50345 ], [ -56.66487, -19.50261 ], [ -56.66695, -19.50168 ], [ -56.66768, -19.50028 ], [ -56.66792, -19.50004 ], [ -56.66832, -19.49988 ], [ -56.66936, -19.49989 ], [ -56.67164, -19.50028 ], [ -56.67448, -19.50218 ], [ -56.67498, -19.50243 ], [ -56.67537, -19.5025 ], [ -56.67617, -19.50233 ], [ -56.67762, -19.50172 ], [ -56.67859, -19.501 ], [ -56.67919, -19.50028 ], [ -56.68165, -19.49818 ], [ -56.68204, -19.49804 ], [ -56.68299, -19.49805 ], [ -56.68367, -19.49792 ], [ -56.68435, -19.4976 ], [ -56.68523, -19.49693 ], [ -56.68561, -19.49657 ], [ -56.6861, -19.49593 ], [ -56.68726, -19.49383 ], [ -56.68745, -19.49365 ], [ -56.68786, -19.4935 ], [ -56.68846, -19.49354 ], [ -56.68884, -19.49373 ], [ -56.68911, -19.49404 ], [ -56.68936, -19.49464 ], [ -56.68958, -19.49491 ], [ -56.69087, -19.49552 ], [ -56.69224, -19.49683 ], [ -56.69285, -19.49712 ], [ -56.69334, -19.49689 ], [ -56.69442, -19.49583 ], [ -56.69494, -19.49558 ], [ -56.69583, -19.4954 ], [ -56.69732, -19.49567 ], [ -56.69762, -19.49566 ], [ -56.6981, -19.49466 ], [ -56.69832, -19.49453 ], [ -56.69859, -19.49456 ], [ -56.69929, -19.49553 ], [ -56.70165, -19.49665 ], [ -56.70235, -19.49736 ], [ -56.70262, -19.49781 ], [ -56.70283, -19.49848 ], [ -56.70289, -19.49914 ], [ -56.70285, -19.49984 ], [ -56.70297, -19.50006 ], [ -56.70321, -19.50017 ], [ -56.70374, -19.5001 ], [ -56.70467, -19.49928 ], [ -56.70586, -19.4987 ], [ -56.70714, -19.49863 ], [ -56.70816, -19.49878 ], [ -56.70855, -19.49874 ], [ -56.7088, -19.49847 ], [ -56.70876, -19.49817 ], [ -56.70808, -19.49771 ], [ -56.70795, -19.49752 ], [ -56.70793, -19.49731 ], [ -56.70811, -19.49694 ], [ -56.7086, -19.49663 ], [ -56.70907, -19.49645 ], [ -56.7096, -19.49657 ], [ -56.70976, -19.49676 ], [ -56.71004, -19.4976 ], [ -56.71033, -19.49783 ], [ -56.71079, -19.49782 ], [ -56.71137, -19.49765 ], [ -56.71183, -19.49726 ], [ -56.71265, -19.49592 ], [ -56.71342, -19.49522 ], [ -56.71434, -19.49481 ], [ -56.71568, -19.49456 ], [ -56.71872, -19.49314 ], [ -56.71979, -19.49241 ], [ -56.72134, -19.49113 ], [ -56.72223, -19.49068 ], [ -56.72373, -19.4901 ], [ -56.72509, -19.48925 ], [ -56.72598, -19.48849 ], [ -56.72623, -19.48813 ], [ -56.72629, -19.48756 ], [ -56.7262, -19.48725 ], [ -56.72586, -19.48697 ], [ -56.72541, -19.48687 ], [ -56.72432, -19.48697 ], [ -56.72215, -19.48778 ], [ -56.72174, -19.48786 ], [ -56.72114, -19.48783 ], [ -56.72069, -19.48771 ], [ -56.71911, -19.48664 ], [ -56.71825, -19.48646 ], [ -56.71729, -19.48664 ], [ -56.71573, -19.48734 ], [ -56.71481, -19.48741 ], [ -56.71424, -19.48735 ], [ -56.71363, -19.48693 ], [ -56.7113, -19.48456 ], [ -56.71074, -19.48362 ], [ -56.7104, -19.48266 ], [ -56.71041, -19.4817 ], [ -56.7105, -19.48113 ], [ -56.71073, -19.48042 ], [ -56.71139, -19.47897 ], [ -56.7115, -19.47839 ], [ -56.71155, -19.4773 ], [ -56.71175, -19.47679 ], [ -56.71232, -19.47604 ], [ -56.71323, -19.47514 ], [ -56.71503, -19.4737 ], [ -56.71683, -19.47243 ], [ -56.71742, -19.47168 ], [ -56.71851, -19.47002 ], [ -56.719, -19.46886 ], [ -56.71908, -19.4685 ], [ -56.71941, -19.4648 ], [ -56.71963, -19.46435 ], [ -56.72043, -19.46335 ], [ -56.72071, -19.46213 ], [ -56.72097, -19.46187 ], [ -56.72125, -19.46175 ], [ -56.72235, -19.46181 ], [ -56.72289, -19.46162 ], [ -56.7234, -19.46122 ], [ -56.7244, -19.45997 ], [ -56.7258, -19.45919 ], [ -56.72677, -19.45848 ], [ -56.72753, -19.45817 ], [ -56.72859, -19.45808 ], [ -56.72997, -19.45836 ], [ -56.73066, -19.45837 ], [ -56.73124, -19.45809 ], [ -56.73238, -19.45782 ], [ -56.73273, -19.45723 ], [ -56.73325, -19.45703 ], [ -56.73375, -19.45714 ], [ -56.73492, -19.45788 ], [ -56.73549, -19.45806 ], [ -56.73624, -19.45804 ], [ -56.73656, -19.45793 ], [ -56.73681, -19.45793 ], [ -56.73863, -19.45743 ], [ -56.73913, -19.45722 ], [ -56.73943, -19.45695 ], [ -56.73961, -19.45666 ], [ -56.73973, -19.45621 ], [ -56.7397, -19.45585 ], [ -56.73932, -19.45507 ], [ -56.73809, -19.45382 ], [ -56.73801, -19.45353 ], [ -56.73806, -19.4531 ], [ -56.7383, -19.45224 ], [ -56.73901, -19.45092 ], [ -56.73923, -19.45077 ], [ -56.74061, -19.4491 ], [ -56.74329, -19.4493 ], [ -56.74363, -19.44928 ], [ -56.74405, -19.44908 ], [ -56.74498, -19.44835 ], [ -56.74641, -19.44649 ], [ -56.74673, -19.44619 ], [ -56.74746, -19.44574 ], [ -56.74916, -19.44493 ], [ -56.7504, -19.44403 ], [ -56.75156, -19.44331 ], [ -56.75207, -19.4431 ], [ -56.75271, -19.44305 ], [ -56.75403, -19.44322 ], [ -56.75523, -19.44268 ], [ -56.75683, -19.44214 ], [ -56.75724, -19.44207 ], [ -56.75775, -19.44217 ], [ -56.75911, -19.44268 ], [ -56.75986, -19.44331 ], [ -56.7602, -19.44344 ], [ -56.76118, -19.44348 ], [ -56.7625, -19.44371 ], [ -56.76283, -19.44365 ], [ -56.76411, -19.44317 ], [ -56.76578, -19.44342 ], [ -56.76648, -19.44342 ], [ -56.76701, -19.44328 ], [ -56.76757, -19.44302 ], [ -56.76771, -19.44283 ], [ -56.76783, -19.44229 ], [ -56.76799, -19.44211 ], [ -56.76836, -19.44192 ], [ -56.76916, -19.44174 ], [ -56.76984, -19.44139 ], [ -56.77089, -19.44067 ], [ -56.77249, -19.4393 ], [ -56.77304, -19.43898 ], [ -56.77359, -19.43898 ], [ -56.77418, -19.43919 ], [ -56.7752, -19.44024 ], [ -56.77584, -19.44055 ], [ -56.77631, -19.4405 ], [ -56.77776, -19.44009 ], [ -56.77889, -19.43963 ], [ -56.77978, -19.43911 ], [ -56.78055, -19.43848 ], [ -56.78075, -19.4384 ], [ -56.78088, -19.4382 ], [ -56.78083, -19.43795 ], [ -56.78034, -19.43708 ], [ -56.78034, -19.43684 ], [ -56.7806, -19.43677 ], [ -56.78145, -19.43677 ], [ -56.78169, -19.4365 ], [ -56.78178, -19.43588 ], [ -56.78128, -19.43426 ], [ -56.78137, -19.43361 ], [ -56.78156, -19.43319 ], [ -56.78252, -19.43238 ], [ -56.78555, -19.43047 ], [ -56.7863, -19.42974 ], [ -56.78674, -19.42852 ], [ -56.78694, -19.42648 ], [ -56.78729, -19.42564 ], [ -56.78762, -19.42528 ], [ -56.78788, -19.42524 ], [ -56.78827, -19.42531 ], [ -56.79055, -19.42605 ], [ -56.79214, -19.42719 ], [ -56.79397, -19.42819 ], [ -56.79434, -19.42824 ], [ -56.79489, -19.42816 ], [ -56.79547, -19.42796 ], [ -56.79587, -19.42767 ], [ -56.797, -19.42759 ], [ -56.79755, -19.42773 ], [ -56.79814, -19.42816 ], [ -56.79907, -19.42855 ], [ -56.79987, -19.42868 ], [ -56.80042, -19.42857 ], [ -56.80166, -19.42779 ], [ -56.80456, -19.42506 ], [ -56.8055, -19.4246 ], [ -56.80629, -19.42449 ], [ -56.80803, -19.42481 ], [ -56.80863, -19.42479 ], [ -56.80943, -19.42448 ], [ -56.81104, -19.42351 ], [ -56.81154, -19.42312 ], [ -56.8132, -19.42007 ], [ -56.81387, -19.41929 ], [ -56.81425, -19.41897 ], [ -56.81456, -19.41884 ], [ -56.81594, -19.4187 ], [ -56.81605, -19.41851 ], [ -56.81636, -19.41831 ], [ -56.81727, -19.41743 ], [ -56.81773, -19.41747 ], [ -56.81823, -19.41764 ], [ -56.81967, -19.41875 ], [ -56.82048, -19.41909 ], [ -56.82095, -19.41919 ], [ -56.82123, -19.41917 ], [ -56.82224, -19.41868 ], [ -56.82432, -19.417 ], [ -56.82634, -19.4157 ], [ -56.82728, -19.41492 ], [ -56.82762, -19.41449 ], [ -56.82818, -19.41327 ], [ -56.8289, -19.41247 ], [ -56.82921, -19.4123 ], [ -56.83032, -19.41207 ], [ -56.8308, -19.41182 ], [ -56.83153, -19.41049 ], [ -56.83169, -19.41004 ], [ -56.83168, -19.40983 ], [ -56.83228, -19.40893 ], [ -56.83264, -19.40874 ], [ -56.83351, -19.40862 ], [ -56.83389, -19.40845 ], [ -56.83512, -19.40709 ], [ -56.83616, -19.40625 ], [ -56.83669, -19.40597 ], [ -56.83723, -19.4059 ], [ -56.83834, -19.40603 ], [ -56.83916, -19.40632 ], [ -56.84, -19.40634 ], [ -56.84018, -19.40632 ], [ -56.84083, -19.40596 ], [ -56.84101, -19.40573 ], [ -56.84186, -19.40316 ], [ -56.84221, -19.40232 ], [ -56.84265, -19.40152 ], [ -56.84328, -19.40119 ], [ -56.8441, -19.40104 ], [ -56.84498, -19.40125 ], [ -56.8469, -19.40242 ], [ -56.84762, -19.40311 ], [ -56.84825, -19.40355 ], [ -56.84895, -19.40373 ], [ -56.85058, -19.40386 ], [ -56.85122, -19.40368 ], [ -56.85181, -19.4032 ], [ -56.85235, -19.40293 ], [ -56.85298, -19.40293 ], [ -56.85389, -19.40344 ], [ -56.85465, -19.40416 ], [ -56.85509, -19.40443 ], [ -56.85569, -19.40452 ], [ -56.85654, -19.40404 ], [ -56.85736, -19.40335 ], [ -56.85834, -19.40198 ], [ -56.86272, -19.39804 ], [ -56.86354, -19.39762 ], [ -56.86609, -19.3969 ], [ -56.8671, -19.39675 ], [ -56.8682, -19.39682 ], [ -56.87084, -19.39703 ], [ -56.87207, -19.39727 ], [ -56.87321, -19.39778 ], [ -56.87689, -19.40136 ], [ -56.87821, -19.40232 ], [ -56.87957, -19.40304 ], [ -56.88095, -19.40358 ], [ -56.88224, -19.40379 ], [ -56.88357, -19.40379 ], [ -56.88454, -19.40364 ], [ -56.88561, -19.40319 ], [ -56.88757, -19.40164 ], [ -56.89018, -19.39829 ], [ -56.89214, -19.3948 ], [ -56.89403, -19.39175 ], [ -56.89495, -19.39059 ], [ -56.89662, -19.3887 ], [ -56.89794, -19.38748 ], [ -56.89989, -19.38608 ], [ -56.90125, -19.38524 ], [ -56.90352, -19.3841 ], [ -56.90963, -19.38172 ], [ -56.91268, -19.38067 ], [ -56.91448, -19.38025 ], [ -56.91631, -19.38008 ], [ -56.9176, -19.37978 ], [ -56.92626, -19.37739 ], [ -56.9278, -19.37673 ], [ -56.93008, -19.37549 ], [ -56.93061, -19.37548 ], [ -56.9318, -19.37473 ], [ -56.9324, -19.37449 ], [ -56.93303, -19.37452 ], [ -56.93395, -19.37482 ], [ -56.93524, -19.37572 ], [ -56.93574, -19.3759 ], [ -56.93621, -19.37596 ], [ -56.93687, -19.37572 ], [ -56.93706, -19.37545 ], [ -56.93728, -19.37482 ], [ -56.9375, -19.3747 ], [ -56.93779, -19.3747 ], [ -56.93835, -19.37491 ], [ -56.9388, -19.37482 ], [ -56.93955, -19.37387 ], [ -56.94021, -19.37354 ], [ -56.94047, -19.37357 ], [ -56.94122, -19.37438 ], [ -56.94191, -19.37471 ], [ -56.9422, -19.37468 ], [ -56.94258, -19.37423 ], [ -56.94295, -19.37408 ], [ -56.94374, -19.37411 ], [ -56.94434, -19.37372 ], [ -56.94491, -19.373 ], [ -56.94516, -19.37211 ], [ -56.94525, -19.37133 ], [ -56.94497, -19.37073 ], [ -56.94377, -19.36986 ], [ -56.94352, -19.36954 ], [ -56.94346, -19.36897 ], [ -56.94359, -19.36828 ], [ -56.94384, -19.36768 ], [ -56.94418, -19.36729 ], [ -56.94497, -19.36703 ], [ -56.94689, -19.36709 ], [ -56.94755, -19.36697 ], [ -56.9479, -19.36643 ], [ -56.94822, -19.36568 ], [ -56.94885, -19.36529 ], [ -56.9497, -19.36526 ], [ -56.95124, -19.36628 ], [ -56.95181, -19.36634 ], [ -56.95244, -19.36607 ], [ -56.95344, -19.3644 ], [ -56.95348, -19.36335 ], [ -56.95322, -19.36269 ], [ -56.95322, -19.36231 ], [ -56.95382, -19.36186 ], [ -56.95593, -19.36105 ], [ -56.95675, -19.36021 ], [ -56.95745, -19.35931 ], [ -56.95783, -19.35787 ], [ -56.9579, -19.35655 ], [ -56.95756, -19.35497 ], [ -56.95757, -19.35274 ], [ -56.95772, -19.35188 ], [ -56.95809, -19.35095 ], [ -56.95836, -19.34991 ], [ -56.95874, -19.34887 ], [ -56.959, -19.34706 ], [ -56.95944, -19.346 ], [ -56.96034, -19.34468 ], [ -56.9611, -19.34377 ], [ -56.96139, -19.34322 ], [ -56.96188, -19.34262 ], [ -56.96308, -19.34154 ], [ -56.96419, -19.34068 ], [ -56.96546, -19.33991 ], [ -56.96614, -19.33974 ], [ -56.96684, -19.33983 ], [ -56.96756, -19.3395 ], [ -56.96779, -19.3391 ], [ -56.968, -19.33827 ], [ -56.96779, -19.33811 ], [ -56.96696, -19.33796 ], [ -56.96678, -19.33775 ], [ -56.96675, -19.33739 ], [ -56.96687, -19.33709 ], [ -56.96743, -19.33634 ], [ -56.96768, -19.33613 ], [ -56.96802, -19.33598 ], [ -56.96823, -19.33601 ], [ -56.96844, -19.3363 ], [ -56.96858, -19.33637 ], [ -56.96873, -19.33634 ], [ -56.96977, -19.3353 ], [ -56.96986, -19.33502 ], [ -56.96977, -19.33484 ], [ -56.96924, -19.33454 ], [ -56.96895, -19.33419 ], [ -56.96897, -19.33402 ], [ -56.96945, -19.33372 ], [ -56.96941, -19.33349 ], [ -56.96917, -19.33313 ], [ -56.96885, -19.33294 ], [ -56.96839, -19.33287 ], [ -56.96812, -19.33273 ], [ -56.968, -19.3325 ], [ -56.96802, -19.33221 ], [ -56.96846, -19.33145 ], [ -56.96844, -19.33124 ], [ -56.96835, -19.33108 ], [ -56.96747, -19.33058 ], [ -56.96728, -19.33029 ], [ -56.96667, -19.32862 ], [ -56.9661, -19.32835 ], [ -56.9656, -19.32834 ], [ -56.96534, -19.32845 ], [ -56.96528, -19.32877 ], [ -56.96563, -19.32938 ], [ -56.96564, -19.32966 ], [ -56.9656, -19.32983 ], [ -56.96524, -19.33002 ], [ -56.96398, -19.32953 ], [ -56.96347, -19.32913 ], [ -56.96341, -19.32895 ], [ -56.96348, -19.32875 ], [ -56.9638, -19.32851 ], [ -56.9648, -19.32835 ], [ -56.96506, -19.32801 ], [ -56.96478, -19.327 ], [ -56.96454, -19.32643 ], [ -56.96442, -19.32634 ], [ -56.96413, -19.3264 ], [ -56.96406, -19.32654 ], [ -56.96407, -19.32694 ], [ -56.96391, -19.32715 ], [ -56.96373, -19.32716 ], [ -56.96357, -19.32712 ], [ -56.96347, -19.32697 ], [ -56.96329, -19.3262 ], [ -56.9628, -19.3259 ], [ -56.96259, -19.32585 ], [ -56.96238, -19.32591 ], [ -56.96153, -19.32627 ], [ -56.96138, -19.3262 ], [ -56.96135, -19.32604 ], [ -56.96144, -19.32578 ], [ -56.96277, -19.32461 ], [ -56.96342, -19.3237 ], [ -56.96379, -19.32363 ], [ -56.96444, -19.32376 ], [ -56.96477, -19.32359 ], [ -56.96488, -19.32337 ], [ -56.96497, -19.32264 ], [ -56.96521, -19.3223 ], [ -56.96554, -19.3222 ], [ -56.96602, -19.32231 ], [ -56.96621, -19.32247 ], [ -56.96646, -19.32296 ], [ -56.96707, -19.32313 ], [ -56.96834, -19.32281 ], [ -56.9685, -19.32284 ], [ -56.9687, -19.32314 ], [ -56.96886, -19.32317 ], [ -56.969, -19.32313 ], [ -56.96908, -19.32299 ], [ -56.96899, -19.32261 ], [ -56.96912, -19.32256 ], [ -56.96948, -19.32287 ], [ -56.96992, -19.3229 ], [ -56.97026, -19.32334 ], [ -56.97057, -19.32352 ], [ -56.97056, -19.32386 ], [ -56.97098, -19.32393 ], [ -56.97109, -19.32402 ], [ -56.97139, -19.32396 ], [ -56.97145, -19.32332 ], [ -56.97165, -19.32314 ], [ -56.97314, -19.32324 ], [ -56.97375, -19.32319 ], [ -56.97426, -19.32296 ], [ -56.97536, -19.3221 ], [ -56.97582, -19.32134 ], [ -56.97612, -19.32058 ], [ -56.97638, -19.32023 ], [ -56.97706, -19.31985 ], [ -56.97786, -19.31959 ], [ -56.97807, -19.31929 ], [ -56.97821, -19.31854 ], [ -56.9784, -19.31838 ], [ -56.97879, -19.31827 ], [ -56.97987, -19.31817 ], [ -56.98094, -19.31844 ], [ -56.98127, -19.31844 ], [ -56.98144, -19.31835 ], [ -56.98159, -19.3181 ], [ -56.98156, -19.31721 ], [ -56.9817, -19.31695 ], [ -56.98191, -19.31685 ], [ -56.98325, -19.31734 ], [ -56.98349, -19.31729 ], [ -56.98369, -19.31716 ], [ -56.98448, -19.31622 ], [ -56.98504, -19.3159 ], [ -56.98573, -19.31579 ], [ -56.98612, -19.31548 ], [ -56.98685, -19.31466 ], [ -56.98715, -19.31449 ], [ -56.98751, -19.31449 ], [ -56.98763, -19.31476 ], [ -56.9872, -19.3155 ], [ -56.98723, -19.31581 ], [ -56.98743, -19.31593 ], [ -56.98844, -19.31583 ], [ -56.98912, -19.316 ], [ -56.99, -19.31605 ], [ -56.9904, -19.31593 ], [ -56.99058, -19.31571 ], [ -56.99075, -19.31526 ], [ -56.99151, -19.31502 ], [ -56.99199, -19.31476 ], [ -56.99222, -19.31476 ], [ -56.99292, -19.31552 ], [ -56.99304, -19.31618 ], [ -56.99331, -19.31644 ], [ -56.99346, -19.31645 ], [ -56.99387, -19.31598 ], [ -56.99425, -19.31499 ], [ -56.99475, -19.3144 ], [ -56.99541, -19.31399 ], [ -56.99552, -19.31379 ], [ -56.99534, -19.3135 ], [ -56.99523, -19.31267 ], [ -56.99608, -19.31158 ], [ -56.99605, -19.31139 ], [ -56.99538, -19.31066 ], [ -56.99461, -19.31016 ], [ -56.99444, -19.30947 ], [ -56.99452, -19.30918 ], [ -56.99467, -19.30904 ], [ -56.99506, -19.30905 ], [ -56.9952, -19.30919 ], [ -56.99526, -19.30985 ], [ -56.9954, -19.30997 ], [ -56.99564, -19.30994 ], [ -56.99583, -19.30981 ], [ -56.99606, -19.30984 ], [ -56.99624, -19.31014 ], [ -56.99639, -19.31014 ], [ -56.99668, -19.30975 ], [ -56.99707, -19.30945 ], [ -56.99726, -19.30902 ], [ -56.99774, -19.30885 ], [ -56.99818, -19.30889 ], [ -56.99933, -19.30961 ], [ -56.9994, -19.30985 ], [ -56.99936, -19.31001 ], [ -56.99895, -19.31018 ], [ -56.99901, -19.31044 ], [ -56.99914, -19.31049 ], [ -56.99961, -19.31038 ], [ -56.99984, -19.31001 ], [ -56.99976, -19.3095 ], [ -56.99982, -19.30922 ], [ -56.99996, -19.30898 ], [ -57.00022, -19.30889 ], [ -57.00035, -19.30895 ], [ -57.00047, -19.30971 ], [ -57.00059, -19.30985 ], [ -57.00079, -19.30988 ], [ -57.00126, -19.30948 ], [ -57.00153, -19.30938 ], [ -57.00185, -19.30944 ], [ -57.00202, -19.30967 ], [ -57.00226, -19.31037 ], [ -57.00248, -19.31033 ], [ -57.0028, -19.30977 ], [ -57.00276, -19.30944 ], [ -57.00218, -19.30901 ], [ -57.00215, -19.30881 ], [ -57.00242, -19.30836 ], [ -57.00289, -19.30818 ], [ -57.00362, -19.30808 ], [ -57.00375, -19.30813 ], [ -57.00419, -19.30885 ], [ -57.00434, -19.30892 ], [ -57.00448, -19.30888 ], [ -57.00458, -19.30875 ], [ -57.00458, -19.30856 ], [ -57.00433, -19.30803 ], [ -57.00445, -19.30783 ], [ -57.00489, -19.30752 ], [ -57.00531, -19.30733 ], [ -57.0057, -19.30767 ], [ -57.00667, -19.30775 ], [ -57.00673, -19.30806 ], [ -57.00649, -19.30833 ], [ -57.006, -19.30863 ], [ -57.00554, -19.30914 ], [ -57.00508, -19.30978 ], [ -57.00422, -19.3113 ], [ -57.00425, -19.31156 ], [ -57.0044, -19.31169 ], [ -57.00469, -19.31166 ], [ -57.00517, -19.31133 ], [ -57.00567, -19.3114 ], [ -57.00599, -19.31159 ], [ -57.00637, -19.31168 ], [ -57.00659, -19.31181 ], [ -57.00676, -19.31205 ], [ -57.00703, -19.31287 ], [ -57.00723, -19.31302 ], [ -57.00782, -19.31315 ], [ -57.00815, -19.31315 ], [ -57.00845, -19.31305 ], [ -57.00874, -19.31272 ], [ -57.009, -19.31258 ], [ -57.00928, -19.31255 ], [ -57.00944, -19.31225 ], [ -57.00942, -19.31196 ], [ -57.00925, -19.31168 ], [ -57.00928, -19.31142 ], [ -57.00953, -19.31133 ], [ -57.00983, -19.3113 ], [ -57.01016, -19.31181 ], [ -57.01033, -19.31189 ], [ -57.01086, -19.31175 ], [ -57.01134, -19.31137 ], [ -57.01157, -19.31143 ], [ -57.01268, -19.31259 ], [ -57.01321, -19.31254 ], [ -57.01359, -19.31235 ], [ -57.01377, -19.31211 ], [ -57.01368, -19.31185 ], [ -57.01321, -19.31135 ], [ -57.01312, -19.31113 ], [ -57.01329, -19.31061 ], [ -57.01371, -19.31036 ], [ -57.01373, -19.31014 ], [ -57.01391, -19.31003 ], [ -57.01457, -19.31005 ], [ -57.01625, -19.31053 ], [ -57.01882, -19.30958 ], [ -57.0196, -19.30792 ], [ -57.01957, -19.3075 ], [ -57.01889, -19.30693 ], [ -57.0188, -19.30673 ], [ -57.01895, -19.30658 ], [ -57.01927, -19.30647 ], [ -57.02033, -19.3071 ], [ -57.02071, -19.30716 ], [ -57.02118, -19.30707 ], [ -57.02175, -19.30674 ], [ -57.02186, -19.3066 ], [ -57.02158, -19.3064 ], [ -57.02178, -19.30629 ], [ -57.02229, -19.30632 ], [ -57.02255, -19.30642 ], [ -57.0227, -19.30668 ], [ -57.02281, -19.30724 ], [ -57.02303, -19.30737 ], [ -57.02329, -19.3074 ], [ -57.02358, -19.3073 ], [ -57.024, -19.30694 ], [ -57.024, -19.30675 ], [ -57.02385, -19.3066 ], [ -57.02303, -19.30637 ], [ -57.02297, -19.30604 ], [ -57.02325, -19.30553 ], [ -57.02376, -19.30526 ], [ -57.02464, -19.30548 ], [ -57.02492, -19.30532 ], [ -57.02513, -19.30502 ], [ -57.0252, -19.30474 ], [ -57.02516, -19.3042 ], [ -57.02527, -19.30404 ], [ -57.0255, -19.30394 ], [ -57.02568, -19.30393 ], [ -57.02613, -19.30414 ], [ -57.02645, -19.30466 ], [ -57.02672, -19.30482 ], [ -57.02766, -19.3048 ], [ -57.02823, -19.30464 ], [ -57.02911, -19.3049 ], [ -57.02965, -19.30473 ], [ -57.02991, -19.30439 ], [ -57.02986, -19.30423 ], [ -57.0295, -19.30406 ], [ -57.02937, -19.30348 ], [ -57.02941, -19.30305 ], [ -57.02998, -19.30251 ], [ -57.03024, -19.30249 ], [ -57.03094, -19.30275 ], [ -57.03171, -19.30275 ], [ -57.03203, -19.30286 ], [ -57.03249, -19.30341 ], [ -57.03281, -19.30344 ], [ -57.03314, -19.30335 ], [ -57.03388, -19.30279 ], [ -57.03429, -19.30265 ], [ -57.03532, -19.30253 ], [ -57.03624, -19.30232 ], [ -57.03689, -19.30246 ], [ -57.03753, -19.30279 ], [ -57.03796, -19.30252 ], [ -57.03852, -19.30179 ], [ -57.03896, -19.30139 ], [ -57.04008, -19.30088 ], [ -57.04044, -19.30088 ], [ -57.04157, -19.3013 ], [ -57.04283, -19.30077 ], [ -57.04304, -19.30084 ], [ -57.04343, -19.3012 ], [ -57.04367, -19.3013 ], [ -57.04405, -19.30138 ], [ -57.04442, -19.30136 ], [ -57.04484, -19.30115 ], [ -57.04516, -19.3009 ], [ -57.04568, -19.30024 ], [ -57.04603, -19.30021 ], [ -57.04644, -19.30025 ], [ -57.047, -19.30074 ], [ -57.04724, -19.30077 ], [ -57.04748, -19.30061 ], [ -57.04775, -19.29933 ], [ -57.04818, -19.29884 ], [ -57.04828, -19.29861 ], [ -57.04819, -19.29841 ], [ -57.04768, -19.29823 ], [ -57.04748, -19.29804 ], [ -57.04745, -19.29741 ], [ -57.04762, -19.29662 ], [ -57.04753, -19.2964 ], [ -57.04715, -19.29623 ], [ -57.04713, -19.29608 ], [ -57.04722, -19.29592 ], [ -57.04747, -19.29577 ], [ -57.04781, -19.29564 ], [ -57.04854, -19.29554 ], [ -57.04857, -19.29541 ], [ -57.04854, -19.29511 ], [ -57.04825, -19.29493 ], [ -57.0475, -19.29465 ], [ -57.04742, -19.29453 ], [ -57.04748, -19.29405 ], [ -57.0476, -19.29385 ], [ -57.04834, -19.29313 ], [ -57.04845, -19.29244 ], [ -57.04813, -19.29201 ], [ -57.04796, -19.29121 ], [ -57.0481, -19.29113 ], [ -57.04833, -19.29113 ], [ -57.04926, -19.29124 ], [ -57.04964, -19.29069 ], [ -57.04997, -19.2897 ], [ -57.05021, -19.28848 ], [ -57.05036, -19.28817 ], [ -57.05049, -19.28803 ], [ -57.05174, -19.28764 ], [ -57.05243, -19.28689 ], [ -57.05307, -19.28672 ], [ -57.05336, -19.28672 ], [ -57.05351, -19.28639 ], [ -57.05346, -19.28619 ], [ -57.05317, -19.28599 ], [ -57.05311, -19.2858 ], [ -57.05323, -19.28569 ], [ -57.05385, -19.28561 ], [ -57.05413, -19.28569 ], [ -57.05434, -19.28606 ], [ -57.05527, -19.28637 ], [ -57.05589, -19.28581 ], [ -57.05603, -19.28558 ], [ -57.05591, -19.28484 ], [ -57.05594, -19.28425 ], [ -57.05614, -19.28402 ], [ -57.05724, -19.28365 ], [ -57.05754, -19.28345 ], [ -57.05774, -19.28302 ], [ -57.05792, -19.28211 ], [ -57.05817, -19.2816 ], [ -57.05822, -19.28121 ], [ -57.05834, -19.28091 ], [ -57.05875, -19.28034 ], [ -57.05947, -19.27996 ], [ -57.06002, -19.28001 ], [ -57.06045, -19.27981 ], [ -57.06142, -19.27876 ], [ -57.06167, -19.2787 ], [ -57.06235, -19.2788 ], [ -57.06294, -19.27874 ], [ -57.06401, -19.27745 ], [ -57.06451, -19.27613 ], [ -57.06467, -19.27592 ], [ -57.06508, -19.27565 ], [ -57.06554, -19.27547 ], [ -57.06651, -19.27558 ], [ -57.06706, -19.2759 ], [ -57.06787, -19.27603 ], [ -57.06884, -19.27589 ], [ -57.06946, -19.27593 ], [ -57.06993, -19.27617 ], [ -57.07062, -19.27673 ], [ -57.07242, -19.27904 ], [ -57.07287, -19.27949 ], [ -57.07344, -19.27965 ], [ -57.07403, -19.27966 ], [ -57.0744, -19.27957 ], [ -57.07478, -19.27939 ], [ -57.07541, -19.2789 ], [ -57.07561, -19.27859 ], [ -57.07608, -19.27729 ], [ -57.07638, -19.27691 ], [ -57.07679, -19.27663 ], [ -57.0773, -19.27647 ], [ -57.07788, -19.27651 ], [ -57.07879, -19.2771 ], [ -57.07904, -19.27718 ], [ -57.07942, -19.2771 ], [ -57.0799, -19.27677 ], [ -57.08017, -19.27648 ], [ -57.08034, -19.27601 ], [ -57.08033, -19.27543 ], [ -57.08007, -19.27477 ], [ -57.07949, -19.27402 ], [ -57.0793, -19.2736 ], [ -57.07927, -19.27335 ], [ -57.07937, -19.27303 ], [ -57.0803, -19.27168 ], [ -57.08175, -19.26996 ], [ -57.0825, -19.26946 ], [ -57.08291, -19.26941 ], [ -57.08336, -19.26947 ], [ -57.08427, -19.26927 ], [ -57.08456, -19.2693 ], [ -57.08493, -19.2695 ], [ -57.08573, -19.27021 ], [ -57.0861, -19.27034 ], [ -57.08655, -19.27009 ], [ -57.08713, -19.26935 ], [ -57.08755, -19.26923 ], [ -57.08789, -19.26947 ], [ -57.08863, -19.27042 ], [ -57.08947, -19.271 ], [ -57.08996, -19.27225 ], [ -57.09109, -19.2733 ], [ -57.09184, -19.27462 ], [ -57.09284, -19.27503 ], [ -57.09353, -19.276 ], [ -57.09399, -19.27639 ], [ -57.09603, -19.27714 ], [ -57.09709, -19.27824 ], [ -57.09806, -19.27895 ], [ -57.09857, -19.27915 ], [ -57.09919, -19.27927 ], [ -57.10009, -19.27929 ], [ -57.1009, -19.27899 ], [ -57.10104, -19.27901 ], [ -57.10126, -19.27876 ], [ -57.10149, -19.27819 ], [ -57.10156, -19.27784 ], [ -57.1013, -19.27548 ], [ -57.10141, -19.27511 ], [ -57.10189, -19.27441 ], [ -57.10428, -19.27269 ], [ -57.10588, -19.272 ], [ -57.10634, -19.27158 ], [ -57.10689, -19.2708 ], [ -57.10729, -19.27041 ], [ -57.10771, -19.27019 ], [ -57.10875, -19.26992 ], [ -57.10947, -19.26945 ], [ -57.10992, -19.26885 ], [ -57.1105, -19.26769 ], [ -57.11234, -19.26617 ], [ -57.11263, -19.26576 ], [ -57.11286, -19.26518 ], [ -57.11306, -19.26416 ], [ -57.11349, -19.26332 ], [ -57.11448, -19.26261 ], [ -57.11532, -19.26232 ], [ -57.117, -19.26226 ], [ -57.11748, -19.26235 ], [ -57.11941, -19.26299 ], [ -57.12098, -19.26407 ], [ -57.12145, -19.26428 ], [ -57.12217, -19.26411 ], [ -57.12276, -19.26371 ], [ -57.123, -19.26329 ], [ -57.12307, -19.2626 ], [ -57.12291, -19.26196 ], [ -57.12239, -19.26107 ], [ -57.12236, -19.26076 ], [ -57.12246, -19.26045 ], [ -57.12268, -19.26017 ], [ -57.12298, -19.25997 ], [ -57.12414, -19.25971 ], [ -57.12457, -19.25948 ], [ -57.12483, -19.25915 ], [ -57.12514, -19.25824 ], [ -57.12552, -19.25795 ], [ -57.12611, -19.25795 ], [ -57.1268, -19.25824 ], [ -57.1272, -19.25856 ], [ -57.12774, -19.25922 ], [ -57.12793, -19.25909 ], [ -57.12835, -19.25842 ], [ -57.12854, -19.25835 ], [ -57.12891, -19.25854 ], [ -57.12947, -19.25912 ], [ -57.12983, -19.25928 ], [ -57.13028, -19.25927 ], [ -57.13206, -19.25892 ], [ -57.13243, -19.25894 ], [ -57.13417, -19.25944 ], [ -57.13738, -19.25972 ], [ -57.13793, -19.25983 ], [ -57.13883, -19.26028 ], [ -57.14001, -19.26129 ], [ -57.14083, -19.26157 ], [ -57.14138, -19.26147 ], [ -57.14254, -19.26057 ], [ -57.14328, -19.26052 ], [ -57.14374, -19.26068 ], [ -57.14463, -19.26133 ], [ -57.14497, -19.26138 ], [ -57.14569, -19.26102 ], [ -57.14667, -19.25992 ], [ -57.14792, -19.25906 ], [ -57.14846, -19.259 ], [ -57.15054, -19.25938 ], [ -57.15073, -19.25929 ], [ -57.15092, -19.25882 ], [ -57.15091, -19.25814 ], [ -57.15144, -19.25763 ], [ -57.1521, -19.25741 ], [ -57.15291, -19.2573 ], [ -57.15356, -19.25711 ], [ -57.15474, -19.25633 ], [ -57.1552, -19.25613 ], [ -57.15576, -19.25611 ], [ -57.15795, -19.25724 ], [ -57.1583, -19.25749 ], [ -57.1586, -19.25796 ], [ -57.1589, -19.25901 ], [ -57.15941, -19.25955 ], [ -57.1596, -19.25963 ], [ -57.16137, -19.25968 ], [ -57.16165, -19.25978 ], [ -57.1621, -19.26019 ], [ -57.16357, -19.26182 ], [ -57.16452, -19.26242 ], [ -57.16619, -19.26312 ], [ -57.16645, -19.26352 ], [ -57.16699, -19.26492 ], [ -57.16727, -19.26519 ], [ -57.16829, -19.2654 ], [ -57.16935, -19.26497 ], [ -57.17029, -19.26481 ], [ -57.17076, -19.26505 ], [ -57.17228, -19.26631 ], [ -57.17265, -19.26632 ], [ -57.17304, -19.26623 ], [ -57.17341, -19.26602 ], [ -57.17381, -19.26566 ], [ -57.1747, -19.26456 ], [ -57.17527, -19.26416 ], [ -57.17578, -19.26396 ], [ -57.17605, -19.26397 ], [ -57.17637, -19.26414 ], [ -57.17735, -19.26516 ], [ -57.17756, -19.26525 ], [ -57.17778, -19.26521 ], [ -57.17818, -19.26504 ], [ -57.18104, -19.26295 ], [ -57.1815, -19.26282 ], [ -57.18243, -19.26284 ], [ -57.18268, -19.26269 ], [ -57.18283, -19.26227 ], [ -57.18305, -19.2601 ], [ -57.18339, -19.25932 ], [ -57.18365, -19.259 ], [ -57.18426, -19.25872 ], [ -57.18481, -19.25865 ], [ -57.18536, -19.2588 ], [ -57.18583, -19.25916 ], [ -57.18604, -19.25944 ], [ -57.18638, -19.26025 ], [ -57.18677, -19.2605 ], [ -57.18708, -19.26043 ], [ -57.18818, -19.25977 ], [ -57.18898, -19.25944 ], [ -57.18936, -19.25903 ], [ -57.18948, -19.25837 ], [ -57.18937, -19.2579 ], [ -57.18872, -19.25675 ], [ -57.18867, -19.25654 ], [ -57.18872, -19.25634 ], [ -57.18908, -19.25595 ], [ -57.18944, -19.25582 ], [ -57.18998, -19.25591 ], [ -57.19063, -19.2562 ], [ -57.19156, -19.25681 ], [ -57.19235, -19.25709 ], [ -57.19315, -19.25712 ], [ -57.19387, -19.25686 ], [ -57.19435, -19.25656 ], [ -57.195, -19.25596 ], [ -57.19561, -19.25504 ], [ -57.19598, -19.25431 ], [ -57.19631, -19.25392 ], [ -57.19676, -19.25355 ], [ -57.19881, -19.25229 ], [ -57.19989, -19.25122 ], [ -57.20086, -19.25066 ], [ -57.20131, -19.25055 ], [ -57.20189, -19.25054 ], [ -57.20381, -19.25096 ], [ -57.20475, -19.25096 ], [ -57.20544, -19.25074 ], [ -57.20672, -19.24989 ], [ -57.20696, -19.24992 ], [ -57.20735, -19.25003 ], [ -57.20767, -19.25024 ], [ -57.20854, -19.25156 ], [ -57.20909, -19.2522 ], [ -57.20934, -19.25233 ], [ -57.20973, -19.25227 ], [ -57.20999, -19.25213 ], [ -57.21057, -19.2512 ], [ -57.21119, -19.25078 ], [ -57.21216, -19.25039 ], [ -57.21325, -19.25021 ], [ -57.21465, -19.25012 ], [ -57.21516, -19.24985 ], [ -57.21611, -19.24857 ], [ -57.21611, -19.24839 ], [ -57.21618, -19.24833 ], [ -57.2168, -19.24821 ], [ -57.21778, -19.24784 ], [ -57.21877, -19.24777 ], [ -57.2206, -19.24732 ], [ -57.22107, -19.24712 ], [ -57.22194, -19.24602 ], [ -57.22204, -19.24555 ], [ -57.22198, -19.24521 ], [ -57.22144, -19.24411 ], [ -57.22004, -19.24223 ], [ -57.21973, -19.24153 ], [ -57.21962, -19.2408 ], [ -57.2197, -19.24048 ], [ -57.22017, -19.23986 ], [ -57.22108, -19.23952 ], [ -57.22144, -19.23948 ], [ -57.22299, -19.23993 ] ], [ [ -55.03649, -19.46278 ], [ -55.03733, -19.46289 ], [ -55.03784, -19.46287 ], [ -55.03831, -19.46258 ], [ -55.03875, -19.46215 ], [ -55.03897, -19.4616 ], [ -55.03899, -19.46123 ], [ -55.0388, -19.46054 ], [ -55.03835, -19.45981 ], [ -55.03747, -19.45895 ], [ -55.03586, -19.45786 ], [ -55.03558, -19.45751 ], [ -55.03461, -19.45583 ], [ -55.03395, -19.45518 ], [ -55.0331, -19.45463 ], [ -55.03071, -19.4537 ], [ -55.02884, -19.45372 ], [ -55.02797, -19.45364 ], [ -55.02544, -19.45311 ], [ -55.0248, -19.45277 ], [ -55.02448, -19.45229 ], [ -55.0244, -19.45185 ], [ -55.02445, -19.45129 ], [ -55.02476, -19.44997 ], [ -55.02472, -19.44906 ], [ -55.02433, -19.44815 ], [ -55.02363, -19.4473 ], [ -55.02325, -19.447 ], [ -55.02285, -19.44685 ], [ -55.02108, -19.44637 ], [ -55.01933, -19.44611 ], [ -55.01859, -19.44588 ], [ -55.01776, -19.4454 ], [ -55.01714, -19.44466 ], [ -55.01626, -19.44263 ], [ -55.01617, -19.44223 ], [ -55.01629, -19.44159 ], [ -55.01696, -19.44062 ], [ -55.01732, -19.43991 ], [ -55.01731, -19.4397 ], [ -55.0171, -19.43948 ], [ -55.01654, -19.43929 ], [ -55.01536, -19.43945 ], [ -55.01473, -19.43939 ], [ -55.01418, -19.43945 ], [ -55.01351, -19.43977 ], [ -55.01299, -19.44035 ], [ -55.01239, -19.44073 ], [ -55.0111, -19.44104 ], [ -55.00966, -19.44156 ], [ -55.00885, -19.44166 ], [ -55.00782, -19.44157 ], [ -55.00652, -19.44117 ], [ -55.00545, -19.44053 ], [ -55.00499, -19.43993 ], [ -55.0046, -19.43746 ], [ -55.00473, -19.43612 ], [ -55.00468, -19.43535 ], [ -55.00452, -19.43473 ], [ -55.00399, -19.43357 ], [ -55.00383, -19.43306 ], [ -55.00411, -19.43089 ], [ -55.00391, -19.42905 ], [ -55.00355, -19.42789 ], [ -55.00287, -19.42703 ], [ -55.00242, -19.42631 ], [ -55.00231, -19.42597 ], [ -55.00228, -19.42533 ], [ -55.00258, -19.42397 ], [ -55.00282, -19.42224 ], [ -55.0031, -19.42136 ], [ -55.00349, -19.42075 ], [ -55.0046, -19.41989 ], [ -55.00522, -19.41923 ], [ -55.00554, -19.41871 ], [ -55.0059, -19.41785 ], [ -55.00598, -19.41669 ], [ -55.00548, -19.41384 ], [ -55.00546, -19.4125 ], [ -55.00569, -19.41144 ], [ -55.00673, -19.40933 ], [ -55.0065, -19.4082 ], [ -55.00574, -19.40582 ], [ -55.00484, -19.40368 ], [ -55.00386, -19.40054 ], [ -55.00342, -19.39824 ], [ -55.00341, -19.39683 ], [ -55.00348, -19.39624 ], [ -55.00381, -19.39494 ], [ -55.00462, -19.39303 ], [ -55.00489, -19.39265 ], [ -55.00547, -19.3922 ], [ -55.0064, -19.39178 ], [ -55.00794, -19.39143 ], [ -55.0086, -19.39118 ], [ -55.00907, -19.3908 ], [ -55.00977, -19.38989 ], [ -55.00976, -19.38952 ], [ -55.00957, -19.38914 ], [ -55.00821, -19.38798 ], [ -55.00759, -19.38712 ], [ -55.00745, -19.38666 ], [ -55.00712, -19.38452 ], [ -55.00717, -19.38416 ], [ -55.00731, -19.38391 ], [ -55.00769, -19.38355 ], [ -55.00868, -19.38291 ], [ -55.00934, -19.38281 ], [ -55.0099, -19.38294 ], [ -55.01083, -19.38353 ], [ -55.01183, -19.38474 ], [ -55.01234, -19.38521 ], [ -55.01275, -19.38519 ], [ -55.01305, -19.38496 ], [ -55.01341, -19.38455 ], [ -55.01346, -19.38415 ], [ -55.01291, -19.38257 ], [ -55.01294, -19.38213 ], [ -55.01317, -19.38138 ], [ -55.01307, -19.38068 ], [ -55.01215, -19.37898 ], [ -55.01149, -19.37695 ], [ -55.01079, -19.37574 ], [ -55.01027, -19.37435 ], [ -55.00997, -19.37391 ], [ -55.00741, -19.37181 ], [ -55.00701, -19.37157 ], [ -55.00668, -19.37149 ], [ -55.00591, -19.37157 ], [ -55.00384, -19.37231 ], [ -55.00259, -19.37261 ], [ -55.00109, -19.37268 ], [ -55.00012, -19.37253 ], [ -54.99967, -19.37222 ], [ -54.99956, -19.37192 ], [ -54.99923, -19.37024 ], [ -54.99919, -19.36914 ], [ -54.99941, -19.36784 ], [ -55.00036, -19.36575 ], [ -55.00042, -19.36523 ], [ -55.00083, -19.36448 ], [ -55.00147, -19.36386 ], [ -55.00329, -19.36334 ], [ -55.00356, -19.36317 ], [ -55.00382, -19.36287 ], [ -55.00404, -19.36199 ], [ -55.0041, -19.3603 ], [ -55.00431, -19.35961 ], [ -55.00462, -19.35912 ], [ -55.00524, -19.35861 ], [ -55.00726, -19.35777 ], [ -55.00776, -19.3574 ], [ -55.00808, -19.35704 ], [ -55.00841, -19.35628 ], [ -55.00897, -19.35322 ], [ -55.00922, -19.35278 ], [ -55.00952, -19.35258 ], [ -55.01063, -19.3524 ], [ -55.01215, -19.35261 ], [ -55.01333, -19.35321 ], [ -55.01402, -19.35335 ], [ -55.01519, -19.35376 ], [ -55.01579, -19.35437 ], [ -55.01672, -19.35507 ], [ -55.0172, -19.35523 ], [ -55.01755, -19.3552 ], [ -55.01814, -19.35501 ], [ -55.01837, -19.35481 ], [ -55.01878, -19.35416 ], [ -55.01955, -19.35327 ], [ -55.01993, -19.35301 ], [ -55.02035, -19.35286 ], [ -55.02074, -19.35292 ], [ -55.02114, -19.35316 ], [ -55.02138, -19.35345 ], [ -55.02177, -19.35433 ], [ -55.02196, -19.35456 ], [ -55.02226, -19.35483 ], [ -55.02271, -19.35507 ], [ -55.02307, -19.35508 ], [ -55.02359, -19.35473 ], [ -55.0244, -19.35362 ], [ -55.02462, -19.35343 ], [ -55.0249, -19.35334 ], [ -55.0253, -19.35334 ], [ -55.02585, -19.35351 ], [ -55.02677, -19.35404 ], [ -55.02764, -19.35468 ], [ -55.02846, -19.3548 ], [ -55.0289, -19.3547 ], [ -55.02976, -19.35475 ], [ -55.03047, -19.35498 ], [ -55.03122, -19.35565 ], [ -55.03175, -19.35583 ], [ -55.03226, -19.35576 ], [ -55.03298, -19.35527 ], [ -55.03362, -19.35418 ], [ -55.03406, -19.35387 ], [ -55.03456, -19.35379 ], [ -55.03513, -19.35389 ], [ -55.0362, -19.35387 ], [ -55.03675, -19.35404 ], [ -55.0369, -19.35416 ], [ -55.03794, -19.35551 ], [ -55.03827, -19.35579 ], [ -55.03903, -19.35612 ], [ -55.03954, -19.35617 ], [ -55.04008, -19.35595 ], [ -55.04069, -19.35535 ], [ -55.04091, -19.35466 ], [ -55.04111, -19.35316 ], [ -55.04121, -19.35295 ], [ -55.04171, -19.35247 ], [ -55.04234, -19.35229 ], [ -55.04258, -19.35232 ], [ -55.04299, -19.35251 ], [ -55.04329, -19.35304 ], [ -55.04332, -19.35402 ], [ -55.04345, -19.35436 ], [ -55.04371, -19.35467 ], [ -55.04415, -19.35476 ], [ -55.0446, -19.35462 ], [ -55.04491, -19.35419 ], [ -55.04515, -19.35247 ], [ -55.04528, -19.35236 ], [ -55.04571, -19.35229 ], [ -55.04628, -19.35238 ], [ -55.04652, -19.35255 ], [ -55.0467, -19.3528 ], [ -55.04677, -19.35312 ], [ -55.04672, -19.35345 ], [ -55.04652, -19.35383 ], [ -55.0456, -19.35481 ], [ -55.04547, -19.3551 ], [ -55.04549, -19.3554 ], [ -55.04573, -19.35577 ], [ -55.04604, -19.35597 ], [ -55.04662, -19.35608 ], [ -55.0473, -19.35602 ], [ -55.04803, -19.35559 ], [ -55.04857, -19.35479 ], [ -55.04968, -19.35391 ], [ -55.04987, -19.35362 ], [ -55.04983, -19.35319 ], [ -55.04957, -19.35273 ], [ -55.0482, -19.35122 ], [ -55.04817, -19.35084 ], [ -55.04845, -19.35056 ], [ -55.04883, -19.35048 ], [ -55.04922, -19.35049 ], [ -55.05037, -19.35097 ], [ -55.0531, -19.35114 ], [ -55.0539, -19.35108 ], [ -55.05429, -19.3509 ], [ -55.05447, -19.35051 ], [ -55.05466, -19.34975 ], [ -55.0548, -19.34951 ], [ -55.05499, -19.34937 ], [ -55.05525, -19.34937 ], [ -55.05546, -19.34951 ], [ -55.05606, -19.35042 ], [ -55.05651, -19.35084 ], [ -55.05696, -19.35109 ], [ -55.0574, -19.35113 ], [ -55.05799, -19.35105 ], [ -55.05848, -19.35082 ], [ -55.05888, -19.35051 ], [ -55.05923, -19.3501 ], [ -55.05925, -19.3497 ], [ -55.05916, -19.34918 ], [ -55.05866, -19.34828 ], [ -55.05858, -19.34781 ], [ -55.05933, -19.34693 ], [ -55.05981, -19.34616 ], [ -55.05987, -19.34587 ], [ -55.05976, -19.34483 ], [ -55.05991, -19.34445 ], [ -55.06014, -19.34428 ], [ -55.06067, -19.34426 ], [ -55.06128, -19.34448 ], [ -55.06233, -19.34524 ], [ -55.06302, -19.3459 ], [ -55.0632, -19.34621 ], [ -55.06326, -19.3465 ], [ -55.06292, -19.34756 ], [ -55.06289, -19.34806 ], [ -55.0631, -19.34841 ], [ -55.06343, -19.34851 ], [ -55.06385, -19.34823 ], [ -55.06467, -19.34713 ], [ -55.06512, -19.34616 ], [ -55.06545, -19.34493 ], [ -55.06575, -19.34452 ], [ -55.0661, -19.34436 ], [ -55.06645, -19.34436 ], [ -55.06785, -19.34522 ], [ -55.06824, -19.34531 ], [ -55.06866, -19.34526 ], [ -55.06909, -19.34479 ], [ -55.06913, -19.34336 ], [ -55.06926, -19.343 ], [ -55.06952, -19.34273 ], [ -55.07025, -19.34247 ], [ -55.07147, -19.34247 ], [ -55.07196, -19.34238 ], [ -55.07329, -19.34159 ], [ -55.07365, -19.3412 ], [ -55.07386, -19.34109 ], [ -55.07446, -19.34102 ], [ -55.07579, -19.34124 ], [ -55.07644, -19.3416 ], [ -55.0775, -19.34246 ], [ -55.07798, -19.34268 ], [ -55.07832, -19.3427 ], [ -55.07877, -19.34246 ], [ -55.07912, -19.34205 ], [ -55.07987, -19.33997 ], [ -55.08022, -19.33967 ], [ -55.08061, -19.33959 ], [ -55.08103, -19.33973 ], [ -55.08129, -19.34001 ], [ -55.08171, -19.34149 ], [ -55.08202, -19.34197 ], [ -55.08233, -19.3422 ], [ -55.08267, -19.34233 ], [ -55.08342, -19.3422 ], [ -55.08396, -19.34184 ], [ -55.08446, -19.34107 ], [ -55.08453, -19.34054 ], [ -55.08447, -19.33986 ], [ -55.08398, -19.33857 ], [ -55.08423, -19.33812 ], [ -55.08469, -19.33788 ], [ -55.08536, -19.33785 ], [ -55.08588, -19.33815 ], [ -55.08629, -19.33866 ], [ -55.08694, -19.33991 ], [ -55.08734, -19.34042 ], [ -55.08764, -19.34066 ], [ -55.08826, -19.34087 ], [ -55.09005, -19.34123 ], [ -55.09087, -19.34118 ], [ -55.09123, -19.34109 ], [ -55.09155, -19.34093 ], [ -55.09166, -19.34063 ], [ -55.09144, -19.34013 ], [ -55.09051, -19.33894 ], [ -55.09046, -19.33867 ], [ -55.09061, -19.33835 ], [ -55.09095, -19.33807 ], [ -55.0915, -19.33782 ], [ -55.09378, -19.33754 ], [ -55.09486, -19.33722 ], [ -55.09562, -19.33681 ], [ -55.0972, -19.33555 ], [ -55.09765, -19.33507 ], [ -55.09785, -19.33464 ], [ -55.09778, -19.33437 ], [ -55.09717, -19.33359 ], [ -55.09715, -19.33307 ], [ -55.09745, -19.33274 ], [ -55.09801, -19.33248 ], [ -55.09876, -19.33237 ], [ -55.09973, -19.33239 ], [ -55.10023, -19.33259 ], [ -55.10047, -19.33289 ], [ -55.10058, -19.33332 ], [ -55.10034, -19.33451 ], [ -55.10039, -19.33511 ], [ -55.1007, -19.33544 ], [ -55.10122, -19.33542 ], [ -55.10162, -19.3351 ], [ -55.10188, -19.33433 ], [ -55.10155, -19.33166 ], [ -55.10177, -19.33119 ], [ -55.10199, -19.33101 ], [ -55.10236, -19.33085 ], [ -55.10265, -19.33086 ], [ -55.10282, -19.33096 ], [ -55.10295, -19.33129 ], [ -55.10287, -19.33329 ], [ -55.10306, -19.33422 ], [ -55.10333, -19.33463 ], [ -55.10367, -19.33494 ], [ -55.10401, -19.33503 ], [ -55.10436, -19.33497 ], [ -55.10608, -19.33386 ], [ -55.10758, -19.33333 ], [ -55.10805, -19.33288 ], [ -55.1081, -19.33243 ], [ -55.10778, -19.33141 ], [ -55.10766, -19.32993 ], [ -55.10746, -19.32948 ], [ -55.10683, -19.32877 ], [ -55.10703, -19.32834 ], [ -55.10737, -19.32816 ], [ -55.10866, -19.32796 ], [ -55.10964, -19.32732 ], [ -55.10993, -19.32723 ], [ -55.11036, -19.32727 ], [ -55.11157, -19.32773 ], [ -55.11211, -19.32774 ], [ -55.11361, -19.32657 ], [ -55.11412, -19.32659 ], [ -55.11432, -19.32667 ], [ -55.11491, -19.32716 ], [ -55.11539, -19.32783 ], [ -55.11628, -19.32947 ], [ -55.11646, -19.32973 ], [ -55.11691, -19.33011 ], [ -55.1173, -19.33015 ], [ -55.11832, -19.32945 ], [ -55.11863, -19.32931 ], [ -55.11927, -19.3294 ], [ -55.11984, -19.32983 ], [ -55.12086, -19.33091 ], [ -55.12126, -19.3315 ], [ -55.12141, -19.33193 ], [ -55.1214, -19.33283 ], [ -55.12157, -19.33325 ], [ -55.12187, -19.33357 ], [ -55.12299, -19.33438 ], [ -55.12334, -19.33478 ], [ -55.12346, -19.3351 ], [ -55.12344, -19.33539 ], [ -55.12327, -19.33573 ], [ -55.12293, -19.3361 ], [ -55.12237, -19.33641 ], [ -55.12024, -19.3371 ], [ -55.11998, -19.33726 ], [ -55.11984, -19.33747 ], [ -55.11985, -19.33794 ], [ -55.12009, -19.33834 ], [ -55.12115, -19.33928 ], [ -55.12216, -19.3398 ], [ -55.12255, -19.33988 ], [ -55.12302, -19.33989 ], [ -55.12403, -19.33973 ], [ -55.12475, -19.33981 ], [ -55.12511, -19.3402 ], [ -55.12564, -19.34148 ], [ -55.12588, -19.34175 ], [ -55.12615, -19.34189 ], [ -55.12655, -19.34185 ], [ -55.12751, -19.34129 ], [ -55.12795, -19.34127 ], [ -55.12813, -19.34155 ], [ -55.12809, -19.34252 ], [ -55.12821, -19.34282 ], [ -55.12923, -19.34307 ], [ -55.13002, -19.34353 ], [ -55.13045, -19.34348 ], [ -55.13086, -19.34313 ], [ -55.13092, -19.34274 ], [ -55.13077, -19.34165 ], [ -55.13093, -19.3413 ], [ -55.13143, -19.34135 ], [ -55.13272, -19.3421 ], [ -55.13329, -19.34227 ], [ -55.13411, -19.34229 ], [ -55.13535, -19.34196 ], [ -55.13558, -19.34198 ], [ -55.13568, -19.34212 ], [ -55.13563, -19.34231 ], [ -55.13541, -19.34263 ], [ -55.13525, -19.34314 ], [ -55.13538, -19.34343 ], [ -55.13552, -19.34353 ], [ -55.13657, -19.34383 ], [ -55.137, -19.34421 ], [ -55.13703, -19.3446 ], [ -55.1367, -19.34583 ], [ -55.13678, -19.34615 ], [ -55.13702, -19.34627 ], [ -55.13738, -19.34625 ], [ -55.13766, -19.34611 ], [ -55.13816, -19.3452 ], [ -55.13856, -19.34503 ], [ -55.13938, -19.34505 ], [ -55.14165, -19.34568 ], [ -55.14243, -19.34575 ], [ -55.14301, -19.34564 ], [ -55.14339, -19.34542 ], [ -55.1439, -19.34494 ], [ -55.14432, -19.34427 ], [ -55.14469, -19.34409 ], [ -55.1451, -19.34413 ], [ -55.14543, -19.34445 ], [ -55.14593, -19.34467 ], [ -55.14631, -19.34465 ], [ -55.14638, -19.34459 ], [ -55.14649, -19.34423 ], [ -55.14654, -19.34307 ], [ -55.14733, -19.34241 ], [ -55.14737, -19.34228 ], [ -55.14723, -19.34194 ], [ -55.14684, -19.34179 ], [ -55.14527, -19.34165 ], [ -55.14504, -19.34141 ], [ -55.14496, -19.34111 ], [ -55.14505, -19.34086 ], [ -55.14541, -19.34059 ], [ -55.14729, -19.33973 ], [ -55.14773, -19.3396 ], [ -55.14831, -19.33956 ], [ -55.14951, -19.33979 ], [ -55.14995, -19.33969 ], [ -55.15054, -19.33917 ], [ -55.15065, -19.33857 ], [ -55.15096, -19.33784 ], [ -55.15137, -19.33752 ], [ -55.15193, -19.33734 ], [ -55.15241, -19.33737 ], [ -55.15336, -19.33779 ], [ -55.15472, -19.33859 ], [ -55.15536, -19.33864 ], [ -55.15548, -19.33853 ], [ -55.15544, -19.33821 ], [ -55.15476, -19.33749 ], [ -55.1545, -19.33709 ], [ -55.15453, -19.33688 ], [ -55.15487, -19.33676 ], [ -55.15665, -19.33709 ], [ -55.15719, -19.33713 ], [ -55.15755, -19.33704 ], [ -55.15826, -19.3361 ], [ -55.15931, -19.33526 ], [ -55.15937, -19.33499 ], [ -55.15911, -19.33421 ], [ -55.15933, -19.33386 ], [ -55.15965, -19.33369 ], [ -55.16036, -19.33363 ], [ -55.16217, -19.33367 ], [ -55.16313, -19.33379 ], [ -55.1636, -19.33401 ], [ -55.16425, -19.33466 ], [ -55.16484, -19.33483 ], [ -55.16509, -19.33475 ], [ -55.16527, -19.33446 ], [ -55.16521, -19.33373 ], [ -55.16503, -19.33342 ], [ -55.16509, -19.33317 ], [ -55.16566, -19.33285 ], [ -55.16675, -19.33292 ], [ -55.16752, -19.33315 ], [ -55.1695, -19.33341 ], [ -55.16998, -19.33334 ], [ -55.17023, -19.33294 ], [ -55.17045, -19.33225 ], [ -55.1705, -19.33101 ], [ -55.17033, -19.33038 ], [ -55.16964, -19.32947 ], [ -55.16955, -19.32904 ], [ -55.16972, -19.32864 ], [ -55.17005, -19.32825 ], [ -55.17047, -19.32796 ], [ -55.1705, -19.32773 ], [ -55.17039, -19.32742 ], [ -55.17049, -19.32661 ], [ -55.17081, -19.32627 ], [ -55.17136, -19.32622 ], [ -55.17158, -19.32633 ], [ -55.17199, -19.32686 ], [ -55.17242, -19.32719 ], [ -55.17287, -19.32729 ], [ -55.17331, -19.32722 ], [ -55.17348, -19.32685 ], [ -55.17285, -19.32591 ], [ -55.17287, -19.32571 ], [ -55.17332, -19.32525 ], [ -55.17377, -19.32493 ], [ -55.17417, -19.32387 ], [ -55.1751, -19.3231 ], [ -55.17532, -19.32276 ], [ -55.17551, -19.3222 ], [ -55.17569, -19.32212 ], [ -55.17601, -19.3225 ], [ -55.17667, -19.32255 ], [ -55.17695, -19.32234 ], [ -55.17699, -19.322 ], [ -55.17687, -19.32162 ], [ -55.17578, -19.3203 ], [ -55.17556, -19.31952 ], [ -55.17558, -19.31895 ], [ -55.17584, -19.31839 ], [ -55.17613, -19.31823 ], [ -55.17727, -19.31789 ], [ -55.17776, -19.31763 ], [ -55.17868, -19.31664 ], [ -55.1788, -19.3164 ], [ -55.17867, -19.31615 ], [ -55.17835, -19.31606 ], [ -55.17714, -19.31612 ], [ -55.17691, -19.31592 ], [ -55.17684, -19.31556 ], [ -55.17697, -19.31529 ], [ -55.17728, -19.3151 ], [ -55.17798, -19.31437 ], [ -55.1785, -19.31357 ], [ -55.17932, -19.31308 ], [ -55.17951, -19.31287 ], [ -55.1796, -19.31248 ], [ -55.17945, -19.31148 ], [ -55.1796, -19.31092 ], [ -55.17983, -19.31073 ], [ -55.18073, -19.31048 ], [ -55.18157, -19.30979 ], [ -55.182, -19.30968 ], [ -55.18243, -19.30992 ], [ -55.18326, -19.31119 ], [ -55.18368, -19.31126 ], [ -55.18408, -19.31115 ], [ -55.18423, -19.31095 ], [ -55.18424, -19.31057 ], [ -55.1839, -19.30981 ], [ -55.18389, -19.30945 ], [ -55.18405, -19.30921 ], [ -55.18494, -19.30862 ], [ -55.18514, -19.30827 ], [ -55.18505, -19.30805 ], [ -55.18474, -19.30794 ], [ -55.1843, -19.30764 ], [ -55.18421, -19.30738 ], [ -55.18429, -19.30717 ], [ -55.18474, -19.30661 ], [ -55.18515, -19.30652 ], [ -55.18627, -19.30661 ], [ -55.18658, -19.30656 ], [ -55.18669, -19.30645 ], [ -55.18692, -19.30577 ], [ -55.18717, -19.30556 ], [ -55.1878, -19.30554 ], [ -55.18844, -19.30574 ], [ -55.18892, -19.30604 ], [ -55.19062, -19.30752 ], [ -55.19101, -19.3076 ], [ -55.19135, -19.30744 ], [ -55.19195, -19.30619 ], [ -55.19199, -19.30584 ], [ -55.1919, -19.30565 ], [ -55.19171, -19.30556 ], [ -55.19109, -19.30545 ], [ -55.19093, -19.30517 ], [ -55.19093, -19.30476 ], [ -55.19107, -19.30399 ], [ -55.19124, -19.30354 ], [ -55.19127, -19.303 ], [ -55.19113, -19.30226 ], [ -55.19074, -19.30178 ], [ -55.19066, -19.30152 ], [ -55.19078, -19.30125 ], [ -55.19129, -19.30066 ], [ -55.19128, -19.29967 ], [ -55.19193, -19.29893 ], [ -55.19217, -19.2977 ], [ -55.19263, -19.29742 ], [ -55.19412, -19.29703 ], [ -55.19448, -19.29625 ], [ -55.19462, -19.29611 ], [ -55.19593, -19.29587 ], [ -55.19639, -19.29557 ], [ -55.19679, -19.29479 ], [ -55.19672, -19.29455 ], [ -55.19617, -19.29377 ], [ -55.1962, -19.29342 ], [ -55.19651, -19.2931 ], [ -55.19744, -19.29283 ], [ -55.1979, -19.29247 ], [ -55.19834, -19.29185 ], [ -55.19871, -19.29068 ], [ -55.19919, -19.29024 ], [ -55.19964, -19.28997 ], [ -55.20024, -19.28876 ], [ -55.2009, -19.28803 ], [ -55.20126, -19.28785 ], [ -55.20179, -19.28783 ], [ -55.20287, -19.28852 ], [ -55.20339, -19.28865 ], [ -55.20393, -19.28856 ], [ -55.2044, -19.28826 ], [ -55.20461, -19.28778 ], [ -55.20453, -19.28697 ], [ -55.20436, -19.2864 ], [ -55.20383, -19.28559 ], [ -55.20377, -19.28542 ], [ -55.20383, -19.28518 ], [ -55.20397, -19.28503 ], [ -55.20492, -19.28466 ], [ -55.20579, -19.28408 ], [ -55.20629, -19.28412 ], [ -55.20759, -19.28396 ], [ -55.2079, -19.28425 ], [ -55.20842, -19.28514 ], [ -55.20868, -19.28531 ], [ -55.20891, -19.28536 ], [ -55.20911, -19.28536 ], [ -55.20932, -19.28522 ], [ -55.2094, -19.28469 ], [ -55.20937, -19.28421 ], [ -55.20957, -19.28397 ], [ -55.20974, -19.28392 ], [ -55.21008, -19.28404 ], [ -55.2104, -19.28444 ], [ -55.21086, -19.28468 ], [ -55.21129, -19.28475 ], [ -55.21168, -19.28471 ], [ -55.21187, -19.28449 ], [ -55.21197, -19.28409 ], [ -55.21188, -19.28337 ], [ -55.21169, -19.28269 ], [ -55.21195, -19.28237 ], [ -55.21299, -19.28151 ], [ -55.21336, -19.28129 ], [ -55.2136, -19.28126 ], [ -55.21382, -19.28134 ], [ -55.21398, -19.2815 ], [ -55.21429, -19.28217 ], [ -55.21477, -19.28253 ], [ -55.21533, -19.28266 ], [ -55.21599, -19.28256 ], [ -55.21646, -19.28221 ], [ -55.21698, -19.2815 ], [ -55.21697, -19.28122 ], [ -55.21659, -19.28052 ], [ -55.21666, -19.28018 ], [ -55.21716, -19.27962 ], [ -55.21762, -19.2795 ], [ -55.21825, -19.27954 ], [ -55.21847, -19.27971 ], [ -55.2188, -19.28071 ], [ -55.21908, -19.28104 ], [ -55.21955, -19.2812 ], [ -55.22042, -19.28122 ], [ -55.22087, -19.28159 ], [ -55.2211, -19.28201 ], [ -55.22133, -19.28294 ], [ -55.22168, -19.28374 ], [ -55.22186, -19.28463 ], [ -55.22219, -19.28498 ], [ -55.22269, -19.28505 ], [ -55.22296, -19.28498 ], [ -55.22321, -19.28473 ], [ -55.22334, -19.28436 ], [ -55.22311, -19.28343 ], [ -55.22316, -19.28306 ], [ -55.22341, -19.28269 ], [ -55.22422, -19.28199 ], [ -55.22429, -19.28184 ], [ -55.22426, -19.28159 ], [ -55.22317, -19.28049 ], [ -55.22331, -19.28019 ], [ -55.22381, -19.28011 ], [ -55.2243, -19.28022 ], [ -55.22506, -19.28069 ], [ -55.22546, -19.28082 ], [ -55.22613, -19.28084 ], [ -55.22644, -19.2806 ], [ -55.22659, -19.28004 ], [ -55.22647, -19.27966 ], [ -55.22583, -19.27845 ], [ -55.22571, -19.27785 ], [ -55.22575, -19.27733 ], [ -55.22618, -19.27645 ], [ -55.22709, -19.27576 ], [ -55.22738, -19.27538 ], [ -55.22779, -19.27444 ], [ -55.22831, -19.27245 ], [ -55.22873, -19.27155 ], [ -55.22954, -19.27097 ], [ -55.23113, -19.2706 ], [ -55.23201, -19.27024 ], [ -55.23255, -19.26976 ], [ -55.2335, -19.26842 ], [ -55.2346, -19.26758 ], [ -55.23515, -19.26684 ], [ -55.23566, -19.2667 ], [ -55.23633, -19.26707 ], [ -55.23656, -19.26701 ], [ -55.23674, -19.26641 ], [ -55.2367, -19.26615 ], [ -55.2369, -19.26586 ], [ -55.23729, -19.26581 ], [ -55.23871, -19.2662 ], [ -55.2392, -19.2661 ], [ -55.23958, -19.26585 ], [ -55.23986, -19.2655 ], [ -55.24009, -19.26498 ], [ -55.24025, -19.26398 ], [ -55.24023, -19.26318 ], [ -55.24051, -19.26251 ], [ -55.24073, -19.26158 ], [ -55.24093, -19.2615 ], [ -55.24122, -19.26158 ], [ -55.24197, -19.26137 ], [ -55.24221, -19.26107 ], [ -55.2423, -19.26076 ], [ -55.24225, -19.26044 ], [ -55.24244, -19.2603 ], [ -55.24282, -19.26031 ], [ -55.24315, -19.2602 ], [ -55.24344, -19.26 ], [ -55.24355, -19.25957 ], [ -55.24347, -19.25913 ], [ -55.24326, -19.25869 ], [ -55.24352, -19.25823 ], [ -55.2451, -19.25778 ], [ -55.24615, -19.25796 ], [ -55.24638, -19.25762 ], [ -55.24629, -19.25719 ], [ -55.2461, -19.25696 ], [ -55.2462, -19.25662 ], [ -55.24651, -19.25659 ], [ -55.24682, -19.25679 ], [ -55.24732, -19.25686 ], [ -55.24746, -19.25664 ], [ -55.24728, -19.25548 ], [ -55.24744, -19.25497 ], [ -55.2481, -19.25395 ], [ -55.24819, -19.25368 ], [ -55.24933, -19.25307 ], [ -55.24952, -19.2523 ], [ -55.24971, -19.25197 ], [ -55.25057, -19.25158 ], [ -55.25122, -19.25085 ], [ -55.25135, -19.25079 ], [ -55.25211, -19.25071 ], [ -55.25299, -19.2504 ], [ -55.2535, -19.25041 ], [ -55.25475, -19.25072 ], [ -55.25546, -19.25077 ], [ -55.25667, -19.25067 ], [ -55.25798, -19.25035 ], [ -55.25861, -19.25005 ], [ -55.25952, -19.24927 ], [ -55.26096, -19.24872 ], [ -55.26184, -19.24791 ], [ -55.26226, -19.24772 ], [ -55.26275, -19.24777 ], [ -55.26319, -19.24826 ], [ -55.26401, -19.24885 ], [ -55.26442, -19.24898 ], [ -55.26483, -19.24898 ], [ -55.26583, -19.24875 ], [ -55.26733, -19.24883 ], [ -55.26753, -19.24891 ], [ -55.26765, -19.24922 ], [ -55.26795, -19.24947 ], [ -55.26837, -19.24962 ], [ -55.26882, -19.24961 ], [ -55.26965, -19.24934 ], [ -55.26998, -19.24935 ], [ -55.27124, -19.25073 ], [ -55.27155, -19.25097 ], [ -55.27256, -19.25144 ], [ -55.27338, -19.25147 ], [ -55.27405, -19.25124 ], [ -55.27423, -19.25108 ], [ -55.27484, -19.25004 ], [ -55.27589, -19.24989 ], [ -55.27612, -19.24964 ], [ -55.27638, -19.24902 ], [ -55.27673, -19.24894 ], [ -55.27694, -19.249 ], [ -55.27721, -19.24939 ], [ -55.27777, -19.24992 ], [ -55.27936, -19.2499 ], [ -55.27967, -19.25002 ], [ -55.28041, -19.25055 ], [ -55.28087, -19.25073 ], [ -55.28164, -19.2508 ], [ -55.28196, -19.25063 ], [ -55.28222, -19.25036 ], [ -55.28272, -19.25045 ], [ -55.2832, -19.2509 ], [ -55.28332, -19.25141 ], [ -55.2833, -19.25175 ], [ -55.2834, -19.25195 ], [ -55.28366, -19.2522 ], [ -55.28391, -19.2523 ], [ -55.28491, -19.25234 ], [ -55.28517, -19.25211 ], [ -55.28551, -19.25195 ], [ -55.28641, -19.25188 ], [ -55.28902, -19.25274 ], [ -55.29087, -19.25301 ], [ -55.29168, -19.25325 ], [ -55.29199, -19.25348 ], [ -55.29224, -19.25386 ], [ -55.29327, -19.25482 ], [ -55.29394, -19.25606 ], [ -55.29427, -19.25632 ], [ -55.29447, -19.25634 ], [ -55.29504, -19.25616 ], [ -55.29528, -19.25591 ], [ -55.29588, -19.25585 ], [ -55.2963, -19.25609 ], [ -55.29709, -19.25704 ], [ -55.29749, -19.25717 ], [ -55.29787, -19.25718 ], [ -55.29805, -19.25714 ], [ -55.29854, -19.2568 ], [ -55.29917, -19.25573 ], [ -55.29967, -19.25566 ], [ -55.30003, -19.2559 ], [ -55.30016, -19.25691 ], [ -55.30032, -19.25714 ], [ -55.30067, -19.25738 ], [ -55.30188, -19.25756 ], [ -55.30258, -19.2579 ], [ -55.30437, -19.25793 ], [ -55.30464, -19.25777 ], [ -55.30473, -19.25734 ], [ -55.3047, -19.25703 ], [ -55.30539, -19.25656 ], [ -55.30553, -19.25637 ], [ -55.30553, -19.25617 ], [ -55.30542, -19.25598 ], [ -55.3051, -19.25571 ], [ -55.30517, -19.25542 ], [ -55.30565, -19.25535 ], [ -55.30675, -19.25542 ], [ -55.30702, -19.25521 ], [ -55.30704, -19.2549 ], [ -55.30673, -19.25436 ], [ -55.30636, -19.25398 ], [ -55.30645, -19.25349 ], [ -55.30671, -19.25315 ], [ -55.30709, -19.25301 ], [ -55.30763, -19.25302 ], [ -55.31006, -19.25367 ], [ -55.31072, -19.25346 ], [ -55.31108, -19.2531 ], [ -55.31112, -19.25291 ], [ -55.31104, -19.25266 ], [ -55.31024, -19.25195 ], [ -55.31016, -19.25153 ], [ -55.31049, -19.25097 ], [ -55.31144, -19.2502 ], [ -55.31159, -19.24989 ], [ -55.31162, -19.24952 ], [ -55.31149, -19.24929 ], [ -55.31125, -19.2491 ], [ -55.31023, -19.24908 ], [ -55.31002, -19.24893 ], [ -55.30995, -19.24847 ], [ -55.31006, -19.24755 ], [ -55.31002, -19.2472 ], [ -55.31028, -19.24684 ], [ -55.31063, -19.24654 ], [ -55.3106, -19.24627 ], [ -55.30971, -19.24574 ], [ -55.30981, -19.24547 ], [ -55.31001, -19.24537 ], [ -55.31044, -19.24531 ], [ -55.31187, -19.24575 ], [ -55.31289, -19.24566 ], [ -55.31328, -19.24548 ], [ -55.3137, -19.24512 ], [ -55.31424, -19.24415 ], [ -55.31449, -19.24402 ], [ -55.31515, -19.24388 ], [ -55.31562, -19.24342 ], [ -55.31578, -19.24339 ], [ -55.3162, -19.24353 ], [ -55.317, -19.24354 ], [ -55.31758, -19.2434 ], [ -55.31782, -19.24325 ], [ -55.31849, -19.24243 ], [ -55.31952, -19.2415 ], [ -55.31964, -19.24105 ], [ -55.31958, -19.24051 ], [ -55.31965, -19.23924 ], [ -55.3198, -19.23889 ], [ -55.32009, -19.23869 ], [ -55.32049, -19.23863 ], [ -55.32075, -19.23868 ], [ -55.32094, -19.23884 ], [ -55.32158, -19.23983 ], [ -55.32208, -19.24016 ], [ -55.32247, -19.24017 ], [ -55.3228, -19.24006 ], [ -55.32308, -19.23982 ], [ -55.32316, -19.23959 ], [ -55.32324, -19.23868 ], [ -55.32339, -19.23848 ], [ -55.32366, -19.23832 ], [ -55.32571, -19.23768 ], [ -55.3263, -19.23782 ], [ -55.32704, -19.23843 ], [ -55.32754, -19.23852 ], [ -55.32779, -19.23835 ], [ -55.32804, -19.23775 ], [ -55.32826, -19.23754 ], [ -55.32871, -19.23742 ], [ -55.32937, -19.23744 ], [ -55.33008, -19.23764 ], [ -55.33045, -19.23791 ], [ -55.33065, -19.23818 ], [ -55.33075, -19.23867 ], [ -55.33062, -19.23923 ], [ -55.33057, -19.24003 ], [ -55.33078, -19.24038 ], [ -55.33132, -19.24051 ], [ -55.33177, -19.24046 ], [ -55.33229, -19.24125 ], [ -55.33264, -19.24146 ], [ -55.33312, -19.24131 ], [ -55.33347, -19.24068 ], [ -55.33372, -19.24064 ], [ -55.33499, -19.24206 ], [ -55.33592, -19.24264 ], [ -55.33641, -19.24286 ], [ -55.33716, -19.24293 ], [ -55.33834, -19.24269 ], [ -55.33892, -19.24291 ], [ -55.33985, -19.24346 ], [ -55.34007, -19.24423 ], [ -55.34091, -19.24468 ], [ -55.34098, -19.24494 ], [ -55.34084, -19.2452 ], [ -55.34082, -19.24551 ], [ -55.34106, -19.24577 ], [ -55.34141, -19.24581 ], [ -55.34217, -19.24568 ], [ -55.34238, -19.24543 ], [ -55.34418, -19.24449 ], [ -55.34469, -19.24434 ], [ -55.34508, -19.24438 ], [ -55.34559, -19.24476 ], [ -55.34586, -19.24531 ], [ -55.34559, -19.24652 ], [ -55.34563, -19.24685 ], [ -55.34593, -19.24706 ], [ -55.34655, -19.24697 ], [ -55.34676, -19.24702 ], [ -55.34692, -19.24711 ], [ -55.347, -19.24726 ], [ -55.34689, -19.24757 ], [ -55.3462, -19.24809 ], [ -55.34619, -19.24834 ], [ -55.34632, -19.24856 ], [ -55.34695, -19.24897 ], [ -55.34849, -19.24918 ], [ -55.34931, -19.24967 ], [ -55.35116, -19.25036 ], [ -55.35135, -19.25052 ], [ -55.35142, -19.2508 ], [ -55.35102, -19.25151 ], [ -55.35103, -19.25165 ], [ -55.35148, -19.25215 ], [ -55.35248, -19.25281 ], [ -55.3527, -19.25325 ], [ -55.35289, -19.25417 ], [ -55.35284, -19.25475 ], [ -55.35254, -19.25538 ], [ -55.35165, -19.25639 ], [ -55.3515, -19.25745 ], [ -55.35115, -19.25825 ], [ -55.35121, -19.26124 ], [ -55.35113, -19.2616 ], [ -55.35067, -19.26249 ], [ -55.35063, -19.26311 ], [ -55.35071, -19.26346 ], [ -55.35116, -19.26398 ], [ -55.35191, -19.2643 ], [ -55.35385, -19.26454 ], [ -55.35628, -19.26433 ], [ -55.3573, -19.26441 ], [ -55.35773, -19.26476 ], [ -55.35809, -19.26561 ], [ -55.35849, -19.26608 ], [ -55.35884, -19.26629 ], [ -55.35931, -19.26638 ], [ -55.35995, -19.26621 ], [ -55.36094, -19.26537 ], [ -55.36135, -19.26515 ], [ -55.36298, -19.26505 ], [ -55.36387, -19.26479 ], [ -55.36429, -19.26453 ], [ -55.36522, -19.26367 ], [ -55.3655, -19.26353 ], [ -55.36586, -19.26364 ], [ -55.36627, -19.26395 ], [ -55.36692, -19.26464 ], [ -55.36726, -19.26487 ], [ -55.36772, -19.26506 ], [ -55.36804, -19.26505 ], [ -55.36831, -19.26488 ], [ -55.36866, -19.26435 ], [ -55.36884, -19.26391 ], [ -55.36944, -19.26321 ], [ -55.37019, -19.26278 ], [ -55.37172, -19.26229 ], [ -55.3734, -19.2609 ], [ -55.37392, -19.25999 ], [ -55.37385, -19.25973 ], [ -55.37341, -19.25915 ], [ -55.37341, -19.2588 ], [ -55.37365, -19.2585 ], [ -55.37439, -19.25798 ], [ -55.37498, -19.25772 ], [ -55.37601, -19.25813 ], [ -55.37718, -19.25822 ], [ -55.37999, -19.25769 ], [ -55.3804, -19.25785 ], [ -55.38122, -19.25844 ], [ -55.3818, -19.25863 ], [ -55.38216, -19.25858 ], [ -55.38237, -19.25844 ], [ -55.38327, -19.25814 ], [ -55.38459, -19.2582 ], [ -55.38612, -19.258 ], [ -55.38756, -19.2582 ], [ -55.38901, -19.25862 ], [ -55.39015, -19.25907 ], [ -55.39111, -19.2596 ], [ -55.39162, -19.26019 ], [ -55.39295, -19.26224 ], [ -55.39319, -19.26247 ], [ -55.39348, -19.26256 ], [ -55.39392, -19.26249 ], [ -55.39408, -19.26233 ], [ -55.39415, -19.26198 ], [ -55.39411, -19.26175 ], [ -55.39375, -19.26108 ], [ -55.39327, -19.26061 ], [ -55.39336, -19.26033 ], [ -55.39363, -19.26018 ], [ -55.39414, -19.26008 ], [ -55.39516, -19.26001 ], [ -55.39566, -19.26011 ], [ -55.39603, -19.26031 ], [ -55.39652, -19.26075 ], [ -55.39742, -19.26192 ], [ -55.39742, -19.26236 ], [ -55.39687, -19.26328 ], [ -55.39694, -19.26369 ], [ -55.39727, -19.26388 ], [ -55.39874, -19.26421 ], [ -55.39895, -19.26433 ], [ -55.39912, -19.26459 ], [ -55.39899, -19.26524 ], [ -55.39912, -19.26543 ], [ -55.39955, -19.2656 ], [ -55.40007, -19.26559 ], [ -55.40075, -19.26532 ], [ -55.4019, -19.26514 ], [ -55.40217, -19.26492 ], [ -55.40243, -19.26442 ], [ -55.40266, -19.26425 ], [ -55.40305, -19.26425 ], [ -55.40332, -19.26443 ], [ -55.40359, -19.26448 ], [ -55.40378, -19.26442 ], [ -55.40388, -19.26422 ], [ -55.40374, -19.26339 ], [ -55.40377, -19.2632 ], [ -55.40494, -19.262 ], [ -55.40553, -19.26117 ], [ -55.40584, -19.26095 ], [ -55.40604, -19.26103 ], [ -55.40614, -19.26143 ], [ -55.40634, -19.26176 ], [ -55.4066, -19.26191 ], [ -55.40705, -19.26179 ], [ -55.40818, -19.26089 ], [ -55.40877, -19.26069 ], [ -55.40939, -19.26081 ], [ -55.41028, -19.26142 ], [ -55.41078, -19.2615 ], [ -55.41107, -19.26121 ], [ -55.41153, -19.25979 ], [ -55.41174, -19.2594 ], [ -55.41199, -19.25919 ], [ -55.41218, -19.25913 ], [ -55.41238, -19.25934 ], [ -55.41224, -19.261 ], [ -55.41236, -19.2614 ], [ -55.41264, -19.26158 ], [ -55.41291, -19.26165 ], [ -55.41321, -19.26162 ], [ -55.41391, -19.26125 ], [ -55.41475, -19.26047 ], [ -55.41516, -19.2603 ], [ -55.41578, -19.26037 ], [ -55.41676, -19.26091 ], [ -55.41745, -19.26084 ], [ -55.41867, -19.26005 ], [ -55.41961, -19.25879 ], [ -55.42008, -19.25834 ], [ -55.42055, -19.25815 ], [ -55.42162, -19.25798 ], [ -55.42204, -19.25775 ], [ -55.42253, -19.25722 ], [ -55.4234, -19.25592 ], [ -55.42465, -19.25465 ], [ -55.42467, -19.25425 ], [ -55.42446, -19.25387 ], [ -55.42331, -19.25293 ], [ -55.4229, -19.25242 ], [ -55.42296, -19.25209 ], [ -55.42347, -19.25183 ], [ -55.42376, -19.25186 ], [ -55.42486, -19.25246 ], [ -55.42542, -19.25257 ], [ -55.42571, -19.25244 ], [ -55.4258, -19.25227 ], [ -55.4258, -19.25194 ], [ -55.42567, -19.25163 ], [ -55.42503, -19.25096 ], [ -55.42431, -19.25043 ], [ -55.42416, -19.24997 ], [ -55.42345, -19.24888 ], [ -55.4234, -19.24866 ], [ -55.4235, -19.24841 ], [ -55.4238, -19.24819 ], [ -55.42412, -19.24813 ], [ -55.42583, -19.24862 ], [ -55.42619, -19.24865 ], [ -55.42644, -19.24858 ], [ -55.42661, -19.24825 ], [ -55.42661, -19.24782 ], [ -55.42599, -19.247 ], [ -55.42605, -19.24657 ], [ -55.42616, -19.24647 ], [ -55.4266, -19.24639 ], [ -55.42787, -19.24641 ], [ -55.42818, -19.24614 ], [ -55.42816, -19.24589 ], [ -55.42804, -19.24567 ], [ -55.42719, -19.24484 ], [ -55.42714, -19.24455 ], [ -55.42747, -19.24425 ], [ -55.42774, -19.24418 ], [ -55.42818, -19.24427 ], [ -55.42924, -19.24502 ], [ -55.42991, -19.24515 ], [ -55.43028, -19.24502 ], [ -55.43096, -19.24435 ], [ -55.43164, -19.24384 ], [ -55.43191, -19.24331 ], [ -55.4319, -19.24288 ], [ -55.43174, -19.24268 ], [ -55.43082, -19.24215 ], [ -55.43065, -19.24193 ], [ -55.43054, -19.24155 ], [ -55.43069, -19.24111 ], [ -55.43131, -19.24076 ], [ -55.433, -19.24046 ], [ -55.43421, -19.24009 ], [ -55.43526, -19.23935 ], [ -55.43581, -19.23863 ], [ -55.43595, -19.23832 ], [ -55.43603, -19.23774 ], [ -55.43595, -19.2375 ], [ -55.43583, -19.23734 ], [ -55.43557, -19.23721 ], [ -55.43491, -19.23738 ], [ -55.43378, -19.23801 ], [ -55.43356, -19.23794 ], [ -55.4333, -19.23737 ], [ -55.43337, -19.23698 ], [ -55.43371, -19.23649 ], [ -55.43397, -19.2363 ], [ -55.43463, -19.23597 ], [ -55.43511, -19.23587 ], [ -55.43568, -19.23588 ], [ -55.43634, -19.23626 ], [ -55.43722, -19.23726 ], [ -55.43771, -19.23743 ], [ -55.43828, -19.23741 ], [ -55.43857, -19.2372 ], [ -55.43864, -19.23701 ], [ -55.43865, -19.23677 ], [ -55.43832, -19.23583 ], [ -55.43843, -19.2355 ], [ -55.43862, -19.2354 ], [ -55.44038, -19.23478 ], [ -55.441, -19.23446 ], [ -55.44233, -19.23356 ], [ -55.4431, -19.23324 ], [ -55.44509, -19.23349 ], [ -55.44562, -19.23338 ], [ -55.44578, -19.23319 ], [ -55.44579, -19.233 ], [ -55.44552, -19.23238 ], [ -55.44577, -19.23214 ], [ -55.44671, -19.23203 ], [ -55.44706, -19.23185 ], [ -55.44771, -19.23074 ], [ -55.44828, -19.2293 ], [ -55.44992, -19.2265 ], [ -55.45014, -19.22546 ], [ -55.45086, -19.22323 ], [ -55.45148, -19.22229 ], [ -55.45218, -19.22169 ], [ -55.4538, -19.22107 ], [ -55.45447, -19.22062 ], [ -55.45631, -19.22037 ], [ -55.45793, -19.22004 ], [ -55.46077, -19.21901 ], [ -55.46125, -19.21902 ], [ -55.46194, -19.21955 ], [ -55.46222, -19.21947 ], [ -55.46248, -19.21912 ], [ -55.46306, -19.21873 ], [ -55.46327, -19.21869 ], [ -55.46495, -19.21865 ], [ -55.46548, -19.21895 ], [ -55.46626, -19.21896 ], [ -55.46695, -19.21854 ], [ -55.46816, -19.21763 ], [ -55.46896, -19.21763 ], [ -55.46918, -19.21779 ], [ -55.46924, -19.21849 ], [ -55.46919, -19.21896 ], [ -55.46964, -19.21975 ], [ -55.46969, -19.22022 ], [ -55.4695, -19.22081 ], [ -55.46827, -19.2231 ], [ -55.46826, -19.22362 ], [ -55.4686, -19.22495 ], [ -55.46836, -19.2256 ], [ -55.46779, -19.22643 ], [ -55.46779, -19.22669 ], [ -55.46797, -19.22694 ], [ -55.46819, -19.22708 ], [ -55.46851, -19.22712 ], [ -55.46896, -19.22686 ], [ -55.4699, -19.22585 ], [ -55.47034, -19.22577 ], [ -55.47116, -19.22591 ], [ -55.47213, -19.22672 ], [ -55.47221, -19.2269 ], [ -55.47217, -19.2281 ], [ -55.47225, -19.22829 ], [ -55.47241, -19.22843 ], [ -55.47356, -19.22875 ], [ -55.47434, -19.22885 ], [ -55.4748, -19.22875 ], [ -55.4756, -19.22837 ], [ -55.47598, -19.22836 ], [ -55.47616, -19.22847 ], [ -55.47622, -19.2288 ], [ -55.47597, -19.22989 ], [ -55.47565, -19.23049 ], [ -55.47561, -19.23072 ], [ -55.47566, -19.23147 ], [ -55.47597, -19.23192 ], [ -55.47636, -19.23184 ], [ -55.47711, -19.23092 ], [ -55.47727, -19.23079 ], [ -55.47745, -19.23079 ], [ -55.47763, -19.23087 ], [ -55.47775, -19.23106 ], [ -55.47787, -19.23151 ], [ -55.4782, -19.23171 ], [ -55.47893, -19.23177 ], [ -55.48059, -19.23154 ], [ -55.48155, -19.23167 ], [ -55.48258, -19.2322 ], [ -55.48329, -19.23309 ], [ -55.48363, -19.23329 ], [ -55.48417, -19.23324 ], [ -55.48472, -19.23249 ], [ -55.48521, -19.23229 ], [ -55.48547, -19.23231 ], [ -55.48583, -19.23267 ], [ -55.48599, -19.23296 ], [ -55.48637, -19.23319 ], [ -55.48693, -19.23297 ], [ -55.4873, -19.23257 ], [ -55.48805, -19.23235 ], [ -55.48817, -19.23244 ], [ -55.48821, -19.23271 ], [ -55.48802, -19.23359 ], [ -55.48803, -19.23382 ], [ -55.48827, -19.23424 ], [ -55.48899, -19.23469 ], [ -55.48919, -19.23502 ], [ -55.48917, -19.23538 ], [ -55.48897, -19.23565 ], [ -55.48848, -19.23602 ], [ -55.48813, -19.23644 ], [ -55.48804, -19.23742 ], [ -55.48806, -19.23828 ], [ -55.48752, -19.23903 ], [ -55.48672, -19.24041 ], [ -55.48528, -19.2425 ], [ -55.48498, -19.2428 ], [ -55.48479, -19.24293 ], [ -55.48423, -19.24295 ], [ -55.48361, -19.24245 ], [ -55.48324, -19.24198 ], [ -55.48302, -19.24194 ], [ -55.48187, -19.24277 ], [ -55.48012, -19.24349 ], [ -55.47985, -19.24378 ], [ -55.47977, -19.24403 ], [ -55.47992, -19.24437 ], [ -55.48166, -19.24528 ], [ -55.48182, -19.24547 ], [ -55.48178, -19.24601 ], [ -55.48099, -19.24752 ], [ -55.48092, -19.24788 ], [ -55.48103, -19.24821 ], [ -55.48145, -19.24855 ], [ -55.48202, -19.2484 ], [ -55.48247, -19.24816 ], [ -55.48288, -19.24828 ], [ -55.48338, -19.24874 ], [ -55.48372, -19.24956 ], [ -55.48375, -19.25054 ], [ -55.48328, -19.25179 ], [ -55.48327, -19.25282 ], [ -55.48286, -19.25454 ], [ -55.48333, -19.25551 ], [ -55.48342, -19.25674 ], [ -55.48437, -19.25817 ], [ -55.48531, -19.2591 ], [ -55.48615, -19.25947 ], [ -55.48748, -19.26023 ], [ -55.48791, -19.26089 ], [ -55.48844, -19.26212 ], [ -55.48929, -19.26368 ], [ -55.48985, -19.26432 ], [ -55.49111, -19.265 ], [ -55.49154, -19.26566 ], [ -55.49171, -19.26609 ], [ -55.492, -19.2664 ], [ -55.49249, -19.26667 ], [ -55.49743, -19.26812 ], [ -55.49786, -19.26844 ], [ -55.49827, -19.2696 ], [ -55.49843, -19.2697 ], [ -55.49899, -19.26969 ], [ -55.49969, -19.26905 ], [ -55.49994, -19.26895 ], [ -55.50028, -19.26894 ], [ -55.50056, -19.26904 ], [ -55.50068, -19.2693 ], [ -55.50043, -19.27049 ], [ -55.50052, -19.27066 ], [ -55.50097, -19.27091 ], [ -55.50225, -19.27142 ], [ -55.50261, -19.27171 ], [ -55.50373, -19.27144 ], [ -55.50403, -19.27146 ], [ -55.50421, -19.27156 ], [ -55.50439, -19.27253 ], [ -55.50463, -19.27316 ], [ -55.50567, -19.27382 ], [ -55.50642, -19.2748 ], [ -55.5064, -19.27522 ], [ -55.50594, -19.27588 ], [ -55.506, -19.27612 ], [ -55.50612, -19.27621 ], [ -55.50682, -19.27612 ], [ -55.50764, -19.27621 ], [ -55.50801, -19.27651 ], [ -55.5084, -19.27721 ], [ -55.50864, -19.27734 ], [ -55.50886, -19.27733 ], [ -55.50902, -19.27716 ], [ -55.50984, -19.27539 ], [ -55.51051, -19.27442 ], [ -55.51072, -19.27364 ], [ -55.5111, -19.27342 ], [ -55.51166, -19.2735 ], [ -55.5122, -19.27402 ], [ -55.51257, -19.27463 ], [ -55.51277, -19.27515 ], [ -55.51293, -19.27605 ], [ -55.51321, -19.27628 ], [ -55.5149, -19.27573 ], [ -55.51514, -19.27579 ], [ -55.51543, -19.27599 ], [ -55.51565, -19.27653 ], [ -55.51577, -19.2771 ], [ -55.51613, -19.27732 ], [ -55.51645, -19.27727 ], [ -55.5172, -19.2767 ], [ -55.51747, -19.27661 ], [ -55.51979, -19.27714 ], [ -55.5207, -19.27697 ], [ -55.52165, -19.27707 ], [ -55.52186, -19.2772 ], [ -55.52215, -19.27765 ], [ -55.52219, -19.27792 ], [ -55.5221, -19.2791 ], [ -55.52226, -19.27939 ], [ -55.52273, -19.27986 ], [ -55.52323, -19.28003 ], [ -55.52447, -19.27958 ], [ -55.52511, -19.2797 ], [ -55.52598, -19.28018 ], [ -55.52724, -19.28127 ], [ -55.52918, -19.28422 ], [ -55.53024, -19.28534 ], [ -55.53065, -19.28626 ], [ -55.53081, -19.28634 ], [ -55.53136, -19.28636 ], [ -55.53146, -19.28643 ], [ -55.53138, -19.28836 ], [ -55.53146, -19.28863 ], [ -55.53241, -19.28882 ], [ -55.53262, -19.28909 ], [ -55.53277, -19.28948 ], [ -55.53318, -19.28967 ], [ -55.53363, -19.28954 ], [ -55.53424, -19.28956 ], [ -55.53458, -19.28984 ], [ -55.53477, -19.29013 ], [ -55.53484, -19.29049 ], [ -55.53465, -19.29115 ], [ -55.53525, -19.2919 ], [ -55.53539, -19.29237 ], [ -55.53524, -19.29274 ], [ -55.53451, -19.29361 ], [ -55.5341, -19.2945 ], [ -55.53384, -19.29568 ], [ -55.53393, -19.29618 ], [ -55.53409, -19.29645 ], [ -55.5349, -19.297 ], [ -55.53654, -19.29773 ], [ -55.53726, -19.2982 ], [ -55.53757, -19.29824 ], [ -55.53797, -19.29812 ], [ -55.53871, -19.29807 ], [ -55.53894, -19.29824 ], [ -55.53924, -19.29891 ], [ -55.5403, -19.29904 ], [ -55.5409, -19.29939 ], [ -55.54117, -19.29967 ], [ -55.54127, -19.29997 ], [ -55.54123, -19.30028 ], [ -55.54077, -19.30105 ], [ -55.54017, -19.30182 ], [ -55.54012, -19.30229 ], [ -55.54051, -19.30273 ], [ -55.54073, -19.30319 ], [ -55.54087, -19.30371 ], [ -55.54111, -19.30411 ], [ -55.54245, -19.30417 ], [ -55.54282, -19.3045 ], [ -55.54292, -19.30511 ], [ -55.54277, -19.30557 ], [ -55.54238, -19.30628 ], [ -55.54244, -19.30657 ], [ -55.54334, -19.3078 ], [ -55.54436, -19.30834 ], [ -55.54483, -19.30879 ], [ -55.54503, -19.3094 ], [ -55.54492, -19.31018 ], [ -55.5447, -19.31072 ], [ -55.54471, -19.31093 ], [ -55.54507, -19.31148 ], [ -55.54567, -19.31204 ], [ -55.54608, -19.31231 ], [ -55.5462, -19.31305 ], [ -55.54652, -19.31415 ], [ -55.54737, -19.31525 ], [ -55.5477, -19.31588 ], [ -55.54777, -19.31624 ], [ -55.54763, -19.31677 ], [ -55.54693, -19.31746 ], [ -55.54684, -19.31769 ], [ -55.54693, -19.31815 ], [ -55.54743, -19.31905 ], [ -55.54739, -19.31969 ], [ -55.54723, -19.32039 ], [ -55.54748, -19.3206 ], [ -55.54824, -19.32091 ], [ -55.5486, -19.3212 ], [ -55.54876, -19.32152 ], [ -55.54875, -19.32226 ], [ -55.54902, -19.32258 ], [ -55.55007, -19.32307 ], [ -55.55046, -19.32344 ], [ -55.55073, -19.32408 ], [ -55.55088, -19.32527 ], [ -55.55144, -19.3266 ], [ -55.55196, -19.32694 ], [ -55.55365, -19.32757 ], [ -55.55459, -19.32804 ], [ -55.55567, -19.32924 ], [ -55.55626, -19.33027 ], [ -55.5563, -19.3308 ], [ -55.55623, -19.33141 ], [ -55.55571, -19.33337 ], [ -55.55568, -19.33428 ], [ -55.55594, -19.33468 ], [ -55.5573, -19.3358 ], [ -55.55774, -19.33633 ], [ -55.55818, -19.33765 ], [ -55.55873, -19.33887 ], [ -55.55878, -19.33941 ], [ -55.55864, -19.33975 ], [ -55.55834, -19.33997 ], [ -55.55798, -19.34005 ], [ -55.55691, -19.34006 ], [ -55.55652, -19.34026 ], [ -55.55635, -19.34057 ], [ -55.55592, -19.34187 ], [ -55.55545, -19.3424 ], [ -55.5549, -19.34326 ], [ -55.55473, -19.3437 ], [ -55.55472, -19.34415 ], [ -55.55509, -19.34458 ], [ -55.55561, -19.34477 ], [ -55.55673, -19.3454 ], [ -55.55708, -19.34569 ], [ -55.55797, -19.34596 ], [ -55.55964, -19.3467 ], [ -55.56006, -19.34703 ], [ -55.56153, -19.34743 ], [ -55.56203, -19.34789 ], [ -55.56232, -19.34841 ], [ -55.56263, -19.34933 ], [ -55.56264, -19.35117 ], [ -55.56191, -19.3527 ], [ -55.56105, -19.35482 ], [ -55.56099, -19.35528 ], [ -55.56127, -19.35557 ], [ -55.56253, -19.35576 ], [ -55.56287, -19.35596 ], [ -55.56412, -19.35673 ], [ -55.56427, -19.35716 ], [ -55.56382, -19.35828 ], [ -55.56387, -19.35889 ], [ -55.56372, -19.35937 ], [ -55.56196, -19.36095 ], [ -55.56182, -19.36158 ], [ -55.56191, -19.36231 ], [ -55.56244, -19.36338 ], [ -55.56435, -19.36591 ], [ -55.56564, -19.36745 ], [ -55.5662, -19.36781 ], [ -55.56726, -19.36826 ], [ -55.56824, -19.36894 ], [ -55.56919, -19.36939 ], [ -55.56962, -19.36985 ], [ -55.56968, -19.37017 ], [ -55.56955, -19.371 ], [ -55.56982, -19.37191 ], [ -55.56987, -19.37237 ], [ -55.56986, -19.37353 ], [ -55.56972, -19.37441 ], [ -55.56979, -19.3752 ], [ -55.57006, -19.37603 ], [ -55.57071, -19.37656 ], [ -55.57083, -19.37681 ], [ -55.57069, -19.37726 ], [ -55.5701, -19.37789 ], [ -55.56995, -19.37837 ], [ -55.56999, -19.37913 ], [ -55.57017, -19.38024 ], [ -55.57027, -19.3821 ], [ -55.57039, -19.38253 ], [ -55.57096, -19.38359 ], [ -55.57179, -19.38471 ], [ -55.57222, -19.38494 ], [ -55.57244, -19.38498 ], [ -55.57277, -19.38491 ], [ -55.57345, -19.3844 ], [ -55.57417, -19.38342 ], [ -55.57454, -19.38329 ], [ -55.57525, -19.38346 ], [ -55.57702, -19.38436 ], [ -55.57852, -19.38421 ], [ -55.57925, -19.38446 ], [ -55.58094, -19.38567 ], [ -55.58166, -19.38647 ], [ -55.58203, -19.38741 ], [ -55.58213, -19.38793 ], [ -55.58235, -19.38827 ], [ -55.5827, -19.38847 ], [ -55.58376, -19.38873 ], [ -55.58409, -19.38898 ], [ -55.58454, -19.39087 ], [ -55.58464, -19.39217 ], [ -55.58473, -19.39235 ], [ -55.58537, -19.39268 ], [ -55.5861, -19.39282 ], [ -55.58711, -19.39274 ], [ -55.58892, -19.39235 ], [ -55.58954, -19.39245 ], [ -55.59024, -19.39308 ], [ -55.59044, -19.39359 ], [ -55.59083, -19.39426 ], [ -55.59274, -19.39639 ], [ -55.59323, -19.39669 ], [ -55.59384, -19.3966 ], [ -55.59507, -19.39554 ], [ -55.59547, -19.39534 ], [ -55.59674, -19.39547 ], [ -55.59763, -19.39571 ], [ -55.59816, -19.39561 ], [ -55.59868, -19.39507 ], [ -55.5988, -19.39481 ], [ -55.59886, -19.39451 ], [ -55.59879, -19.3941 ], [ -55.59882, -19.39375 ], [ -55.59887, -19.39357 ], [ -55.59914, -19.39335 ], [ -55.59996, -19.39328 ], [ -55.60102, -19.39351 ], [ -55.60168, -19.39332 ], [ -55.60212, -19.39336 ], [ -55.60239, -19.39421 ], [ -55.60251, -19.39438 ], [ -55.60288, -19.3946 ], [ -55.60343, -19.39534 ], [ -55.60401, -19.39556 ], [ -55.60413, -19.39567 ], [ -55.60441, -19.39652 ], [ -55.60475, -19.3966 ], [ -55.60556, -19.39624 ], [ -55.60604, -19.39633 ], [ -55.60631, -19.39671 ], [ -55.60638, -19.39697 ], [ -55.60673, -19.39701 ], [ -55.60727, -19.39735 ], [ -55.60763, -19.39822 ], [ -55.60803, -19.3985 ], [ -55.60842, -19.39908 ], [ -55.60901, -19.39948 ], [ -55.60923, -19.39986 ], [ -55.60927, -19.40045 ], [ -55.60936, -19.40057 ], [ -55.60957, -19.40065 ], [ -55.6101, -19.40055 ], [ -55.61046, -19.40061 ], [ -55.61062, -19.40086 ], [ -55.61063, -19.40103 ], [ -55.61045, -19.40183 ], [ -55.61056, -19.40215 ], [ -55.61165, -19.40207 ], [ -55.61285, -19.40222 ], [ -55.613, -19.4024 ], [ -55.61306, -19.40321 ], [ -55.61321, -19.4033 ], [ -55.61355, -19.40331 ], [ -55.61439, -19.40297 ], [ -55.61467, -19.40299 ], [ -55.61518, -19.40324 ], [ -55.61567, -19.40306 ], [ -55.61634, -19.40297 ], [ -55.61785, -19.404 ], [ -55.61827, -19.40412 ], [ -55.61923, -19.40384 ], [ -55.62049, -19.40288 ], [ -55.62152, -19.40254 ], [ -55.62381, -19.40255 ], [ -55.6253, -19.40272 ], [ -55.6258, -19.40299 ], [ -55.62592, -19.40343 ], [ -55.62555, -19.40443 ], [ -55.62518, -19.40494 ], [ -55.62512, -19.40518 ], [ -55.62526, -19.40562 ], [ -55.62562, -19.40577 ], [ -55.62615, -19.40584 ], [ -55.62647, -19.40574 ], [ -55.62671, -19.40584 ], [ -55.62688, -19.40625 ], [ -55.62721, -19.40656 ], [ -55.62737, -19.40659 ], [ -55.62772, -19.40628 ], [ -55.62799, -19.40574 ], [ -55.62808, -19.40538 ], [ -55.62834, -19.40504 ], [ -55.62944, -19.40448 ], [ -55.62992, -19.40435 ], [ -55.63032, -19.40397 ], [ -55.63051, -19.40336 ], [ -55.63108, -19.40284 ], [ -55.63101, -19.40195 ], [ -55.63149, -19.40102 ], [ -55.63154, -19.40047 ], [ -55.63173, -19.40032 ], [ -55.63218, -19.40028 ], [ -55.63287, -19.40057 ], [ -55.63335, -19.40094 ], [ -55.63386, -19.40106 ], [ -55.63416, -19.40089 ], [ -55.63433, -19.40064 ], [ -55.63479, -19.39951 ], [ -55.63534, -19.39866 ], [ -55.63562, -19.39859 ], [ -55.636, -19.39865 ], [ -55.63615, -19.39878 ], [ -55.63896, -19.40166 ], [ -55.63928, -19.40189 ], [ -55.64033, -19.40206 ], [ -55.64065, -19.40229 ], [ -55.64112, -19.4029 ], [ -55.64196, -19.40311 ], [ -55.64218, -19.40324 ], [ -55.64239, -19.40371 ], [ -55.64231, -19.40429 ], [ -55.64215, -19.40473 ], [ -55.64221, -19.40525 ], [ -55.64263, -19.40538 ], [ -55.64286, -19.40536 ], [ -55.64357, -19.40512 ], [ -55.64413, -19.40527 ], [ -55.64454, -19.40555 ], [ -55.64477, -19.40581 ], [ -55.64488, -19.40611 ], [ -55.64497, -19.40691 ], [ -55.64515, -19.4071 ], [ -55.64544, -19.40723 ], [ -55.64668, -19.40747 ], [ -55.64714, -19.40744 ], [ -55.64734, -19.4073 ], [ -55.6475, -19.40706 ], [ -55.64749, -19.40677 ], [ -55.64731, -19.40633 ], [ -55.64703, -19.40589 ], [ -55.64727, -19.40542 ], [ -55.64779, -19.40518 ], [ -55.6492, -19.40423 ], [ -55.65002, -19.404 ], [ -55.65058, -19.404 ], [ -55.65099, -19.40413 ], [ -55.65125, -19.40435 ], [ -55.65185, -19.40567 ], [ -55.65226, -19.40585 ], [ -55.65335, -19.40666 ], [ -55.65504, -19.40828 ], [ -55.65581, -19.40882 ], [ -55.65627, -19.40954 ], [ -55.65661, -19.41053 ], [ -55.65695, -19.41092 ], [ -55.65715, -19.411 ], [ -55.65782, -19.41071 ], [ -55.658, -19.41072 ], [ -55.65826, -19.41098 ], [ -55.65836, -19.41138 ], [ -55.65833, -19.41166 ], [ -55.65808, -19.41209 ], [ -55.65714, -19.41249 ], [ -55.65667, -19.41258 ], [ -55.65601, -19.41318 ], [ -55.65501, -19.41337 ], [ -55.65459, -19.41382 ], [ -55.65429, -19.41431 ], [ -55.65443, -19.41459 ], [ -55.65517, -19.41498 ], [ -55.65571, -19.41563 ], [ -55.65649, -19.41621 ], [ -55.65652, -19.41657 ], [ -55.65612, -19.41724 ], [ -55.65608, -19.41759 ], [ -55.65621, -19.41781 ], [ -55.6569, -19.41835 ], [ -55.65712, -19.41878 ], [ -55.65724, -19.41924 ], [ -55.65788, -19.4196 ], [ -55.65919, -19.41988 ], [ -55.66011, -19.42029 ], [ -55.66087, -19.42051 ], [ -55.66102, -19.42065 ], [ -55.66112, -19.42114 ], [ -55.66105, -19.42145 ], [ -55.66121, -19.42168 ], [ -55.66182, -19.4218 ], [ -55.66195, -19.42192 ], [ -55.66194, -19.42235 ], [ -55.66162, -19.42289 ], [ -55.66124, -19.42307 ], [ -55.66121, -19.4233 ], [ -55.66147, -19.42347 ], [ -55.66164, -19.42383 ], [ -55.6615, -19.42577 ], [ -55.66178, -19.42634 ], [ -55.66197, -19.42648 ], [ -55.66203, -19.42665 ], [ -55.66177, -19.42784 ], [ -55.66195, -19.42933 ], [ -55.66159, -19.43093 ], [ -55.66159, -19.43139 ], [ -55.66187, -19.43245 ], [ -55.66205, -19.43261 ], [ -55.66229, -19.43267 ], [ -55.66347, -19.43268 ], [ -55.66461, -19.43303 ], [ -55.6657, -19.43287 ], [ -55.66704, -19.43294 ], [ -55.66741, -19.433 ], [ -55.66768, -19.43314 ], [ -55.66781, -19.43338 ], [ -55.66781, -19.43358 ], [ -55.66763, -19.43446 ], [ -55.66769, -19.43458 ], [ -55.66789, -19.43459 ], [ -55.66848, -19.43442 ], [ -55.66869, -19.43449 ], [ -55.6689, -19.43481 ], [ -55.66897, -19.43519 ], [ -55.66873, -19.43581 ], [ -55.66819, -19.43666 ], [ -55.66815, -19.4369 ], [ -55.66829, -19.43743 ], [ -55.66854, -19.43763 ], [ -55.66887, -19.43756 ], [ -55.66932, -19.43761 ], [ -55.66965, -19.43777 ], [ -55.67083, -19.43895 ], [ -55.67137, -19.43978 ], [ -55.67136, -19.4401 ], [ -55.67101, -19.44062 ], [ -55.671, -19.44089 ], [ -55.67129, -19.44156 ], [ -55.67158, -19.44188 ], [ -55.67221, -19.44213 ], [ -55.67335, -19.44203 ], [ -55.67372, -19.44222 ], [ -55.67392, -19.44242 ], [ -55.67395, -19.44261 ], [ -55.67372, -19.44352 ], [ -55.67388, -19.44393 ], [ -55.67418, -19.44417 ], [ -55.67463, -19.44433 ], [ -55.67559, -19.44431 ], [ -55.67672, -19.44401 ], [ -55.67714, -19.44387 ], [ -55.67745, -19.44355 ], [ -55.67923, -19.44236 ], [ -55.67994, -19.44221 ], [ -55.68057, -19.44225 ], [ -55.68128, -19.44255 ], [ -55.68164, -19.44305 ], [ -55.68276, -19.44408 ], [ -55.68306, -19.44422 ], [ -55.68358, -19.44478 ], [ -55.68457, -19.44517 ], [ -55.68496, -19.44552 ], [ -55.68678, -19.44658 ], [ -55.68711, -19.44701 ], [ -55.68722, -19.44738 ], [ -55.68707, -19.44784 ], [ -55.68703, -19.44856 ], [ -55.68746, -19.44905 ], [ -55.68784, -19.44917 ], [ -55.68799, -19.44939 ], [ -55.6879, -19.44969 ], [ -55.68751, -19.44991 ], [ -55.68722, -19.45022 ], [ -55.68721, -19.45052 ], [ -55.68735, -19.451 ], [ -55.68755, -19.45128 ], [ -55.68763, -19.45161 ], [ -55.68811, -19.4525 ], [ -55.68872, -19.45324 ], [ -55.68888, -19.45336 ], [ -55.68983, -19.45365 ], [ -55.69003, -19.45389 ], [ -55.68989, -19.45446 ], [ -55.68929, -19.4554 ], [ -55.6893, -19.45586 ], [ -55.68959, -19.45604 ], [ -55.69053, -19.4562 ], [ -55.69089, -19.4564 ], [ -55.69167, -19.4564 ], [ -55.69255, -19.45651 ], [ -55.69301, -19.45673 ], [ -55.69333, -19.45698 ], [ -55.6935, -19.45731 ], [ -55.69374, -19.45823 ], [ -55.69396, -19.4587 ], [ -55.69505, -19.45963 ], [ -55.69567, -19.46059 ], [ -55.6966, -19.46117 ], [ -55.69692, -19.46159 ], [ -55.69708, -19.4624 ], [ -55.69675, -19.46449 ], [ -55.69731, -19.46518 ], [ -55.69758, -19.46534 ], [ -55.69845, -19.4656 ], [ -55.69879, -19.46599 ], [ -55.69894, -19.46657 ], [ -55.69897, -19.46833 ], [ -55.69919, -19.46897 ], [ -55.6995, -19.46931 ], [ -55.70095, -19.47 ], [ -55.70152, -19.4706 ], [ -55.70161, -19.47095 ], [ -55.70156, -19.47166 ], [ -55.70105, -19.47415 ], [ -55.70127, -19.47486 ], [ -55.70187, -19.47583 ], [ -55.7019, -19.47608 ], [ -55.70176, -19.47634 ], [ -55.70126, -19.47678 ], [ -55.7009, -19.47703 ], [ -55.69931, -19.47774 ], [ -55.69876, -19.4783 ], [ -55.6987, -19.47857 ], [ -55.69877, -19.47882 ], [ -55.69922, -19.47938 ], [ -55.69949, -19.48001 ], [ -55.69942, -19.48048 ], [ -55.69878, -19.48148 ], [ -55.69859, -19.48192 ], [ -55.69831, -19.48327 ], [ -55.69838, -19.48372 ], [ -55.69871, -19.48408 ], [ -55.6988, -19.48431 ], [ -55.6988, -19.48454 ], [ -55.69848, -19.48537 ], [ -55.69846, -19.4859 ], [ -55.69853, -19.48614 ], [ -55.69894, -19.48665 ], [ -55.69926, -19.48724 ], [ -55.69995, -19.48792 ], [ -55.70009, -19.48841 ], [ -55.70014, -19.48974 ], [ -55.69964, -19.4915 ], [ -55.69963, -19.49288 ], [ -55.69968, -19.4931 ], [ -55.69998, -19.49334 ], [ -55.70049, -19.49403 ], [ -55.70078, -19.49486 ], [ -55.70082, -19.49541 ], [ -55.70063, -19.49609 ], [ -55.70041, -19.49644 ], [ -55.7004, -19.4966 ], [ -55.70064, -19.49706 ], [ -55.70082, -19.4972 ], [ -55.70104, -19.49729 ], [ -55.7014, -19.49728 ], [ -55.70192, -19.49751 ], [ -55.70196, -19.4978 ], [ -55.70226, -19.49826 ], [ -55.70323, -19.49897 ], [ -55.70332, -19.49922 ], [ -55.70323, -19.49952 ], [ -55.70313, -19.49971 ], [ -55.70252, -19.5003 ], [ -55.70235, -19.50068 ], [ -55.70269, -19.50125 ], [ -55.7038, -19.50226 ], [ -55.70472, -19.50227 ], [ -55.70493, -19.5024 ], [ -55.70505, -19.50266 ], [ -55.70493, -19.50338 ], [ -55.70513, -19.50374 ], [ -55.70587, -19.50431 ], [ -55.70659, -19.50449 ], [ -55.70669, -19.50466 ], [ -55.70644, -19.50545 ], [ -55.70644, -19.50563 ], [ -55.7066, -19.50592 ], [ -55.70681, -19.50601 ], [ -55.70713, -19.50589 ], [ -55.70746, -19.50587 ], [ -55.70773, -19.50602 ], [ -55.70778, -19.50663 ], [ -55.70796, -19.50731 ], [ -55.70775, -19.50811 ], [ -55.70759, -19.50841 ], [ -55.70802, -19.50965 ], [ -55.70842, -19.50988 ], [ -55.7088, -19.50985 ], [ -55.70939, -19.51 ], [ -55.71003, -19.51071 ], [ -55.71087, -19.51098 ], [ -55.71154, -19.51217 ], [ -55.7128, -19.51272 ], [ -55.71374, -19.51344 ], [ -55.71392, -19.51392 ], [ -55.7138, -19.51422 ], [ -55.71359, -19.51443 ], [ -55.71364, -19.51471 ], [ -55.71433, -19.51543 ], [ -55.71442, -19.51617 ], [ -55.71496, -19.5167 ], [ -55.715, -19.51701 ], [ -55.7148, -19.51727 ], [ -55.71404, -19.51757 ], [ -55.7138, -19.51782 ], [ -55.7138, -19.51807 ], [ -55.71415, -19.5188 ], [ -55.71406, -19.5193 ], [ -55.71373, -19.51962 ], [ -55.71298, -19.51999 ], [ -55.7123, -19.52059 ], [ -55.71111, -19.52062 ], [ -55.71073, -19.52078 ], [ -55.7099, -19.52095 ], [ -55.709, -19.52051 ], [ -55.70865, -19.52038 ], [ -55.70835, -19.52037 ], [ -55.70743, -19.5207 ], [ -55.70697, -19.52095 ], [ -55.7055, -19.52104 ], [ -55.70405, -19.52136 ], [ -55.70373, -19.52164 ], [ -55.70359, -19.52235 ], [ -55.70346, -19.52259 ], [ -55.70254, -19.52304 ], [ -55.70229, -19.52398 ], [ -55.70197, -19.52445 ], [ -55.70143, -19.52479 ], [ -55.70123, -19.52483 ], [ -55.70071, -19.52483 ], [ -55.70032, -19.52473 ], [ -55.69997, -19.52483 ], [ -55.69983, -19.52513 ], [ -55.69991, -19.52566 ], [ -55.70065, -19.52693 ], [ -55.70089, -19.5272 ], [ -55.70102, -19.52765 ], [ -55.70191, -19.52876 ], [ -55.70202, -19.52922 ], [ -55.70184, -19.52956 ], [ -55.70077, -19.53012 ], [ -55.70045, -19.53074 ], [ -55.70035, -19.53112 ], [ -55.69958, -19.53197 ], [ -55.69929, -19.5324 ], [ -55.69844, -19.533 ], [ -55.69831, -19.53317 ], [ -55.69828, -19.53348 ], [ -55.69902, -19.5342 ], [ -55.69903, -19.53453 ], [ -55.69889, -19.53493 ], [ -55.69797, -19.53644 ], [ -55.69755, -19.5367 ], [ -55.69713, -19.53665 ], [ -55.69654, -19.53636 ], [ -55.69586, -19.5357 ], [ -55.69559, -19.53555 ], [ -55.69518, -19.53554 ], [ -55.69433, -19.53578 ], [ -55.69396, -19.5358 ], [ -55.69365, -19.53561 ], [ -55.69308, -19.53492 ], [ -55.69233, -19.53479 ], [ -55.691, -19.53499 ], [ -55.69075, -19.53515 ], [ -55.69025, -19.53578 ], [ -55.68954, -19.53607 ], [ -55.68928, -19.53645 ], [ -55.68846, -19.53643 ], [ -55.68827, -19.53649 ], [ -55.68813, -19.53672 ], [ -55.68804, -19.53735 ], [ -55.68826, -19.53789 ], [ -55.6892, -19.53855 ], [ -55.68927, -19.53873 ], [ -55.68914, -19.53907 ], [ -55.68879, -19.53928 ], [ -55.68858, -19.53932 ], [ -55.68752, -19.53929 ], [ -55.68596, -19.54045 ], [ -55.68564, -19.5409 ], [ -55.68407, -19.541 ], [ -55.68305, -19.54164 ], [ -55.68279, -19.5417 ], [ -55.6825, -19.5417 ], [ -55.68203, -19.54156 ], [ -55.68178, -19.54166 ], [ -55.68169, -19.54184 ], [ -55.68175, -19.5422 ], [ -55.6817, -19.54261 ], [ -55.68143, -19.54279 ], [ -55.6811, -19.54332 ], [ -55.68105, -19.54431 ], [ -55.68071, -19.54511 ], [ -55.68073, -19.54613 ], [ -55.68049, -19.54678 ], [ -55.68023, -19.54724 ], [ -55.68034, -19.54759 ], [ -55.68062, -19.54776 ], [ -55.6808, -19.54777 ], [ -55.68157, -19.54743 ], [ -55.68203, -19.54747 ], [ -55.68247, -19.54775 ], [ -55.68318, -19.54853 ], [ -55.68357, -19.54872 ], [ -55.68433, -19.5487 ], [ -55.6851, -19.54837 ], [ -55.68558, -19.54836 ], [ -55.68595, -19.54879 ], [ -55.68643, -19.55017 ], [ -55.68735, -19.55133 ], [ -55.68746, -19.55159 ], [ -55.68747, -19.5522 ], [ -55.68731, -19.5525 ], [ -55.68716, -19.55263 ], [ -55.68608, -19.5531 ], [ -55.68555, -19.55349 ], [ -55.68538, -19.5538 ], [ -55.68543, -19.55408 ], [ -55.68523, -19.55457 ], [ -55.68504, -19.55467 ], [ -55.68416, -19.55458 ], [ -55.68407, -19.55469 ], [ -55.68408, -19.55562 ], [ -55.68465, -19.55601 ], [ -55.68476, -19.55618 ], [ -55.68485, -19.55667 ], [ -55.68464, -19.55698 ], [ -55.68442, -19.55706 ], [ -55.68354, -19.5571 ], [ -55.68303, -19.55754 ], [ -55.68299, -19.55782 ], [ -55.68325, -19.55812 ], [ -55.6834, -19.55866 ], [ -55.68337, -19.55897 ], [ -55.68304, -19.55982 ], [ -55.68238, -19.56066 ], [ -55.68224, -19.56137 ], [ -55.68256, -19.56244 ], [ -55.68338, -19.56294 ], [ -55.68347, -19.56379 ], [ -55.68392, -19.56417 ], [ -55.68498, -19.56428 ], [ -55.68554, -19.5646 ], [ -55.6863, -19.5648 ], [ -55.68685, -19.56458 ], [ -55.68692, -19.56381 ], [ -55.68702, -19.56369 ], [ -55.68729, -19.56361 ], [ -55.68756, -19.56377 ], [ -55.68803, -19.56534 ], [ -55.68852, -19.56587 ], [ -55.68861, -19.56632 ], [ -55.68837, -19.56667 ], [ -55.68727, -19.56714 ], [ -55.68707, -19.56739 ], [ -55.68707, -19.56764 ], [ -55.6877, -19.56847 ], [ -55.68781, -19.56882 ], [ -55.68815, -19.56937 ], [ -55.68845, -19.56956 ], [ -55.6894, -19.56984 ], [ -55.68967, -19.57006 ], [ -55.68977, -19.57026 ], [ -55.68972, -19.57095 ], [ -55.68929, -19.57206 ], [ -55.68924, -19.57257 ], [ -55.68896, -19.57274 ], [ -55.68823, -19.57266 ], [ -55.68787, -19.57279 ], [ -55.68713, -19.57399 ], [ -55.6871, -19.57427 ], [ -55.68717, -19.57437 ], [ -55.68766, -19.57435 ], [ -55.68834, -19.57445 ], [ -55.68875, -19.57472 ], [ -55.68916, -19.57558 ], [ -55.68919, -19.57596 ], [ -55.6891, -19.57632 ], [ -55.68865, -19.57692 ], [ -55.68684, -19.57792 ], [ -55.68675, -19.57823 ], [ -55.68682, -19.57913 ], [ -55.68618, -19.58002 ], [ -55.68612, -19.58038 ], [ -55.68632, -19.58085 ], [ -55.68642, -19.58092 ], [ -55.6867, -19.58089 ], [ -55.68748, -19.58052 ], [ -55.68793, -19.58049 ], [ -55.68886, -19.58074 ], [ -55.68957, -19.58161 ], [ -55.69043, -19.58195 ], [ -55.69069, -19.58218 ], [ -55.69216, -19.58433 ], [ -55.6923, -19.58508 ], [ -55.69204, -19.58643 ], [ -55.69259, -19.58758 ], [ -55.69265, -19.58792 ], [ -55.69257, -19.5885 ], [ -55.69223, -19.58933 ], [ -55.69221, -19.5897 ], [ -55.69231, -19.5899 ], [ -55.6926, -19.59014 ], [ -55.69378, -19.59043 ], [ -55.694, -19.59063 ], [ -55.69406, -19.5908 ], [ -55.694, -19.59112 ], [ -55.69354, -19.59189 ], [ -55.69343, -19.59288 ], [ -55.69357, -19.59344 ], [ -55.69428, -19.59485 ], [ -55.69438, -19.59525 ], [ -55.69424, -19.59575 ], [ -55.69383, -19.59621 ], [ -55.69308, -19.59664 ], [ -55.69267, -19.59707 ], [ -55.69251, -19.59762 ], [ -55.69253, -19.59804 ], [ -55.69279, -19.59855 ], [ -55.69391, -19.5989 ], [ -55.69429, -19.59918 ], [ -55.69458, -19.5996 ], [ -55.69486, -19.60055 ], [ -55.69488, -19.60128 ], [ -55.69479, -19.60187 ], [ -55.6944, -19.60239 ], [ -55.69365, -19.60313 ], [ -55.69357, -19.60362 ], [ -55.69386, -19.60428 ], [ -55.69459, -19.60465 ], [ -55.69523, -19.60523 ], [ -55.6966, -19.6049 ], [ -55.69692, -19.6049 ], [ -55.69718, -19.60494 ], [ -55.69758, -19.60513 ], [ -55.69774, -19.60545 ], [ -55.69772, -19.60603 ], [ -55.69719, -19.60676 ], [ -55.69683, -19.60706 ], [ -55.69605, -19.60723 ], [ -55.69577, -19.60751 ], [ -55.69606, -19.60823 ], [ -55.69733, -19.60977 ], [ -55.69745, -19.6101 ], [ -55.69744, -19.61031 ], [ -55.69733, -19.61055 ], [ -55.69677, -19.61078 ], [ -55.69645, -19.61188 ], [ -55.69569, -19.61259 ], [ -55.69495, -19.61397 ], [ -55.69473, -19.61465 ], [ -55.69474, -19.61502 ], [ -55.69567, -19.61674 ], [ -55.69596, -19.61781 ], [ -55.69626, -19.61842 ], [ -55.69644, -19.61859 ], [ -55.69736, -19.61889 ], [ -55.6975, -19.619 ], [ -55.69752, -19.61913 ], [ -55.69727, -19.61972 ], [ -55.6974, -19.62009 ], [ -55.69783, -19.62038 ], [ -55.69888, -19.62051 ], [ -55.69911, -19.62065 ], [ -55.69947, -19.62107 ], [ -55.69953, -19.62133 ], [ -55.69941, -19.62157 ], [ -55.6985, -19.62167 ], [ -55.69836, -19.62175 ], [ -55.69829, -19.62194 ], [ -55.69833, -19.62217 ], [ -55.69888, -19.62278 ], [ -55.69931, -19.62369 ], [ -55.69954, -19.62388 ], [ -55.69993, -19.62401 ], [ -55.70122, -19.62396 ], [ -55.70191, -19.62407 ], [ -55.70276, -19.62433 ], [ -55.70344, -19.62474 ], [ -55.7038, -19.62515 ], [ -55.70393, -19.62545 ], [ -55.70395, -19.62612 ], [ -55.70381, -19.62665 ], [ -55.70387, -19.62675 ], [ -55.70404, -19.62685 ], [ -55.70464, -19.62691 ], [ -55.70507, -19.62717 ], [ -55.7052, -19.62746 ], [ -55.70509, -19.62786 ], [ -55.70518, -19.62812 ], [ -55.70596, -19.62877 ], [ -55.70651, -19.6295 ], [ -55.70662, -19.62979 ], [ -55.70663, -19.63019 ], [ -55.70641, -19.6307 ], [ -55.70613, -19.63095 ], [ -55.70558, -19.63122 ], [ -55.70503, -19.63162 ], [ -55.70452, -19.63237 ], [ -55.70431, -19.63294 ], [ -55.70395, -19.63475 ], [ -55.70391, -19.63616 ], [ -55.70382, -19.63647 ], [ -55.70337, -19.63681 ], [ -55.70229, -19.63695 ], [ -55.70218, -19.63702 ], [ -55.70209, -19.63726 ], [ -55.70211, -19.63761 ], [ -55.70225, -19.6378 ], [ -55.70351, -19.6379 ], [ -55.70391, -19.63808 ], [ -55.70399, -19.63831 ], [ -55.70393, -19.6386 ], [ -55.70312, -19.63932 ], [ -55.70298, -19.63966 ], [ -55.70299, -19.63982 ], [ -55.70347, -19.64019 ], [ -55.7044, -19.64059 ], [ -55.70461, -19.64095 ], [ -55.70457, -19.64116 ], [ -55.70436, -19.64136 ], [ -55.70343, -19.64172 ], [ -55.70315, -19.64198 ], [ -55.70308, -19.64224 ], [ -55.70318, -19.64302 ], [ -55.70297, -19.64374 ], [ -55.70304, -19.64412 ], [ -55.70327, -19.64424 ], [ -55.70417, -19.64392 ], [ -55.70454, -19.64388 ], [ -55.70481, -19.64394 ], [ -55.70503, -19.64407 ], [ -55.7053, -19.64478 ], [ -55.7056, -19.64505 ], [ -55.70625, -19.64504 ], [ -55.70745, -19.64443 ], [ -55.70798, -19.64439 ], [ -55.70822, -19.64469 ], [ -55.70821, -19.64534 ], [ -55.70831, -19.64568 ], [ -55.7094, -19.64685 ], [ -55.7099, -19.64766 ], [ -55.71, -19.64797 ], [ -55.71041, -19.64801 ], [ -55.71076, -19.64766 ], [ -55.71186, -19.6474 ], [ -55.71221, -19.6467 ], [ -55.71236, -19.64661 ], [ -55.71271, -19.64669 ], [ -55.71348, -19.64725 ], [ -55.71514, -19.64783 ], [ -55.71579, -19.64833 ], [ -55.71624, -19.64894 ], [ -55.71653, -19.64995 ], [ -55.71651, -19.65043 ], [ -55.71634, -19.65088 ], [ -55.71676, -19.65132 ], [ -55.71691, -19.65136 ], [ -55.71723, -19.65135 ], [ -55.71843, -19.65094 ], [ -55.72035, -19.6506 ], [ -55.72111, -19.65024 ], [ -55.72109, -19.64971 ], [ -55.72067, -19.64931 ], [ -55.72007, -19.64914 ], [ -55.71963, -19.64921 ], [ -55.71874, -19.64913 ], [ -55.71868, -19.6487 ], [ -55.7187, -19.6486 ], [ -55.71886, -19.64851 ], [ -55.71971, -19.64827 ], [ -55.72262, -19.6481 ], [ -55.72321, -19.64821 ], [ -55.72428, -19.64872 ], [ -55.72455, -19.64873 ], [ -55.72484, -19.64859 ], [ -55.72472, -19.64797 ], [ -55.7245, -19.64752 ], [ -55.72493, -19.6473 ], [ -55.72524, -19.64727 ], [ -55.72572, -19.64737 ], [ -55.72764, -19.64816 ], [ -55.72869, -19.64827 ], [ -55.72929, -19.64801 ], [ -55.73018, -19.64726 ], [ -55.73066, -19.64704 ], [ -55.73126, -19.64703 ], [ -55.73225, -19.64734 ], [ -55.73276, -19.64729 ], [ -55.73298, -19.64713 ], [ -55.73326, -19.64675 ], [ -55.73333, -19.64629 ], [ -55.73362, -19.64566 ], [ -55.73383, -19.64553 ], [ -55.73407, -19.64571 ], [ -55.73434, -19.64615 ], [ -55.73448, -19.64728 ], [ -55.73458, -19.64748 ], [ -55.73583, -19.6487 ], [ -55.73689, -19.65064 ], [ -55.73705, -19.65075 ], [ -55.7376, -19.65088 ], [ -55.73867, -19.6509 ], [ -55.7398, -19.65075 ], [ -55.74049, -19.6505 ], [ -55.74078, -19.65021 ], [ -55.74101, -19.64966 ], [ -55.74105, -19.64933 ], [ -55.74095, -19.64841 ], [ -55.74046, -19.64716 ], [ -55.74065, -19.64655 ], [ -55.74195, -19.64586 ], [ -55.74242, -19.64581 ], [ -55.7426, -19.64591 ], [ -55.74282, -19.64627 ], [ -55.74317, -19.6465 ], [ -55.74359, -19.6465 ], [ -55.74434, -19.64586 ], [ -55.74502, -19.64574 ], [ -55.74562, -19.64625 ], [ -55.74597, -19.64706 ], [ -55.74602, -19.64839 ], [ -55.74593, -19.64959 ], [ -55.74598, -19.65018 ], [ -55.74637, -19.65119 ], [ -55.74666, -19.65264 ], [ -55.74744, -19.65369 ], [ -55.74832, -19.65446 ], [ -55.74877, -19.6546 ], [ -55.74927, -19.65463 ], [ -55.74986, -19.65436 ], [ -55.75017, -19.65394 ], [ -55.75004, -19.65313 ], [ -55.74979, -19.6526 ], [ -55.74987, -19.6521 ], [ -55.75001, -19.65192 ], [ -55.75021, -19.65183 ], [ -55.7508, -19.65188 ], [ -55.75158, -19.65227 ], [ -55.75212, -19.65283 ], [ -55.75284, -19.65508 ], [ -55.75334, -19.65603 ], [ -55.75375, -19.65657 ], [ -55.75431, -19.65709 ], [ -55.75481, -19.65739 ], [ -55.75547, -19.65761 ], [ -55.75611, -19.65766 ], [ -55.75669, -19.65748 ], [ -55.75817, -19.65653 ], [ -55.75885, -19.65647 ], [ -55.75923, -19.65651 ], [ -55.7596, -19.65642 ], [ -55.7601, -19.65607 ], [ -55.7602, -19.65581 ], [ -55.76094, -19.65504 ], [ -55.76208, -19.65475 ], [ -55.76362, -19.65373 ], [ -55.76388, -19.65371 ], [ -55.76416, -19.65391 ], [ -55.76463, -19.65549 ], [ -55.76488, -19.65578 ], [ -55.7653, -19.65604 ], [ -55.76647, -19.65656 ], [ -55.76761, -19.65691 ], [ -55.76867, -19.65736 ], [ -55.76979, -19.65805 ], [ -55.7703, -19.65852 ], [ -55.77069, -19.65863 ], [ -55.77116, -19.65847 ], [ -55.77147, -19.65771 ], [ -55.77143, -19.65717 ], [ -55.77111, -19.65658 ], [ -55.77098, -19.65588 ], [ -55.77118, -19.65565 ], [ -55.77143, -19.65555 ], [ -55.77202, -19.65562 ], [ -55.77293, -19.65632 ], [ -55.77323, -19.65665 ], [ -55.77361, -19.65715 ], [ -55.77416, -19.65829 ], [ -55.77448, -19.65868 ], [ -55.77508, -19.659 ], [ -55.77643, -19.65914 ], [ -55.77669, -19.65937 ], [ -55.77689, -19.65978 ], [ -55.77691, -19.66198 ], [ -55.77676, -19.66274 ], [ -55.7763, -19.66334 ], [ -55.77516, -19.66388 ], [ -55.77502, -19.66411 ], [ -55.77503, -19.66423 ], [ -55.77521, -19.66437 ], [ -55.77557, -19.66448 ], [ -55.77707, -19.66431 ], [ -55.77765, -19.66437 ], [ -55.77792, -19.66453 ], [ -55.77858, -19.66542 ], [ -55.77924, -19.66571 ], [ -55.78064, -19.6661 ], [ -55.78204, -19.66669 ], [ -55.78225, -19.66688 ], [ -55.7825, -19.66766 ], [ -55.78306, -19.66778 ], [ -55.78366, -19.66766 ], [ -55.7843, -19.66733 ], [ -55.78464, -19.66703 ], [ -55.7851, -19.66646 ], [ -55.78539, -19.66578 ], [ -55.78609, -19.66463 ], [ -55.7872, -19.66348 ], [ -55.78824, -19.66273 ], [ -55.79034, -19.66171 ], [ -55.79135, -19.66146 ], [ -55.79217, -19.66148 ], [ -55.79355, -19.66202 ], [ -55.79402, -19.6623 ], [ -55.79449, -19.66239 ], [ -55.79512, -19.66232 ], [ -55.79603, -19.66198 ], [ -55.79639, -19.66196 ], [ -55.79672, -19.66217 ], [ -55.79693, -19.6628 ], [ -55.79725, -19.66314 ], [ -55.79752, -19.66312 ], [ -55.79784, -19.66279 ], [ -55.79806, -19.66157 ], [ -55.79824, -19.66137 ], [ -55.79894, -19.66128 ], [ -55.80036, -19.66169 ], [ -55.80089, -19.66166 ], [ -55.80118, -19.66142 ], [ -55.80143, -19.66102 ], [ -55.80151, -19.66042 ], [ -55.80121, -19.65862 ], [ -55.80145, -19.65817 ], [ -55.80185, -19.65793 ], [ -55.80217, -19.65793 ], [ -55.80249, -19.65799 ], [ -55.80377, -19.65886 ], [ -55.80453, -19.65913 ], [ -55.80525, -19.65958 ], [ -55.80586, -19.66025 ], [ -55.80669, -19.6618 ], [ -55.80719, -19.66227 ], [ -55.80784, -19.66231 ], [ -55.80898, -19.66176 ], [ -55.80962, -19.66172 ], [ -55.80993, -19.66186 ], [ -55.81034, -19.66224 ], [ -55.81048, -19.66286 ], [ -55.81112, -19.66365 ], [ -55.81195, -19.6642 ], [ -55.81279, -19.66442 ], [ -55.81555, -19.66438 ], [ -55.81728, -19.66472 ], [ -55.81768, -19.66469 ], [ -55.81814, -19.66447 ], [ -55.81917, -19.66311 ], [ -55.81962, -19.66285 ], [ -55.82016, -19.66271 ], [ -55.82161, -19.66273 ], [ -55.82331, -19.66334 ], [ -55.82442, -19.66353 ], [ -55.82521, -19.66359 ], [ -55.8256, -19.66352 ], [ -55.82602, -19.66333 ], [ -55.82637, -19.66294 ], [ -55.82649, -19.66234 ], [ -55.82626, -19.66169 ], [ -55.82582, -19.66116 ], [ -55.82548, -19.66046 ], [ -55.82541, -19.66011 ], [ -55.82545, -19.65979 ], [ -55.82571, -19.65939 ], [ -55.82618, -19.6591 ], [ -55.82696, -19.65897 ], [ -55.82765, -19.65901 ], [ -55.82836, -19.65919 ], [ -55.82861, -19.6593 ], [ -55.82952, -19.65999 ], [ -55.83012, -19.66059 ], [ -55.83155, -19.66252 ], [ -55.83195, -19.66294 ], [ -55.83295, -19.66385 ], [ -55.83391, -19.66451 ], [ -55.8342, -19.66484 ], [ -55.83456, -19.66576 ], [ -55.83458, -19.66637 ], [ -55.83455, -19.66668 ], [ -55.83416, -19.66767 ], [ -55.83399, -19.66887 ], [ -55.83409, -19.66923 ], [ -55.83435, -19.66952 ], [ -55.83469, -19.66965 ], [ -55.83567, -19.66967 ], [ -55.83639, -19.66949 ], [ -55.8369, -19.66904 ], [ -55.83699, -19.66858 ], [ -55.83754, -19.66753 ], [ -55.83821, -19.6668 ], [ -55.83933, -19.66601 ], [ -55.84034, -19.66548 ], [ -55.84114, -19.66522 ], [ -55.84209, -19.66518 ], [ -55.8429, -19.6653 ], [ -55.84351, -19.66523 ], [ -55.84367, -19.66504 ], [ -55.84375, -19.66468 ], [ -55.84364, -19.66437 ], [ -55.84383, -19.66398 ], [ -55.8457, -19.66325 ], [ -55.84781, -19.66211 ], [ -55.84823, -19.66196 ], [ -55.8486, -19.66196 ], [ -55.84918, -19.66216 ], [ -55.84978, -19.66251 ], [ -55.85028, -19.66297 ], [ -55.85102, -19.66348 ], [ -55.85155, -19.66369 ], [ -55.85213, -19.66349 ], [ -55.85285, -19.66281 ], [ -55.85326, -19.66264 ], [ -55.85372, -19.66264 ], [ -55.854, -19.66272 ], [ -55.85424, -19.66291 ], [ -55.85442, -19.66324 ], [ -55.85452, -19.66442 ], [ -55.85437, -19.66491 ], [ -55.85401, -19.66551 ], [ -55.85347, -19.66671 ], [ -55.85332, -19.66757 ], [ -55.85342, -19.66816 ], [ -55.85392, -19.66896 ], [ -55.85436, -19.66942 ], [ -55.8548, -19.66969 ], [ -55.85531, -19.66991 ], [ -55.85662, -19.67012 ], [ -55.85706, -19.67007 ], [ -55.85763, -19.66989 ], [ -55.85852, -19.66929 ], [ -55.8588, -19.66906 ], [ -55.85901, -19.6685 ], [ -55.85887, -19.66805 ], [ -55.85857, -19.66774 ], [ -55.85726, -19.66698 ], [ -55.85668, -19.66632 ], [ -55.85649, -19.6658 ], [ -55.85643, -19.66525 ], [ -55.85653, -19.66442 ], [ -55.85675, -19.66387 ], [ -55.85698, -19.66359 ], [ -55.85717, -19.66351 ], [ -55.85751, -19.66343 ], [ -55.85783, -19.66347 ], [ -55.85897, -19.66403 ], [ -55.85969, -19.66451 ], [ -55.86016, -19.66465 ], [ -55.86094, -19.66473 ], [ -55.86182, -19.66459 ], [ -55.86247, -19.66434 ], [ -55.86282, -19.66406 ], [ -55.86318, -19.66337 ], [ -55.86317, -19.66309 ], [ -55.86271, -19.66176 ], [ -55.86275, -19.66142 ], [ -55.86357, -19.66048 ], [ -55.86426, -19.65987 ], [ -55.865, -19.6588 ], [ -55.86573, -19.65808 ], [ -55.86651, -19.65775 ], [ -55.86721, -19.65719 ], [ -55.86726, -19.65647 ], [ -55.86719, -19.65617 ], [ -55.86699, -19.65586 ], [ -55.86625, -19.65511 ], [ -55.86625, -19.65456 ], [ -55.86654, -19.65391 ], [ -55.86715, -19.65315 ], [ -55.86758, -19.65279 ], [ -55.86798, -19.65265 ], [ -55.86837, -19.65266 ], [ -55.86865, -19.65291 ], [ -55.86875, -19.65316 ], [ -55.86874, -19.6536 ], [ -55.86852, -19.65434 ], [ -55.86859, -19.65511 ], [ -55.86887, -19.65526 ], [ -55.86925, -19.65527 ], [ -55.86956, -19.65513 ], [ -55.86966, -19.65499 ], [ -55.87002, -19.65398 ], [ -55.87024, -19.65306 ], [ -55.87037, -19.65282 ], [ -55.87068, -19.65255 ], [ -55.8713, -19.65245 ], [ -55.87191, -19.65268 ], [ -55.87227, -19.65293 ], [ -55.87254, -19.65351 ], [ -55.87264, -19.65421 ], [ -55.87238, -19.65523 ], [ -55.87232, -19.6562 ], [ -55.87241, -19.65674 ], [ -55.87296, -19.65755 ], [ -55.87364, -19.65807 ], [ -55.87431, -19.6584 ], [ -55.87517, -19.65859 ], [ -55.87569, -19.65853 ], [ -55.8761, -19.65835 ], [ -55.87703, -19.6577 ], [ -55.87792, -19.65686 ], [ -55.87824, -19.65677 ], [ -55.87861, -19.65688 ], [ -55.8788, -19.65723 ], [ -55.87884, -19.65764 ], [ -55.87775, -19.65897 ], [ -55.87755, -19.65962 ], [ -55.87768, -19.66004 ], [ -55.87815, -19.66025 ], [ -55.87858, -19.66067 ], [ -55.87872, -19.66117 ], [ -55.87868, -19.66147 ], [ -55.87927, -19.66189 ], [ -55.87982, -19.66192 ], [ -55.88078, -19.66142 ], [ -55.88131, -19.66102 ], [ -55.88207, -19.66109 ], [ -55.88244, -19.66127 ], [ -55.88268, -19.66147 ], [ -55.88285, -19.66178 ], [ -55.88276, -19.66331 ], [ -55.88283, -19.66378 ], [ -55.88294, -19.66409 ], [ -55.88315, -19.66432 ], [ -55.88385, -19.66455 ], [ -55.88437, -19.66461 ], [ -55.88472, -19.6645 ], [ -55.88519, -19.66396 ], [ -55.88591, -19.66234 ], [ -55.88615, -19.66206 ], [ -55.88666, -19.66177 ], [ -55.88721, -19.6616 ], [ -55.88787, -19.66157 ], [ -55.88875, -19.66174 ], [ -55.88948, -19.66226 ], [ -55.88985, -19.66322 ], [ -55.89023, -19.66334 ], [ -55.89141, -19.66334 ], [ -55.89177, -19.66357 ], [ -55.89207, -19.66393 ], [ -55.89224, -19.6644 ], [ -55.89228, -19.66496 ], [ -55.89218, -19.66551 ], [ -55.89188, -19.66624 ], [ -55.8918, -19.66694 ], [ -55.89185, -19.66731 ], [ -55.89207, -19.66756 ], [ -55.89257, -19.66772 ], [ -55.89308, -19.66758 ], [ -55.89352, -19.66728 ], [ -55.89421, -19.66625 ], [ -55.89448, -19.66601 ], [ -55.89502, -19.66594 ], [ -55.8957, -19.66611 ], [ -55.89623, -19.66635 ], [ -55.89643, -19.6666 ], [ -55.89657, -19.66688 ], [ -55.89667, -19.66804 ], [ -55.89695, -19.66854 ], [ -55.89742, -19.66884 ], [ -55.89828, -19.66897 ], [ -55.899, -19.66949 ], [ -55.89924, -19.66955 ], [ -55.89961, -19.66941 ], [ -55.89978, -19.66918 ], [ -55.90015, -19.66828 ], [ -55.90064, -19.66773 ], [ -55.90106, -19.66744 ], [ -55.902, -19.66709 ], [ -55.90244, -19.6667 ], [ -55.90274, -19.66626 ], [ -55.90292, -19.66577 ], [ -55.90357, -19.66454 ], [ -55.90503, -19.66266 ], [ -55.90509, -19.6623 ], [ -55.90483, -19.66182 ], [ -55.90352, -19.66098 ], [ -55.90337, -19.6608 ], [ -55.90333, -19.6606 ], [ -55.90354, -19.6602 ], [ -55.90411, -19.65978 ], [ -55.90442, -19.65921 ], [ -55.90415, -19.65758 ], [ -55.90428, -19.65699 ], [ -55.90458, -19.65647 ], [ -55.90498, -19.65604 ], [ -55.90556, -19.6557 ], [ -55.90576, -19.65566 ], [ -55.90635, -19.65574 ], [ -55.90717, -19.65565 ], [ -55.90771, -19.65554 ], [ -55.90839, -19.65526 ], [ -55.90924, -19.65455 ], [ -55.90972, -19.6535 ], [ -55.91009, -19.65299 ], [ -55.91054, -19.65273 ], [ -55.9108, -19.65271 ], [ -55.91102, -19.65281 ], [ -55.91118, -19.65306 ], [ -55.91141, -19.65387 ], [ -55.91202, -19.65514 ], [ -55.91254, -19.65521 ], [ -55.91275, -19.65513 ], [ -55.91345, -19.65424 ], [ -55.91413, -19.65363 ], [ -55.91507, -19.65304 ], [ -55.9158, -19.65282 ], [ -55.91871, -19.65228 ], [ -55.92008, -19.65187 ], [ -55.92075, -19.65189 ], [ -55.92126, -19.65232 ], [ -55.92144, -19.65281 ], [ -55.92147, -19.65324 ], [ -55.92206, -19.65406 ], [ -55.92214, -19.65424 ], [ -55.9222, -19.65519 ], [ -55.92237, -19.65548 ], [ -55.92284, -19.65561 ], [ -55.92324, -19.65558 ], [ -55.92394, -19.65522 ], [ -55.92439, -19.65518 ], [ -55.92492, -19.65571 ], [ -55.92568, -19.65625 ], [ -55.92637, -19.65694 ], [ -55.92693, -19.6577 ], [ -55.92773, -19.6591 ], [ -55.92788, -19.65957 ], [ -55.92789, -19.65999 ], [ -55.92777, -19.66031 ], [ -55.92785, -19.66081 ], [ -55.92829, -19.6609 ], [ -55.9289, -19.66071 ], [ -55.92942, -19.66037 ], [ -55.93094, -19.65965 ], [ -55.93196, -19.6589 ], [ -55.93329, -19.65838 ], [ -55.93439, -19.65805 ], [ -55.93483, -19.65779 ], [ -55.93491, -19.65754 ], [ -55.93485, -19.65728 ], [ -55.93445, -19.65702 ], [ -55.93407, -19.65695 ], [ -55.9327, -19.65717 ], [ -55.93143, -19.65726 ], [ -55.9312, -19.65714 ], [ -55.93102, -19.65694 ], [ -55.93084, -19.65648 ], [ -55.93098, -19.65581 ], [ -55.93168, -19.6549 ], [ -55.93231, -19.65428 ], [ -55.93319, -19.65365 ], [ -55.93355, -19.65325 ], [ -55.93398, -19.65304 ], [ -55.93418, -19.65306 ], [ -55.93469, -19.65336 ], [ -55.93519, -19.65332 ], [ -55.93569, -19.65303 ], [ -55.93636, -19.65284 ], [ -55.93686, -19.65286 ], [ -55.93743, -19.65306 ], [ -55.93819, -19.65387 ], [ -55.939, -19.65556 ], [ -55.93918, -19.65579 ], [ -55.93973, -19.65596 ], [ -55.94001, -19.65589 ], [ -55.94026, -19.65568 ], [ -55.94045, -19.65536 ], [ -55.94067, -19.65455 ], [ -55.94063, -19.65337 ], [ -55.94082, -19.65283 ], [ -55.94096, -19.65275 ], [ -55.94131, -19.6528 ], [ -55.94174, -19.65301 ], [ -55.94253, -19.65363 ], [ -55.94356, -19.65363 ], [ -55.9439, -19.65375 ], [ -55.94415, -19.65392 ], [ -55.94434, -19.65467 ], [ -55.94454, -19.6549 ], [ -55.94483, -19.65504 ], [ -55.945, -19.65504 ], [ -55.94557, -19.65455 ], [ -55.9462, -19.65415 ], [ -55.94684, -19.65421 ], [ -55.95001, -19.65583 ], [ -55.95057, -19.6562 ], [ -55.95181, -19.6575 ], [ -55.95209, -19.65772 ], [ -55.95236, -19.65778 ], [ -55.95282, -19.65758 ], [ -55.95289, -19.6572 ], [ -55.95278, -19.65632 ], [ -55.95242, -19.6551 ], [ -55.95242, -19.6542 ], [ -55.95269, -19.65336 ], [ -55.95291, -19.65311 ], [ -55.95324, -19.65296 ], [ -55.95392, -19.65306 ], [ -55.95537, -19.65391 ], [ -55.95712, -19.65436 ], [ -55.95747, -19.65465 ], [ -55.95784, -19.65528 ], [ -55.95807, -19.65546 ], [ -55.95829, -19.65551 ], [ -55.95855, -19.65546 ], [ -55.95877, -19.65531 ], [ -55.9589, -19.65504 ], [ -55.95918, -19.65367 ], [ -55.95933, -19.65338 ], [ -55.95987, -19.65306 ], [ -55.96053, -19.65296 ], [ -55.96095, -19.65306 ], [ -55.96222, -19.654 ], [ -55.963, -19.65422 ], [ -55.96354, -19.65417 ], [ -55.96515, -19.65348 ], [ -55.9662, -19.65347 ], [ -55.96668, -19.65366 ], [ -55.96694, -19.65386 ], [ -55.9674, -19.65461 ], [ -55.96776, -19.65478 ], [ -55.96815, -19.65486 ], [ -55.96845, -19.65482 ], [ -55.96874, -19.65463 ], [ -55.96906, -19.65419 ], [ -55.96931, -19.65341 ], [ -55.96998, -19.65214 ], [ -55.97019, -19.65188 ], [ -55.97113, -19.65119 ], [ -55.972, -19.6508 ], [ -55.97259, -19.65068 ], [ -55.97329, -19.6507 ], [ -55.97399, -19.65091 ], [ -55.97491, -19.65098 ], [ -55.97528, -19.65096 ], [ -55.97562, -19.65077 ], [ -55.97574, -19.65058 ], [ -55.97577, -19.65023 ], [ -55.97545, -19.6497 ], [ -55.97507, -19.64939 ], [ -55.9749, -19.64903 ], [ -55.97489, -19.6477 ], [ -55.97451, -19.64662 ], [ -55.97452, -19.64608 ], [ -55.9747, -19.6456 ], [ -55.97506, -19.64506 ], [ -55.97696, -19.64296 ], [ -55.97741, -19.64235 ], [ -55.9777, -19.64189 ], [ -55.97781, -19.64133 ], [ -55.97818, -19.64029 ], [ -55.97831, -19.64009 ], [ -55.97868, -19.63983 ], [ -55.97931, -19.63953 ], [ -55.97977, -19.63945 ], [ -55.98028, -19.63959 ], [ -55.98063, -19.6402 ], [ -55.98068, -19.64075 ], [ -55.98109, -19.64202 ], [ -55.98125, -19.6422 ], [ -55.98179, -19.64226 ], [ -55.98241, -19.64197 ], [ -55.98297, -19.64149 ], [ -55.98396, -19.64051 ], [ -55.98549, -19.63864 ], [ -55.98593, -19.63821 ], [ -55.98668, -19.63778 ], [ -55.98757, -19.63755 ], [ -55.98868, -19.63759 ], [ -55.98925, -19.63787 ], [ -55.98979, -19.63834 ], [ -55.99016, -19.63891 ], [ -55.99055, -19.64009 ], [ -55.99068, -19.64146 ], [ -55.99082, -19.64173 ], [ -55.99114, -19.64187 ], [ -55.99157, -19.64174 ], [ -55.99187, -19.64137 ], [ -55.99211, -19.64051 ], [ -55.99204, -19.63985 ], [ -55.99207, -19.63918 ], [ -55.99217, -19.63853 ], [ -55.99232, -19.63815 ], [ -55.99267, -19.63778 ], [ -55.99365, -19.6374 ], [ -55.99464, -19.6372 ], [ -55.99503, -19.63696 ], [ -55.99556, -19.63641 ], [ -55.99587, -19.63572 ], [ -55.99582, -19.63438 ], [ -55.99529, -19.63254 ], [ -55.99494, -19.63212 ], [ -55.99355, -19.63132 ], [ -55.99329, -19.63107 ], [ -55.99323, -19.63083 ], [ -55.99327, -19.63054 ], [ -55.99345, -19.63025 ], [ -55.99442, -19.62956 ], [ -55.99506, -19.62932 ], [ -55.99605, -19.62919 ], [ -55.9964, -19.62922 ], [ -55.99676, -19.62929 ], [ -55.99743, -19.62962 ], [ -55.99781, -19.62994 ], [ -55.99824, -19.63009 ], [ -55.99858, -19.63011 ], [ -55.99957, -19.62978 ], [ -56.0011, -19.6294 ], [ -56.00301, -19.62935 ], [ -56.00416, -19.62962 ], [ -56.0051, -19.63009 ], [ -56.00626, -19.63084 ], [ -56.0072, -19.63129 ], [ -56.00829, -19.6315 ], [ -56.0088, -19.63129 ], [ -56.00917, -19.631 ], [ -56.00959, -19.63051 ], [ -56.01035, -19.62922 ], [ -56.01071, -19.62892 ], [ -56.01156, -19.6287 ], [ -56.01195, -19.62875 ], [ -56.01307, -19.62926 ], [ -56.01348, -19.62937 ], [ -56.01387, -19.6293 ], [ -56.01426, -19.62907 ], [ -56.01452, -19.62872 ], [ -56.01454, -19.62837 ], [ -56.0144, -19.62798 ], [ -56.01384, -19.62711 ], [ -56.01263, -19.62629 ], [ -56.01094, -19.62574 ], [ -56.00971, -19.625 ], [ -56.00926, -19.62454 ], [ -56.00916, -19.62436 ], [ -56.00907, -19.62366 ], [ -56.00937, -19.62295 ], [ -56.00972, -19.62255 ], [ -56.01056, -19.62215 ], [ -56.01146, -19.62207 ], [ -56.0153, -19.62204 ], [ -56.01578, -19.62189 ], [ -56.01592, -19.62161 ], [ -56.01587, -19.62126 ], [ -56.01572, -19.62094 ], [ -56.0156, -19.6203 ], [ -56.01563, -19.62 ], [ -56.01581, -19.61972 ], [ -56.01619, -19.61953 ], [ -56.01664, -19.61948 ], [ -56.01752, -19.61962 ], [ -56.01944, -19.61955 ], [ -56.02057, -19.61984 ], [ -56.0221, -19.62043 ], [ -56.02265, -19.62052 ], [ -56.02316, -19.62048 ], [ -56.02369, -19.62024 ], [ -56.02468, -19.6193 ], [ -56.02558, -19.61827 ], [ -56.02604, -19.61791 ], [ -56.02701, -19.61759 ], [ -56.02738, -19.61756 ], [ -56.02776, -19.61735 ], [ -56.02831, -19.61657 ], [ -56.02873, -19.61542 ], [ -56.02902, -19.61322 ], [ -56.02936, -19.61261 ], [ -56.02972, -19.61235 ], [ -56.03027, -19.61226 ], [ -56.03219, -19.61241 ], [ -56.03329, -19.61218 ], [ -56.03407, -19.6121 ], [ -56.03443, -19.61197 ], [ -56.03569, -19.61114 ], [ -56.03673, -19.61073 ], [ -56.03704, -19.61074 ], [ -56.03781, -19.61111 ], [ -56.03831, -19.61196 ], [ -56.03841, -19.61234 ], [ -56.03861, -19.61257 ], [ -56.03893, -19.61277 ], [ -56.03937, -19.61286 ], [ -56.04081, -19.6126 ], [ -56.0417, -19.61213 ], [ -56.04194, -19.61192 ], [ -56.04223, -19.61142 ], [ -56.04229, -19.61106 ], [ -56.04195, -19.60965 ], [ -56.04198, -19.60934 ], [ -56.0422, -19.60896 ], [ -56.04257, -19.60871 ], [ -56.04321, -19.60854 ], [ -56.04409, -19.60834 ], [ -56.04509, -19.60828 ], [ -56.04646, -19.60854 ], [ -56.04701, -19.60881 ], [ -56.04753, -19.60939 ], [ -56.04797, -19.61004 ], [ -56.04823, -19.61071 ], [ -56.04826, -19.6113 ], [ -56.04844, -19.61211 ] ] ] } },
{ "type": "Feature", "properties": { "titulo": "Rio Paraguai", "subtitulo": "Rio principal", "comprimento_km": 1249.9 }, "geometry": { "type": "MultiLineString", "coordinates": [ [ [ -57.99125, -22.07992 ], [ -57.99235, -22.08245 ], [ -57.99309, -22.08455 ], [ -57.99342, -22.08771 ], [ -57.99304, -22.09316 ] ], [ [ -57.9928, -22.0681 ], [ -57.99337, -22.06953 ], [ -57.99433, -22.07077 ], [ -57.99451, -22.07128 ], [ -57.99462, -22.072 ], [ -57.99457, -22.07289 ], [ -57.99443, -22.07355 ], [ -57.99437, -22.07498 ], [ -57.99416, -22.07681 ], [ -57.9939, -22.0777 ], [ -57.99293, -22.0786 ], [ -57.99125, -22.07992 ] ], [ [ -57.98523, -22.06346 ], [ -57.98502, -22.06502 ], [ -57.98515, -22.06711 ], [ -57.98602, -22.0713 ], [ -57.98723, -22.07401 ], [ -57.98759, -22.07451 ], [ -57.98874, -22.07568 ], [ -57.98941, -22.07653 ], [ -57.99125, -22.07992 ] ], [ [ -57.99125, -22.05538 ], [ -57.98969, -22.0564 ], [ -57.98796, -22.05803 ], [ -57.98668, -22.05969 ], [ -57.98578, -22.06153 ], [ -57.98528, -22.06311 ], [ -57.98523, -22.06346 ] ], [ [ -57.98449, -22.05303 ], [ -57.98416, -22.05469 ], [ -57.98349, -22.05685 ], [ -57.98338, -22.05889 ], [ -57.9838, -22.06178 ], [ -57.98427, -22.06242 ], [ -57.98523, -22.06346 ] ], [ [ -57.98713, -22.04915 ], [ -57.98585, -22.05064 ], [ -57.98498, -22.05205 ], [ -57.98449, -22.05303 ] ], [ [ -57.99406, -22.04551 ], [ -57.99493, -22.04643 ], [ -57.9951, -22.04715 ], [ -57.99505, -22.04837 ], [ -57.99468, -22.0503 ], [ -57.99436, -22.05089 ], [ -57.99313, -22.05159 ], [ -57.99207, -22.05248 ], [ -57.99173, -22.05286 ], [ -57.9913, -22.05386 ], [ -57.99125, -22.05538 ] ], [ [ -57.99406, -22.04551 ], [ -57.99198, -22.04611 ], [ -57.98986, -22.04724 ], [ -57.98812, -22.04854 ], [ -57.98713, -22.04915 ] ], [ [ -57.99094, -22.04022 ], [ -57.98949, -22.04277 ], [ -57.98895, -22.04382 ], [ -57.98872, -22.04454 ], [ -57.98765, -22.04637 ], [ -57.98705, -22.04763 ], [ -57.987, -22.04812 ], [ -57.98713, -22.04915 ] ], [ [ -58.00049, -22.02775 ], [ -58.00333, -22.02932 ], [ -58.00477, -22.03022 ], [ -58.00596, -22.03136 ], [ -58.00684, -22.03245 ], [ -58.00763, -22.03399 ], [ -58.00848, -22.03865 ], [ -58.00905, -22.04072 ], [ -58.00913, -22.04131 ], [ -58.00919, -22.04329 ], [ -58.00878, -22.04512 ], [ -58.00815, -22.0465 ], [ -58.00748, -22.04752 ], [ -58.00674, -22.04841 ], [ -58.00499, -22.05008 ], [ -58.00394, -22.05083 ], [ -58.00083, -22.05193 ], [ -57.99721, -22.05304 ], [ -57.99184, -22.05499 ], [ -57.99125, -22.05538 ] ], [ [ -58.00049, -22.02775 ], [ -57.99982, -22.02954 ], [ -58.00028, -22.03265 ], [ -58.00102, -22.03464 ], [ -58.00133, -22.03667 ], [ -58.00125, -22.0383 ], [ -58.00092, -22.03973 ], [ -58.00036, -22.0409 ], [ -57.99919, -22.04208 ], [ -57.99828, -22.04286 ], [ -57.99731, -22.04363 ], [ -57.99618, -22.04439 ], [ -57.99406, -22.04551 ] ], [ [ -57.98919, -22.02151 ], [ -57.99247, -22.02315 ], [ -58.00049, -22.02775 ] ], [ [ -57.98919, -22.02151 ], [ -57.98833, -22.02247 ], [ -57.98799, -22.025 ], [ -57.98806, -22.02568 ], [ -57.98953, -22.02939 ], [ -57.98998, -22.031 ], [ -57.99007, -22.03169 ], [ -57.9901, -22.03352 ], [ -57.99003, -22.03396 ], [ -57.98925, -22.03644 ], [ -57.98896, -22.0379 ], [ -57.98865, -22.03882 ], [ -57.9873, -22.04146 ], [ -57.98688, -22.04273 ], [ -57.98657, -22.04523 ], [ -57.98522, -22.04891 ], [ -57.98449, -22.05303 ] ], [ [ -57.96345, -21.99829 ], [ -57.96544, -22.00349 ], [ -57.96599, -22.00461 ], [ -57.96685, -22.00604 ], [ -57.96906, -22.00905 ], [ -57.96945, -22.00976 ], [ -57.97148, -22.01218 ], [ -57.97358, -22.01429 ], [ -57.97578, -22.0156 ], [ -57.98134, -22.01781 ], [ -57.98678, -22.02031 ], [ -57.98919, -22.02151 ] ], [ [ -57.96399, -21.97947 ], [ -57.96424, -21.97989 ], [ -57.96479, -21.98169 ], [ -57.9652, -21.98334 ], [ -57.96503, -21.98501 ], [ -57.96424, -21.98898 ], [ -57.96369, -21.99332 ], [ -57.96345, -21.99452 ], [ -57.96326, -21.99619 ], [ -57.96345, -21.99829 ] ], [ [ -57.96503, -21.97549 ], [ -57.96504, -21.97655 ], [ -57.96462, -21.97788 ], [ -57.96399, -21.97947 ] ], [ [ -57.96374, -21.96787 ], [ -57.96446, -21.96859 ], [ -57.96469, -21.96914 ], [ -57.96467, -21.9696 ], [ -57.96439, -21.97022 ], [ -57.96433, -21.97052 ], [ -57.96439, -21.97099 ], [ -57.96477, -21.97228 ], [ -57.96503, -21.97549 ] ], [ [ -57.95238, -21.96253 ], [ -57.95434, -21.966 ], [ -57.95677, -21.96965 ], [ -57.96113, -21.97517 ], [ -57.9631, -21.97798 ], [ -57.96399, -21.97947 ] ], [ [ -57.95238, -21.96253 ], [ -57.95112, -21.9631 ], [ -57.95016, -21.96423 ], [ -57.94986, -21.96498 ], [ -57.94987, -21.96677 ], [ -57.94961, -21.96714 ], [ -57.94877, -21.96772 ], [ -57.94865, -21.96808 ], [ -57.9486, -21.96848 ], [ -57.94885, -21.96957 ], [ -57.94931, -21.97027 ], [ -57.95017, -21.97116 ], [ -57.95086, -21.97257 ], [ -57.95191, -21.97609 ], [ -57.95276, -21.97804 ], [ -57.9537, -21.98152 ], [ -57.95448, -21.98397 ], [ -57.95554, -21.98652 ], [ -57.956, -21.98736 ], [ -57.95856, -21.99062 ], [ -57.96345, -21.99829 ] ], [ [ -57.95465, -21.96038 ], [ -57.95496, -21.96119 ], [ -57.95607, -21.96251 ], [ -57.95705, -21.96392 ], [ -57.95842, -21.96622 ], [ -57.96014, -21.96862 ], [ -57.96199, -21.97079 ], [ -57.96253, -21.97172 ], [ -57.96412, -21.97363 ], [ -57.96479, -21.97474 ], [ -57.96503, -21.97549 ] ], [ [ -57.92779, -21.8192 ], [ -57.92858, -21.82094 ], [ -57.92998, -21.82316 ], [ -57.93234, -21.82592 ], [ -57.93429, -21.82802 ], [ -57.93478, -21.8285 ], [ -57.93798, -21.83084 ], [ -57.94131, -21.83296 ], [ -57.94718, -21.83609 ], [ -57.95221, -21.83808 ], [ -57.96407, -21.8414 ], [ -57.96699, -21.84196 ], [ -57.96854, -21.84262 ], [ -57.96962, -21.84338 ], [ -57.97034, -21.84409 ], [ -57.97076, -21.84542 ], [ -57.97066, -21.84624 ], [ -57.96991, -21.84768 ], [ -57.96845, -21.84935 ], [ -57.96715, -21.85038 ], [ -57.96623, -21.85097 ], [ -57.96517, -21.85138 ], [ -57.96075, -21.85202 ], [ -57.95785, -21.85278 ], [ -57.95486, -21.85426 ], [ -57.95209, -21.85618 ], [ -57.94901, -21.85872 ], [ -57.94536, -21.86125 ], [ -57.94099, -21.86363 ], [ -57.93439, -21.86696 ], [ -57.92928, -21.86938 ], [ -57.92346, -21.87117 ], [ -57.9204, -21.87227 ], [ -57.91814, -21.87347 ], [ -57.91605, -21.87537 ], [ -57.91509, -21.87662 ], [ -57.91383, -21.87931 ], [ -57.91368, -21.88065 ], [ -57.91374, -21.88208 ], [ -57.91442, -21.88356 ], [ -57.91519, -21.88489 ], [ -57.91607, -21.88575 ], [ -57.91935, -21.88694 ], [ -57.92143, -21.88716 ], [ -57.92395, -21.88725 ], [ -57.92729, -21.88688 ], [ -57.92924, -21.88644 ], [ -57.93093, -21.88648 ], [ -57.93196, -21.8869 ], [ -57.93335, -21.888 ], [ -57.93474, -21.88971 ], [ -57.93699, -21.89284 ], [ -57.93922, -21.89474 ], [ -57.94183, -21.89657 ], [ -57.94437, -21.89781 ], [ -57.94663, -21.89906 ], [ -57.94751, -21.89987 ], [ -57.94813, -21.90082 ], [ -57.94865, -21.90239 ], [ -57.94891, -21.90437 ], [ -57.94884, -21.90491 ], [ -57.9485, -21.90589 ], [ -57.94797, -21.90661 ], [ -57.94709, -21.90738 ], [ -57.94554, -21.90834 ], [ -57.94408, -21.90887 ], [ -57.94138, -21.91023 ], [ -57.94005, -21.91105 ], [ -57.93903, -21.91201 ], [ -57.93817, -21.91335 ], [ -57.93752, -21.91469 ], [ -57.93686, -21.91642 ], [ -57.93654, -21.91812 ], [ -57.93666, -21.92137 ], [ -57.93692, -21.92345 ], [ -57.9376, -21.92538 ], [ -57.93967, -21.93007 ], [ -57.9407, -21.93217 ], [ -57.94198, -21.93543 ], [ -57.94431, -21.94259 ], [ -57.9483, -21.95287 ], [ -57.94994, -21.95674 ], [ -57.95129, -21.9606 ], [ -57.95238, -21.96253 ] ], [ [ -57.91295, -21.78987 ], [ -57.91628, -21.79642 ], [ -57.92274, -21.80712 ], [ -57.92445, -21.81084 ], [ -57.9269, -21.81723 ], [ -57.92779, -21.8192 ] ], [ [ -57.91295, -21.78987 ], [ -57.91202, -21.7917 ], [ -57.91163, -21.79214 ], [ -57.91064, -21.79627 ], [ -57.91021, -21.79753 ], [ -57.90995, -21.79908 ], [ -57.9102, -21.80183 ], [ -57.91111, -21.80414 ], [ -57.91193, -21.80568 ], [ -57.91304, -21.80717 ], [ -57.91468, -21.809 ], [ -57.91721, -21.81115 ], [ -57.92001, -21.81305 ], [ -57.92317, -21.81537 ], [ -57.92779, -21.8192 ] ], [ [ -57.94681, -21.74675 ], [ -57.94641, -21.74837 ], [ -57.94549, -21.75016 ], [ -57.94403, -21.75247 ], [ -57.94225, -21.75458 ], [ -57.93835, -21.75792 ], [ -57.93392, -21.76137 ], [ -57.92768, -21.76553 ], [ -57.92528, -21.76665 ], [ -57.92239, -21.76759 ], [ -57.9187, -21.76821 ], [ -57.91241, -21.76865 ], [ -57.91026, -21.76895 ], [ -57.90949, -21.76924 ], [ -57.90883, -21.77005 ], [ -57.90853, -21.77096 ], [ -57.90844, -21.77207 ], [ -57.90865, -21.77407 ], [ -57.90928, -21.77574 ], [ -57.91047, -21.77808 ], [ -57.91125, -21.78037 ], [ -57.91173, -21.78261 ], [ -57.91295, -21.78987 ] ], [ [ -57.9353, -21.72979 ], [ -57.94617, -21.73481 ], [ -57.94753, -21.73591 ], [ -57.94939, -21.73904 ], [ -57.94982, -21.73996 ], [ -57.94988, -21.74073 ], [ -57.94964, -21.74209 ], [ -57.94935, -21.74272 ], [ -57.94681, -21.74675 ] ], [ [ -57.9353, -21.72979 ], [ -57.94123, -21.73439 ], [ -57.94273, -21.73586 ], [ -57.94383, -21.73745 ], [ -57.94581, -21.74182 ], [ -57.94666, -21.74431 ], [ -57.9468, -21.74527 ], [ -57.94681, -21.74675 ] ], [ [ -57.89067, -21.69849 ], [ -57.89124, -21.69916 ], [ -57.89332, -21.70205 ], [ -57.89464, -21.70352 ], [ -57.89755, -21.70589 ], [ -57.90951, -21.71401 ], [ -57.91562, -21.71773 ], [ -57.92332, -21.72213 ], [ -57.92851, -21.72521 ], [ -57.9335, -21.72842 ], [ -57.9353, -21.72979 ] ], [ [ -57.90088, -21.6759 ], [ -57.89892, -21.67991 ], [ -57.89826, -21.68161 ], [ -57.89776, -21.68374 ], [ -57.89736, -21.68694 ], [ -57.89711, -21.68834 ], [ -57.89674, -21.68966 ], [ -57.89636, -21.69065 ], [ -57.89579, -21.69158 ], [ -57.89503, -21.69251 ], [ -57.89363, -21.69382 ], [ -57.89176, -21.69587 ], [ -57.89128, -21.69656 ], [ -57.89067, -21.69849 ] ], [ [ -57.90088, -21.6759 ], [ -57.89695, -21.67755 ], [ -57.893, -21.67906 ], [ -57.8918, -21.67944 ], [ -57.88889, -21.68081 ], [ -57.88724, -21.68174 ], [ -57.88633, -21.68239 ], [ -57.88572, -21.68292 ], [ -57.88428, -21.68457 ], [ -57.88396, -21.68515 ], [ -57.88317, -21.68872 ], [ -57.88312, -21.68965 ], [ -57.88338, -21.69083 ], [ -57.88426, -21.69228 ], [ -57.88524, -21.69315 ], [ -57.88684, -21.69477 ], [ -57.88822, -21.69582 ], [ -57.89067, -21.69849 ] ], [ [ -57.93664, -21.64258 ], [ -57.93637, -21.64382 ], [ -57.93611, -21.64597 ], [ -57.93536, -21.64841 ], [ -57.93247, -21.65371 ], [ -57.93086, -21.65644 ], [ -57.92915, -21.65867 ], [ -57.9265, -21.66154 ], [ -57.92295, -21.66455 ], [ -57.9197, -21.66641 ], [ -57.91557, -21.66819 ], [ -57.90911, -21.67143 ], [ -57.90088, -21.6759 ] ], [ [ -57.93349, -21.61095 ], [ -57.93626, -21.61315 ], [ -57.94084, -21.61903 ], [ -57.94148, -21.61999 ], [ -57.94252, -21.62221 ], [ -57.94305, -21.62437 ], [ -57.94318, -21.62633 ], [ -57.94305, -21.62887 ], [ -57.94227, -21.63139 ], [ -57.9411, -21.63394 ], [ -57.93743, -21.63993 ], [ -57.93664, -21.64258 ] ], [ [ -57.93349, -21.61095 ], [ -57.93164, -21.6119 ], [ -57.93084, -21.61349 ], [ -57.93074, -21.61506 ], [ -57.93, -21.61794 ], [ -57.92923, -21.62058 ], [ -57.92784, -21.62405 ], [ -57.92749, -21.62573 ], [ -57.92721, -21.62747 ], [ -57.92717, -21.62818 ], [ -57.92714, -21.63122 ], [ -57.92728, -21.6326 ], [ -57.92735, -21.63302 ], [ -57.92815, -21.63543 ], [ -57.92851, -21.63631 ], [ -57.92976, -21.63817 ], [ -57.93074, -21.63917 ], [ -57.93214, -21.6401 ], [ -57.93289, -21.64057 ], [ -57.9355, -21.64175 ], [ -57.93664, -21.64258 ] ], [ [ -57.93435, -21.57478 ], [ -57.9322, -21.57601 ], [ -57.92752, -21.57799 ], [ -57.92209, -21.58092 ], [ -57.92112, -21.58148 ], [ -57.91934, -21.58283 ], [ -57.91866, -21.58345 ], [ -57.91698, -21.58537 ], [ -57.91505, -21.58834 ], [ -57.91395, -21.59079 ], [ -57.91365, -21.59241 ], [ -57.91348, -21.59404 ], [ -57.9137, -21.59498 ], [ -57.91397, -21.5956 ], [ -57.91465, -21.59656 ], [ -57.91528, -21.59719 ], [ -57.91643, -21.59805 ], [ -57.92175, -21.60106 ], [ -57.92475, -21.60297 ], [ -57.92673, -21.60456 ], [ -57.9287, -21.60703 ], [ -57.9294, -21.6077 ], [ -57.93349, -21.61095 ] ], [ [ -57.96614, -21.54589 ], [ -57.96532, -21.54911 ], [ -57.96459, -21.55326 ], [ -57.963, -21.55791 ], [ -57.96232, -21.55938 ], [ -57.95982, -21.56317 ], [ -57.95899, -21.56418 ], [ -57.95778, -21.56531 ], [ -57.95616, -21.56666 ], [ -57.95352, -21.56838 ], [ -57.95226, -21.56886 ], [ -57.94932, -21.56972 ], [ -57.94714, -21.57015 ], [ -57.94051, -21.5719 ], [ -57.93669, -21.57345 ], [ -57.93435, -21.57478 ] ], [ [ -57.96614, -21.54589 ], [ -57.96246, -21.54998 ], [ -57.96053, -21.55154 ], [ -57.95852, -21.55291 ], [ -57.9516, -21.55695 ], [ -57.94963, -21.55837 ], [ -57.94745, -21.56024 ], [ -57.94561, -21.56214 ], [ -57.94377, -21.56364 ], [ -57.93923, -21.5679 ], [ -57.93845, -21.56884 ], [ -57.93435, -21.57478 ] ], [ [ -57.95756, -21.50669 ], [ -57.9585, -21.50739 ], [ -57.96122, -21.51017 ], [ -57.9628, -21.51281 ], [ -57.96575, -21.52047 ], [ -57.96716, -21.52591 ], [ -57.96774, -21.52904 ], [ -57.96792, -21.53099 ], [ -57.96784, -21.53516 ], [ -57.96756, -21.53854 ], [ -57.96706, -21.54221 ], [ -57.96614, -21.54589 ] ], [ [ -57.93949, -21.49303 ], [ -57.94146, -21.49543 ], [ -57.94417, -21.49788 ], [ -57.94884, -21.50116 ], [ -57.95516, -21.50489 ], [ -57.95756, -21.50669 ] ], [ [ -57.93949, -21.49303 ], [ -57.93771, -21.49358 ], [ -57.93591, -21.49585 ], [ -57.93579, -21.49603 ], [ -57.93539, -21.49739 ], [ -57.93543, -21.49838 ], [ -57.93559, -21.49897 ], [ -57.93638, -21.50032 ], [ -57.93774, -21.50316 ], [ -57.93868, -21.50489 ], [ -57.93953, -21.50604 ], [ -57.94056, -21.50699 ], [ -57.94169, -21.50779 ], [ -57.94256, -21.50818 ], [ -57.94498, -21.50877 ], [ -57.9477, -21.50964 ], [ -57.94895, -21.50981 ], [ -57.95201, -21.50949 ], [ -57.95437, -21.50802 ], [ -57.95756, -21.50669 ] ], [ [ -57.92485, -21.4625 ], [ -57.92492, -21.46361 ], [ -57.92611, -21.46929 ], [ -57.92689, -21.47158 ], [ -57.92772, -21.47325 ], [ -57.93125, -21.4795 ], [ -57.9335, -21.48389 ], [ -57.93893, -21.49234 ], [ -57.93949, -21.49303 ] ], [ [ -57.9168, -21.44626 ], [ -57.91744, -21.44753 ], [ -57.91801, -21.44913 ], [ -57.91848, -21.45127 ], [ -57.91936, -21.45377 ], [ -57.91982, -21.4546 ], [ -57.92112, -21.45647 ], [ -57.92226, -21.45872 ], [ -57.92485, -21.4625 ] ], [ [ -57.91656, -21.43233 ], [ -57.92078, -21.43995 ], [ -57.92184, -21.44168 ], [ -57.9257, -21.44848 ], [ -57.92635, -21.44978 ], [ -57.92705, -21.45197 ], [ -57.92717, -21.45266 ], [ -57.92701, -21.45435 ], [ -57.92658, -21.45542 ], [ -57.92583, -21.45686 ], [ -57.92532, -21.45801 ], [ -57.92498, -21.45969 ], [ -57.92478, -21.46141 ], [ -57.92485, -21.4625 ] ], [ [ -57.91656, -21.43233 ], [ -57.91677, -21.44122 ], [ -57.91647, -21.44431 ], [ -57.9165, -21.44501 ], [ -57.9168, -21.44626 ] ], [ [ -57.91656, -21.43233 ], [ -57.91491, -21.44117 ], [ -57.91486, -21.44213 ], [ -57.91499, -21.44337 ], [ -57.9168, -21.44626 ] ], [ [ -57.90823, -21.41948 ], [ -57.90922, -21.42167 ], [ -57.91025, -21.42334 ], [ -57.91313, -21.42643 ], [ -57.91451, -21.42837 ], [ -57.91656, -21.43233 ] ], [ [ -57.90273, -21.39666 ], [ -57.90561, -21.40027 ], [ -57.9068, -21.4028 ], [ -57.90748, -21.40576 ], [ -57.90786, -21.41066 ], [ -57.90791, -21.41747 ], [ -57.90823, -21.41948 ] ], [ [ -57.89353, -21.38968 ], [ -57.89639, -21.39272 ], [ -57.89931, -21.39468 ], [ -57.90273, -21.39666 ] ], [ [ -57.89353, -21.38968 ], [ -57.89387, -21.39708 ], [ -57.8943, -21.39909 ], [ -57.89516, -21.40117 ], [ -57.89666, -21.4038 ], [ -57.898, -21.40568 ], [ -57.89885, -21.40703 ], [ -57.90164, -21.41072 ], [ -57.9022, -21.4116 ], [ -57.90385, -21.41486 ], [ -57.90444, -21.4157 ], [ -57.90489, -21.41623 ], [ -57.90636, -21.41741 ], [ -57.90823, -21.41948 ] ], [ [ -57.87893, -21.368 ], [ -57.88154, -21.36976 ], [ -57.88462, -21.37113 ], [ -57.88697, -21.37255 ], [ -57.88869, -21.37401 ], [ -57.89009, -21.37553 ], [ -57.8921, -21.37802 ], [ -57.89438, -21.38224 ], [ -57.89886, -21.38908 ], [ -57.89979, -21.3907 ], [ -57.90155, -21.3948 ], [ -57.90273, -21.39666 ] ], [ [ -57.87893, -21.368 ], [ -57.88477, -21.37818 ], [ -57.88576, -21.37971 ], [ -57.88749, -21.38188 ], [ -57.88862, -21.38311 ], [ -57.89024, -21.38537 ], [ -57.89133, -21.38671 ], [ -57.8924, -21.38837 ], [ -57.89353, -21.38968 ] ], [ [ -57.85557, -21.31623 ], [ -57.85417, -21.31716 ], [ -57.85321, -21.31819 ], [ -57.85294, -21.31867 ], [ -57.85249, -21.31976 ], [ -57.85228, -21.32056 ], [ -57.85215, -21.32266 ], [ -57.85252, -21.32477 ], [ -57.85271, -21.32703 ], [ -57.85309, -21.32859 ], [ -57.85363, -21.33225 ], [ -57.85554, -21.339 ], [ -57.85794, -21.3456 ], [ -57.86025, -21.35017 ], [ -57.86299, -21.35385 ], [ -57.86429, -21.3552 ], [ -57.86931, -21.35915 ], [ -57.87333, -21.36273 ], [ -57.87893, -21.368 ] ], [ [ -57.88319, -21.30944 ], [ -57.87823, -21.31057 ], [ -57.86667, -21.31477 ], [ -57.86187, -21.31567 ], [ -57.85557, -21.31623 ] ], [ [ -57.88319, -21.30944 ], [ -57.87333, -21.30938 ], [ -57.86895, -21.30984 ], [ -57.86789, -21.31005 ], [ -57.8649, -21.31091 ], [ -57.85945, -21.31306 ], [ -57.85795, -21.31378 ], [ -57.85701, -21.31458 ], [ -57.85557, -21.31623 ] ], [ [ -57.90276, -21.30332 ], [ -57.89895, -21.31026 ], [ -57.89711, -21.3122 ], [ -57.89557, -21.31368 ], [ -57.89423, -21.31472 ], [ -57.89151, -21.31645 ], [ -57.88839, -21.318 ], [ -57.88573, -21.31891 ], [ -57.88399, -21.31928 ], [ -57.88202, -21.31958 ], [ -57.88011, -21.31978 ], [ -57.87751, -21.31986 ], [ -57.87605, -21.31966 ], [ -57.87232, -21.3188 ], [ -57.87092, -21.31865 ], [ -57.86753, -21.31802 ], [ -57.86669, -21.31798 ], [ -57.86513, -21.31808 ], [ -57.863, -21.31781 ], [ -57.85557, -21.31623 ] ], [ [ -57.90276, -21.30332 ], [ -57.89947, -21.30536 ], [ -57.89615, -21.30696 ], [ -57.89321, -21.30776 ], [ -57.88319, -21.30944 ] ], [ [ -57.91668, -21.27446 ], [ -57.9203, -21.27709 ], [ -57.92118, -21.27795 ], [ -57.9216, -21.27874 ], [ -57.92187, -21.27967 ], [ -57.92182, -21.28116 ], [ -57.92085, -21.2836 ], [ -57.91987, -21.28527 ], [ -57.91826, -21.28729 ], [ -57.91613, -21.2899 ], [ -57.91116, -21.29574 ], [ -57.90712, -21.2998 ], [ -57.90549, -21.3013 ], [ -57.90276, -21.30332 ] ], [ [ -57.91045, -21.2698 ], [ -57.91231, -21.27128 ], [ -57.91668, -21.27446 ] ], [ [ -57.90372, -21.26404 ], [ -57.9099, -21.26542 ], [ -57.91114, -21.26599 ], [ -57.912, -21.26681 ], [ -57.91319, -21.26826 ], [ -57.91668, -21.27446 ] ], [ [ -57.90372, -21.26404 ], [ -57.90551, -21.26516 ], [ -57.90737, -21.26653 ], [ -57.90942, -21.26861 ], [ -57.91045, -21.2698 ] ], [ [ -57.878, -21.24887 ], [ -57.87941, -21.24982 ], [ -57.88088, -21.25065 ], [ -57.88228, -21.2513 ], [ -57.88439, -21.25213 ], [ -57.88644, -21.25325 ], [ -57.89239, -21.2574 ], [ -57.90052, -21.26235 ], [ -57.90372, -21.26404 ] ], [ [ -57.878, -21.24887 ], [ -57.88106, -21.25491 ], [ -57.88206, -21.25668 ], [ -57.88272, -21.25756 ], [ -57.88568, -21.25992 ], [ -57.88826, -21.2617 ], [ -57.89228, -21.26367 ], [ -57.89499, -21.26488 ], [ -57.89806, -21.26585 ], [ -57.89908, -21.26626 ], [ -57.9012, -21.26684 ], [ -57.91045, -21.2698 ] ], [ [ -57.85879, -21.1567 ], [ -57.85867, -21.15802 ], [ -57.85868, -21.16023 ], [ -57.85825, -21.16298 ], [ -57.85438, -21.17318 ], [ -57.85297, -21.17616 ], [ -57.85228, -21.17782 ], [ -57.84977, -21.1846 ], [ -57.84818, -21.1912 ], [ -57.84806, -21.19307 ], [ -57.84862, -21.20148 ], [ -57.85087, -21.21486 ], [ -57.85206, -21.22372 ], [ -57.85286, -21.22661 ], [ -57.85404, -21.2298 ], [ -57.85506, -21.23141 ], [ -57.85728, -21.23358 ], [ -57.85914, -21.23479 ], [ -57.86376, -21.23669 ], [ -57.86562, -21.23792 ], [ -57.8705, -21.24192 ], [ -57.87434, -21.24522 ], [ -57.87601, -21.24697 ], [ -57.878, -21.24887 ] ], [ [ -57.86346, -21.1433 ], [ -57.86237, -21.14759 ], [ -57.85929, -21.15479 ], [ -57.85879, -21.1567 ] ], [ [ -57.86409, -21.13636 ], [ -57.86423, -21.13851 ], [ -57.86368, -21.14258 ], [ -57.86346, -21.1433 ] ], [ [ -57.85434, -21.1139 ], [ -57.85634, -21.11882 ], [ -57.85763, -21.12151 ], [ -57.86039, -21.12499 ], [ -57.86159, -21.1272 ], [ -57.863, -21.1307 ], [ -57.86409, -21.13636 ] ], [ [ -57.85434, -21.1139 ], [ -57.85604, -21.12401 ], [ -57.85637, -21.12535 ], [ -57.8567, -21.12607 ], [ -57.85987, -21.13034 ], [ -57.86409, -21.13636 ] ], [ [ -57.85434, -21.1139 ], [ -57.85475, -21.12493 ], [ -57.85496, -21.12663 ], [ -57.855, -21.12804 ], [ -57.85513, -21.1292 ], [ -57.85552, -21.13113 ], [ -57.85627, -21.13263 ], [ -57.85803, -21.13462 ], [ -57.86083, -21.13871 ], [ -57.86128, -21.13919 ], [ -57.86229, -21.14083 ], [ -57.86346, -21.1433 ] ], [ [ -57.85434, -21.1139 ], [ -57.85322, -21.12724 ], [ -57.85284, -21.12927 ], [ -57.8527, -21.13081 ], [ -57.85256, -21.1359 ], [ -57.85266, -21.1368 ], [ -57.85293, -21.1381 ], [ -57.85337, -21.13882 ], [ -57.85442, -21.13998 ], [ -57.85628, -21.14174 ], [ -57.85695, -21.14258 ], [ -57.85767, -21.14403 ], [ -57.85803, -21.14597 ], [ -57.85798, -21.14763 ], [ -57.85879, -21.1567 ] ], [ [ -57.85405, -21.08688 ], [ -57.84742, -21.09491 ], [ -57.84646, -21.09675 ], [ -57.84634, -21.09807 ], [ -57.84711, -21.10097 ], [ -57.8485, -21.10349 ], [ -57.85137, -21.10768 ], [ -57.85335, -21.11144 ], [ -57.85434, -21.1139 ] ], [ [ -57.86669, -21.06435 ], [ -57.86701, -21.06871 ], [ -57.86683, -21.07165 ], [ -57.86625, -21.07376 ], [ -57.86567, -21.07521 ], [ -57.86506, -21.07634 ], [ -57.86416, -21.07772 ], [ -57.86184, -21.0809 ], [ -57.86053, -21.08236 ], [ -57.86015, -21.0827 ], [ -57.85405, -21.08688 ] ], [ [ -57.86669, -21.06435 ], [ -57.86633, -21.06602 ], [ -57.86561, -21.06763 ], [ -57.8647, -21.0693 ], [ -57.85978, -21.07448 ], [ -57.85893, -21.07564 ], [ -57.8576, -21.07805 ], [ -57.85669, -21.0807 ], [ -57.85616, -21.08311 ], [ -57.85584, -21.084 ], [ -57.85405, -21.08688 ] ], [ [ -57.85751, -21.03137 ], [ -57.85831, -21.03209 ], [ -57.86089, -21.03415 ], [ -57.86524, -21.03625 ], [ -57.86628, -21.03687 ], [ -57.86702, -21.03762 ], [ -57.86758, -21.03847 ], [ -57.86823, -21.04131 ], [ -57.86848, -21.04502 ], [ -57.86845, -21.04613 ], [ -57.86829, -21.04805 ], [ -57.86822, -21.05032 ], [ -57.86681, -21.05943 ], [ -57.86686, -21.06217 ], [ -57.86669, -21.06435 ] ], [ [ -57.84488, -21.01577 ], [ -57.84629, -21.01794 ], [ -57.84771, -21.01942 ], [ -57.849, -21.02062 ], [ -57.84998, -21.02188 ], [ -57.8531, -21.02649 ], [ -57.8561, -21.0301 ], [ -57.85751, -21.03137 ] ], [ [ -57.84488, -21.01577 ], [ -57.84602, -21.02188 ], [ -57.84641, -21.02281 ], [ -57.84735, -21.02411 ], [ -57.85005, -21.02688 ], [ -57.85124, -21.02772 ], [ -57.85751, -21.03137 ] ], [ [ -57.86164, -20.94787 ], [ -57.86055, -20.94825 ], [ -57.8586, -20.94854 ], [ -57.85603, -20.94873 ], [ -57.85304, -20.94869 ], [ -57.85096, -20.94847 ], [ -57.84858, -20.94785 ], [ -57.84545, -20.94631 ], [ -57.84275, -20.94443 ], [ -57.84024, -20.94255 ], [ -57.83661, -20.93804 ], [ -57.83526, -20.93667 ], [ -57.8339, -20.93569 ], [ -57.83318, -20.93538 ], [ -57.8303, -20.93499 ], [ -57.82862, -20.9351 ], [ -57.82622, -20.93538 ], [ -57.82444, -20.93601 ], [ -57.82351, -20.9369 ], [ -57.82298, -20.93759 ], [ -57.82055, -20.94131 ], [ -57.81943, -20.94339 ], [ -57.81922, -20.94406 ], [ -57.81902, -20.94621 ], [ -57.81907, -20.94688 ], [ -57.81922, -20.94747 ], [ -57.82013, -20.94928 ], [ -57.82179, -20.95215 ], [ -57.82368, -20.955 ], [ -57.82479, -20.95686 ], [ -57.82509, -20.95816 ], [ -57.82522, -20.9596 ], [ -57.82519, -20.96107 ], [ -57.82476, -20.96463 ], [ -57.82429, -20.96662 ], [ -57.82384, -20.96779 ], [ -57.82276, -20.9698 ], [ -57.82123, -20.97195 ], [ -57.81808, -20.97582 ], [ -57.81731, -20.97708 ], [ -57.81689, -20.97845 ], [ -57.81698, -20.9806 ], [ -57.81741, -20.98142 ], [ -57.81814, -20.98213 ], [ -57.82162, -20.98445 ], [ -57.82396, -20.98623 ], [ -57.82456, -20.9869 ], [ -57.8323, -20.99716 ], [ -57.83437, -20.99944 ], [ -57.83652, -21.0011 ], [ -57.83882, -21.00335 ], [ -57.84036, -21.00523 ], [ -57.84128, -21.00689 ], [ -57.8419, -21.00838 ], [ -57.84265, -21.01073 ], [ -57.84364, -21.01313 ], [ -57.84488, -21.01577 ] ], [ [ -57.87656, -20.93082 ], [ -57.87686, -20.93721 ], [ -57.87719, -20.9392 ], [ -57.87709, -20.93978 ], [ -57.87688, -20.94036 ], [ -57.87654, -20.94082 ], [ -57.87396, -20.94263 ], [ -57.87207, -20.94367 ], [ -57.86632, -20.94636 ], [ -57.86382, -20.94745 ], [ -57.86227, -20.94794 ], [ -57.86164, -20.94787 ] ], [ [ -57.87656, -20.93082 ], [ -57.87434, -20.93664 ], [ -57.87365, -20.93798 ], [ -57.87116, -20.94197 ], [ -57.86933, -20.94384 ], [ -57.86908, -20.944 ], [ -57.86378, -20.94714 ], [ -57.86164, -20.94787 ] ], [ [ -57.87656, -20.93082 ], [ -57.87182, -20.9354 ], [ -57.87085, -20.93643 ], [ -57.86982, -20.9377 ], [ -57.8688, -20.93922 ], [ -57.866, -20.94277 ], [ -57.86164, -20.94787 ] ], [ [ -57.9158, -20.88343 ], [ -57.92268, -20.88848 ], [ -57.92653, -20.89202 ], [ -57.92763, -20.89328 ], [ -57.92831, -20.89465 ], [ -57.92844, -20.89597 ], [ -57.92839, -20.89735 ], [ -57.92797, -20.89844 ], [ -57.92685, -20.90023 ], [ -57.92439, -20.90279 ], [ -57.92316, -20.90347 ], [ -57.92222, -20.90387 ], [ -57.92148, -20.90415 ], [ -57.92027, -20.90443 ], [ -57.91943, -20.90453 ], [ -57.91796, -20.90456 ], [ -57.9161, -20.90436 ], [ -57.9142, -20.90387 ], [ -57.90387, -20.90165 ], [ -57.90282, -20.90163 ], [ -57.90111, -20.90187 ], [ -57.89779, -20.90302 ], [ -57.89513, -20.90421 ], [ -57.89209, -20.90614 ], [ -57.89051, -20.90729 ], [ -57.88855, -20.9089 ], [ -57.88699, -20.91036 ], [ -57.88439, -20.91372 ], [ -57.88112, -20.91951 ], [ -57.87656, -20.93082 ] ], [ [ -57.88646, -20.8639 ], [ -57.89686, -20.86764 ], [ -57.8981, -20.86817 ], [ -57.8997, -20.86901 ], [ -57.90369, -20.87121 ], [ -57.90613, -20.87295 ], [ -57.90753, -20.87415 ], [ -57.91112, -20.87798 ], [ -57.9158, -20.88343 ] ], [ [ -57.88646, -20.8639 ], [ -57.89067, -20.86708 ], [ -57.89343, -20.86965 ], [ -57.8957, -20.87211 ], [ -57.89767, -20.87405 ], [ -57.89972, -20.87561 ], [ -57.90414, -20.87839 ], [ -57.90612, -20.87952 ], [ -57.9092, -20.88091 ], [ -57.91285, -20.88217 ], [ -57.9158, -20.88343 ] ], [ [ -57.87028, -20.8537 ], [ -57.87143, -20.85405 ], [ -57.87243, -20.85459 ], [ -57.87995, -20.85959 ], [ -57.8811, -20.86028 ], [ -57.88646, -20.8639 ] ], [ [ -57.86516, -20.85337 ], [ -57.86766, -20.85327 ], [ -57.87028, -20.8537 ] ], [ [ -57.86846, -20.85055 ], [ -57.8687, -20.85091 ], [ -57.86883, -20.8513 ], [ -57.87028, -20.8537 ] ], [ [ -57.85526, -20.83656 ], [ -57.85756, -20.83928 ], [ -57.85884, -20.84129 ], [ -57.85992, -20.8437 ], [ -57.86073, -20.84634 ], [ -57.86146, -20.84827 ], [ -57.86224, -20.8498 ], [ -57.86261, -20.85023 ], [ -57.86316, -20.85111 ], [ -57.86516, -20.85337 ] ], [ [ -57.85526, -20.83656 ], [ -57.85473, -20.83847 ], [ -57.85428, -20.84073 ], [ -57.85429, -20.84144 ], [ -57.85438, -20.84194 ], [ -57.85436, -20.84289 ], [ -57.85562, -20.84638 ], [ -57.85624, -20.84752 ], [ -57.858, -20.84976 ], [ -57.85961, -20.85135 ], [ -57.86074, -20.85218 ], [ -57.862, -20.85299 ], [ -57.86257, -20.85323 ], [ -57.8635, -20.85342 ], [ -57.86516, -20.85337 ] ], [ [ -57.85841, -20.82837 ], [ -57.86048, -20.83383 ], [ -57.86127, -20.83528 ], [ -57.86166, -20.83659 ], [ -57.86249, -20.84176 ], [ -57.86302, -20.84418 ], [ -57.86339, -20.84513 ], [ -57.86396, -20.84614 ], [ -57.86444, -20.84678 ], [ -57.86648, -20.84918 ], [ -57.8673, -20.84998 ], [ -57.86846, -20.85055 ] ], [ [ -57.85841, -20.82837 ], [ -57.85635, -20.83228 ], [ -57.85547, -20.83601 ], [ -57.85526, -20.83656 ] ], [ [ -57.87748, -20.80615 ], [ -57.87595, -20.81166 ], [ -57.87557, -20.81251 ], [ -57.87435, -20.81585 ], [ -57.87393, -20.81656 ], [ -57.87329, -20.81712 ], [ -57.87251, -20.81748 ], [ -57.87154, -20.81768 ], [ -57.87044, -20.81812 ], [ -57.86993, -20.81847 ], [ -57.86968, -20.81887 ], [ -57.86969, -20.81954 ], [ -57.86991, -20.82009 ], [ -57.87038, -20.8209 ], [ -57.87115, -20.82186 ], [ -57.87137, -20.82262 ], [ -57.8713, -20.82304 ], [ -57.87134, -20.82331 ], [ -57.87099, -20.82411 ], [ -57.86915, -20.82645 ], [ -57.86744, -20.82896 ], [ -57.8671, -20.82979 ], [ -57.86666, -20.83053 ], [ -57.86587, -20.83217 ], [ -57.86556, -20.83328 ], [ -57.86549, -20.83419 ], [ -57.86565, -20.83517 ], [ -57.86586, -20.83569 ], [ -57.86616, -20.83611 ], [ -57.86631, -20.83628 ], [ -57.86683, -20.83658 ], [ -57.86864, -20.83714 ], [ -57.869, -20.83744 ], [ -57.86916, -20.8379 ], [ -57.86871, -20.84094 ], [ -57.86846, -20.84591 ], [ -57.86851, -20.84756 ], [ -57.86846, -20.85055 ] ], [ [ -57.87748, -20.80615 ], [ -57.87328, -20.81016 ], [ -57.87041, -20.81215 ], [ -57.86717, -20.8146 ], [ -57.86485, -20.81613 ], [ -57.8634, -20.81809 ], [ -57.8616, -20.82121 ], [ -57.85841, -20.82837 ] ], [ [ -57.92484, -20.79712 ], [ -57.92045, -20.79674 ], [ -57.91707, -20.79658 ], [ -57.91504, -20.79632 ], [ -57.91342, -20.79602 ], [ -57.91054, -20.79525 ], [ -57.90934, -20.79474 ], [ -57.90815, -20.79401 ], [ -57.90671, -20.79293 ], [ -57.9029, -20.79109 ], [ -57.90125, -20.7907 ] ], [ [ -57.92484, -20.79712 ], [ -57.9191, -20.79376 ], [ -57.91523, -20.7916 ], [ -57.91223, -20.79036 ], [ -57.90918, -20.7898 ], [ -57.90735, -20.78958 ], [ -57.90515, -20.78976 ], [ -57.90125, -20.7907 ] ], [ [ -57.90125, -20.7907 ], [ -57.89942, -20.79065 ], [ -57.89686, -20.79095 ], [ -57.89461, -20.79165 ], [ -57.89272, -20.79252 ], [ -57.89078, -20.79391 ], [ -57.8846, -20.79969 ], [ -57.87748, -20.80615 ] ], [ [ -57.95425, -20.77661 ], [ -57.95789, -20.78252 ], [ -57.95914, -20.78525 ], [ -57.95976, -20.78632 ], [ -57.96129, -20.78944 ], [ -57.96209, -20.79146 ], [ -57.96228, -20.79295 ], [ -57.9621, -20.79421 ], [ -57.96144, -20.79554 ], [ -57.96059, -20.79652 ], [ -57.95871, -20.79779 ], [ -57.95643, -20.79903 ], [ -57.95318, -20.80003 ], [ -57.95215, -20.80023 ], [ -57.95, -20.80084 ], [ -57.94606, -20.80115 ], [ -57.94385, -20.80117 ], [ -57.94201, -20.801 ], [ -57.93775, -20.80023 ], [ -57.92788, -20.79766 ], [ -57.92484, -20.79712 ] ], [ [ -57.94163, -20.75345 ], [ -57.9436, -20.75583 ], [ -57.94785, -20.76199 ], [ -57.94825, -20.7627 ], [ -57.94951, -20.76515 ], [ -57.95425, -20.77661 ] ], [ [ -57.8987, -20.74822 ], [ -57.90347, -20.7508 ], [ -57.90614, -20.75213 ], [ -57.90771, -20.75316 ], [ -57.91123, -20.75584 ], [ -57.91495, -20.75818 ], [ -57.91798, -20.75925 ], [ -57.92076, -20.76005 ], [ -57.92288, -20.76054 ], [ -57.92551, -20.76133 ], [ -57.92633, -20.76148 ], [ -57.92889, -20.7617 ], [ -57.93044, -20.76169 ], [ -57.93114, -20.76159 ], [ -57.93416, -20.76159 ], [ -57.93572, -20.76183 ], [ -57.93772, -20.76253 ], [ -57.94087, -20.76406 ], [ -57.94186, -20.76472 ], [ -57.94269, -20.7655 ], [ -57.94355, -20.76613 ], [ -57.94497, -20.76763 ], [ -57.94679, -20.77018 ], [ -57.94945, -20.77341 ], [ -57.95425, -20.77661 ] ], [ [ -57.8987, -20.74822 ], [ -57.90245, -20.74758 ], [ -57.91122, -20.74528 ], [ -57.91561, -20.74442 ], [ -57.91778, -20.74415 ], [ -57.91992, -20.74414 ] ], [ [ -57.91992, -20.74414 ], [ -57.9262, -20.74736 ], [ -57.92813, -20.74842 ], [ -57.93036, -20.74926 ], [ -57.93397, -20.75027 ], [ -57.94163, -20.75345 ] ], [ [ -57.91992, -20.74414 ], [ -57.92266, -20.74412 ], [ -57.92744, -20.74429 ], [ -57.93031, -20.74477 ], [ -57.93167, -20.74519 ], [ -57.93393, -20.74624 ], [ -57.93587, -20.74755 ], [ -57.93711, -20.74854 ], [ -57.93917, -20.75049 ], [ -57.94163, -20.75345 ] ], [ [ -57.87264, -20.731 ], [ -57.87216, -20.73245 ], [ -57.87135, -20.73377 ], [ -57.87035, -20.73496 ], [ -57.86725, -20.73822 ], [ -57.8637, -20.74152 ], [ -57.86373, -20.74401 ], [ -57.86398, -20.74512 ], [ -57.86462, -20.7461 ], [ -57.86545, -20.74688 ], [ -57.86658, -20.74768 ], [ -57.86892, -20.74906 ], [ -57.87022, -20.74959 ], [ -57.87368, -20.75068 ], [ -57.87478, -20.75087 ], [ -57.87531, -20.75088 ], [ -57.87673, -20.75088 ], [ -57.87971, -20.75064 ], [ -57.88606, -20.74908 ], [ -57.88792, -20.74869 ], [ -57.88954, -20.74849 ], [ -57.89585, -20.74814 ], [ -57.8987, -20.74822 ] ], [ [ -57.87991, -20.71255 ], [ -57.87685, -20.71777 ], [ -57.87631, -20.71857 ], [ -57.87464, -20.72216 ], [ -57.87329, -20.72607 ], [ -57.87264, -20.731 ] ], [ [ -57.89809, -20.69487 ], [ -57.89096, -20.70163 ], [ -57.88702, -20.70564 ], [ -57.88264, -20.7094 ], [ -57.88115, -20.71091 ], [ -57.87991, -20.71255 ] ], [ [ -57.89809, -20.69487 ], [ -57.88829, -20.69999 ], [ -57.88782, -20.70032 ], [ -57.88592, -20.70215 ], [ -57.88515, -20.70297 ], [ -57.88369, -20.7049 ], [ -57.87991, -20.71255 ] ], [ [ -57.90632, -20.68627 ], [ -57.9046, -20.69336 ], [ -57.90295, -20.69736 ], [ -57.90108, -20.7031 ], [ -57.90037, -20.70658 ], [ -57.90005, -20.70851 ], [ -57.89943, -20.71051 ], [ -57.8987, -20.71328 ], [ -57.8978, -20.71508 ], [ -57.89725, -20.71602 ], [ -57.89665, -20.71682 ], [ -57.8959, -20.71764 ], [ -57.89548, -20.71792 ], [ -57.89472, -20.71819 ], [ -57.89337, -20.71837 ], [ -57.89065, -20.71813 ], [ -57.88926, -20.71815 ], [ -57.88723, -20.71844 ], [ -57.88556, -20.71891 ], [ -57.8834, -20.71992 ], [ -57.88102, -20.72145 ], [ -57.87805, -20.7238 ], [ -57.8773, -20.72476 ], [ -57.87632, -20.72579 ], [ -57.87264, -20.731 ] ], [ [ -57.90632, -20.68627 ], [ -57.90469, -20.68874 ], [ -57.90335, -20.69043 ], [ -57.90124, -20.69207 ], [ -57.89809, -20.69487 ] ], [ [ -57.97862, -20.66796 ], [ -57.98, -20.67073 ], [ -57.98215, -20.67442 ], [ -57.98424, -20.67726 ], [ -57.98687, -20.68108 ], [ -57.98833, -20.68429 ], [ -57.98885, -20.68573 ], [ -57.98916, -20.68698 ], [ -57.98944, -20.69027 ], [ -57.98904, -20.69215 ], [ -57.98845, -20.69587 ], [ -57.9876, -20.69913 ], [ -57.98707, -20.70015 ], [ -57.98605, -20.70168 ], [ -57.98513, -20.70267 ], [ -57.98402, -20.7035 ], [ -57.98277, -20.70417 ], [ -57.98173, -20.70446 ], [ -57.98021, -20.70454 ], [ -57.97894, -20.70444 ], [ -57.97407, -20.70369 ], [ -57.9715, -20.70394 ], [ -57.96904, -20.70427 ], [ -57.96055, -20.70621 ], [ -57.95697, -20.70489 ], [ -57.95446, -20.70363 ], [ -57.95327, -20.70281 ], [ -57.95272, -20.70221 ], [ -57.95225, -20.70148 ], [ -57.95124, -20.69913 ], [ -57.95054, -20.69707 ], [ -57.94895, -20.6939 ], [ -57.9485, -20.69266 ], [ -57.94763, -20.69112 ], [ -57.94536, -20.68757 ], [ -57.94404, -20.68522 ], [ -57.94294, -20.6835 ], [ -57.94201, -20.68127 ], [ -57.94087, -20.67898 ], [ -57.94, -20.67691 ], [ -57.93655, -20.67046 ], [ -57.93432, -20.66735 ], [ -57.93383, -20.66682 ], [ -57.93277, -20.66595 ], [ -57.93086, -20.66478 ], [ -57.92903, -20.6643 ], [ -57.92681, -20.66413 ], [ -57.92493, -20.66423 ], [ -57.92283, -20.66461 ], [ -57.9216, -20.66499 ], [ -57.91973, -20.66574 ], [ -57.91739, -20.66741 ], [ -57.91607, -20.66883 ], [ -57.91374, -20.67202 ], [ -57.91204, -20.67481 ], [ -57.90966, -20.67922 ], [ -57.90632, -20.68627 ] ], [ [ -57.97149, -20.64795 ], [ -57.97644, -20.65372 ], [ -57.97681, -20.65444 ], [ -57.97781, -20.65775 ], [ -57.97913, -20.66151 ], [ -57.97862, -20.66796 ] ], [ [ -57.97149, -20.64795 ], [ -57.97862, -20.66796 ] ], [ [ -57.99764, -20.57416 ], [ -57.99851, -20.57721 ], [ -57.99912, -20.57866 ], [ -57.99963, -20.57948 ], [ -58.00584, -20.58703 ], [ -58.0075, -20.58976 ], [ -58.00935, -20.59383 ], [ -58.01057, -20.597 ], [ -58.01279, -20.60442 ], [ -58.01381, -20.60859 ], [ -58.01376, -20.61222 ], [ -58.01338, -20.6137 ], [ -58.01229, -20.61543 ], [ -58.01073, -20.61716 ], [ -58.00678, -20.62056 ], [ -58.00211, -20.62644 ], [ -57.99887, -20.62987 ], [ -57.99674, -20.63135 ], [ -57.9934, -20.63351 ], [ -57.98926, -20.63565 ], [ -57.98603, -20.6369 ], [ -57.98202, -20.63825 ], [ -57.97372, -20.64127 ], [ -57.97256, -20.64192 ], [ -57.97164, -20.64283 ], [ -57.97096, -20.64376 ], [ -57.97074, -20.64466 ], [ -57.97086, -20.6457 ], [ -57.97149, -20.64795 ] ], [ [ -58.0089, -20.54481 ], [ -58.00438, -20.55854 ], [ -58.00401, -20.56097 ], [ -58.00268, -20.56387 ], [ -57.99855, -20.57108 ], [ -57.99764, -20.57416 ] ], [ [ -58.0089, -20.54481 ], [ -58.00817, -20.54638 ], [ -58.00526, -20.55136 ], [ -58.00428, -20.55255 ], [ -58.00095, -20.55566 ], [ -57.99864, -20.55818 ], [ -57.99777, -20.55944 ], [ -57.99691, -20.5612 ], [ -57.99624, -20.56325 ], [ -57.99598, -20.56519 ], [ -57.99592, -20.56695 ], [ -57.99612, -20.56852 ], [ -57.99691, -20.57177 ], [ -57.99764, -20.57416 ] ], [ [ -58.01891, -20.51372 ], [ -58.01872, -20.51647 ], [ -58.01823, -20.51979 ], [ -58.01635, -20.52739 ], [ -58.01568, -20.52955 ], [ -58.01341, -20.53529 ], [ -58.0089, -20.54481 ] ], [ [ -58.01139, -20.48123 ], [ -58.0168, -20.48612 ], [ -58.01827, -20.48791 ], [ -58.01937, -20.489 ], [ -58.02083, -20.49068 ], [ -58.02159, -20.49163 ], [ -58.02328, -20.4941 ], [ -58.0236, -20.49489 ], [ -58.02438, -20.49618 ], [ -58.0251, -20.49711 ], [ -58.0256, -20.49761 ], [ -58.02649, -20.49892 ], [ -58.02768, -20.5003 ], [ -58.02786, -20.50086 ], [ -58.02794, -20.50184 ], [ -58.0278, -20.50248 ], [ -58.0272, -20.50343 ], [ -58.02507, -20.50548 ], [ -58.02372, -20.50694 ], [ -58.02178, -20.50986 ], [ -58.01891, -20.51372 ] ], [ [ -58.01139, -20.48123 ], [ -58.01238, -20.48358 ], [ -58.01331, -20.48627 ], [ -58.01412, -20.48944 ], [ -58.01497, -20.49514 ], [ -58.01546, -20.49987 ], [ -58.01561, -20.5003 ], [ -58.01595, -20.50259 ], [ -58.01854, -20.51189 ], [ -58.01891, -20.51372 ] ], [ [ -58.00905, -20.41976 ], [ -57.9996, -20.43183 ], [ -57.99704, -20.43577 ], [ -57.99538, -20.43999 ], [ -57.99457, -20.44299 ], [ -57.99442, -20.44561 ], [ -57.9945, -20.44846 ], [ -57.9949, -20.45218 ], [ -57.99581, -20.4553 ], [ -58.00293, -20.46662 ], [ -58.00612, -20.47146 ], [ -58.00944, -20.47742 ], [ -58.01139, -20.48123 ] ], [ [ -58.04704, -20.39809 ], [ -58.04287, -20.40256 ], [ -58.0395, -20.40522 ], [ -58.03802, -20.40618 ], [ -58.036, -20.40769 ], [ -58.03349, -20.40919 ], [ -58.03276, -20.40972 ], [ -58.03106, -20.41056 ], [ -58.02873, -20.41186 ], [ -58.02516, -20.41403 ], [ -58.02121, -20.41592 ], [ -58.02035, -20.41625 ], [ -58.01583, -20.41749 ], [ -58.00905, -20.41976 ] ], [ [ -58.04704, -20.39809 ], [ -58.04521, -20.39883 ], [ -58.04264, -20.39958 ], [ -58.0394, -20.40017 ], [ -58.0377, -20.40039 ], [ -58.03444, -20.40065 ], [ -58.02497, -20.40129 ], [ -58.02325, -20.40157 ], [ -58.02173, -20.40216 ], [ -58.0209, -20.40281 ], [ -58.02018, -20.40378 ], [ -58.01767, -20.40946 ], [ -58.01665, -20.41072 ], [ -58.01233, -20.41561 ], [ -58.00905, -20.41976 ] ], [ [ -58.06446, -20.3926 ], [ -58.06269, -20.39333 ], [ -58.06103, -20.39383 ], [ -58.05896, -20.39425 ], [ -58.05494, -20.39488 ], [ -58.05302, -20.39543 ], [ -58.05122, -20.39617 ], [ -58.04934, -20.39716 ], [ -58.04704, -20.39809 ] ], [ [ -58.0796, -20.3792 ], [ -58.07825, -20.38123 ], [ -58.07656, -20.3844 ], [ -58.07544, -20.38624 ], [ -58.07457, -20.38707 ], [ -58.07355, -20.38781 ], [ -58.07067, -20.38967 ], [ -58.06446, -20.3926 ] ], [ [ -58.0796, -20.3792 ], [ -58.07418, -20.3829 ], [ -58.07211, -20.38527 ], [ -58.06446, -20.3926 ] ], [ [ -58.08383, -20.37349 ], [ -58.08152, -20.37673 ], [ -58.0796, -20.3792 ] ], [ [ -58.09424, -20.35099 ], [ -58.09523, -20.35849 ], [ -58.09501, -20.3602 ], [ -58.09486, -20.36048 ], [ -58.09465, -20.36136 ], [ -58.0943, -20.36478 ], [ -58.09385, -20.36669 ], [ -58.0934, -20.36813 ], [ -58.09308, -20.36888 ], [ -58.09209, -20.37021 ], [ -58.09056, -20.37158 ], [ -58.08938, -20.37223 ], [ -58.08383, -20.37349 ] ], [ [ -58.09424, -20.35099 ], [ -58.09383, -20.35301 ], [ -58.09316, -20.3553 ], [ -58.09208, -20.35793 ], [ -58.0898, -20.36271 ], [ -58.08915, -20.36437 ], [ -58.08687, -20.36883 ], [ -58.08383, -20.37349 ] ], [ [ -58.09524, -20.34369 ], [ -58.09503, -20.34482 ], [ -58.09424, -20.35099 ] ], [ [ -58.09494, -20.30507 ], [ -58.09602, -20.30746 ], [ -58.0981, -20.31117 ], [ -58.09971, -20.3137 ], [ -58.10083, -20.3161 ], [ -58.10172, -20.31828 ], [ -58.10234, -20.32014 ], [ -58.10259, -20.32226 ], [ -58.10241, -20.32366 ], [ -58.10207, -20.32524 ], [ -58.10119, -20.32788 ], [ -58.09956, -20.33188 ], [ -58.09865, -20.33385 ], [ -58.09702, -20.33702 ], [ -58.0958, -20.34073 ], [ -58.09524, -20.34369 ] ], [ [ -58.09494, -20.30507 ], [ -58.09342, -20.31045 ], [ -58.09311, -20.31128 ], [ -58.0925, -20.31212 ], [ -58.09128, -20.31352 ], [ -58.09059, -20.31421 ], [ -58.08996, -20.31505 ], [ -58.08956, -20.31583 ], [ -58.08924, -20.31711 ], [ -58.08909, -20.31892 ], [ -58.08897, -20.32253 ], [ -58.08922, -20.32481 ], [ -58.08953, -20.32591 ], [ -58.09024, -20.32745 ], [ -58.0917, -20.32981 ], [ -58.09209, -20.33084 ], [ -58.09237, -20.3323 ], [ -58.09242, -20.33513 ], [ -58.09255, -20.33639 ], [ -58.09274, -20.33714 ], [ -58.09524, -20.34369 ] ], [ [ -58.09164, -20.26223 ], [ -58.09154, -20.26231 ], [ -58.09027, -20.26491 ], [ -58.09006, -20.2656 ], [ -58.08978, -20.26724 ], [ -58.08943, -20.27173 ], [ -58.08937, -20.27612 ], [ -58.08954, -20.27945 ], [ -58.09104, -20.2921 ], [ -58.09147, -20.29449 ], [ -58.09182, -20.29615 ], [ -58.09301, -20.30019 ], [ -58.09431, -20.30367 ], [ -58.09494, -20.30507 ] ], [ [ -58.12829, -20.25656 ], [ -58.12261, -20.25656 ], [ -58.1208, -20.2568 ], [ -58.11927, -20.25738 ], [ -58.11844, -20.25799 ], [ -58.1154, -20.2598 ], [ -58.11376, -20.26044 ], [ -58.1111, -20.26106 ], [ -58.11, -20.26118 ], [ -58.10885, -20.26113 ], [ -58.10505, -20.2604 ], [ -58.10231, -20.26015 ], [ -58.10121, -20.26019 ], [ -58.09761, -20.26074 ], [ -58.09493, -20.26135 ], [ -58.09164, -20.26223 ] ], [ [ -58.12829, -20.25656 ], [ -58.12473, -20.25386 ], [ -58.12298, -20.25264 ], [ -58.12163, -20.25198 ], [ -58.11892, -20.25094 ], [ -58.11451, -20.25011 ], [ -58.11326, -20.25004 ], [ -58.11045, -20.25002 ], [ -58.10718, -20.25031 ], [ -58.10247, -20.25142 ], [ -58.10142, -20.25184 ], [ -58.09968, -20.25287 ], [ -58.0973, -20.25464 ], [ -58.09499, -20.25648 ], [ -58.09366, -20.25798 ], [ -58.0928, -20.25931 ], [ -58.0919, -20.26141 ], [ -58.09164, -20.26223 ] ], [ [ -58.16523, -20.24106 ], [ -58.16386, -20.2478 ], [ -58.162, -20.25781 ], [ -58.16067, -20.26249 ], [ -58.15932, -20.26497 ], [ -58.15676, -20.26798 ], [ -58.15396, -20.27016 ], [ -58.15093, -20.27179 ], [ -58.14905, -20.27266 ], [ -58.14675, -20.27336 ], [ -58.14517, -20.27349 ], [ -58.14328, -20.27344 ], [ -58.1414, -20.27305 ], [ -58.13944, -20.27232 ], [ -58.13798, -20.27113 ], [ -58.13687, -20.26935 ], [ -58.13548, -20.26535 ], [ -58.13507, -20.26389 ], [ -58.13422, -20.26212 ], [ -58.13284, -20.26047 ], [ -58.12985, -20.25774 ], [ -58.12829, -20.25656 ] ], [ [ -58.16602, -20.23199 ], [ -58.16609, -20.23336 ], [ -58.16605, -20.23543 ], [ -58.16523, -20.24106 ] ], [ [ -58.16135, -20.22525 ], [ -58.16404, -20.22815 ], [ -58.16503, -20.22947 ], [ -58.16602, -20.23199 ] ], [ [ -58.16135, -20.22525 ], [ -58.16134, -20.22996 ], [ -58.16188, -20.23331 ], [ -58.1633, -20.23795 ], [ -58.16523, -20.24106 ] ], [ [ -58.15337, -20.21468 ], [ -58.15986, -20.21741 ], [ -58.16093, -20.218 ], [ -58.16192, -20.21886 ], [ -58.16403, -20.22161 ], [ -58.16481, -20.22299 ], [ -58.16524, -20.22398 ], [ -58.1655, -20.22485 ], [ -58.16566, -20.22568 ], [ -58.16602, -20.23199 ] ], [ [ -58.15337, -20.21468 ], [ -58.15502, -20.21582 ], [ -58.15612, -20.2169 ], [ -58.15784, -20.21947 ], [ -58.15938, -20.22222 ], [ -58.1603, -20.22353 ], [ -58.16135, -20.22525 ] ], [ [ -58.16848, -20.17263 ], [ -58.16761, -20.17527 ], [ -58.16586, -20.17745 ], [ -58.16406, -20.17929 ], [ -58.16188, -20.18094 ], [ -58.16072, -20.18155 ], [ -58.15958, -20.18193 ], [ -58.15852, -20.1821 ], [ -58.15598, -20.1821 ], [ -58.15391, -20.18188 ], [ -58.14824, -20.18077 ], [ -58.14656, -20.18054 ], [ -58.14421, -20.18056 ], [ -58.13999, -20.18081 ], [ -58.13714, -20.18146 ], [ -58.1329, -20.18298 ], [ -58.12981, -20.18437 ], [ -58.12721, -20.18623 ], [ -58.12516, -20.18848 ], [ -58.12366, -20.19078 ], [ -58.12253, -20.19509 ], [ -58.12261, -20.19744 ], [ -58.12287, -20.19951 ], [ -58.12361, -20.20134 ], [ -58.12521, -20.20322 ], [ -58.12844, -20.20586 ], [ -58.12989, -20.20675 ], [ -58.13262, -20.20807 ], [ -58.13477, -20.20892 ], [ -58.14039, -20.21018 ], [ -58.14633, -20.21169 ], [ -58.14965, -20.21287 ], [ -58.15154, -20.21372 ], [ -58.15337, -20.21468 ] ], [ [ -58.16678, -20.16348 ], [ -58.16826, -20.16536 ], [ -58.16893, -20.16662 ], [ -58.16925, -20.16776 ], [ -58.16923, -20.17003 ], [ -58.16848, -20.17263 ] ], [ [ -58.15797, -20.15741 ], [ -58.16165, -20.15978 ], [ -58.16403, -20.16114 ], [ -58.16544, -20.16217 ], [ -58.16678, -20.16348 ] ], [ [ -58.15797, -20.15741 ], [ -58.16026, -20.16031 ], [ -58.1626, -20.16391 ], [ -58.1637, -20.16493 ], [ -58.16571, -20.16728 ], [ -58.16621, -20.16801 ], [ -58.16663, -20.16871 ], [ -58.16848, -20.17263 ] ], [ [ -58.1486, -20.15258 ], [ -58.15012, -20.15297 ], [ -58.15201, -20.15365 ], [ -58.15353, -20.15438 ], [ -58.15481, -20.15518 ], [ -58.15797, -20.15741 ] ], [ [ -58.1486, -20.15258 ], [ -58.15587, -20.15213 ], [ -58.15626, -20.15216 ], [ -58.15708, -20.15232 ], [ -58.15916, -20.15304 ], [ -58.16092, -20.15394 ], [ -58.16263, -20.15541 ], [ -58.16377, -20.15676 ], [ -58.16486, -20.15861 ], [ -58.16678, -20.16348 ] ], [ [ -58.13224, -20.1523 ], [ -58.1337, -20.15266 ], [ -58.1355, -20.15296 ], [ -58.13697, -20.15308 ], [ -58.14306, -20.15255 ], [ -58.14683, -20.15248 ], [ -58.1486, -20.15258 ] ], [ [ -58.10484, -20.12675 ], [ -58.11136, -20.12979 ], [ -58.11299, -20.13079 ], [ -58.11567, -20.13288 ], [ -58.11918, -20.13589 ], [ -58.1245, -20.14122 ], [ -58.12674, -20.14428 ], [ -58.12983, -20.14924 ], [ -58.13224, -20.1523 ] ], [ [ -58.10484, -20.12675 ], [ -58.1066, -20.12911 ], [ -58.10763, -20.13094 ], [ -58.10855, -20.13294 ], [ -58.10982, -20.13607 ], [ -58.11236, -20.14115 ], [ -58.11342, -20.14297 ], [ -58.11505, -20.14508 ], [ -58.11576, -20.14564 ], [ -58.11658, -20.14642 ], [ -58.11745, -20.14693 ], [ -58.11806, -20.14742 ], [ -58.12035, -20.14859 ], [ -58.12658, -20.15069 ], [ -58.13224, -20.1523 ] ], [ [ -58.10124, -20.12219 ], [ -58.10484, -20.12675 ] ], [ [ -58.07797, -20.10632 ], [ -58.08619, -20.10706 ], [ -58.08882, -20.10771 ], [ -58.09149, -20.10881 ], [ -58.09441, -20.11095 ], [ -58.09612, -20.1129 ], [ -58.09803, -20.11601 ], [ -58.09949, -20.11923 ], [ -58.10124, -20.12219 ] ], [ [ -58.07797, -20.10632 ], [ -58.08591, -20.11112 ], [ -58.08746, -20.11239 ], [ -58.09173, -20.11623 ], [ -58.09249, -20.11677 ], [ -58.09361, -20.11775 ], [ -58.09726, -20.12014 ], [ -58.09798, -20.12071 ], [ -58.10124, -20.12219 ] ], [ [ -58.06938, -20.10615 ], [ -58.07617, -20.10622 ], [ -58.07797, -20.10632 ] ], [ [ -58.04049, -20.09084 ], [ -58.0438, -20.09307 ], [ -58.04531, -20.09371 ], [ -58.04781, -20.09447 ], [ -58.04925, -20.09518 ], [ -58.05093, -20.09645 ], [ -58.05217, -20.09753 ], [ -58.05731, -20.10088 ], [ -58.06003, -20.10243 ], [ -58.06211, -20.10325 ], [ -58.06345, -20.10355 ], [ -58.06553, -20.1042 ], [ -58.06938, -20.10615 ] ], [ [ -58.04049, -20.09084 ], [ -58.04218, -20.09704 ], [ -58.04357, -20.1007 ], [ -58.04429, -20.10209 ], [ -58.04487, -20.10284 ], [ -58.04497, -20.10311 ], [ -58.04747, -20.10531 ], [ -58.05243, -20.10824 ], [ -58.05367, -20.10863 ], [ -58.05578, -20.10887 ], [ -58.05842, -20.10866 ], [ -58.06348, -20.10762 ], [ -58.06627, -20.10668 ], [ -58.06938, -20.10615 ] ], [ [ -58.03824, -20.08107 ], [ -58.03848, -20.08378 ], [ -58.04049, -20.09084 ] ], [ [ -58.02695, -20.06036 ], [ -58.02842, -20.0614 ], [ -58.02942, -20.06224 ], [ -58.03212, -20.06477 ], [ -58.03373, -20.06654 ], [ -58.03553, -20.06912 ], [ -58.03631, -20.07054 ], [ -58.03662, -20.07134 ], [ -58.03714, -20.07312 ], [ -58.03728, -20.07426 ], [ -58.03762, -20.07605 ], [ -58.03817, -20.07847 ], [ -58.03824, -20.08107 ] ], [ [ -57.98622, -20.05878 ], [ -57.98962, -20.05848 ], [ -57.99423, -20.05699 ], [ -57.99591, -20.05668 ], [ -57.99713, -20.05654 ], [ -57.99853, -20.05653 ], [ -58.00084, -20.05669 ] ], [ [ -58.00381, -20.05682 ], [ -58.00971, -20.0579 ], [ -58.01147, -20.05795 ], [ -58.01348, -20.05788 ], [ -58.01554, -20.05804 ], [ -58.01761, -20.05843 ], [ -58.02338, -20.05914 ], [ -58.02515, -20.05953 ], [ -58.02695, -20.06036 ] ], [ [ -58.00381, -20.05682 ], [ -58.0095, -20.06186 ], [ -58.01049, -20.06286 ], [ -58.01748, -20.06859 ], [ -58.01928, -20.07052 ], [ -58.02018, -20.07185 ], [ -58.02259, -20.07395 ], [ -58.02554, -20.07577 ], [ -58.02837, -20.07718 ], [ -58.03099, -20.07823 ], [ -58.03316, -20.07882 ], [ -58.03528, -20.07961 ], [ -58.03824, -20.08107 ] ], [ [ -58.00084, -20.05669 ], [ -58.00381, -20.05682 ] ], [ [ -58.00084, -20.05669 ], [ -58.00589, -20.05416 ], [ -58.0081, -20.05333 ], [ -58.0096, -20.05294 ], [ -58.01161, -20.05305 ], [ -58.01496, -20.05377 ], [ -58.01731, -20.05448 ], [ -58.01958, -20.05532 ], [ -58.02255, -20.05684 ], [ -58.02695, -20.06036 ] ], [ [ -57.97206, -20.0467 ], [ -57.97573, -20.05161 ], [ -57.97781, -20.05388 ], [ -57.97842, -20.05441 ], [ -57.98318, -20.05765 ], [ -57.98488, -20.05844 ], [ -57.98622, -20.05878 ] ], [ [ -57.97206, -20.0467 ], [ -57.97302, -20.05202 ], [ -57.97375, -20.05469 ], [ -57.97442, -20.05604 ], [ -57.97518, -20.05728 ], [ -57.97599, -20.0581 ], [ -57.97698, -20.0588 ], [ -57.97841, -20.05947 ], [ -57.97992, -20.05981 ], [ -57.98221, -20.06002 ], [ -57.98422, -20.05973 ], [ -57.98622, -20.05878 ] ], [ [ -57.92417, -20.02653 ], [ -57.93512, -20.02353 ], [ -57.9391, -20.02161 ], [ -57.94321, -20.02041 ], [ -57.94833, -20.01877 ] ], [ [ -57.92417, -20.02653 ], [ -57.92929, -20.02248 ], [ -57.93159, -20.02115 ], [ -57.93625, -20.01918 ], [ -57.93892, -20.01853 ], [ -57.94208, -20.01828 ], [ -57.94833, -20.01877 ] ], [ [ -57.94833, -20.01877 ], [ -57.95202, -20.01988 ], [ -57.95418, -20.02073 ], [ -57.95776, -20.02245 ], [ -57.96026, -20.0241 ], [ -57.96405, -20.02775 ], [ -57.9654, -20.02981 ], [ -57.96675, -20.03244 ], [ -57.9678, -20.03496 ], [ -57.96842, -20.03811 ], [ -57.96929, -20.04057 ], [ -57.97064, -20.04401 ], [ -57.97206, -20.0467 ] ], [ [ -57.83948, -19.95195 ], [ -57.84119, -19.95277 ], [ -57.84414, -19.9546 ], [ -57.84839, -19.9578 ], [ -57.85032, -19.95956 ], [ -57.85298, -19.96217 ], [ -57.85487, -19.96449 ], [ -57.8567, -19.96725 ], [ -57.85762, -19.96898 ], [ -57.85893, -19.97252 ], [ -57.85982, -19.97435 ], [ -57.86117, -19.97814 ], [ -57.86301, -19.98377 ], [ -57.86348, -19.98539 ], [ -57.8642, -19.98695 ], [ -57.86587, -19.98927 ], [ -57.86828, -19.99276 ], [ -57.87153, -19.99685 ], [ -57.879, -20.00777 ], [ -57.8893, -20.0194 ], [ -57.88979, -20.02022 ], [ -57.89465, -20.02947 ], [ -57.89982, -20.03836 ], [ -57.90062, -20.04036 ], [ -57.9013, -20.04271 ], [ -57.90222, -20.04351 ], [ -57.90374, -20.0439 ], [ -57.90506, -20.04365 ], [ -57.90702, -20.04258 ], [ -57.92234, -20.02797 ], [ -57.92417, -20.02653 ] ], [ [ -57.83948, -19.95195 ], [ -57.83831, -19.95232 ], [ -57.83782, -19.953 ], [ -57.83804, -19.95556 ], [ -57.83832, -19.95615 ], [ -57.8397, -19.9578 ], [ -57.84129, -19.96007 ], [ -57.84209, -19.96205 ], [ -57.84297, -19.96626 ], [ -57.84375, -19.96794 ], [ -57.84491, -19.96912 ], [ -57.84634, -19.96999 ], [ -57.84754, -19.97043 ], [ -57.84939, -19.97148 ], [ -57.85049, -19.97417 ], [ -57.85101, -19.97471 ], [ -57.8517, -19.97578 ], [ -57.85204, -19.97605 ], [ -57.85244, -19.97672 ], [ -57.85314, -19.97748 ], [ -57.85354, -19.97816 ], [ -57.85583, -19.98102 ], [ -57.85742, -19.98268 ], [ -57.85834, -19.98272 ], [ -57.85969, -19.98463 ], [ -57.86619, -19.98973 ] ], [ [ -57.83101, -19.94607 ], [ -57.83786, -19.95108 ], [ -57.83948, -19.95195 ] ], [ [ -57.81176, -19.93407 ], [ -57.81539, -19.93627 ], [ -57.82333, -19.94177 ], [ -57.82455, -19.94252 ], [ -57.82843, -19.94444 ], [ -57.83101, -19.94607 ] ], [ [ -57.79625, -19.92374 ], [ -57.79824, -19.92395 ], [ -57.79974, -19.92422 ], [ -57.80095, -19.9247 ], [ -57.80271, -19.92591 ], [ -57.80617, -19.92941 ], [ -57.80982, -19.93265 ], [ -57.81176, -19.93407 ] ], [ [ -57.79625, -19.92374 ], [ -57.80481, -19.92299 ], [ -57.80531, -19.92304 ], [ -57.80654, -19.92323 ], [ -57.8083, -19.92369 ], [ -57.80943, -19.9241 ], [ -57.81213, -19.92549 ], [ -57.81368, -19.92648 ], [ -57.81497, -19.92749 ], [ -57.81599, -19.92833 ], [ -57.81701, -19.92935 ], [ -57.81875, -19.93137 ], [ -57.82201, -19.93618 ], [ -57.82366, -19.93833 ], [ -57.82597, -19.94064 ], [ -57.83101, -19.94607 ] ], [ [ -57.78604, -19.92171 ], [ -57.78804, -19.92217 ], [ -57.78993, -19.92274 ], [ -57.79625, -19.92374 ] ], [ [ -57.78604, -19.92171 ], [ -57.79074, -19.92754 ], [ -57.79297, -19.92968 ], [ -57.79413, -19.93035 ], [ -57.7947, -19.93059 ], [ -57.7956, -19.93076 ], [ -57.8004, -19.93125 ], [ -57.80221, -19.93168 ], [ -57.80568, -19.93272 ], [ -57.81176, -19.93407 ] ], [ [ -57.77894, -19.89017 ], [ -57.77916, -19.89125 ], [ -57.7792, -19.89247 ], [ -57.77904, -19.89471 ], [ -57.7787, -19.8956 ], [ -57.77788, -19.89709 ], [ -57.77742, -19.89767 ], [ -57.7768, -19.89823 ], [ -57.77535, -19.89892 ], [ -57.77444, -19.89952 ], [ -57.77124, -19.90112 ], [ -57.76945, -19.90227 ], [ -57.76691, -19.90511 ], [ -57.76569, -19.90706 ], [ -57.76495, -19.90876 ], [ -57.76436, -19.9122 ], [ -57.76451, -19.91348 ], [ -57.76489, -19.91463 ], [ -57.76646, -19.91698 ], [ -57.76776, -19.91827 ], [ -57.76953, -19.91942 ], [ -57.77097, -19.92002 ], [ -57.77229, -19.92026 ], [ -57.77376, -19.92035 ], [ -57.77712, -19.92014 ], [ -57.77847, -19.91991 ], [ -57.78054, -19.92026 ], [ -57.78604, -19.92171 ] ], [ [ -57.76488, -19.87989 ], [ -57.76593, -19.88125 ], [ -57.76709, -19.88235 ], [ -57.77008, -19.88445 ], [ -57.77176, -19.8853 ], [ -57.77894, -19.89017 ] ], [ [ -57.77069, -19.87075 ], [ -57.77191, -19.87223 ], [ -57.774, -19.87545 ], [ -57.77631, -19.87921 ], [ -57.7772, -19.88126 ], [ -57.77804, -19.88377 ], [ -57.77849, -19.88676 ], [ -57.77849, -19.88751 ], [ -57.77894, -19.89017 ] ], [ [ -57.75908, -19.8696 ], [ -57.75921, -19.87029 ], [ -57.75937, -19.87063 ], [ -57.76006, -19.87102 ], [ -57.76305, -19.87162 ], [ -57.76357, -19.87182 ], [ -57.76402, -19.87209 ], [ -57.7647, -19.87267 ], [ -57.76501, -19.87313 ], [ -57.76543, -19.87453 ], [ -57.76545, -19.8751 ], [ -57.76534, -19.87715 ], [ -57.76488, -19.87989 ] ], [ [ -57.75908, -19.8696 ], [ -57.75897, -19.87006 ], [ -57.7586, -19.87025 ], [ -57.75824, -19.87029 ], [ -57.75758, -19.87011 ], [ -57.75731, -19.87015 ], [ -57.75715, -19.87031 ], [ -57.75702, -19.87066 ], [ -57.75704, -19.87095 ], [ -57.75719, -19.87156 ], [ -57.75738, -19.87197 ], [ -57.7587, -19.87342 ], [ -57.75917, -19.87368 ], [ -57.76067, -19.87502 ], [ -57.76195, -19.87675 ], [ -57.76488, -19.87989 ] ], [ [ -57.75715, -19.86527 ], [ -57.76004, -19.86691 ], [ -57.76289, -19.86799 ], [ -57.76526, -19.86855 ], [ -57.76724, -19.86919 ], [ -57.76929, -19.87 ], [ -57.77069, -19.87075 ] ], [ [ -57.75715, -19.86527 ], [ -57.75847, -19.8671 ], [ -57.75888, -19.86835 ], [ -57.75908, -19.8696 ] ], [ [ -57.72579, -19.83525 ], [ -57.72678, -19.83591 ], [ -57.72846, -19.83746 ], [ -57.73099, -19.83922 ], [ -57.73276, -19.84071 ], [ -57.73785, -19.84607 ], [ -57.7385, -19.84663 ], [ -57.74129, -19.84817 ], [ -57.7437, -19.84927 ], [ -57.74918, -19.85026 ], [ -57.75165, -19.85129 ], [ -57.75304, -19.85219 ], [ -57.75498, -19.85395 ], [ -57.75653, -19.85576 ], [ -57.75754, -19.8574 ], [ -57.75898, -19.8595 ], [ -57.76011, -19.86061 ], [ -57.76776, -19.86579 ], [ -57.76898, -19.86683 ], [ -57.76981, -19.86807 ], [ -57.77051, -19.86988 ], [ -57.77069, -19.87075 ] ], [ [ -57.69972, -19.82932 ], [ -57.70582, -19.82941 ], [ -57.70863, -19.82956 ], [ -57.70928, -19.82968 ], [ -57.71153, -19.83039 ], [ -57.71275, -19.83054 ], [ -57.71551, -19.83065 ], [ -57.71768, -19.83093 ], [ -57.71898, -19.83127 ], [ -57.7207, -19.83192 ], [ -57.72189, -19.8326 ], [ -57.72579, -19.83525 ] ], [ [ -57.69972, -19.82932 ], [ -57.70111, -19.83005 ], [ -57.70397, -19.83105 ], [ -57.70635, -19.83163 ], [ -57.709, -19.83207 ], [ -57.71049, -19.83242 ], [ -57.71129, -19.8327 ], [ -57.71211, -19.83319 ], [ -57.71289, -19.83351 ], [ -57.71385, -19.83343 ], [ -57.71466, -19.83323 ], [ -57.71554, -19.83327 ], [ -57.71852, -19.83367 ], [ -57.72173, -19.83417 ], [ -57.72314, -19.8343 ], [ -57.7246, -19.83474 ], [ -57.72579, -19.83525 ] ], [ [ -57.66003, -19.81553 ], [ -57.66175, -19.81763 ], [ -57.66474, -19.8201 ], [ -57.66626, -19.82115 ], [ -57.66753, -19.82198 ], [ -57.67181, -19.82422 ], [ -57.67505, -19.8256 ], [ -57.68072, -19.82759 ], [ -57.68615, -19.82935 ], [ -57.69143, -19.83146 ], [ -57.69445, -19.83297 ], [ -57.69679, -19.83384 ], [ -57.6993, -19.83453 ], [ -57.70253, -19.83517 ], [ -57.70773, -19.83608 ], [ -57.71243, -19.83664 ], [ -57.71543, -19.83748 ], [ -57.71808, -19.83864 ], [ -57.71956, -19.83939 ], [ -57.72732, -19.84404 ], [ -57.7319, -19.84639 ], [ -57.73589, -19.84892 ], [ -57.73665, -19.84948 ], [ -57.74233, -19.85421 ], [ -57.7496, -19.86048 ], [ -57.75715, -19.86527 ] ], [ [ -57.65725, -19.79926 ], [ -57.65784, -19.80009 ], [ -57.65865, -19.80093 ], [ -57.65969, -19.80158 ], [ -57.66266, -19.80372 ], [ -57.66371, -19.80476 ], [ -57.66657, -19.80858 ], [ -57.66819, -19.81046 ], [ -57.67075, -19.81434 ], [ -57.67256, -19.81639 ], [ -57.67363, -19.81738 ], [ -57.67493, -19.8184 ], [ -57.67856, -19.82055 ], [ -57.68091, -19.8214 ], [ -57.68205, -19.82209 ], [ -57.68473, -19.82412 ], [ -57.68717, -19.82532 ], [ -57.68833, -19.82571 ], [ -57.69066, -19.82594 ], [ -57.69341, -19.82652 ], [ -57.69548, -19.8273 ], [ -57.69912, -19.82896 ], [ -57.69972, -19.82932 ] ], [ [ -57.65725, -19.79926 ], [ -57.65822, -19.8042 ], [ -57.65845, -19.80496 ], [ -57.65946, -19.80946 ], [ -57.65976, -19.81197 ], [ -57.66003, -19.81553 ] ], [ [ -57.64229, -19.78464 ], [ -57.64269, -19.78839 ], [ -57.6432, -19.79063 ], [ -57.6443, -19.79446 ], [ -57.64583, -19.79801 ], [ -57.6469, -19.79974 ], [ -57.64867, -19.80216 ], [ -57.64959, -19.80312 ], [ -57.65176, -19.80587 ], [ -57.65338, -19.80748 ], [ -57.65479, -19.80914 ], [ -57.66003, -19.81553 ] ], [ [ -57.64229, -19.78464 ], [ -57.64354, -19.78383 ], [ -57.6454, -19.78412 ], [ -57.6501, -19.79015 ], [ -57.65474, -19.79583 ], [ -57.65725, -19.79926 ] ], [ [ -57.65912, -19.75028 ], [ -57.65798, -19.75128 ], [ -57.65732, -19.75172 ], [ -57.65424, -19.75169 ], [ -57.65255, -19.75133 ], [ -57.65016, -19.75068 ], [ -57.64866, -19.75059 ], [ -57.64651, -19.75087 ], [ -57.64493, -19.75141 ], [ -57.64348, -19.75225 ], [ -57.64203, -19.75369 ], [ -57.6409, -19.7552 ], [ -57.64006, -19.75652 ], [ -57.6392, -19.75831 ], [ -57.63865, -19.76023 ], [ -57.63865, -19.76494 ], [ -57.63874, -19.76662 ], [ -57.64042, -19.77448 ], [ -57.64171, -19.77966 ], [ -57.64229, -19.78464 ] ], [ [ -57.6116, -19.74023 ], [ -57.61556, -19.74261 ], [ -57.6186, -19.74314 ], [ -57.62119, -19.74318 ], [ -57.62454, -19.7426 ], [ -57.62774, -19.74169 ], [ -57.63907, -19.73894 ], [ -57.64273, -19.73815 ], [ -57.64316, -19.73811 ] ], [ [ -57.6116, -19.74023 ], [ -57.61268, -19.74044 ], [ -57.61319, -19.74044 ], [ -57.61379, -19.74025 ], [ -57.61613, -19.73905 ], [ -57.61842, -19.73837 ], [ -57.6213, -19.73766 ], [ -57.62602, -19.73619 ], [ -57.62747, -19.73563 ], [ -57.63179, -19.73449 ], [ -57.6337, -19.7341 ], [ -57.63727, -19.73354 ], [ -57.63801, -19.73338 ], [ -57.64015, -19.73272 ], [ -57.64199, -19.73237 ], [ -57.64333, -19.73227 ], [ -57.64526, -19.73234 ], [ -57.64703, -19.73284 ], [ -57.64877, -19.73377 ] ], [ [ -57.64316, -19.73811 ], [ -57.64589, -19.73789 ], [ -57.64865, -19.73836 ], [ -57.6517, -19.73932 ], [ -57.6533, -19.74011 ], [ -57.65613, -19.74193 ], [ -57.6579, -19.74371 ], [ -57.65911, -19.74568 ], [ -57.65962, -19.74747 ], [ -57.6595, -19.74915 ], [ -57.65912, -19.75028 ] ], [ [ -57.64316, -19.73811 ], [ -57.64336, -19.73673 ], [ -57.64509, -19.73531 ], [ -57.64644, -19.73462 ], [ -57.64877, -19.73377 ] ], [ [ -57.64877, -19.73377 ], [ -57.65228, -19.73457 ], [ -57.65375, -19.73501 ], [ -57.65531, -19.7358 ], [ -57.65674, -19.73666 ], [ -57.65769, -19.73742 ], [ -57.65859, -19.73845 ], [ -57.66204, -19.74298 ], [ -57.66238, -19.7437 ], [ -57.66262, -19.74484 ], [ -57.66256, -19.74553 ], [ -57.66234, -19.7461 ], [ -57.66161, -19.74765 ], [ -57.66066, -19.74887 ], [ -57.65912, -19.75028 ] ], [ [ -57.59597, -19.73001 ], [ -57.5999, -19.73131 ], [ -57.60212, -19.73219 ], [ -57.60395, -19.73302 ], [ -57.60539, -19.7339 ], [ -57.60931, -19.73821 ], [ -57.6116, -19.74023 ] ], [ [ -57.58465, -19.729 ], [ -57.58584, -19.72912 ], [ -57.58879, -19.72992 ], [ -57.58986, -19.73012 ], [ -57.59144, -19.73015 ], [ -57.59597, -19.73001 ] ], [ [ -57.57995, -19.72643 ], [ -57.58193, -19.72776 ], [ -57.58465, -19.729 ] ], [ [ -57.57995, -19.72643 ], [ -57.58124, -19.72671 ], [ -57.58396, -19.72617 ], [ -57.58514, -19.72606 ], [ -57.5862, -19.72605 ] ], [ [ -57.5862, -19.72605 ], [ -57.5876, -19.72637 ], [ -57.58896, -19.7268 ], [ -57.59067, -19.72757 ], [ -57.59329, -19.72894 ], [ -57.59597, -19.73001 ] ], [ [ -57.56858, -19.72459 ], [ -57.57436, -19.72544 ], [ -57.57543, -19.72547 ], [ -57.57721, -19.72573 ], [ -57.57836, -19.72593 ], [ -57.57995, -19.72643 ] ], [ [ -57.56858, -19.72459 ], [ -57.57245, -19.72787 ], [ -57.57338, -19.72844 ], [ -57.57455, -19.72873 ], [ -57.58023, -19.72912 ], [ -57.58155, -19.72918 ], [ -57.58465, -19.729 ] ], [ [ -57.56858, -19.72459 ], [ -57.57194, -19.72289 ], [ -57.57295, -19.72249 ], [ -57.5739, -19.72225 ], [ -57.57516, -19.72207 ] ], [ [ -57.57516, -19.72207 ], [ -57.57791, -19.72261 ], [ -57.5862, -19.72605 ] ], [ [ -57.55971, -19.72075 ], [ -57.5629, -19.72252 ], [ -57.56483, -19.7234 ], [ -57.56678, -19.72421 ], [ -57.56858, -19.72459 ] ], [ [ -57.55971, -19.72075 ], [ -57.56051, -19.72065 ], [ -57.56155, -19.72029 ], [ -57.56275, -19.71957 ] ], [ [ -57.56275, -19.71957 ], [ -57.56335, -19.71957 ], [ -57.5646, -19.71929 ], [ -57.56482, -19.7191 ], [ -57.56531, -19.71802 ], [ -57.56559, -19.71763 ], [ -57.56578, -19.71746 ], [ -57.56611, -19.71737 ], [ -57.56714, -19.71768 ], [ -57.56899, -19.71883 ], [ -57.56947, -19.71904 ], [ -57.57212, -19.71984 ], [ -57.57313, -19.72049 ], [ -57.57408, -19.72147 ], [ -57.57456, -19.7218 ], [ -57.57516, -19.72207 ] ], [ [ -57.55754, -19.71926 ], [ -57.55971, -19.72075 ] ], [ [ -57.54909, -19.70374 ], [ -57.55188, -19.70618 ], [ -57.55267, -19.70699 ], [ -57.55325, -19.70786 ], [ -57.55371, -19.70997 ], [ -57.55381, -19.71087 ], [ -57.55455, -19.71371 ], [ -57.55471, -19.71463 ], [ -57.55535, -19.71654 ], [ -57.55614, -19.71765 ], [ -57.55754, -19.71926 ] ], [ [ -57.54909, -19.70374 ], [ -57.54928, -19.70665 ], [ -57.54986, -19.71046 ], [ -57.55027, -19.71243 ], [ -57.55149, -19.7151 ], [ -57.55223, -19.71605 ], [ -57.55295, -19.71655 ], [ -57.55754, -19.71926 ] ], [ [ -57.54874, -19.69982 ], [ -57.54962, -19.70057 ], [ -57.55139, -19.70233 ], [ -57.55558, -19.70584 ], [ -57.55683, -19.7073 ], [ -57.55839, -19.71003 ], [ -57.55917, -19.71269 ], [ -57.5598, -19.71433 ], [ -57.56092, -19.71796 ], [ -57.56173, -19.719 ], [ -57.56218, -19.71942 ], [ -57.56275, -19.71957 ] ], [ [ -57.54874, -19.69982 ], [ -57.54909, -19.70374 ] ], [ [ -57.49932, -19.68654 ], [ -57.4998, -19.68678 ], [ -57.50066, -19.68702 ], [ -57.50208, -19.68692 ], [ -57.50613, -19.68636 ], [ -57.51271, -19.68464 ], [ -57.517, -19.68247 ], [ -57.52369, -19.67803 ], [ -57.52831, -19.67602 ], [ -57.53096, -19.67508 ], [ -57.53361, -19.67457 ], [ -57.53633, -19.67453 ], [ -57.5391, -19.67509 ], [ -57.54107, -19.67591 ], [ -57.54255, -19.67716 ], [ -57.54366, -19.67899 ], [ -57.54496, -19.68189 ], [ -57.54622, -19.68709 ], [ -57.54653, -19.68869 ], [ -57.54802, -19.69509 ], [ -57.54839, -19.69715 ], [ -57.54874, -19.69982 ] ], [ [ -57.4916, -19.66117 ], [ -57.49115, -19.66328 ], [ -57.49111, -19.6651 ], [ -57.49151, -19.66653 ], [ -57.4937, -19.67272 ], [ -57.49417, -19.67342 ], [ -57.49433, -19.6738 ], [ -57.49467, -19.6754 ], [ -57.49525, -19.67925 ], [ -57.49623, -19.68264 ], [ -57.49702, -19.68421 ], [ -57.49788, -19.6855 ], [ -57.49854, -19.68616 ], [ -57.49932, -19.68654 ] ], [ [ -57.4916, -19.66117 ], [ -57.48803, -19.66566 ], [ -57.4873, -19.66669 ], [ -57.48695, -19.6674 ], [ -57.48673, -19.66829 ], [ -57.4865, -19.66937 ], [ -57.48644, -19.67056 ], [ -57.48619, -19.67222 ], [ -57.4861, -19.67404 ], [ -57.48621, -19.67587 ], [ -57.48684, -19.67823 ], [ -57.48707, -19.67958 ], [ -57.48775, -19.68102 ], [ -57.49043, -19.68468 ], [ -57.49124, -19.68544 ], [ -57.49208, -19.68596 ], [ -57.49265, -19.68618 ], [ -57.49444, -19.68656 ], [ -57.49549, -19.68663 ], [ -57.49932, -19.68654 ] ], [ [ -57.4967, -19.64196 ], [ -57.49661, -19.64266 ], [ -57.49598, -19.64529 ], [ -57.49543, -19.64714 ], [ -57.49485, -19.64858 ], [ -57.49341, -19.65294 ], [ -57.4916, -19.66117 ] ], [ [ -57.48799, -19.6263 ], [ -57.48955, -19.62754 ], [ -57.4918, -19.62953 ], [ -57.49352, -19.63121 ], [ -57.49445, -19.63253 ], [ -57.49594, -19.63562 ], [ -57.49645, -19.63696 ], [ -57.49676, -19.6384 ], [ -57.4967, -19.64196 ] ], [ [ -57.47221, -19.61663 ], [ -57.47914, -19.61977 ], [ -57.48204, -19.62134 ], [ -57.48799, -19.6263 ] ], [ [ -57.47221, -19.61663 ], [ -57.47396, -19.61907 ], [ -57.47503, -19.62079 ], [ -57.47602, -19.62213 ], [ -57.47648, -19.62245 ], [ -57.47791, -19.62329 ], [ -57.47907, -19.62378 ], [ -57.48024, -19.62407 ], [ -57.48203, -19.62468 ], [ -57.48799, -19.6263 ] ], [ [ -57.46935, -19.61508 ], [ -57.47221, -19.61663 ] ], [ [ -57.46935, -19.61508 ], [ -57.47053, -19.61526 ], [ -57.47146, -19.61528 ], [ -57.47273, -19.61512 ], [ -57.47567, -19.6144 ], [ -57.47862, -19.61423 ], [ -57.47953, -19.61427 ], [ -57.48086, -19.61456 ], [ -57.48187, -19.6149 ], [ -57.48262, -19.61526 ], [ -57.48316, -19.61562 ], [ -57.48403, -19.61638 ], [ -57.4858, -19.61744 ], [ -57.48903, -19.61903 ], [ -57.49029, -19.61981 ], [ -57.49129, -19.62058 ], [ -57.49343, -19.62253 ], [ -57.49409, -19.62339 ], [ -57.49519, -19.62524 ], [ -57.496, -19.62642 ], [ -57.4964, -19.62721 ], [ -57.49768, -19.63032 ], [ -57.49897, -19.63493 ], [ -57.49924, -19.63728 ], [ -57.49925, -19.63777 ], [ -57.4991, -19.63834 ], [ -57.4967, -19.64196 ] ], [ [ -57.45462, -19.60777 ], [ -57.4574, -19.60868 ], [ -57.4629, -19.61159 ], [ -57.4639, -19.61203 ], [ -57.46935, -19.61508 ] ], [ [ -57.45412, -19.60754 ], [ -57.45462, -19.60777 ] ], [ [ -57.4369, -19.59487 ], [ -57.43828, -19.59711 ], [ -57.43987, -19.59999 ], [ -57.44078, -19.60123 ], [ -57.4419, -19.60209 ], [ -57.44351, -19.60299 ], [ -57.44518, -19.60356 ], [ -57.44859, -19.60515 ], [ -57.44923, -19.60536 ], [ -57.45412, -19.60754 ] ], [ [ -57.4369, -19.59487 ], [ -57.43956, -19.6027 ], [ -57.44013, -19.60335 ], [ -57.44173, -19.60469 ], [ -57.44574, -19.60737 ], [ -57.44662, -19.60776 ], [ -57.448, -19.60818 ], [ -57.44889, -19.60829 ], [ -57.4513, -19.60822 ], [ -57.45462, -19.60777 ] ], [ [ -57.43319, -19.58948 ], [ -57.43885, -19.59156 ], [ -57.44112, -19.59298 ], [ -57.44243, -19.59411 ], [ -57.44514, -19.59619 ], [ -57.447, -19.59786 ], [ -57.44838, -19.59926 ], [ -57.44945, -19.60077 ], [ -57.45104, -19.60338 ], [ -57.45265, -19.60579 ], [ -57.45412, -19.60754 ] ], [ [ -57.43319, -19.58948 ], [ -57.4345, -19.59077 ], [ -57.43576, -19.59254 ], [ -57.4369, -19.59487 ] ], [ [ -57.43284, -19.58913 ], [ -57.43319, -19.58948 ] ], [ [ -57.43124, -19.58711 ], [ -57.43242, -19.58872 ], [ -57.43284, -19.58913 ] ], [ [ -57.41594, -19.57427 ], [ -57.41743, -19.57528 ], [ -57.42472, -19.57931 ], [ -57.42646, -19.58058 ], [ -57.42781, -19.58204 ], [ -57.43124, -19.58711 ] ], [ [ -57.41594, -19.57427 ], [ -57.41736, -19.57701 ], [ -57.41826, -19.5783 ], [ -57.41981, -19.58 ], [ -57.42183, -19.58154 ], [ -57.42429, -19.58267 ], [ -57.43124, -19.58711 ] ], [ [ -57.41326, -19.57039 ], [ -57.41477, -19.57279 ], [ -57.41594, -19.57427 ] ], [ [ -57.41326, -19.57039 ], [ -57.41428, -19.57754 ], [ -57.41458, -19.57915 ], [ -57.41487, -19.58002 ], [ -57.4153, -19.58087 ], [ -57.41615, -19.58178 ], [ -57.41792, -19.58314 ], [ -57.4194, -19.58399 ], [ -57.42055, -19.58448 ], [ -57.42428, -19.58554 ], [ -57.42636, -19.5863 ], [ -57.43284, -19.58913 ] ], [ [ -57.42907, -19.54992 ], [ -57.42786, -19.55237 ], [ -57.42705, -19.55381 ], [ -57.4262, -19.55504 ], [ -57.42405, -19.5576 ], [ -57.42331, -19.55866 ], [ -57.42272, -19.55972 ], [ -57.42202, -19.5613 ], [ -57.42182, -19.5622 ], [ -57.42179, -19.56295 ], [ -57.42194, -19.56379 ], [ -57.42259, -19.56575 ], [ -57.42284, -19.56672 ], [ -57.42351, -19.56842 ], [ -57.42404, -19.56933 ], [ -57.42661, -19.57247 ], [ -57.42863, -19.57648 ], [ -57.43014, -19.57845 ], [ -57.43068, -19.57937 ], [ -57.43193, -19.58252 ], [ -57.43217, -19.58347 ], [ -57.43284, -19.58913 ] ], [ [ -57.42907, -19.54992 ], [ -57.42757, -19.55051 ], [ -57.42484, -19.55142 ], [ -57.42303, -19.55166 ], [ -57.42011, -19.55123 ], [ -57.41393, -19.55063 ], [ -57.40917, -19.54967 ], [ -57.4079, -19.54957 ], [ -57.40679, -19.54971 ], [ -57.4054, -19.55032 ], [ -57.40447, -19.55099 ], [ -57.40372, -19.55201 ], [ -57.40344, -19.55317 ], [ -57.40349, -19.55433 ], [ -57.40391, -19.55572 ], [ -57.40427, -19.55622 ], [ -57.40592, -19.55937 ], [ -57.40703, -19.5621 ], [ -57.40871, -19.56407 ], [ -57.4094, -19.56503 ], [ -57.40978, -19.56539 ], [ -57.41326, -19.57039 ] ], [ [ -57.38504, -19.44105 ], [ -57.38868, -19.44095 ], [ -57.3904, -19.44083 ], [ -57.39113, -19.4407 ], [ -57.39611, -19.44059 ] ], [ [ -57.39611, -19.44059 ], [ -57.40117, -19.4452 ], [ -57.40405, -19.44796 ], [ -57.40599, -19.45024 ], [ -57.4081, -19.45293 ], [ -57.40925, -19.45475 ], [ -57.41027, -19.45721 ], [ -57.41159, -19.46264 ], [ -57.41266, -19.46598 ], [ -57.41339, -19.47032 ], [ -57.41357, -19.47242 ], [ -57.41357, -19.47392 ], [ -57.4127, -19.48406 ], [ -57.41244, -19.49068 ], [ -57.41272, -19.49683 ], [ -57.41389, -19.50417 ], [ -57.41462, -19.50652 ], [ -57.41561, -19.50826 ], [ -57.41944, -19.51325 ], [ -57.42258, -19.51662 ], [ -57.42494, -19.51885 ], [ -57.4297, -19.52236 ], [ -57.43216, -19.52469 ], [ -57.43485, -19.52786 ], [ -57.43572, -19.52949 ], [ -57.43654, -19.53132 ], [ -57.43717, -19.53318 ], [ -57.4375, -19.53477 ], [ -57.43776, -19.53856 ], [ -57.43758, -19.54194 ], [ -57.43667, -19.54467 ], [ -57.43461, -19.54728 ], [ -57.43266, -19.5485 ], [ -57.42907, -19.54992 ] ], [ [ -57.37068, -19.43737 ], [ -57.37516, -19.43821 ], [ -57.37751, -19.43885 ], [ -57.38038, -19.43982 ], [ -57.38504, -19.44105 ] ], [ [ -57.37068, -19.43737 ], [ -57.37685, -19.44036 ], [ -57.37842, -19.44081 ], [ -57.38107, -19.44115 ], [ -57.38504, -19.44105 ] ], [ [ -57.36981, -19.41919 ], [ -57.37148, -19.41887 ], [ -57.37314, -19.41866 ], [ -57.37456, -19.41868 ], [ -57.37548, -19.41882 ], [ -57.37924, -19.41976 ], [ -57.38089, -19.4205 ], [ -57.38285, -19.42181 ], [ -57.38407, -19.42285 ], [ -57.3846, -19.42349 ], [ -57.38641, -19.42517 ], [ -57.38823, -19.42732 ], [ -57.38966, -19.42943 ], [ -57.39094, -19.43181 ], [ -57.39161, -19.43367 ], [ -57.39308, -19.4366 ], [ -57.39431, -19.43846 ], [ -57.39611, -19.44059 ] ], [ [ -57.35043, -19.41872 ], [ -57.35298, -19.41964 ], [ -57.35516, -19.42029 ], [ -57.35673, -19.42051 ], [ -57.35844, -19.42061 ], [ -57.36155, -19.42056 ], [ -57.36302, -19.42043 ], [ -57.36981, -19.41919 ] ], [ [ -57.35043, -19.41872 ], [ -57.3558, -19.41803 ], [ -57.3588, -19.41812 ], [ -57.36346, -19.41798 ], [ -57.36563, -19.4182 ], [ -57.36981, -19.41919 ] ], [ [ -57.34597, -19.41806 ], [ -57.35043, -19.41872 ] ], [ [ -57.34597, -19.41806 ], [ -57.34681, -19.41913 ], [ -57.34901, -19.42427 ], [ -57.34965, -19.4255 ], [ -57.34996, -19.426 ], [ -57.35071, -19.42682 ], [ -57.35188, -19.4278 ], [ -57.35499, -19.42969 ], [ -57.36185, -19.4327 ], [ -57.36679, -19.43549 ], [ -57.36956, -19.43692 ], [ -57.37068, -19.43737 ] ], [ [ -57.32898, -19.4097 ], [ -57.33488, -19.41087 ], [ -57.33654, -19.41137 ], [ -57.33779, -19.41198 ], [ -57.34241, -19.41531 ], [ -57.34597, -19.41806 ] ], [ [ -57.30402, -19.40086 ], [ -57.3088, -19.40307 ], [ -57.30979, -19.40341 ], [ -57.3149, -19.40446 ], [ -57.31829, -19.40538 ], [ -57.32197, -19.40675 ], [ -57.32524, -19.40809 ], [ -57.32713, -19.40906 ], [ -57.32898, -19.4097 ] ], [ [ -57.30402, -19.40086 ], [ -57.30622, -19.40522 ], [ -57.30666, -19.40625 ], [ -57.30791, -19.40823 ], [ -57.30824, -19.40858 ], [ -57.30974, -19.40976 ], [ -57.31014, -19.41 ], [ -57.31151, -19.41059 ], [ -57.31283, -19.41094 ], [ -57.31472, -19.41126 ], [ -57.31717, -19.41144 ], [ -57.31876, -19.4113 ], [ -57.32022, -19.411 ], [ -57.32237, -19.41042 ], [ -57.32898, -19.4097 ] ], [ [ -57.29063, -19.39596 ], [ -57.2928, -19.39702 ], [ -57.29461, -19.3976 ], [ -57.30008, -19.39906 ], [ -57.30402, -19.40086 ] ], [ [ -57.28904, -19.39499 ], [ -57.29063, -19.39596 ] ], [ [ -57.28203, -19.38242 ], [ -57.28515, -19.38685 ], [ -57.28623, -19.38898 ], [ -57.28673, -19.39013 ], [ -57.28757, -19.39117 ], [ -57.29063, -19.39596 ] ], [ [ -57.28203, -19.38242 ], [ -57.28233, -19.38369 ], [ -57.28417, -19.38934 ], [ -57.28492, -19.39065 ], [ -57.28529, -19.39112 ], [ -57.28752, -19.39356 ], [ -57.28904, -19.39499 ] ], [ [ -57.28357, -19.36834 ], [ -57.2832, -19.36917 ], [ -57.28219, -19.37205 ], [ -57.28159, -19.3747 ], [ -57.28154, -19.37711 ], [ -57.28161, -19.3803 ], [ -57.28203, -19.38242 ] ], [ [ -57.28357, -19.36834 ], [ -57.27873, -19.37612 ], [ -57.27774, -19.37822 ], [ -57.27707, -19.37986 ], [ -57.27678, -19.38122 ], [ -57.27674, -19.38252 ], [ -57.27696, -19.38362 ], [ -57.27769, -19.38601 ], [ -57.27815, -19.38702 ], [ -57.27882, -19.38818 ], [ -57.28053, -19.39017 ], [ -57.28175, -19.39141 ], [ -57.28254, -19.39198 ], [ -57.28393, -19.39274 ], [ -57.28904, -19.39499 ] ], [ [ -57.27062, -19.32995 ], [ -57.27442, -19.33219 ], [ -57.27722, -19.33397 ], [ -57.27787, -19.3343 ], [ -57.28651, -19.33988 ], [ -57.28787, -19.34064 ], [ -57.29153, -19.34314 ], [ -57.29291, -19.34442 ], [ -57.29374, -19.34534 ], [ -57.29419, -19.34623 ], [ -57.29447, -19.347 ], [ -57.29478, -19.34865 ], [ -57.29463, -19.35073 ], [ -57.29393, -19.35264 ], [ -57.29247, -19.35588 ], [ -57.2906, -19.35918 ], [ -57.2879, -19.36272 ], [ -57.28553, -19.36554 ], [ -57.28357, -19.36834 ] ], [ [ -57.25839, -19.30266 ], [ -57.26211, -19.30923 ], [ -57.2634, -19.31229 ], [ -57.26407, -19.31343 ], [ -57.26528, -19.31581 ], [ -57.26686, -19.31826 ], [ -57.26819, -19.32085 ], [ -57.26849, -19.32165 ], [ -57.26873, -19.32262 ], [ -57.26925, -19.32542 ], [ -57.26989, -19.32732 ], [ -57.27062, -19.32995 ] ], [ [ -57.25839, -19.30266 ], [ -57.25931, -19.30849 ], [ -57.25979, -19.31395 ], [ -57.2601, -19.31572 ], [ -57.26065, -19.31757 ], [ -57.26199, -19.3211 ], [ -57.26338, -19.32388 ], [ -57.26523, -19.32613 ], [ -57.26935, -19.32921 ], [ -57.27062, -19.32995 ] ], [ [ -57.2558, -19.28578 ], [ -57.25591, -19.2878 ], [ -57.25705, -19.29493 ], [ -57.25751, -19.29687 ], [ -57.25839, -19.30266 ] ], [ [ -57.24391, -19.26619 ], [ -57.24432, -19.26658 ], [ -57.24784, -19.26923 ], [ -57.25052, -19.2714 ], [ -57.25205, -19.27304 ], [ -57.25348, -19.27487 ], [ -57.25452, -19.27662 ], [ -57.25507, -19.27779 ], [ -57.25544, -19.27879 ], [ -57.25609, -19.28113 ], [ -57.25609, -19.28256 ], [ -57.25579, -19.28511 ], [ -57.2558, -19.28578 ] ], [ [ -57.24391, -19.26619 ], [ -57.24753, -19.27443 ], [ -57.24887, -19.27653 ], [ -57.24991, -19.27845 ], [ -57.25123, -19.28047 ], [ -57.25198, -19.28129 ], [ -57.25258, -19.2817 ], [ -57.25339, -19.28247 ], [ -57.2558, -19.28578 ] ], [ [ -57.24477, -19.20938 ], [ -57.24469, -19.21023 ], [ -57.24512, -19.21576 ], [ -57.24543, -19.21693 ], [ -57.24573, -19.21932 ], [ -57.24615, -19.22125 ], [ -57.24625, -19.22264 ], [ -57.24609, -19.22416 ], [ -57.24549, -19.22601 ], [ -57.24473, -19.22737 ], [ -57.24302, -19.22942 ], [ -57.24143, -19.23061 ], [ -57.23662, -19.23363 ], [ -57.23306, -19.23613 ], [ -57.23176, -19.23731 ], [ -57.23053, -19.23866 ], [ -57.22911, -19.24098 ], [ -57.22797, -19.24307 ], [ -57.22733, -19.24458 ], [ -57.22699, -19.24605 ], [ -57.22679, -19.24908 ], [ -57.22702, -19.25108 ], [ -57.22773, -19.25313 ], [ -57.22906, -19.2552 ], [ -57.22955, -19.25573 ], [ -57.22987, -19.25603 ], [ -57.23315, -19.25832 ], [ -57.23528, -19.25956 ], [ -57.23925, -19.26217 ], [ -57.2422, -19.26458 ], [ -57.24391, -19.26619 ] ], [ [ -57.25075, -19.19608 ], [ -57.25208, -19.19728 ], [ -57.2525, -19.19847 ], [ -57.25252, -19.20026 ], [ -57.2519, -19.20242 ], [ -57.25155, -19.2033 ], [ -57.25089, -19.2044 ], [ -57.24923, -19.20584 ], [ -57.24722, -19.20825 ], [ -57.24621, -19.20893 ], [ -57.24477, -19.20938 ] ], [ [ -57.25075, -19.19608 ], [ -57.24986, -19.19801 ], [ -57.24611, -19.20455 ], [ -57.24525, -19.2069 ], [ -57.24484, -19.20855 ], [ -57.24477, -19.20938 ] ], [ [ -57.25582, -19.18317 ], [ -57.25541, -19.18598 ], [ -57.25486, -19.18764 ], [ -57.25267, -19.19265 ], [ -57.25075, -19.19608 ] ], [ [ -57.26659, -19.16617 ], [ -57.26569, -19.16716 ], [ -57.26171, -19.17357 ], [ -57.25669, -19.18066 ], [ -57.25609, -19.1821 ], [ -57.25582, -19.18317 ] ], [ [ -57.26659, -19.16617 ], [ -57.26492, -19.16603 ], [ -57.26375, -19.16609 ], [ -57.26269, -19.16637 ], [ -57.26182, -19.16708 ], [ -57.26108, -19.16792 ], [ -57.25989, -19.16962 ], [ -57.25819, -19.17304 ], [ -57.25528, -19.177 ], [ -57.25489, -19.17791 ], [ -57.25468, -19.1792 ], [ -57.2546, -19.18066 ], [ -57.25472, -19.18157 ], [ -57.25582, -19.18317 ] ], [ [ -57.27362, -19.15964 ], [ -57.26742, -19.16526 ], [ -57.26659, -19.16617 ] ], [ [ -57.2823, -19.15074 ], [ -57.28074, -19.15231 ], [ -57.27623, -19.15716 ], [ -57.27362, -19.15964 ] ], [ [ -57.2868, -19.1458 ], [ -57.28565, -19.1524 ], [ -57.28531, -19.15332 ], [ -57.28431, -19.15527 ], [ -57.28314, -19.15709 ], [ -57.28256, -19.1578 ], [ -57.28109, -19.15917 ], [ -57.27998, -19.1599 ], [ -57.2792, -19.16022 ], [ -57.27854, -19.16029 ], [ -57.27795, -19.16023 ], [ -57.27758, -19.16013 ], [ -57.27663, -19.15959 ], [ -57.27606, -19.15941 ], [ -57.27482, -19.15944 ], [ -57.27362, -19.15964 ] ], [ [ -57.2868, -19.1458 ], [ -57.28574, -19.14723 ], [ -57.2823, -19.15074 ] ], [ [ -57.29672, -19.12099 ], [ -57.29709, -19.12253 ], [ -57.2972, -19.12415 ], [ -57.29711, -19.12578 ], [ -57.29666, -19.12773 ], [ -57.29606, -19.12952 ], [ -57.29462, -19.13267 ], [ -57.29162, -19.13809 ], [ -57.28727, -19.14517 ], [ -57.2868, -19.1458 ] ], [ [ -57.29672, -19.12099 ], [ -57.29619, -19.12051 ], [ -57.29574, -19.12054 ], [ -57.29496, -19.12087 ], [ -57.2946, -19.12108 ], [ -57.29354, -19.12197 ], [ -57.29227, -19.12289 ], [ -57.29113, -19.12336 ], [ -57.28919, -19.12453 ], [ -57.28876, -19.12486 ], [ -57.28821, -19.12555 ], [ -57.28798, -19.12613 ], [ -57.28781, -19.12846 ], [ -57.28728, -19.13012 ], [ -57.2866, -19.13269 ], [ -57.28481, -19.14045 ], [ -57.28312, -19.14602 ], [ -57.2823, -19.15074 ] ], [ [ -57.33267, -19.11243 ], [ -57.33321, -19.11727 ], [ -57.33318, -19.11852 ], [ -57.33308, -19.11887 ], [ -57.33264, -19.11956 ], [ -57.33116, -19.12107 ], [ -57.3305, -19.12149 ], [ -57.32939, -19.1218 ], [ -57.32776, -19.12184 ], [ -57.3274, -19.12171 ], [ -57.32547, -19.12136 ], [ -57.32227, -19.12037 ], [ -57.3194, -19.11897 ], [ -57.31829, -19.11833 ], [ -57.31674, -19.11729 ], [ -57.31512, -19.11573 ], [ -57.31434, -19.11451 ], [ -57.31366, -19.11307 ], [ -57.31182, -19.10793 ], [ -57.31067, -19.10548 ], [ -57.30958, -19.10385 ], [ -57.30854, -19.10255 ], [ -57.30667, -19.10056 ], [ -57.30499, -19.09946 ], [ -57.30276, -19.09838 ], [ -57.30069, -19.09779 ], [ -57.29936, -19.09765 ], [ -57.29763, -19.09783 ], [ -57.2963, -19.0984 ], [ -57.29486, -19.09919 ], [ -57.29406, -19.09984 ], [ -57.29309, -19.10084 ], [ -57.29217, -19.1028 ], [ -57.29179, -19.10427 ], [ -57.29154, -19.10722 ], [ -57.29153, -19.10912 ], [ -57.29201, -19.11059 ], [ -57.2936, -19.114 ], [ -57.29568, -19.11802 ], [ -57.29635, -19.1197 ], [ -57.29672, -19.12099 ] ], [ [ -57.33436, -19.09048 ], [ -57.33329, -19.09226 ], [ -57.33271, -19.09377 ], [ -57.33237, -19.0951 ], [ -57.3319, -19.0992 ], [ -57.33187, -19.10185 ], [ -57.33193, -19.1028 ], [ -57.33266, -19.10673 ], [ -57.33281, -19.1087 ], [ -57.33267, -19.11243 ] ], [ [ -57.33436, -19.09048 ], [ -57.32961, -19.09579 ], [ -57.32864, -19.09751 ], [ -57.32844, -19.09824 ], [ -57.32826, -19.09947 ], [ -57.32849, -19.10244 ], [ -57.329, -19.10462 ], [ -57.3294, -19.10568 ], [ -57.3302, -19.10723 ], [ -57.33071, -19.10859 ], [ -57.33267, -19.11243 ] ], [ [ -57.32609, -19.05863 ], [ -57.32402, -19.0609 ], [ -57.32259, -19.06279 ], [ -57.32244, -19.06325 ], [ -57.3225, -19.06375 ], [ -57.32273, -19.0641 ], [ -57.32394, -19.0653 ], [ -57.3245, -19.06572 ], [ -57.32722, -19.06695 ], [ -57.32983, -19.06779 ], [ -57.33288, -19.06852 ], [ -57.3363, -19.06883 ], [ -57.33864, -19.06916 ], [ -57.34291, -19.07033 ], [ -57.34683, -19.07191 ], [ -57.34819, -19.07269 ], [ -57.34917, -19.07359 ], [ -57.34982, -19.07445 ], [ -57.35042, -19.07581 ], [ -57.35077, -19.07696 ], [ -57.35077, -19.078 ], [ -57.35045, -19.07937 ], [ -57.3501, -19.08034 ], [ -57.3495, -19.08138 ], [ -57.34918, -19.08177 ], [ -57.34795, -19.08289 ], [ -57.34572, -19.08428 ], [ -57.34252, -19.08504 ], [ -57.34085, -19.08567 ], [ -57.33954, -19.08632 ], [ -57.33668, -19.08814 ], [ -57.33486, -19.08982 ], [ -57.33436, -19.09048 ] ], [ [ -57.33545, -19.05476 ], [ -57.33108, -19.05651 ], [ -57.32764, -19.05775 ], [ -57.32686, -19.05808 ], [ -57.32609, -19.05863 ] ], [ [ -57.33921, -19.04865 ], [ -57.3386, -19.04928 ], [ -57.338, -19.05016 ], [ -57.33603, -19.05407 ], [ -57.33545, -19.05476 ] ], [ [ -57.33921, -19.04865 ], [ -57.33737, -19.04945 ], [ -57.33425, -19.05102 ], [ -57.32987, -19.05413 ], [ -57.32895, -19.05493 ], [ -57.32773, -19.05617 ], [ -57.32609, -19.05863 ] ], [ [ -57.34499, -19.04513 ], [ -57.34325, -19.04935 ], [ -57.34235, -19.05079 ], [ -57.3405, -19.05245 ], [ -57.3393, -19.0533 ], [ -57.33712, -19.0544 ], [ -57.33545, -19.05476 ] ], [ [ -57.34499, -19.04513 ], [ -57.34343, -19.04632 ], [ -57.34225, -19.04681 ], [ -57.34104, -19.04745 ], [ -57.33992, -19.04808 ], [ -57.33921, -19.04865 ] ], [ [ -57.37765, -19.03598 ], [ -57.3811, -19.04258 ], [ -57.38131, -19.04367 ], [ -57.38136, -19.04478 ], [ -57.38121, -19.04568 ], [ -57.38053, -19.04653 ], [ -57.37951, -19.04716 ], [ -57.37829, -19.04765 ], [ -57.37688, -19.04785 ], [ -57.3751, -19.04775 ], [ -57.37362, -19.04739 ], [ -57.37133, -19.04626 ], [ -57.36972, -19.04488 ], [ -57.36921, -19.04435 ], [ -57.36887, -19.04384 ], [ -57.36877, -19.04323 ], [ -57.36877, -19.04243 ], [ -57.3691, -19.04011 ], [ -57.36902, -19.03863 ], [ -57.36909, -19.03752 ], [ -57.36949, -19.03478 ], [ -57.36946, -19.03402 ], [ -57.36923, -19.03254 ] ], [ [ -57.36923, -19.03254 ], [ -57.36881, -19.03205 ], [ -57.3681, -19.03055 ], [ -57.36758, -19.02981 ], [ -57.36704, -19.02928 ], [ -57.36619, -19.02872 ], [ -57.36545, -19.02851 ], [ -57.36448, -19.02843 ], [ -57.36216, -19.02865 ], [ -57.36141, -19.02864 ], [ -57.35705, -19.02767 ] ], [ [ -57.38721, -19.03127 ], [ -57.38313, -19.03236 ], [ -57.37906, -19.03402 ], [ -57.37795, -19.03423 ], [ -57.37192, -19.03408 ], [ -57.37029, -19.03348 ], [ -57.36923, -19.03254 ] ], [ [ -57.38721, -19.03127 ], [ -57.38266, -19.03017 ], [ -57.38076, -19.02947 ], [ -57.37987, -19.02903 ], [ -57.37544, -19.02625 ], [ -57.37419, -19.02554 ], [ -57.37285, -19.02515 ], [ -57.37116, -19.02493 ] ], [ [ -57.38721, -19.03127 ], [ -57.38034, -19.02573 ], [ -57.37943, -19.02526 ], [ -57.3779, -19.02478 ], [ -57.3758, -19.02469 ], [ -57.37116, -19.02493 ] ], [ [ -57.35705, -19.02767 ], [ -57.35529, -19.02829 ], [ -57.3546, -19.02888 ], [ -57.35399, -19.02973 ], [ -57.35199, -19.03478 ], [ -57.35063, -19.03784 ], [ -57.3497, -19.03954 ], [ -57.34751, -19.04265 ], [ -57.34499, -19.04513 ] ], [ [ -57.37116, -19.02493 ], [ -57.36917, -19.02509 ], [ -57.36721, -19.02536 ], [ -57.35818, -19.02731 ], [ -57.35705, -19.02767 ] ], [ [ -57.45198, -19.01986 ], [ -57.44831, -19.0187 ], [ -57.44463, -19.01713 ], [ -57.43968, -19.01515 ], [ -57.43678, -19.01418 ], [ -57.42906, -19.01243 ], [ -57.42487, -19.01162 ] ], [ [ -57.45198, -19.01986 ], [ -57.44384, -19.01455 ], [ -57.4429, -19.01407 ], [ -57.4357, -19.01082 ], [ -57.4331, -19.0099 ], [ -57.43085, -19.00935 ], [ -57.4295, -19.00922 ], [ -57.42871, -19.00928 ], [ -57.42817, -19.00949 ], [ -57.42717, -19.01004 ], [ -57.42662, -19.01049 ], [ -57.42487, -19.01162 ] ], [ [ -57.42487, -19.01162 ], [ -57.42343, -19.01154 ], [ -57.42133, -19.01174 ], [ -57.42092, -19.0119 ], [ -57.41958, -19.01256 ], [ -57.41843, -19.01336 ], [ -57.41723, -19.01457 ], [ -57.41627, -19.01589 ], [ -57.41517, -19.01802 ], [ -57.41422, -19.0201 ], [ -57.41349, -19.02191 ], [ -57.41266, -19.02437 ], [ -57.41236, -19.02545 ], [ -57.4119, -19.02837 ], [ -57.41149, -19.03029 ], [ -57.41126, -19.03097 ], [ -57.40991, -19.03406 ], [ -57.40936, -19.03485 ], [ -57.40826, -19.03596 ], [ -57.40728, -19.03671 ], [ -57.4058, -19.03751 ], [ -57.40448, -19.03799 ], [ -57.40319, -19.03807 ], [ -57.40121, -19.03779 ], [ -57.39951, -19.03724 ], [ -57.39041, -19.03261 ], [ -57.38721, -19.03127 ] ], [ [ -57.59776, -18.99987 ], [ -57.59354, -19.00209 ], [ -57.59175, -19.00344 ], [ -57.59012, -19.0042 ], [ -57.58901, -19.00448 ], [ -57.58774, -19.00463 ], [ -57.58669, -19.00459 ], [ -57.58047, -19.00365 ], [ -57.57817, -19.00359 ], [ -57.5761, -19.00371 ] ], [ [ -57.59776, -18.99987 ], [ -57.5929, -19.00081 ], [ -57.59016, -19.00122 ], [ -57.5886, -19.00137 ], [ -57.58426, -19.00161 ], [ -57.58167, -19.00212 ], [ -57.57838, -19.00301 ], [ -57.57485, -19.00409 ], [ -57.57148, -19.00541 ], [ -57.56801, -19.00701 ], [ -57.56172, -19.01083 ], [ -57.55783, -19.0134 ], [ -57.55423, -19.01532 ], [ -57.55273, -19.0159 ], [ -57.55103, -19.01629 ], [ -57.5468, -19.0164 ], [ -57.54453, -19.01598 ], [ -57.54193, -19.01532 ], [ -57.54112, -19.01507 ], [ -57.53928, -19.01421 ], [ -57.53609, -19.01228 ], [ -57.53355, -19.011 ], [ -57.53028, -19.00992 ], [ -57.52769, -19.0093 ], [ -57.52521, -19.00907 ], [ -57.52304, -19.0096 ], [ -57.52142, -19.0104 ], [ -57.52009, -19.0115 ], [ -57.51662, -19.01481 ], [ -57.51448, -19.01707 ], [ -57.51297, -19.01818 ], [ -57.51192, -19.01878 ], [ -57.51027, -19.01933 ], [ -57.5084, -19.01957 ], [ -57.50563, -19.01966 ], [ -57.50079, -19.01951 ], [ -57.48742, -19.02022 ], [ -57.4845, -19.02044 ], [ -57.48066, -19.02136 ], [ -57.47723, -19.02246 ], [ -57.47493, -19.02354 ], [ -57.46964, -19.02684 ], [ -57.46789, -19.02753 ], [ -57.46668, -19.02765 ], [ -57.46547, -19.02725 ], [ -57.46396, -19.02651 ], [ -57.46136, -19.02497 ], [ -57.45709, -19.02213 ], [ -57.45459, -19.02088 ], [ -57.45198, -19.01986 ] ], [ [ -57.63082, -18.9973 ], [ -57.62807, -18.99771 ], [ -57.62623, -18.99776 ], [ -57.62163, -18.9986 ], [ -57.6204, -18.99892 ], [ -57.61678, -18.99919 ], [ -57.61495, -18.9994 ], [ -57.60686, -18.99947 ], [ -57.60604, -18.99938 ], [ -57.6015, -18.99936 ], [ -57.59776, -18.99987 ] ], [ [ -57.64659, -18.99264 ], [ -57.64471, -18.99319 ], [ -57.63901, -18.99543 ], [ -57.63577, -18.99632 ], [ -57.63082, -18.9973 ] ], [ [ -57.64659, -18.99264 ], [ -57.64117, -18.99203 ], [ -57.63976, -18.99225 ], [ -57.63889, -18.99254 ], [ -57.63717, -18.99346 ], [ -57.63586, -18.99427 ], [ -57.63394, -18.99562 ], [ -57.63211, -18.99671 ], [ -57.63082, -18.9973 ] ], [ [ -57.69688, -18.95026 ], [ -57.696, -18.95123 ], [ -57.69491, -18.95203 ], [ -57.69387, -18.95259 ], [ -57.69136, -18.95335 ], [ -57.69048, -18.95347 ], [ -57.68935, -18.95347 ], [ -57.68701, -18.95302 ], [ -57.6854, -18.95263 ], [ -57.68427, -18.95225 ], [ -57.68275, -18.95145 ], [ -57.67955, -18.94939 ], [ -57.67719, -18.94801 ], [ -57.67612, -18.94743 ], [ -57.67484, -18.94692 ], [ -57.67391, -18.94664 ], [ -57.67261, -18.94645 ], [ -57.67151, -18.94649 ], [ -57.67036, -18.94675 ], [ -57.66962, -18.94702 ], [ -57.66816, -18.948 ], [ -57.66705, -18.94904 ], [ -57.66594, -18.95061 ], [ -57.66512, -18.95308 ], [ -57.66383, -18.9581 ], [ -57.66312, -18.96022 ], [ -57.66233, -18.96215 ], [ -57.66161, -18.96354 ], [ -57.66074, -18.96468 ], [ -57.65995, -18.96545 ], [ -57.65917, -18.96598 ], [ -57.65707, -18.96702 ], [ -57.6551, -18.96771 ], [ -57.65298, -18.96819 ], [ -57.65137, -18.96837 ], [ -57.64902, -18.96836 ], [ -57.64706, -18.96825 ], [ -57.64531, -18.96797 ], [ -57.64204, -18.96766 ], [ -57.64044, -18.96738 ], [ -57.63862, -18.96744 ], [ -57.6373, -18.96777 ], [ -57.63633, -18.96821 ], [ -57.63499, -18.96917 ], [ -57.63454, -18.96961 ], [ -57.63417, -18.97013 ], [ -57.63378, -18.97087 ], [ -57.63368, -18.97192 ], [ -57.63383, -18.97282 ], [ -57.63427, -18.97402 ], [ -57.63494, -18.97528 ], [ -57.63578, -18.97649 ], [ -57.63691, -18.97788 ], [ -57.63753, -18.97848 ], [ -57.63867, -18.9794 ], [ -57.64033, -18.98056 ], [ -57.64184, -18.98135 ], [ -57.64298, -18.98179 ], [ -57.64465, -18.98205 ], [ -57.64569, -18.98207 ], [ -57.64862, -18.98241 ], [ -57.65103, -18.98298 ], [ -57.65247, -18.98345 ], [ -57.65478, -18.98451 ], [ -57.65626, -18.98553 ], [ -57.65686, -18.98618 ], [ -57.65725, -18.98647 ], [ -57.65856, -18.98804 ], [ -57.65932, -18.9893 ], [ -57.6609, -18.99152 ], [ -57.66076, -18.99234 ], [ -57.65961, -18.99523 ], [ -57.65898, -18.99565 ], [ -57.65828, -18.9958 ], [ -57.65507, -18.99592 ], [ -57.65222, -18.99375 ], [ -57.64979, -18.99277 ], [ -57.64802, -18.99252 ], [ -57.64659, -18.99264 ] ], [ [ -57.69272, -18.93668 ], [ -57.69672, -18.94136 ], [ -57.69824, -18.94439 ], [ -57.69873, -18.94573 ], [ -57.69873, -18.94692 ], [ -57.6984, -18.9483 ], [ -57.69749, -18.94964 ], [ -57.69688, -18.95026 ] ], [ [ -57.69272, -18.93668 ], [ -57.69355, -18.94075 ], [ -57.69398, -18.94213 ], [ -57.69496, -18.94477 ], [ -57.69531, -18.94546 ], [ -57.69586, -18.94691 ], [ -57.69688, -18.95026 ] ], [ [ -57.68307, -18.92671 ], [ -57.68515, -18.92821 ], [ -57.68823, -18.9307 ], [ -57.68954, -18.93194 ], [ -57.69026, -18.93274 ], [ -57.69193, -18.93512 ], [ -57.69272, -18.93668 ] ], [ [ -57.67275, -18.90777 ], [ -57.67486, -18.91119 ], [ -57.67539, -18.91241 ], [ -57.67622, -18.91478 ], [ -57.67683, -18.91599 ], [ -57.67918, -18.92177 ], [ -57.6799, -18.92308 ], [ -57.68087, -18.92435 ], [ -57.68307, -18.92671 ] ], [ [ -57.67275, -18.90777 ], [ -57.67212, -18.9105 ], [ -57.67216, -18.91203 ], [ -57.67206, -18.91265 ], [ -57.67214, -18.91391 ], [ -57.6723, -18.91474 ], [ -57.67233, -18.91557 ], [ -57.67248, -18.91641 ], [ -57.67279, -18.91758 ], [ -57.6732, -18.91885 ], [ -57.67413, -18.92085 ], [ -57.67504, -18.92178 ], [ -57.67654, -18.92305 ], [ -57.6786, -18.92451 ], [ -57.68307, -18.92671 ] ], [ [ -57.67163, -18.90469 ], [ -57.6723, -18.90624 ], [ -57.67275, -18.90777 ] ], [ [ -57.63066, -18.84952 ], [ -57.63265, -18.85173 ], [ -57.63329, -18.85215 ], [ -57.63527, -18.85311 ], [ -57.63621, -18.85372 ], [ -57.63685, -18.85436 ], [ -57.63732, -18.85508 ], [ -57.63773, -18.8561 ], [ -57.63791, -18.85701 ], [ -57.63814, -18.85757 ], [ -57.63872, -18.85824 ], [ -57.63952, -18.85872 ], [ -57.64118, -18.85924 ], [ -57.64229, -18.85929 ], [ -57.6432, -18.85957 ], [ -57.64368, -18.85991 ], [ -57.64423, -18.86092 ], [ -57.64449, -18.86205 ], [ -57.64488, -18.86267 ], [ -57.64528, -18.86313 ], [ -57.64577, -18.86316 ], [ -57.64629, -18.86276 ], [ -57.64711, -18.8616 ], [ -57.64761, -18.8611 ], [ -57.64893, -18.86039 ], [ -57.64954, -18.86027 ], [ -57.65004, -18.86033 ], [ -57.65065, -18.86069 ], [ -57.65103, -18.86116 ], [ -57.65162, -18.86243 ], [ -57.65175, -18.86299 ], [ -57.65172, -18.8642 ], [ -57.65137, -18.86598 ], [ -57.65002, -18.87003 ], [ -57.64997, -18.87134 ], [ -57.65043, -18.87222 ], [ -57.65169, -18.87351 ], [ -57.65245, -18.87454 ], [ -57.65286, -18.87524 ], [ -57.65322, -18.87617 ], [ -57.65392, -18.87994 ], [ -57.6548, -18.88178 ], [ -57.65546, -18.88292 ], [ -57.65602, -18.88445 ], [ -57.65607, -18.88492 ], [ -57.65596, -18.8856 ], [ -57.65548, -18.88616 ], [ -57.65467, -18.88651 ], [ -57.65322, -18.88673 ], [ -57.65146, -18.88715 ], [ -57.65011, -18.8879 ], [ -57.64979, -18.88817 ], [ -57.6495, -18.88849 ], [ -57.64918, -18.88903 ], [ -57.64894, -18.88977 ], [ -57.64887, -18.89046 ], [ -57.64897, -18.89155 ], [ -57.64926, -18.89234 ], [ -57.64989, -18.89338 ], [ -57.65063, -18.89413 ], [ -57.65152, -18.89481 ], [ -57.65283, -18.89544 ], [ -57.65394, -18.89573 ], [ -57.656, -18.89577 ], [ -57.65905, -18.89596 ], [ -57.65996, -18.89611 ], [ -57.66086, -18.89638 ], [ -57.66163, -18.89691 ], [ -57.66207, -18.8975 ], [ -57.66236, -18.89835 ], [ -57.66248, -18.89901 ], [ -57.66238, -18.89991 ], [ -57.66204, -18.90092 ], [ -57.66151, -18.90147 ], [ -57.66113, -18.90169 ], [ -57.66083, -18.9018 ], [ -57.66033, -18.90184 ], [ -57.65976, -18.90174 ], [ -57.65893, -18.90146 ], [ -57.65686, -18.90042 ], [ -57.65628, -18.90025 ], [ -57.65561, -18.90034 ], [ -57.65488, -18.90068 ], [ -57.6545, -18.90112 ], [ -57.65433, -18.90151 ], [ -57.65439, -18.90195 ], [ -57.65476, -18.90248 ], [ -57.65528, -18.90295 ], [ -57.65607, -18.90351 ], [ -57.6574, -18.90423 ], [ -57.65816, -18.9045 ], [ -57.65929, -18.90474 ], [ -57.65992, -18.90478 ], [ -57.66085, -18.90464 ], [ -57.66231, -18.90406 ], [ -57.66435, -18.9035 ], [ -57.66628, -18.90305 ], [ -57.66744, -18.90293 ], [ -57.66852, -18.90307 ], [ -57.66963, -18.90337 ], [ -57.67054, -18.90389 ], [ -57.67163, -18.90469 ] ], [ [ -57.63066, -18.84952 ], [ -57.63397, -18.84748 ], [ -57.63647, -18.84561 ], [ -57.63783, -18.84491 ], [ -57.63906, -18.84457 ], [ -57.64303, -18.84448 ], [ -57.64579, -18.84405 ], [ -57.64769, -18.84351 ], [ -57.6495, -18.84284 ], [ -57.65018, -18.84239 ] ], [ [ -57.65018, -18.84239 ], [ -57.65105, -18.84183 ], [ -57.6533, -18.84 ], [ -57.65601, -18.83686 ], [ -57.65758, -18.8348 ], [ -57.65888, -18.83356 ], [ -57.65969, -18.83297 ], [ -57.66043, -18.83251 ], [ -57.66201, -18.83203 ], [ -57.66307, -18.83203 ], [ -57.66372, -18.83217 ], [ -57.66453, -18.8325 ], [ -57.66508, -18.83288 ] ], [ [ -57.65018, -18.84239 ], [ -57.64944, -18.83788 ], [ -57.64965, -18.83454 ], [ -57.64952, -18.83266 ], [ -57.64922, -18.8313 ], [ -57.64889, -18.83036 ], [ -57.64799, -18.8287 ], [ -57.64719, -18.82779 ], [ -57.64393, -18.82534 ], [ -57.64142, -18.82306 ], [ -57.64055, -18.82156 ], [ -57.64025, -18.82067 ], [ -57.64008, -18.81916 ], [ -57.64036, -18.81761 ], [ -57.64102, -18.81549 ], [ -57.64159, -18.81448 ], [ -57.64252, -18.8133 ], [ -57.64376, -18.81231 ], [ -57.64497, -18.81161 ], [ -57.64626, -18.81103 ], [ -57.64898, -18.81019 ], [ -57.64969, -18.81008 ], [ -57.65279, -18.80985 ], [ -57.65501, -18.80981 ], [ -57.65606, -18.81006 ], [ -57.65759, -18.81087 ], [ -57.65905, -18.81179 ], [ -57.66147, -18.81351 ], [ -57.66402, -18.81549 ], [ -57.6656, -18.81712 ], [ -57.66615, -18.81827 ], [ -57.66671, -18.82006 ], [ -57.66719, -18.82328 ], [ -57.66717, -18.82601 ], [ -57.66698, -18.82728 ], [ -57.66558, -18.83067 ], [ -57.66508, -18.83288 ] ], [ [ -57.66508, -18.83288 ], [ -57.6664, -18.83486 ], [ -57.66733, -18.83688 ], [ -57.66906, -18.84443 ], [ -57.66913, -18.84541 ], [ -57.66908, -18.84691 ], [ -57.66892, -18.84781 ], [ -57.6683, -18.84963 ], [ -57.66587, -18.85394 ], [ -57.6653, -18.8554 ], [ -57.66491, -18.85697 ], [ -57.66417, -18.86151 ], [ -57.66418, -18.86462 ], [ -57.66433, -18.86535 ], [ -57.66525, -18.86819 ], [ -57.66772, -18.87433 ], [ -57.67135, -18.88025 ], [ -57.67231, -18.88247 ], [ -57.67295, -18.8843 ], [ -57.67323, -18.88708 ], [ -57.67305, -18.89056 ], [ -57.67245, -18.897 ], [ -57.6714, -18.9025 ], [ -57.6714, -18.90353 ], [ -57.67163, -18.90469 ] ], [ [ -57.55953, -18.76209 ], [ -57.55934, -18.76305 ], [ -57.55953, -18.76376 ], [ -57.56025, -18.76503 ], [ -57.56126, -18.76602 ], [ -57.56284, -18.76701 ], [ -57.56484, -18.76756 ], [ -57.56676, -18.76789 ], [ -57.56966, -18.76816 ], [ -57.57058, -18.76815 ], [ -57.57502, -18.76777 ], [ -57.57842, -18.76772 ], [ -57.57939, -18.76782 ], [ -57.5814, -18.76821 ], [ -57.58261, -18.76864 ], [ -57.58347, -18.7691 ], [ -57.585, -18.77022 ], [ -57.58562, -18.77087 ], [ -57.58629, -18.77184 ], [ -57.58664, -18.77273 ], [ -57.58711, -18.77482 ], [ -57.58713, -18.77609 ], [ -57.58696, -18.77682 ], [ -57.58654, -18.77766 ], [ -57.5824, -18.78318 ], [ -57.58097, -18.78464 ], [ -57.5791, -18.78673 ], [ -57.57721, -18.78837 ], [ -57.5759, -18.78965 ], [ -57.57414, -18.79101 ], [ -57.57254, -18.79211 ], [ -57.57153, -18.79247 ], [ -57.57069, -18.79287 ], [ -57.56948, -18.79318 ], [ -57.56831, -18.79331 ], [ -57.56665, -18.79335 ], [ -57.56514, -18.79319 ], [ -57.56259, -18.79264 ], [ -57.56101, -18.7922 ], [ -57.55849, -18.79137 ], [ -57.55676, -18.7907 ], [ -57.55495, -18.78974 ], [ -57.55032, -18.78677 ], [ -57.54848, -18.78588 ], [ -57.54749, -18.78555 ], [ -57.546, -18.78524 ], [ -57.54562, -18.78522 ], [ -57.5445, -18.78541 ], [ -57.54362, -18.78597 ], [ -57.543, -18.78673 ], [ -57.54278, -18.78741 ], [ -57.54281, -18.78844 ], [ -57.54382, -18.79159 ], [ -57.54406, -18.79205 ], [ -57.54453, -18.79265 ], [ -57.54534, -18.79434 ], [ -57.54592, -18.79522 ], [ -57.54702, -18.79631 ], [ -57.54825, -18.7977 ], [ -57.54901, -18.79832 ], [ -57.55092, -18.79966 ], [ -57.55199, -18.8003 ], [ -57.55367, -18.8011 ], [ -57.55578, -18.80183 ], [ -57.56212, -18.80363 ], [ -57.5647, -18.80456 ], [ -57.5675, -18.80529 ], [ -57.56982, -18.80554 ], [ -57.57342, -18.80546 ], [ -57.57651, -18.80516 ], [ -57.57895, -18.80515 ], [ -57.58228, -18.80544 ], [ -57.5864, -18.80596 ], [ -57.59894, -18.80616 ], [ -57.60248, -18.80638 ], [ -57.60557, -18.80691 ], [ -57.60875, -18.80774 ], [ -57.61093, -18.80857 ], [ -57.61377, -18.81027 ], [ -57.61957, -18.81546 ], [ -57.62157, -18.81765 ], [ -57.62271, -18.81916 ], [ -57.6235, -18.82044 ], [ -57.62408, -18.8218 ], [ -57.62433, -18.82271 ], [ -57.62507, -18.82441 ], [ -57.62526, -18.82535 ], [ -57.62533, -18.82657 ], [ -57.6253, -18.82746 ], [ -57.62502, -18.82887 ], [ -57.62353, -18.83281 ], [ -57.62143, -18.83638 ], [ -57.61718, -18.84214 ], [ -57.61444, -18.84549 ], [ -57.6136, -18.84779 ], [ -57.61356, -18.84865 ], [ -57.61376, -18.84965 ], [ -57.61412, -18.85061 ], [ -57.61467, -18.85138 ], [ -57.61503, -18.8517 ], [ -57.61582, -18.85237 ], [ -57.61672, -18.85288 ], [ -57.61766, -18.85319 ], [ -57.61858, -18.85333 ], [ -57.61963, -18.85329 ], [ -57.62088, -18.85308 ], [ -57.62793, -18.8508 ], [ -57.63066, -18.84952 ] ], [ [ -57.56665, -18.74906 ], [ -57.56558, -18.75275 ], [ -57.5639, -18.75658 ], [ -57.56296, -18.75777 ], [ -57.56002, -18.76113 ], [ -57.55953, -18.76209 ] ], [ [ -57.56665, -18.74906 ], [ -57.56207, -18.75359 ], [ -57.56076, -18.75533 ], [ -57.56001, -18.75695 ], [ -57.55958, -18.75916 ], [ -57.55953, -18.76209 ] ], [ [ -57.52078, -18.6088 ], [ -57.52002, -18.61041 ], [ -57.51859, -18.61272 ], [ -57.51775, -18.61429 ], [ -57.51645, -18.6171 ], [ -57.51609, -18.61811 ], [ -57.5159, -18.61922 ], [ -57.51587, -18.62098 ], [ -57.51605, -18.62191 ], [ -57.51653, -18.62317 ], [ -57.51703, -18.62412 ], [ -57.51747, -18.62469 ], [ -57.51826, -18.62533 ], [ -57.51928, -18.62591 ], [ -57.52065, -18.62648 ], [ -57.52376, -18.62728 ], [ -57.52745, -18.62845 ], [ -57.52949, -18.62943 ], [ -57.53063, -18.63028 ], [ -57.5319, -18.63167 ], [ -57.5329, -18.63337 ], [ -57.53359, -18.63541 ], [ -57.53404, -18.63803 ], [ -57.53411, -18.64034 ], [ -57.534, -18.64139 ], [ -57.53365, -18.64247 ], [ -57.53298, -18.64364 ], [ -57.53222, -18.64441 ], [ -57.53088, -18.64523 ], [ -57.52973, -18.64583 ], [ -57.52817, -18.64646 ], [ -57.52498, -18.64822 ], [ -57.52483, -18.64847 ], [ -57.52431, -18.64893 ], [ -57.52417, -18.64924 ], [ -57.52413, -18.65033 ], [ -57.5243, -18.65102 ], [ -57.52505, -18.65212 ], [ -57.52577, -18.65276 ], [ -57.5265, -18.65322 ], [ -57.52889, -18.65443 ], [ -57.53232, -18.65569 ], [ -57.5373, -18.65845 ], [ -57.53983, -18.66016 ], [ -57.54121, -18.66082 ], [ -57.54348, -18.66172 ], [ -57.54463, -18.66235 ], [ -57.54544, -18.66292 ], [ -57.54635, -18.66367 ], [ -57.54754, -18.66487 ], [ -57.5488, -18.6664 ], [ -57.54955, -18.66744 ], [ -57.55056, -18.6691 ], [ -57.55229, -18.67235 ], [ -57.55253, -18.6733 ], [ -57.55238, -18.67461 ], [ -57.55238, -18.67531 ], [ -57.55184, -18.67695 ], [ -57.55116, -18.67795 ], [ -57.55049, -18.67841 ], [ -57.54984, -18.67869 ], [ -57.5486, -18.67893 ], [ -57.54756, -18.67899 ], [ -57.54581, -18.67885 ], [ -57.54418, -18.67836 ], [ -57.54303, -18.6779 ], [ -57.54042, -18.67642 ], [ -57.53788, -18.67478 ], [ -57.53625, -18.674 ], [ -57.53176, -18.67238 ], [ -57.52812, -18.67185 ], [ -57.52592, -18.67204 ], [ -57.52273, -18.67252 ], [ -57.52116, -18.67301 ], [ -57.52003, -18.67373 ], [ -57.51947, -18.67451 ], [ -57.51941, -18.67552 ], [ -57.51971, -18.67791 ], [ -57.52086, -18.68302 ], [ -57.52181, -18.68949 ], [ -57.52223, -18.69152 ], [ -57.52428, -18.69796 ], [ -57.52524, -18.70241 ], [ -57.52661, -18.70547 ], [ -57.53151, -18.71216 ], [ -57.53329, -18.71438 ], [ -57.53454, -18.71623 ], [ -57.53543, -18.7179 ], [ -57.53616, -18.71948 ], [ -57.53685, -18.72151 ], [ -57.5372, -18.72316 ], [ -57.53766, -18.72464 ], [ -57.53867, -18.72696 ], [ -57.53913, -18.72774 ], [ -57.53967, -18.72894 ], [ -57.54066, -18.73042 ], [ -57.54177, -18.73188 ], [ -57.54249, -18.73252 ], [ -57.54308, -18.73318 ], [ -57.5438, -18.73372 ], [ -57.54517, -18.73453 ], [ -57.54809, -18.73593 ], [ -57.54932, -18.73639 ], [ -57.55044, -18.73649 ], [ -57.55109, -18.73641 ], [ -57.55149, -18.73627 ], [ -57.55253, -18.73562 ], [ -57.55327, -18.73489 ], [ -57.55389, -18.7339 ], [ -57.55494, -18.73062 ], [ -57.55543, -18.72954 ], [ -57.5559, -18.72879 ], [ -57.55718, -18.72746 ], [ -57.55822, -18.72653 ], [ -57.55977, -18.72531 ], [ -57.56088, -18.72457 ], [ -57.56249, -18.72383 ], [ -57.56401, -18.72344 ], [ -57.56589, -18.72331 ], [ -57.56684, -18.72312 ], [ -57.56819, -18.723 ], [ -57.57179, -18.72306 ], [ -57.57328, -18.72338 ], [ -57.57447, -18.72354 ], [ -57.57559, -18.72392 ], [ -57.57674, -18.72462 ], [ -57.57771, -18.72535 ], [ -57.5783, -18.72592 ], [ -57.57907, -18.72699 ], [ -57.57957, -18.7279 ], [ -57.58009, -18.72935 ], [ -57.58015, -18.72998 ], [ -57.58005, -18.7311 ], [ -57.57965, -18.73215 ], [ -57.5786, -18.73416 ], [ -57.57804, -18.73505 ], [ -57.57558, -18.73838 ], [ -57.57, -18.74507 ], [ -57.56851, -18.74671 ], [ -57.56665, -18.74906 ] ], [ [ -57.52589, -18.58294 ], [ -57.52953, -18.58711 ], [ -57.53174, -18.59036 ], [ -57.53196, -18.59099 ], [ -57.53205, -18.59177 ], [ -57.53181, -18.59297 ], [ -57.53179, -18.59365 ], [ -57.5315, -18.59584 ], [ -57.53093, -18.59729 ], [ -57.52779, -18.60136 ], [ -57.52398, -18.60574 ], [ -57.52078, -18.6088 ] ], [ [ -57.52589, -18.58294 ], [ -57.52631, -18.58521 ], [ -57.52657, -18.58789 ], [ -57.52661, -18.59 ], [ -57.52657, -18.5912 ], [ -57.52646, -18.59195 ], [ -57.52606, -18.59324 ], [ -57.52479, -18.59633 ], [ -57.52313, -18.6017 ], [ -57.52208, -18.6047 ], [ -57.52078, -18.6088 ] ], [ [ -57.41659, -18.50235 ], [ -57.41829, -18.5043 ], [ -57.41931, -18.5052 ], [ -57.42014, -18.50579 ], [ -57.42303, -18.50751 ], [ -57.42763, -18.50976 ], [ -57.43004, -18.51067 ], [ -57.43333, -18.51165 ], [ -57.43594, -18.51206 ], [ -57.43772, -18.51216 ], [ -57.43913, -18.51209 ], [ -57.44058, -18.51187 ], [ -57.4428, -18.51139 ], [ -57.44407, -18.51103 ], [ -57.44698, -18.50975 ], [ -57.44918, -18.50859 ], [ -57.45043, -18.50768 ], [ -57.45127, -18.50695 ], [ -57.45327, -18.50458 ], [ -57.45688, -18.50054 ], [ -57.45783, -18.49967 ], [ -57.45907, -18.49879 ], [ -57.46023, -18.49832 ], [ -57.46124, -18.49834 ], [ -57.46243, -18.49866 ], [ -57.46347, -18.49935 ], [ -57.46411, -18.50001 ], [ -57.46448, -18.50072 ], [ -57.46465, -18.5014 ], [ -57.46463, -18.5022 ], [ -57.46449, -18.5027 ], [ -57.46385, -18.50399 ], [ -57.46314, -18.50615 ], [ -57.46184, -18.50893 ], [ -57.45872, -18.51473 ], [ -57.45639, -18.5187 ], [ -57.45307, -18.52372 ], [ -57.44788, -18.53095 ], [ -57.44568, -18.53414 ], [ -57.44267, -18.53898 ], [ -57.44165, -18.54095 ], [ -57.4412, -18.54208 ], [ -57.44066, -18.54391 ], [ -57.44041, -18.54552 ], [ -57.44037, -18.54693 ], [ -57.44047, -18.5492 ], [ -57.44064, -18.55029 ], [ -57.44084, -18.55079 ], [ -57.44175, -18.55242 ], [ -57.44315, -18.5544 ], [ -57.44442, -18.55581 ], [ -57.44634, -18.55721 ], [ -57.44842, -18.55793 ], [ -57.44936, -18.55815 ], [ -57.45032, -18.55825 ], [ -57.4519, -18.55826 ], [ -57.4545, -18.55793 ], [ -57.45631, -18.5575 ], [ -57.45816, -18.55687 ], [ -57.46557, -18.55362 ], [ -57.46802, -18.55238 ], [ -57.47091, -18.55071 ], [ -57.47313, -18.54887 ], [ -57.47463, -18.54739 ], [ -57.47752, -18.54378 ], [ -57.47959, -18.54099 ], [ -57.48099, -18.53931 ], [ -57.48167, -18.53878 ], [ -57.48245, -18.53838 ], [ -57.48291, -18.53829 ], [ -57.48344, -18.53837 ], [ -57.4841, -18.53881 ], [ -57.48472, -18.53963 ], [ -57.48492, -18.54021 ], [ -57.48503, -18.54145 ], [ -57.48501, -18.54325 ], [ -57.48418, -18.54929 ], [ -57.48386, -18.55067 ], [ -57.48306, -18.55303 ], [ -57.48095, -18.55845 ], [ -57.48031, -18.56031 ], [ -57.47957, -18.56291 ], [ -57.47907, -18.56528 ], [ -57.47922, -18.56813 ], [ -57.47943, -18.56917 ], [ -57.47993, -18.57055 ], [ -57.4809, -18.57243 ], [ -57.48151, -18.57332 ], [ -57.4826, -18.5743 ], [ -57.48375, -18.57498 ], [ -57.48423, -18.57516 ], [ -57.48549, -18.57543 ], [ -57.48634, -18.57533 ], [ -57.4871, -18.57511 ], [ -57.48781, -18.57474 ], [ -57.48876, -18.57409 ], [ -57.4937, -18.56997 ], [ -57.49721, -18.56691 ], [ -57.49788, -18.56642 ], [ -57.49885, -18.56594 ], [ -57.49985, -18.5657 ], [ -57.501, -18.5656 ], [ -57.50297, -18.56575 ], [ -57.50397, -18.56619 ], [ -57.50476, -18.56677 ], [ -57.50721, -18.56926 ], [ -57.50811, -18.57032 ], [ -57.50897, -18.57152 ], [ -57.51045, -18.57416 ], [ -57.5115, -18.57567 ], [ -57.51304, -18.5774 ], [ -57.51373, -18.57797 ], [ -57.51451, -18.57848 ], [ -57.51509, -18.57874 ], [ -57.51588, -18.57893 ], [ -57.51764, -18.579 ], [ -57.51898, -18.57884 ], [ -57.52108, -18.57826 ], [ -57.52234, -18.57806 ], [ -57.52451, -18.57794 ], [ -57.52525, -18.57815 ], [ -57.52561, -18.57855 ], [ -57.52576, -18.57893 ], [ -57.52577, -18.57945 ], [ -57.52544, -18.58072 ], [ -57.52553, -18.58144 ], [ -57.52589, -18.58294 ] ], [ [ -57.41076, -18.49154 ], [ -57.41123, -18.49248 ], [ -57.4121, -18.49392 ], [ -57.41474, -18.49758 ], [ -57.41515, -18.49852 ], [ -57.41634, -18.50189 ], [ -57.41659, -18.50235 ] ], [ [ -57.41076, -18.49154 ], [ -57.41199, -18.49817 ], [ -57.41296, -18.50028 ], [ -57.4137, -18.50102 ], [ -57.41659, -18.50235 ] ], [ [ -57.39029, -18.47899 ], [ -57.3913, -18.47968 ], [ -57.39188, -18.4799 ], [ -57.39257, -18.48004 ], [ -57.39351, -18.48012 ], [ -57.39488, -18.48039 ], [ -57.39623, -18.48052 ], [ -57.39769, -18.48056 ], [ -57.40061, -18.48038 ], [ -57.40223, -18.48061 ], [ -57.40314, -18.48103 ], [ -57.40433, -18.4822 ], [ -57.40618, -18.48354 ], [ -57.40677, -18.48417 ], [ -57.40759, -18.4858 ], [ -57.41076, -18.49154 ] ], [ [ -57.37453, -18.46832 ], [ -57.37551, -18.46904 ], [ -57.37671, -18.46973 ], [ -57.3793, -18.47073 ], [ -57.38126, -18.47118 ], [ -57.38274, -18.47166 ], [ -57.38513, -18.47266 ], [ -57.38718, -18.47384 ], [ -57.38784, -18.47436 ], [ -57.38845, -18.47503 ], [ -57.38925, -18.47742 ], [ -57.38968, -18.47827 ], [ -57.39029, -18.47899 ] ], [ [ -57.37453, -18.46832 ], [ -57.3781, -18.47306 ], [ -57.37895, -18.47371 ], [ -57.38029, -18.47442 ], [ -57.38115, -18.47478 ], [ -57.38369, -18.47555 ], [ -57.3843, -18.47583 ], [ -57.39029, -18.47899 ] ], [ [ -57.38711, -18.40832 ], [ -57.38758, -18.4133 ], [ -57.388, -18.41957 ], [ -57.38789, -18.42242 ] ], [ [ -57.38711, -18.40832 ], [ -57.38611, -18.4109 ], [ -57.38504, -18.41296 ], [ -57.38443, -18.41448 ], [ -57.38432, -18.41588 ], [ -57.38451, -18.41717 ], [ -57.38484, -18.41848 ], [ -57.38573, -18.42045 ], [ -57.38613, -18.42096 ], [ -57.38779, -18.42231 ], [ -57.38839, -18.42308 ], [ -57.39074, -18.42701 ], [ -57.39237, -18.43061 ], [ -57.39285, -18.43327 ], [ -57.39289, -18.434 ], [ -57.39259, -18.43554 ], [ -57.39202, -18.43649 ], [ -57.39134, -18.43712 ], [ -57.39014, -18.43782 ], [ -57.38932, -18.43818 ], [ -57.38783, -18.43853 ], [ -57.3854, -18.43871 ], [ -57.38441, -18.43849 ], [ -57.38347, -18.43813 ], [ -57.3819, -18.43721 ], [ -57.38077, -18.43633 ], [ -57.37855, -18.43418 ], [ -57.37758, -18.43359 ], [ -57.37661, -18.43314 ], [ -57.37581, -18.43287 ], [ -57.37455, -18.43264 ], [ -57.37306, -18.4325 ], [ -57.37137, -18.43255 ], [ -57.36931, -18.43317 ], [ -57.36849, -18.43353 ], [ -57.36712, -18.43434 ], [ -57.36535, -18.43574 ], [ -57.36471, -18.43643 ], [ -57.36384, -18.43774 ], [ -57.36328, -18.43883 ], [ -57.36283, -18.44023 ], [ -57.36215, -18.44601 ], [ -57.36203, -18.44891 ], [ -57.36211, -18.44987 ], [ -57.36238, -18.45141 ], [ -57.36296, -18.45313 ], [ -57.36354, -18.45425 ], [ -57.36387, -18.45518 ], [ -57.36512, -18.45794 ], [ -57.36571, -18.45903 ], [ -57.36664, -18.46042 ], [ -57.36806, -18.46219 ], [ -57.36872, -18.46291 ], [ -57.3695, -18.46362 ], [ -57.37107, -18.46476 ], [ -57.37306, -18.46693 ], [ -57.37453, -18.46832 ] ], [ [ -57.36436, -18.35157 ], [ -57.36103, -18.35229 ], [ -57.35942, -18.35282 ], [ -57.35855, -18.35319 ], [ -57.35744, -18.35373 ], [ -57.35603, -18.35455 ], [ -57.35424, -18.35597 ], [ -57.35297, -18.3577 ], [ -57.35229, -18.35876 ], [ -57.35172, -18.35993 ], [ -57.35144, -18.36073 ], [ -57.35127, -18.36154 ], [ -57.35119, -18.36275 ], [ -57.35128, -18.36354 ], [ -57.35164, -18.3646 ], [ -57.35246, -18.366 ], [ -57.35353, -18.36717 ], [ -57.35478, -18.36815 ], [ -57.35645, -18.36885 ], [ -57.35809, -18.36974 ], [ -57.35881, -18.37043 ], [ -57.35958, -18.37142 ], [ -57.36023, -18.37249 ], [ -57.36169, -18.37633 ], [ -57.3625, -18.37818 ], [ -57.36343, -18.38007 ], [ -57.36427, -18.38153 ], [ -57.36516, -18.38286 ], [ -57.36604, -18.38394 ], [ -57.36705, -18.38492 ], [ -57.36825, -18.38589 ], [ -57.37006, -18.38708 ], [ -57.37276, -18.38855 ], [ -57.37376, -18.38895 ], [ -57.37943, -18.39032 ], [ -57.3808, -18.39044 ], [ -57.38416, -18.39047 ], [ -57.38575, -18.39066 ], [ -57.38702, -18.39096 ], [ -57.38754, -18.39118 ], [ -57.38829, -18.39164 ], [ -57.38888, -18.39222 ], [ -57.38948, -18.39316 ], [ -57.38998, -18.39453 ], [ -57.3901, -18.39552 ], [ -57.39006, -18.39648 ], [ -57.38988, -18.39732 ], [ -57.38957, -18.39821 ], [ -57.38822, -18.40117 ], [ -57.38778, -18.40253 ], [ -57.3876, -18.40355 ], [ -57.38736, -18.4069 ], [ -57.38711, -18.40832 ] ], [ [ -57.37017, -18.33606 ], [ -57.37069, -18.33654 ], [ -57.37133, -18.3369 ], [ -57.37245, -18.33724 ], [ -57.3732, -18.33737 ], [ -57.37389, -18.33739 ], [ -57.37712, -18.33711 ], [ -57.37845, -18.33715 ], [ -57.37967, -18.33737 ], [ -57.38235, -18.33827 ], [ -57.38576, -18.34013 ], [ -57.38671, -18.34084 ], [ -57.38764, -18.34187 ], [ -57.38848, -18.34303 ], [ -57.38917, -18.34427 ], [ -57.38952, -18.34537 ], [ -57.38967, -18.34659 ], [ -57.38963, -18.34725 ], [ -57.38926, -18.34866 ], [ -57.38799, -18.35103 ], [ -57.3872, -18.35197 ], [ -57.38638, -18.35264 ], [ -57.38566, -18.35311 ], [ -57.38467, -18.35353 ], [ -57.3837, -18.35375 ], [ -57.38186, -18.35384 ], [ -57.37981, -18.3537 ], [ -57.37859, -18.35341 ], [ -57.37701, -18.35285 ], [ -57.37534, -18.35245 ], [ -57.37293, -18.35202 ], [ -57.37024, -18.35166 ], [ -57.36681, -18.35138 ], [ -57.36436, -18.35157 ] ], [ [ -57.37017, -18.33606 ], [ -57.3693, -18.3373 ], [ -57.36776, -18.33875 ], [ -57.36741, -18.3393 ], [ -57.36728, -18.33967 ], [ -57.36728, -18.34016 ], [ -57.36739, -18.34061 ], [ -57.36782, -18.34102 ], [ -57.36927, -18.34175 ], [ -57.36945, -18.34225 ], [ -57.36931, -18.34294 ], [ -57.36858, -18.34383 ], [ -57.36826, -18.34453 ], [ -57.36821, -18.34559 ], [ -57.36844, -18.34729 ], [ -57.36831, -18.34793 ], [ -57.36811, -18.3483 ], [ -57.3674, -18.34914 ], [ -57.36436, -18.35157 ] ], [ [ -57.38907, -18.21829 ], [ -57.3908, -18.2216 ], [ -57.3919, -18.2234 ], [ -57.39244, -18.22412 ], [ -57.3934, -18.22522 ], [ -57.39385, -18.2256 ], [ -57.39642, -18.22826 ], [ -57.39808, -18.2297 ], [ -57.40089, -18.23193 ], [ -57.40163, -18.23266 ], [ -57.40193, -18.23311 ], [ -57.4021, -18.23355 ], [ -57.40215, -18.2347 ], [ -57.40194, -18.23568 ], [ -57.40145, -18.23701 ], [ -57.4011, -18.23757 ], [ -57.40081, -18.23824 ], [ -57.40037, -18.23888 ], [ -57.39841, -18.24083 ], [ -57.39761, -18.2419 ], [ -57.39711, -18.24272 ], [ -57.39671, -18.24362 ], [ -57.39654, -18.24448 ], [ -57.39652, -18.24527 ], [ -57.39674, -18.24716 ], [ -57.39705, -18.24808 ], [ -57.39785, -18.24946 ], [ -57.39853, -18.25017 ], [ -57.39979, -18.2511 ], [ -57.40088, -18.25156 ], [ -57.4024, -18.25198 ], [ -57.40499, -18.25198 ], [ -57.40637, -18.25213 ], [ -57.40677, -18.25233 ], [ -57.40756, -18.25297 ], [ -57.40832, -18.25377 ], [ -57.4091, -18.25523 ], [ -57.40942, -18.25637 ], [ -57.40963, -18.25752 ], [ -57.40963, -18.25857 ], [ -57.40943, -18.26032 ], [ -57.40943, -18.26116 ], [ -57.41029, -18.26473 ], [ -57.41065, -18.26822 ], [ -57.41041, -18.26942 ], [ -57.40996, -18.27076 ], [ -57.40926, -18.27215 ], [ -57.40836, -18.27358 ], [ -57.40776, -18.27488 ], [ -57.40752, -18.27574 ], [ -57.40686, -18.27733 ], [ -57.40601, -18.27862 ], [ -57.40551, -18.27913 ], [ -57.40354, -18.28035 ], [ -57.40021, -18.28201 ], [ -57.39934, -18.28253 ], [ -57.39887, -18.28306 ], [ -57.39674, -18.28594 ], [ -57.39547, -18.28804 ], [ -57.39433, -18.29025 ], [ -57.39163, -18.29403 ], [ -57.38978, -18.29595 ], [ -57.38758, -18.29767 ], [ -57.38508, -18.29942 ], [ -57.38396, -18.3005 ], [ -57.38261, -18.30196 ], [ -57.37787, -18.30788 ], [ -57.37613, -18.31182 ], [ -57.37444, -18.31684 ], [ -57.37286, -18.32073 ], [ -57.37224, -18.32196 ], [ -57.37053, -18.32472 ], [ -57.36957, -18.32667 ], [ -57.36899, -18.32837 ], [ -57.36859, -18.33081 ], [ -57.36857, -18.33158 ], [ -57.36867, -18.33247 ], [ -57.36902, -18.33375 ], [ -57.36982, -18.33548 ], [ -57.37017, -18.33606 ] ], [ [ -57.38752, -18.19695 ], [ -57.38694, -18.20135 ], [ -57.38673, -18.20534 ], [ -57.38678, -18.20837 ], [ -57.38699, -18.21031 ], [ -57.38774, -18.21409 ], [ -57.38843, -18.21663 ], [ -57.38907, -18.21829 ] ], [ [ -57.38752, -18.19695 ], [ -57.38481, -18.19784 ], [ -57.38373, -18.19862 ], [ -57.38302, -18.19955 ], [ -57.38201, -18.20138 ], [ -57.38173, -18.2023 ], [ -57.38159, -18.20346 ], [ -57.3817, -18.20454 ], [ -57.38184, -18.20498 ], [ -57.38271, -18.20699 ], [ -57.38319, -18.20769 ], [ -57.38369, -18.20876 ], [ -57.38415, -18.21099 ], [ -57.38425, -18.21204 ], [ -57.38476, -18.21378 ], [ -57.3852, -18.21456 ], [ -57.38545, -18.21485 ], [ -57.38907, -18.21829 ] ], [ [ -57.39183, -18.18433 ], [ -57.39161, -18.18564 ], [ -57.39109, -18.18769 ], [ -57.3905, -18.1896 ], [ -57.38989, -18.19097 ], [ -57.38826, -18.19416 ], [ -57.38782, -18.19544 ], [ -57.38752, -18.19695 ] ], [ [ -57.38554, -18.16663 ], [ -57.3902, -18.16784 ], [ -57.39151, -18.16828 ], [ -57.39393, -18.16958 ], [ -57.39665, -18.17135 ], [ -57.39766, -18.17224 ], [ -57.3987, -18.17333 ], [ -57.39997, -18.17563 ], [ -57.40019, -18.17631 ], [ -57.40047, -18.17797 ], [ -57.40039, -18.17935 ], [ -57.39997, -18.18028 ], [ -57.39952, -18.18096 ], [ -57.39888, -18.18147 ], [ -57.39831, -18.18176 ], [ -57.39775, -18.18191 ], [ -57.39551, -18.18203 ], [ -57.39373, -18.18265 ], [ -57.39307, -18.18298 ], [ -57.39183, -18.18433 ] ], [ [ -57.38554, -18.16663 ], [ -57.38688, -18.16745 ], [ -57.3877, -18.16837 ], [ -57.38873, -18.1701 ], [ -57.38997, -18.17265 ], [ -57.39054, -18.17401 ], [ -57.39138, -18.17688 ], [ -57.39174, -18.17905 ], [ -57.39208, -18.1824 ], [ -57.39201, -18.18355 ], [ -57.39183, -18.18433 ] ], [ [ -57.46542, -18.07831 ], [ -57.46662, -18.07809 ], [ -57.46873, -18.07736 ], [ -57.46992, -18.07705 ], [ -57.47128, -18.0769 ], [ -57.47261, -18.07693 ], [ -57.47372, -18.07713 ], [ -57.47525, -18.07782 ], [ -57.47633, -18.07866 ], [ -57.47709, -18.07949 ], [ -57.47731, -18.07984 ], [ -57.47742, -18.08032 ], [ -57.47737, -18.08091 ], [ -57.47675, -18.0832 ], [ -57.47637, -18.08506 ], [ -57.47494, -18.08843 ], [ -57.47447, -18.08926 ], [ -57.47334, -18.09082 ], [ -57.4718, -18.09264 ], [ -57.47052, -18.09388 ], [ -57.46978, -18.0945 ], [ -57.46914, -18.0949 ], [ -57.46849, -18.09508 ], [ -57.46628, -18.09539 ], [ -57.46444, -18.09619 ], [ -57.46344, -18.09709 ], [ -57.4619, -18.09878 ], [ -57.46069, -18.09992 ], [ -57.45883, -18.10101 ], [ -57.45577, -18.10254 ], [ -57.4539, -18.10374 ], [ -57.45106, -18.10574 ], [ -57.44849, -18.10779 ], [ -57.44615, -18.10946 ], [ -57.44435, -18.1109 ], [ -57.44329, -18.11156 ], [ -57.44199, -18.11211 ], [ -57.43847, -18.11336 ], [ -57.43418, -18.11449 ], [ -57.42992, -18.11551 ], [ -57.4277, -18.11596 ], [ -57.42586, -18.11648 ], [ -57.42389, -18.11718 ], [ -57.42248, -18.11794 ], [ -57.42121, -18.11876 ], [ -57.41675, -18.12241 ], [ -57.41498, -18.12374 ], [ -57.41376, -18.12445 ], [ -57.41198, -18.12517 ], [ -57.40677, -18.12622 ], [ -57.40371, -18.12716 ], [ -57.40133, -18.12835 ], [ -57.39861, -18.12998 ], [ -57.39709, -18.13105 ], [ -57.39571, -18.13221 ], [ -57.3942, -18.13367 ], [ -57.39277, -18.13524 ], [ -57.3881, -18.1414 ], [ -57.38739, -18.1425 ], [ -57.38663, -18.14403 ], [ -57.38572, -18.14524 ], [ -57.38398, -18.14684 ], [ -57.38232, -18.14798 ], [ -57.38093, -18.14913 ], [ -57.38009, -18.14999 ], [ -57.37924, -18.15107 ], [ -57.37761, -18.15292 ], [ -57.37649, -18.15393 ], [ -57.37593, -18.15458 ], [ -57.37535, -18.15506 ], [ -57.37383, -18.15606 ], [ -57.37246, -18.15717 ], [ -57.37191, -18.15773 ], [ -57.37148, -18.15836 ], [ -57.37107, -18.15966 ], [ -57.37099, -18.16063 ], [ -57.37111, -18.16117 ], [ -57.37129, -18.16163 ], [ -57.37175, -18.16232 ], [ -57.37213, -18.16272 ], [ -57.37317, -18.16355 ], [ -57.37407, -18.16394 ], [ -57.37538, -18.16432 ], [ -57.3793, -18.16481 ], [ -57.38245, -18.16552 ], [ -57.38394, -18.16595 ], [ -57.38554, -18.16663 ] ], [ [ -57.4623, -18.06779 ], [ -57.46154, -18.06927 ], [ -57.4612, -18.07068 ], [ -57.46111, -18.07317 ], [ -57.46122, -18.07497 ], [ -57.4614, -18.07578 ], [ -57.46199, -18.07711 ], [ -57.46254, -18.07767 ], [ -57.46317, -18.07801 ], [ -57.46379, -18.07822 ], [ -57.46462, -18.07832 ], [ -57.46542, -18.07831 ] ], [ [ -57.4623, -18.06779 ], [ -57.46044, -18.06892 ], [ -57.45948, -18.06959 ], [ -57.45894, -18.07011 ], [ -57.45854, -18.07071 ], [ -57.45756, -18.07285 ], [ -57.4574, -18.07347 ], [ -57.45741, -18.07518 ], [ -57.45747, -18.07564 ], [ -57.45774, -18.07652 ], [ -57.45912, -18.07914 ], [ -57.45972, -18.07989 ], [ -57.46021, -18.0801 ], [ -57.46087, -18.08028 ], [ -57.46201, -18.08015 ], [ -57.46542, -18.07831 ] ], [ [ -57.5317, -17.83918 ], [ -57.53133, -17.83991 ], [ -57.53134, -17.84109 ], [ -57.53172, -17.84211 ], [ -57.53231, -17.84306 ], [ -57.53267, -17.84397 ], [ -57.53337, -17.84654 ], [ -57.53498, -17.84923 ], [ -57.53587, -17.8505 ], [ -57.53628, -17.85132 ], [ -57.53648, -17.85187 ], [ -57.53641, -17.85232 ], [ -57.53616, -17.85282 ], [ -57.53571, -17.85328 ], [ -57.53327, -17.85455 ], [ -57.53257, -17.85511 ], [ -57.52864, -17.85677 ], [ -57.52624, -17.85762 ], [ -57.52393, -17.85866 ], [ -57.52268, -17.85932 ], [ -57.51898, -17.86171 ], [ -57.51677, -17.86284 ], [ -57.51446, -17.86364 ], [ -57.51349, -17.86381 ], [ -57.51169, -17.86378 ], [ -57.51122, -17.86388 ], [ -57.51042, -17.86419 ], [ -57.50845, -17.86289 ], [ -57.50716, -17.86221 ], [ -57.50558, -17.86173 ], [ -57.49886, -17.86153 ], [ -57.49584, -17.86131 ], [ -57.49313, -17.86138 ], [ -57.48789, -17.86203 ], [ -57.48589, -17.86214 ], [ -57.48397, -17.86181 ], [ -57.48262, -17.86145 ], [ -57.48006, -17.86054 ], [ -57.47914, -17.86033 ], [ -57.47849, -17.86033 ], [ -57.47784, -17.86045 ], [ -57.47726, -17.86078 ], [ -57.47673, -17.8613 ], [ -57.47696, -17.86351 ], [ -57.47783, -17.86583 ], [ -57.47885, -17.86795 ], [ -57.47949, -17.86949 ], [ -57.47978, -17.87062 ], [ -57.47989, -17.8716 ], [ -57.47954, -17.87422 ], [ -57.47886, -17.87675 ], [ -57.478, -17.87868 ], [ -57.47733, -17.87986 ], [ -57.47633, -17.88124 ], [ -57.47536, -17.8822 ], [ -57.47316, -17.88414 ], [ -57.47096, -17.88662 ], [ -57.46799, -17.89112 ], [ -57.46649, -17.89323 ], [ -57.46306, -17.89924 ], [ -57.46233, -17.90076 ], [ -57.4626, -17.9014 ], [ -57.46264, -17.90186 ], [ -57.46257, -17.90225 ], [ -57.46208, -17.9034 ], [ -57.46092, -17.9054 ], [ -57.46022, -17.90719 ], [ -57.46009, -17.90795 ], [ -57.46012, -17.90901 ], [ -57.46022, -17.90934 ], [ -57.46217, -17.91238 ], [ -57.46259, -17.91293 ], [ -57.46299, -17.91324 ], [ -57.46391, -17.91369 ], [ -57.4646, -17.91382 ], [ -57.46805, -17.91361 ], [ -57.46946, -17.91379 ], [ -57.46995, -17.914 ], [ -57.47112, -17.91491 ], [ -57.47187, -17.91653 ], [ -57.47273, -17.91936 ], [ -57.47456, -17.92263 ], [ -57.4748, -17.92327 ], [ -57.47481, -17.92375 ], [ -57.47474, -17.92396 ], [ -57.47448, -17.9242 ], [ -57.47404, -17.92433 ], [ -57.47374, -17.9243 ], [ -57.47218, -17.9238 ], [ -57.47061, -17.92309 ], [ -57.46919, -17.9223 ], [ -57.46842, -17.92206 ], [ -57.46794, -17.92209 ], [ -57.46754, -17.92231 ], [ -57.46701, -17.92309 ], [ -57.46695, -17.9233 ], [ -57.46698, -17.9241 ], [ -57.46725, -17.92554 ], [ -57.46756, -17.92658 ], [ -57.46832, -17.92819 ], [ -57.47014, -17.93134 ], [ -57.47055, -17.93233 ], [ -57.47085, -17.93337 ], [ -57.47108, -17.93459 ], [ -57.4711, -17.93562 ], [ -57.47071, -17.93795 ], [ -57.47047, -17.93868 ], [ -57.46964, -17.94025 ], [ -57.46888, -17.94145 ], [ -57.46676, -17.94405 ], [ -57.4659, -17.9453 ], [ -57.4651, -17.94672 ], [ -57.46383, -17.94968 ], [ -57.4628, -17.95131 ], [ -57.46178, -17.95274 ], [ -57.46055, -17.95416 ], [ -57.45848, -17.95585 ], [ -57.45699, -17.95737 ], [ -57.45451, -17.96063 ], [ -57.45298, -17.96324 ], [ -57.45171, -17.96621 ], [ -57.45109, -17.96738 ], [ -57.44887, -17.97094 ], [ -57.44641, -17.97405 ], [ -57.44591, -17.97482 ], [ -57.44545, -17.97571 ], [ -57.44521, -17.9765 ], [ -57.44492, -17.97855 ], [ -57.44502, -17.97993 ], [ -57.44512, -17.98032 ], [ -57.44536, -17.98078 ], [ -57.4457, -17.98121 ], [ -57.44811, -17.9833 ], [ -57.44839, -17.98381 ], [ -57.44853, -17.98461 ], [ -57.44848, -17.98534 ], [ -57.44794, -17.98756 ], [ -57.44752, -17.98885 ], [ -57.44677, -17.99062 ], [ -57.4464, -17.99183 ], [ -57.44636, -17.99252 ], [ -57.44664, -17.99488 ], [ -57.44686, -17.9954 ], [ -57.44774, -17.99659 ], [ -57.44947, -17.99848 ], [ -57.45139, -18.00008 ], [ -57.45413, -18.00169 ], [ -57.45552, -18.00268 ], [ -57.45651, -18.00366 ], [ -57.45699, -18.00444 ], [ -57.45784, -18.0071 ], [ -57.45879, -18.01126 ], [ -57.45924, -18.01404 ], [ -57.45978, -18.01638 ], [ -57.46029, -18.0207 ], [ -57.46117, -18.02429 ], [ -57.4617, -18.02583 ], [ -57.46249, -18.0275 ], [ -57.46355, -18.02932 ], [ -57.46502, -18.03123 ], [ -57.46654, -18.03273 ], [ -57.46918, -18.0347 ], [ -57.47114, -18.0358 ], [ -57.4742, -18.03692 ], [ -57.47596, -18.03722 ], [ -57.47722, -18.03716 ], [ -57.47832, -18.03693 ], [ -57.47947, -18.03655 ], [ -57.48044, -18.03613 ], [ -57.48173, -18.03538 ], [ -57.48245, -18.03514 ], [ -57.48328, -18.03505 ], [ -57.48382, -18.03512 ], [ -57.48426, -18.03528 ], [ -57.48503, -18.03576 ], [ -57.48579, -18.03646 ], [ -57.48688, -18.03785 ], [ -57.48746, -18.03876 ], [ -57.48801, -18.03988 ], [ -57.48839, -18.04114 ], [ -57.48861, -18.04237 ], [ -57.48865, -18.04333 ], [ -57.48852, -18.04445 ], [ -57.48808, -18.04606 ], [ -57.48774, -18.04706 ], [ -57.48711, -18.04818 ], [ -57.48649, -18.04894 ], [ -57.48587, -18.04952 ], [ -57.48422, -18.05082 ], [ -57.48272, -18.05235 ], [ -57.48164, -18.05363 ], [ -57.4801, -18.05588 ], [ -57.47919, -18.05692 ], [ -57.47817, -18.05782 ], [ -57.4772, -18.05856 ], [ -57.4746, -18.06022 ], [ -57.47336, -18.06077 ], [ -57.4718, -18.06163 ], [ -57.46834, -18.06308 ], [ -57.46516, -18.06502 ], [ -57.46372, -18.06611 ], [ -57.4623, -18.06779 ] ], [ [ -57.54233, -17.83236 ], [ -57.53986, -17.83493 ], [ -57.53812, -17.83617 ], [ -57.53642, -17.83709 ], [ -57.53557, -17.83741 ], [ -57.5317, -17.83918 ] ], [ [ -57.54233, -17.83236 ], [ -57.53998, -17.83266 ], [ -57.53918, -17.8329 ], [ -57.53657, -17.83446 ], [ -57.53506, -17.83548 ], [ -57.53347, -17.83673 ], [ -57.53292, -17.83737 ], [ -57.5317, -17.83918 ] ], [ [ -57.6587, -17.7279 ], [ -57.65633, -17.72733 ], [ -57.65476, -17.72676 ], [ -57.65102, -17.72509 ] ], [ [ -57.6587, -17.7279 ], [ -57.6565, -17.72592 ], [ -57.65532, -17.72532 ], [ -57.65425, -17.72497 ], [ -57.65319, -17.72478 ], [ -57.65102, -17.72509 ] ], [ [ -57.65102, -17.72509 ], [ -57.64753, -17.7245 ], [ -57.6469, -17.72427 ], [ -57.64638, -17.72397 ], [ -57.64603, -17.72344 ], [ -57.64577, -17.72276 ], [ -57.64563, -17.72185 ], [ -57.64567, -17.72008 ], [ -57.64544, -17.7194 ], [ -57.64522, -17.71892 ], [ -57.64464, -17.71818 ], [ -57.64409, -17.71778 ], [ -57.64282, -17.71759 ], [ -57.64173, -17.71777 ], [ -57.64097, -17.7181 ], [ -57.63992, -17.71871 ], [ -57.63886, -17.7195 ], [ -57.63548, -17.7244 ], [ -57.63493, -17.72499 ], [ -57.63297, -17.7267 ], [ -57.63108, -17.72878 ], [ -57.62992, -17.73117 ], [ -57.62577, -17.73467 ], [ -57.6237, -17.73704 ], [ -57.62298, -17.73842 ], [ -57.61966, -17.74704 ], [ -57.61912, -17.74794 ], [ -57.61852, -17.74842 ], [ -57.61754, -17.74881 ], [ -57.61466, -17.74912 ], [ -57.61365, -17.74943 ], [ -57.61283, -17.75 ], [ -57.61245, -17.75047 ], [ -57.61239, -17.75089 ], [ -57.61242, -17.75154 ], [ -57.61267, -17.75202 ], [ -57.61314, -17.75235 ], [ -57.61385, -17.75243 ], [ -57.61688, -17.75192 ], [ -57.61785, -17.75183 ], [ -57.61882, -17.752 ], [ -57.61947, -17.7523 ], [ -57.62009, -17.7529 ], [ -57.62055, -17.75368 ], [ -57.6207, -17.75413 ], [ -57.62065, -17.75544 ], [ -57.62048, -17.75597 ], [ -57.61871, -17.7595 ], [ -57.61646, -17.76373 ], [ -57.61594, -17.76506 ], [ -57.61517, -17.76788 ], [ -57.61471, -17.76887 ], [ -57.61389, -17.76961 ], [ -57.61314, -17.77009 ], [ -57.61181, -17.77065 ], [ -57.60993, -17.77112 ], [ -57.60514, -17.77168 ], [ -57.60412, -17.77201 ], [ -57.60341, -17.77239 ], [ -57.60284, -17.77291 ], [ -57.60257, -17.77326 ], [ -57.60197, -17.77462 ], [ -57.6019, -17.7751 ], [ -57.60197, -17.77605 ], [ -57.60222, -17.777 ], [ -57.6027, -17.77781 ], [ -57.60396, -17.77914 ], [ -57.60437, -17.77939 ], [ -57.60541, -17.77957 ], [ -57.60603, -17.77959 ], [ -57.60697, -17.77956 ], [ -57.6078, -17.77944 ], [ -57.60984, -17.77894 ], [ -57.61249, -17.7778 ], [ -57.61319, -17.77773 ], [ -57.61348, -17.77792 ], [ -57.61368, -17.77819 ], [ -57.61378, -17.78037 ], [ -57.61368, -17.7842 ], [ -57.61238, -17.79043 ], [ -57.61145, -17.79313 ], [ -57.61054, -17.79548 ], [ -57.60937, -17.79775 ], [ -57.60814, -17.7999 ], [ -57.60566, -17.80291 ], [ -57.60477, -17.80379 ], [ -57.60377, -17.80447 ], [ -57.60313, -17.80461 ], [ -57.60171, -17.80464 ], [ -57.60018, -17.80435 ], [ -57.59656, -17.80339 ], [ -57.5938, -17.80225 ], [ -57.5921, -17.80175 ], [ -57.58964, -17.80115 ], [ -57.58458, -17.80054 ], [ -57.57974, -17.8001 ], [ -57.57891, -17.80011 ], [ -57.57796, -17.80038 ], [ -57.57721, -17.80077 ], [ -57.57672, -17.80119 ], [ -57.57634, -17.80176 ], [ -57.57613, -17.80242 ], [ -57.57583, -17.80844 ], [ -57.57558, -17.8101 ], [ -57.57516, -17.81166 ], [ -57.57382, -17.81403 ], [ -57.57277, -17.8149 ], [ -57.57123, -17.81598 ], [ -57.57025, -17.81643 ], [ -57.56965, -17.81652 ], [ -57.56926, -17.8165 ], [ -57.56861, -17.81624 ], [ -57.56783, -17.81574 ], [ -57.56679, -17.81544 ], [ -57.56206, -17.81463 ], [ -57.56117, -17.81465 ], [ -57.55994, -17.81486 ], [ -57.55964, -17.81498 ], [ -57.55902, -17.81561 ], [ -57.5587, -17.81616 ], [ -57.55833, -17.81771 ], [ -57.55778, -17.81875 ], [ -57.55665, -17.81996 ], [ -57.55597, -17.82087 ], [ -57.55549, -17.82208 ], [ -57.55529, -17.82295 ], [ -57.55378, -17.82775 ], [ -57.55358, -17.82805 ], [ -57.55291, -17.82852 ], [ -57.55063, -17.82961 ], [ -57.5469, -17.83066 ], [ -57.54233, -17.83236 ] ], [ [ -57.69269, -17.62695 ], [ -57.69267, -17.62728 ], [ -57.69244, -17.62774 ], [ -57.69168, -17.62889 ], [ -57.69133, -17.62934 ], [ -57.69089, -17.6296 ], [ -57.69025, -17.62958 ], [ -57.68979, -17.62895 ], [ -57.68927, -17.62803 ], [ -57.68902, -17.62776 ], [ -57.68872, -17.62762 ], [ -57.68821, -17.62764 ], [ -57.68791, -17.62799 ], [ -57.68754, -17.62866 ], [ -57.68712, -17.63031 ], [ -57.68703, -17.63093 ], [ -57.68701, -17.63322 ], [ -57.68712, -17.6357 ], [ -57.68735, -17.63671 ], [ -57.68767, -17.63755 ], [ -57.68842, -17.63842 ], [ -57.68901, -17.63869 ], [ -57.69039, -17.63871 ], [ -57.69081, -17.63885 ], [ -57.6909, -17.63924 ], [ -57.6907, -17.63985 ], [ -57.69024, -17.64044 ], [ -57.68859, -17.64189 ], [ -57.68735, -17.64273 ], [ -57.68607, -17.64339 ], [ -57.68568, -17.64348 ], [ -57.68513, -17.64347 ], [ -57.68452, -17.64311 ], [ -57.68409, -17.64237 ], [ -57.68385, -17.64223 ], [ -57.68343, -17.64233 ], [ -57.68331, -17.64252 ], [ -57.68248, -17.6462 ], [ -57.68198, -17.64791 ], [ -57.68201, -17.64841 ], [ -57.6822, -17.64863 ], [ -57.68241, -17.64879 ], [ -57.68301, -17.64894 ], [ -57.68353, -17.64945 ], [ -57.68361, -17.64965 ], [ -57.68354, -17.65031 ], [ -57.68334, -17.65072 ], [ -57.68297, -17.65101 ], [ -57.68227, -17.65137 ], [ -57.68145, -17.65161 ], [ -57.67993, -17.65174 ], [ -57.67808, -17.65201 ], [ -57.6776, -17.65219 ], [ -57.67728, -17.65247 ], [ -57.67703, -17.65295 ], [ -57.67706, -17.65359 ], [ -57.67718, -17.65413 ], [ -57.67764, -17.65483 ], [ -57.67949, -17.6561 ], [ -57.68005, -17.65696 ], [ -57.68012, -17.65739 ], [ -57.68003, -17.65804 ], [ -57.6797, -17.6586 ], [ -57.67887, -17.65949 ], [ -57.67809, -17.66008 ], [ -57.67438, -17.66199 ], [ -57.67357, -17.66253 ], [ -57.67276, -17.66334 ], [ -57.67194, -17.66464 ], [ -57.67144, -17.66621 ], [ -57.6714, -17.66716 ], [ -57.67154, -17.66804 ], [ -57.67171, -17.66845 ], [ -57.67238, -17.66969 ], [ -57.67299, -17.67046 ], [ -57.67304, -17.67068 ], [ -57.67294, -17.67097 ], [ -57.67241, -17.67116 ], [ -57.67019, -17.67147 ], [ -57.66947, -17.67174 ], [ -57.66903, -17.67215 ], [ -57.66875, -17.67256 ], [ -57.66867, -17.6729 ], [ -57.66886, -17.67338 ], [ -57.669, -17.6735 ], [ -57.66956, -17.67356 ], [ -57.67078, -17.6732 ], [ -57.67138, -17.67319 ], [ -57.67172, -17.6733 ], [ -57.67227, -17.67381 ], [ -57.67261, -17.67443 ], [ -57.67315, -17.67602 ], [ -57.67339, -17.67718 ], [ -57.67341, -17.67829 ], [ -57.67326, -17.67911 ], [ -57.67309, -17.67945 ], [ -57.67284, -17.67971 ], [ -57.67175, -17.68052 ], [ -57.6714, -17.68097 ], [ -57.67123, -17.68145 ], [ -57.67126, -17.68162 ], [ -57.67146, -17.68183 ], [ -57.67218, -17.68208 ], [ -57.67574, -17.68217 ], [ -57.67886, -17.6825 ], [ -57.67952, -17.6827 ], [ -57.68022, -17.68303 ], [ -57.68071, -17.68337 ], [ -57.68124, -17.6841 ], [ -57.68161, -17.68521 ], [ -57.68169, -17.68631 ], [ -57.68201, -17.68827 ], [ -57.68384, -17.69529 ], [ -57.68387, -17.69658 ], [ -57.68375, -17.69736 ], [ -57.68355, -17.69792 ], [ -57.68179, -17.70029 ], [ -57.68135, -17.70105 ], [ -57.68082, -17.70275 ], [ -57.68069, -17.70354 ], [ -57.68067, -17.70431 ], [ -57.68081, -17.70495 ], [ -57.68108, -17.7054 ], [ -57.68173, -17.70605 ], [ -57.68298, -17.70682 ], [ -57.68356, -17.70736 ], [ -57.68452, -17.70862 ], [ -57.68514, -17.70973 ], [ -57.68543, -17.71067 ], [ -57.68573, -17.71214 ], [ -57.68594, -17.71418 ], [ -57.6859, -17.71487 ], [ -57.68568, -17.71585 ], [ -57.68539, -17.71642 ], [ -57.68459, -17.71727 ], [ -57.68381, -17.71758 ], [ -57.6794, -17.71844 ], [ -57.67638, -17.71922 ], [ -57.67317, -17.71967 ], [ -57.67272, -17.7199 ], [ -57.67247, -17.72035 ], [ -57.67238, -17.72074 ], [ -57.67263, -17.72578 ], [ -57.67259, -17.72787 ], [ -57.67255, -17.72846 ], [ -57.6724, -17.72877 ], [ -57.67213, -17.72894 ], [ -57.67173, -17.72896 ], [ -57.67141, -17.72887 ], [ -57.67052, -17.72734 ], [ -57.66986, -17.72653 ], [ -57.66948, -17.72612 ], [ -57.6687, -17.72593 ], [ -57.66795, -17.72605 ], [ -57.66707, -17.7267 ], [ -57.66364, -17.73096 ], [ -57.66202, -17.72973 ], [ -57.6587, -17.7279 ] ] ] } },
{ "type": "Feature", "properties": { "titulo": "Rio Taquari", "subtitulo": "Rio principal", "comprimento_km": 905.7 }, "geometry": { "type": "MultiLineString", "coordinates": [ [ [ -57.22067, -19.20656 ], [ -57.2212, -19.20823 ], [ -57.2214, -19.20918 ], [ -57.2214, -19.21044 ], [ -57.22118, -19.21193 ], [ -57.22039, -19.21453 ], [ -57.21906, -19.21723 ], [ -57.21878, -19.21806 ], [ -57.21867, -19.21862 ], [ -57.21874, -19.21936 ], [ -57.2194, -19.22143 ], [ -57.22083, -19.22502 ], [ -57.22115, -19.22612 ], [ -57.22189, -19.22751 ], [ -57.22232, -19.22812 ], [ -57.22265, -19.22893 ], [ -57.22348, -19.22979 ], [ -57.22382, -19.23028 ], [ -57.22438, -19.23066 ], [ -57.22522, -19.23162 ], [ -57.22582, -19.23251 ], [ -57.22602, -19.233 ], [ -57.22599, -19.23364 ], [ -57.2258, -19.23404 ], [ -57.2254, -19.23442 ], [ -57.22436, -19.23506 ], [ -57.22335, -19.23552 ], [ -57.22275, -19.23609 ], [ -57.22255, -19.23648 ], [ -57.22248, -19.23682 ], [ -57.22255, -19.23862 ], [ -57.22283, -19.23967 ], [ -57.22507, -19.24278 ], [ -57.22699, -19.24605 ] ], [ [ -57.21837, -19.20169 ], [ -57.21939, -19.20286 ], [ -57.22015, -19.20391 ], [ -57.2203, -19.20424 ], [ -57.22067, -19.20656 ] ], [ [ -57.21837, -19.20169 ], [ -57.21864, -19.20357 ], [ -57.21884, -19.20393 ], [ -57.21972, -19.20503 ], [ -57.22067, -19.20656 ] ], [ [ -57.20681, -19.13946 ], [ -57.20509, -19.14061 ], [ -57.20401, -19.14171 ], [ -57.20381, -19.14209 ], [ -57.2036, -19.14281 ], [ -57.20312, -19.14579 ], [ -57.20274, -19.14693 ], [ -57.20229, -19.14758 ], [ -57.2019, -19.14788 ], [ -57.2013, -19.14814 ], [ -57.1986, -19.14867 ], [ -57.19775, -19.14895 ], [ -57.19632, -19.14973 ], [ -57.19611, -19.14994 ], [ -57.19592, -19.15035 ], [ -57.19585, -19.15146 ], [ -57.19597, -19.15193 ], [ -57.19632, -19.1525 ], [ -57.19671, -19.15347 ], [ -57.19689, -19.1544 ], [ -57.19686, -19.15523 ], [ -57.19665, -19.15618 ], [ -57.19632, -19.15936 ], [ -57.19584, -19.16185 ], [ -57.19569, -19.16387 ], [ -57.1959, -19.16508 ], [ -57.19665, -19.16684 ], [ -57.19668, -19.16801 ], [ -57.19649, -19.1692 ], [ -57.19618, -19.17017 ], [ -57.19574, -19.17088 ], [ -57.19504, -19.17243 ], [ -57.19473, -19.17368 ], [ -57.19481, -19.17475 ], [ -57.19533, -19.17681 ], [ -57.19577, -19.17788 ], [ -57.19629, -19.1787 ], [ -57.19729, -19.17964 ], [ -57.19773, -19.17982 ], [ -57.19872, -19.18 ], [ -57.19916, -19.17996 ], [ -57.20162, -19.17882 ], [ -57.2022, -19.17873 ], [ -57.20316, -19.17884 ], [ -57.20394, -19.17927 ], [ -57.20558, -19.18079 ], [ -57.20621, -19.18114 ], [ -57.20687, -19.18139 ], [ -57.2077, -19.18154 ], [ -57.21075, -19.18175 ], [ -57.21192, -19.18199 ], [ -57.21413, -19.18278 ], [ -57.21526, -19.18333 ], [ -57.21617, -19.18395 ], [ -57.2167, -19.18471 ], [ -57.21695, -19.18543 ], [ -57.21685, -19.18641 ], [ -57.21653, -19.18756 ], [ -57.21581, -19.18889 ], [ -57.21487, -19.19018 ], [ -57.21443, -19.19121 ], [ -57.21416, -19.19274 ], [ -57.21424, -19.19376 ], [ -57.21446, -19.19448 ], [ -57.21626, -19.19813 ], [ -57.21774, -19.20038 ], [ -57.21837, -19.20169 ] ], [ [ -57.20918, -19.13607 ], [ -57.20909, -19.13766 ], [ -57.20901, -19.13802 ], [ -57.20879, -19.13843 ], [ -57.20846, -19.13883 ], [ -57.20811, -19.13905 ], [ -57.20681, -19.13946 ] ], [ [ -57.20918, -19.13607 ], [ -57.20778, -19.13797 ], [ -57.20681, -19.13946 ] ], [ [ -57.21197, -19.11733 ], [ -57.21202, -19.11776 ], [ -57.21249, -19.11932 ], [ -57.21258, -19.11984 ], [ -57.21257, -19.12062 ], [ -57.21228, -19.12137 ], [ -57.21141, -19.12267 ], [ -57.21111, -19.12324 ], [ -57.21032, -19.12549 ], [ -57.20988, -19.12725 ], [ -57.20977, -19.12892 ], [ -57.20981, -19.12978 ], [ -57.21029, -19.13138 ], [ -57.2101, -19.13369 ], [ -57.20984, -19.13476 ], [ -57.20918, -19.13607 ] ], [ [ -57.213, -19.11087 ], [ -57.21283, -19.11374 ], [ -57.21229, -19.11648 ], [ -57.21197, -19.11733 ] ], [ [ -57.213, -19.11087 ], [ -57.21183, -19.11261 ], [ -57.21166, -19.11337 ], [ -57.21161, -19.11511 ], [ -57.21152, -19.11573 ], [ -57.21155, -19.11629 ], [ -57.21165, -19.11694 ], [ -57.21197, -19.11733 ] ], [ [ -57.21653, -19.10689 ], [ -57.2156, -19.1078 ], [ -57.21493, -19.10871 ], [ -57.21366, -19.11002 ], [ -57.213, -19.11087 ] ], [ [ -57.21455, -19.0783 ], [ -57.21441, -19.08012 ], [ -57.21433, -19.08038 ], [ -57.21405, -19.08089 ], [ -57.21302, -19.08193 ], [ -57.21285, -19.08229 ], [ -57.21286, -19.08252 ], [ -57.21315, -19.08283 ], [ -57.2142, -19.08291 ], [ -57.21451, -19.08309 ], [ -57.21455, -19.0835 ], [ -57.21419, -19.08423 ], [ -57.21421, -19.08449 ], [ -57.21446, -19.08474 ], [ -57.21535, -19.08503 ], [ -57.21563, -19.08529 ], [ -57.21583, -19.08568 ], [ -57.21624, -19.08757 ], [ -57.216, -19.08794 ], [ -57.21511, -19.08844 ], [ -57.21494, -19.08872 ], [ -57.21497, -19.08933 ], [ -57.21526, -19.09038 ], [ -57.21525, -19.09077 ], [ -57.21514, -19.09108 ], [ -57.21473, -19.09146 ], [ -57.21429, -19.09169 ], [ -57.21239, -19.09195 ], [ -57.21214, -19.09215 ], [ -57.21199, -19.0928 ], [ -57.21212, -19.09319 ], [ -57.21232, -19.09342 ], [ -57.21317, -19.09376 ], [ -57.21357, -19.09383 ], [ -57.2141, -19.09419 ], [ -57.21437, -19.09459 ], [ -57.21452, -19.09592 ], [ -57.21442, -19.09685 ], [ -57.21442, -19.0977 ], [ -57.21474, -19.09882 ], [ -57.21476, -19.09921 ], [ -57.21455, -19.09991 ], [ -57.21393, -19.10065 ], [ -57.21383, -19.10101 ], [ -57.21389, -19.10153 ], [ -57.21446, -19.10299 ], [ -57.21487, -19.10341 ], [ -57.21576, -19.10405 ], [ -57.2161, -19.10448 ], [ -57.21632, -19.10496 ], [ -57.21653, -19.10689 ] ], [ [ -57.21455, -19.0783 ], [ -57.21496, -19.07804 ], [ -57.21556, -19.07801 ], [ -57.21631, -19.07815 ], [ -57.21685, -19.07839 ], [ -57.21739, -19.07883 ], [ -57.21756, -19.07911 ], [ -57.21799, -19.08018 ], [ -57.21816, -19.08085 ], [ -57.21836, -19.08197 ], [ -57.21834, -19.08285 ], [ -57.21843, -19.08342 ], [ -57.21869, -19.08413 ], [ -57.21992, -19.08598 ], [ -57.2208, -19.08815 ], [ -57.22109, -19.08935 ], [ -57.22115, -19.09007 ], [ -57.22102, -19.09255 ], [ -57.22072, -19.09418 ], [ -57.22064, -19.09555 ], [ -57.22067, -19.09648 ], [ -57.2201, -19.09922 ], [ -57.22013, -19.10035 ], [ -57.22042, -19.10268 ], [ -57.22034, -19.10359 ], [ -57.22019, -19.10425 ], [ -57.22009, -19.10453 ], [ -57.21944, -19.10532 ], [ -57.21688, -19.10678 ], [ -57.21653, -19.10689 ] ], [ [ -57.21341, -19.03924 ], [ -57.21331, -19.03996 ], [ -57.21333, -19.04154 ], [ -57.21297, -19.04345 ], [ -57.21276, -19.04404 ], [ -57.21236, -19.04472 ], [ -57.21232, -19.04512 ], [ -57.21245, -19.04564 ], [ -57.21269, -19.04619 ], [ -57.21383, -19.04785 ], [ -57.21435, -19.04881 ], [ -57.21614, -19.05158 ], [ -57.21697, -19.05417 ], [ -57.21825, -19.05778 ], [ -57.21875, -19.05994 ], [ -57.21947, -19.06218 ], [ -57.21968, -19.06255 ], [ -57.21972, -19.06283 ], [ -57.21968, -19.06355 ], [ -57.21933, -19.06602 ], [ -57.21901, -19.06699 ], [ -57.21829, -19.06766 ], [ -57.21748, -19.06863 ], [ -57.21516, -19.07049 ], [ -57.21267, -19.0727 ], [ -57.2123, -19.07313 ], [ -57.21219, -19.07343 ], [ -57.21197, -19.07437 ], [ -57.21213, -19.07525 ], [ -57.21253, -19.07623 ], [ -57.21283, -19.07681 ], [ -57.21335, -19.07745 ], [ -57.21393, -19.078 ], [ -57.21455, -19.0783 ] ], [ [ -57.21282, -19.03003 ], [ -57.21308, -19.03017 ], [ -57.21449, -19.03139 ], [ -57.21514, -19.03233 ], [ -57.21506, -19.03272 ], [ -57.21443, -19.03336 ], [ -57.21418, -19.03374 ], [ -57.2141, -19.03402 ], [ -57.21401, -19.03527 ], [ -57.2136, -19.03641 ], [ -57.21341, -19.03924 ] ], [ [ -57.21282, -19.03003 ], [ -57.21195, -19.03238 ], [ -57.21168, -19.03428 ], [ -57.21119, -19.03557 ], [ -57.21113, -19.0361 ], [ -57.2113, -19.03648 ], [ -57.21211, -19.03734 ], [ -57.21341, -19.03924 ] ], [ [ -56.80498, -18.58297 ], [ -56.8068, -18.5818 ], [ -56.80786, -18.58066 ], [ -56.81001, -18.57897 ] ], [ [ -56.80498, -18.58297 ], [ -56.80596, -18.58079 ], [ -56.80649, -18.58008 ], [ -56.80696, -18.57971 ], [ -56.80751, -18.57945 ], [ -56.81001, -18.57897 ] ], [ [ -56.81001, -18.57897 ], [ -56.81044, -18.57875 ], [ -56.81106, -18.5786 ], [ -56.8122, -18.57856 ], [ -56.81292, -18.57872 ], [ -56.81344, -18.57902 ], [ -56.81403, -18.57968 ], [ -56.81431, -18.58026 ], [ -56.81461, -18.58141 ], [ -56.81527, -18.58313 ], [ -56.8159, -18.58408 ], [ -56.81822, -18.58656 ], [ -56.81894, -18.58756 ], [ -56.82096, -18.593 ], [ -56.82191, -18.59505 ], [ -56.82512, -18.60044 ], [ -56.8264, -18.60306 ], [ -56.82722, -18.60417 ], [ -56.82779, -18.60474 ], [ -56.83034, -18.60697 ], [ -56.83136, -18.60772 ], [ -56.83264, -18.60834 ], [ -56.83361, -18.60873 ], [ -56.83497, -18.60913 ], [ -56.83755, -18.61013 ], [ -56.83872, -18.61073 ], [ -56.84069, -18.61197 ], [ -56.84219, -18.61265 ], [ -56.84303, -18.61296 ], [ -56.84393, -18.61311 ], [ -56.84489, -18.6134 ], [ -56.84642, -18.61365 ], [ -56.84782, -18.61421 ], [ -56.85027, -18.61502 ], [ -56.85223, -18.61586 ], [ -56.85395, -18.61678 ], [ -56.85507, -18.61755 ], [ -56.85562, -18.61795 ], [ -56.85647, -18.61879 ], [ -56.85737, -18.61993 ], [ -56.85932, -18.62331 ], [ -56.86089, -18.62536 ], [ -56.8612, -18.62606 ], [ -56.86171, -18.62669 ], [ -56.86278, -18.62761 ], [ -56.86428, -18.62844 ], [ -56.86678, -18.62961 ], [ -56.86842, -18.63053 ], [ -56.87, -18.63164 ], [ -56.87087, -18.63242 ], [ -56.87157, -18.6334 ], [ -56.87346, -18.63523 ], [ -56.87745, -18.63843 ], [ -56.87904, -18.64002 ], [ -56.87991, -18.64132 ], [ -56.88026, -18.64216 ], [ -56.88044, -18.64291 ], [ -56.88051, -18.64364 ], [ -56.88012, -18.64688 ], [ -56.88045, -18.64799 ], [ -56.88101, -18.64887 ], [ -56.88183, -18.6496 ], [ -56.88265, -18.64993 ], [ -56.88554, -18.6502 ], [ -56.88754, -18.65135 ], [ -56.88864, -18.65238 ], [ -56.89025, -18.65436 ], [ -56.89128, -18.65618 ], [ -56.89174, -18.65812 ], [ -56.89167, -18.6618 ], [ -56.8908, -18.66502 ], [ -56.89066, -18.66596 ], [ -56.89069, -18.66727 ], [ -56.89091, -18.66803 ], [ -56.89112, -18.66835 ], [ -56.89147, -18.66883 ], [ -56.89194, -18.66918 ], [ -56.89275, -18.67003 ], [ -56.89306, -18.6705 ], [ -56.89367, -18.67163 ], [ -56.89382, -18.67229 ], [ -56.89475, -18.67483 ], [ -56.89514, -18.67555 ], [ -56.89597, -18.67652 ], [ -56.89643, -18.67691 ], [ -56.89722, -18.67724 ], [ -56.89784, -18.67737 ], [ -56.89859, -18.67741 ], [ -56.89938, -18.67712 ], [ -56.90158, -18.67562 ], [ -56.9024, -18.6754 ], [ -56.90328, -18.67546 ], [ -56.90447, -18.67603 ], [ -56.90552, -18.67712 ], [ -56.90592, -18.67774 ], [ -56.90704, -18.6789 ], [ -56.90757, -18.67915 ], [ -56.90822, -18.67925 ], [ -56.91091, -18.67879 ], [ -56.9113, -18.67864 ], [ -56.91284, -18.67777 ], [ -56.91365, -18.67756 ], [ -56.91414, -18.67753 ], [ -56.91462, -18.67759 ], [ -56.91556, -18.67789 ], [ -56.91672, -18.67892 ], [ -56.91778, -18.68066 ], [ -56.91807, -18.68135 ], [ -56.91858, -18.68341 ], [ -56.91879, -18.6848 ], [ -56.91917, -18.68588 ], [ -56.91992, -18.68725 ], [ -56.92136, -18.68907 ], [ -56.92206, -18.68976 ], [ -56.92358, -18.69067 ], [ -56.92589, -18.69169 ], [ -56.92702, -18.6924 ], [ -56.92787, -18.69315 ], [ -56.92878, -18.69408 ], [ -56.92941, -18.69503 ], [ -56.93062, -18.69749 ], [ -56.93118, -18.69847 ], [ -56.93181, -18.69937 ], [ -56.93313, -18.70059 ], [ -56.93518, -18.70213 ], [ -56.93789, -18.70397 ], [ -56.93819, -18.70427 ], [ -56.93875, -18.70521 ], [ -56.93955, -18.7097 ], [ -56.93975, -18.71049 ], [ -56.94006, -18.71116 ], [ -56.94047, -18.71147 ], [ -56.94075, -18.71155 ], [ -56.94125, -18.71153 ], [ -56.94275, -18.71106 ], [ -56.94367, -18.71059 ], [ -56.9451, -18.7094 ], [ -56.94631, -18.70815 ], [ -56.9472, -18.70744 ], [ -56.94815, -18.70701 ], [ -56.94922, -18.70685 ], [ -56.95035, -18.70689 ], [ -56.95115, -18.70726 ], [ -56.95162, -18.70775 ], [ -56.95171, -18.70827 ], [ -56.95159, -18.709 ], [ -56.95085, -18.71076 ], [ -56.95071, -18.71125 ], [ -56.95065, -18.71193 ], [ -56.95071, -18.71255 ], [ -56.95094, -18.71334 ], [ -56.95186, -18.7158 ], [ -56.95338, -18.71914 ], [ -56.95431, -18.72097 ], [ -56.95477, -18.72157 ], [ -56.9555, -18.72226 ], [ -56.95617, -18.72281 ], [ -56.95995, -18.72421 ], [ -56.96088, -18.7248 ], [ -56.96186, -18.72587 ], [ -56.96316, -18.72778 ], [ -56.96385, -18.72834 ], [ -56.96441, -18.72852 ], [ -56.96673, -18.72866 ], [ -56.9679, -18.72891 ], [ -56.96935, -18.72971 ], [ -56.97029, -18.73044 ], [ -56.97122, -18.73133 ], [ -56.97286, -18.73506 ], [ -56.97341, -18.7355 ], [ -56.97411, -18.73558 ], [ -56.97482, -18.73546 ], [ -56.97623, -18.73494 ], [ -56.97759, -18.73482 ], [ -56.97846, -18.73502 ], [ -56.97901, -18.73524 ], [ -56.98084, -18.73637 ], [ -56.98224, -18.73706 ], [ -56.98363, -18.73819 ], [ -56.98399, -18.73876 ], [ -56.98422, -18.73957 ], [ -56.98495, -18.74117 ], [ -56.98517, -18.74159 ], [ -56.98545, -18.74184 ], [ -56.98611, -18.74208 ], [ -56.98774, -18.74183 ], [ -56.98837, -18.74183 ], [ -56.98897, -18.74204 ], [ -56.98945, -18.7424 ], [ -56.98976, -18.74285 ], [ -56.99066, -18.74468 ], [ -56.9914, -18.74774 ], [ -56.99158, -18.74814 ], [ -56.99211, -18.74874 ], [ -56.99306, -18.74949 ], [ -56.99379, -18.74988 ], [ -56.99471, -18.75021 ], [ -56.99727, -18.75082 ], [ -56.99863, -18.75148 ], [ -56.99897, -18.75181 ], [ -56.99905, -18.75208 ], [ -56.99902, -18.75255 ], [ -56.99851, -18.75317 ], [ -56.99786, -18.75349 ], [ -56.99624, -18.75362 ], [ -56.99542, -18.75389 ], [ -56.99495, -18.75442 ], [ -56.99487, -18.75506 ], [ -56.99496, -18.7558 ], [ -56.99519, -18.75655 ], [ -56.99596, -18.75823 ], [ -56.99726, -18.76005 ], [ -56.99819, -18.76109 ], [ -56.99843, -18.76156 ], [ -56.99854, -18.76206 ], [ -56.99862, -18.76459 ], [ -56.99904, -18.76565 ], [ -56.99975, -18.76638 ], [ -57.00121, -18.76733 ], [ -57.00434, -18.76966 ], [ -57.005, -18.77001 ], [ -57.00582, -18.77031 ], [ -57.00761, -18.77079 ], [ -57.00812, -18.77111 ], [ -57.00832, -18.77133 ], [ -57.00858, -18.77182 ], [ -57.00868, -18.7723 ], [ -57.00866, -18.77287 ], [ -57.00825, -18.77419 ], [ -57.00757, -18.77546 ], [ -57.00733, -18.77641 ], [ -57.00728, -18.77721 ], [ -57.00742, -18.7779 ], [ -57.00807, -18.77908 ], [ -57.00848, -18.7795 ], [ -57.00912, -18.77983 ], [ -57.00939, -18.77989 ], [ -57.01017, -18.77996 ], [ -57.01277, -18.7795 ], [ -57.01368, -18.77947 ], [ -57.01464, -18.77968 ], [ -57.01534, -18.78018 ], [ -57.01561, -18.78097 ], [ -57.01584, -18.78301 ], [ -57.01621, -18.78387 ], [ -57.01676, -18.78458 ], [ -57.01795, -18.78562 ], [ -57.01937, -18.78729 ], [ -57.02167, -18.79143 ], [ -57.02255, -18.79264 ], [ -57.02308, -18.79316 ], [ -57.02388, -18.79373 ], [ -57.02477, -18.79405 ], [ -57.02557, -18.7945 ], [ -57.02637, -18.79507 ], [ -57.02813, -18.79587 ], [ -57.02876, -18.79608 ], [ -57.02994, -18.79611 ], [ -57.03042, -18.79603 ], [ -57.03187, -18.7955 ], [ -57.03298, -18.79533 ], [ -57.03414, -18.79541 ], [ -57.0361, -18.79572 ], [ -57.03721, -18.79579 ], [ -57.03814, -18.79577 ], [ -57.04086, -18.7954 ], [ -57.04175, -18.79544 ], [ -57.04254, -18.79563 ], [ -57.04349, -18.79606 ], [ -57.04461, -18.79692 ], [ -57.04521, -18.79749 ], [ -57.04572, -18.79814 ], [ -57.04673, -18.79988 ], [ -57.04802, -18.80234 ], [ -57.04905, -18.80345 ], [ -57.05021, -18.80432 ], [ -57.05139, -18.80502 ], [ -57.05214, -18.80527 ], [ -57.05332, -18.80546 ], [ -57.05401, -18.80541 ], [ -57.05756, -18.80447 ], [ -57.05826, -18.8044 ], [ -57.05969, -18.80465 ], [ -57.06137, -18.80535 ], [ -57.06224, -18.80589 ], [ -57.06473, -18.80713 ], [ -57.06663, -18.80776 ], [ -57.06794, -18.80833 ], [ -57.06879, -18.80889 ], [ -57.06939, -18.80962 ], [ -57.07004, -18.81224 ], [ -57.07053, -18.81304 ], [ -57.07092, -18.81346 ], [ -57.0715, -18.81393 ], [ -57.07342, -18.81522 ], [ -57.07513, -18.81612 ], [ -57.07572, -18.81655 ], [ -57.0771, -18.81789 ], [ -57.07784, -18.8185 ], [ -57.07877, -18.81898 ], [ -57.07967, -18.8191 ], [ -57.08035, -18.81897 ], [ -57.08089, -18.81867 ], [ -57.08129, -18.81835 ], [ -57.08238, -18.81708 ], [ -57.08305, -18.81672 ], [ -57.08366, -18.81664 ], [ -57.08438, -18.8168 ], [ -57.08535, -18.81753 ], [ -57.08617, -18.81794 ], [ -57.09001, -18.81822 ], [ -57.09239, -18.81864 ], [ -57.09369, -18.81894 ], [ -57.09414, -18.81913 ], [ -57.09486, -18.81963 ], [ -57.09527, -18.82048 ], [ -57.09549, -18.82208 ], [ -57.09577, -18.82306 ], [ -57.09626, -18.82368 ], [ -57.09831, -18.82563 ], [ -57.09949, -18.8274 ], [ -57.10056, -18.82977 ], [ -57.10067, -18.83088 ], [ -57.10133, -18.83332 ], [ -57.10307, -18.83615 ], [ -57.10419, -18.83722 ], [ -57.10451, -18.83787 ], [ -57.10466, -18.8389 ], [ -57.10464, -18.84135 ], [ -57.10476, -18.84176 ], [ -57.10536, -18.84237 ], [ -57.1066, -18.84312 ], [ -57.10846, -18.84507 ], [ -57.10927, -18.84613 ], [ -57.10958, -18.84687 ], [ -57.1098, -18.84767 ], [ -57.10982, -18.84865 ], [ -57.10956, -18.84967 ], [ -57.10915, -18.85051 ], [ -57.10883, -18.85097 ], [ -57.1076, -18.85216 ], [ -57.10701, -18.85295 ], [ -57.1061, -18.85492 ], [ -57.10581, -18.85611 ], [ -57.10556, -18.85809 ], [ -57.10557, -18.85887 ], [ -57.10579, -18.85934 ], [ -57.10604, -18.85952 ], [ -57.10817, -18.86045 ], [ -57.10975, -18.86175 ], [ -57.11054, -18.86231 ], [ -57.11217, -18.86392 ], [ -57.11471, -18.86612 ], [ -57.11549, -18.86693 ], [ -57.11727, -18.86951 ], [ -57.11849, -18.87067 ], [ -57.11952, -18.87112 ], [ -57.12071, -18.8713 ], [ -57.12263, -18.87109 ], [ -57.12357, -18.87117 ], [ -57.12417, -18.87134 ], [ -57.12504, -18.87171 ], [ -57.12549, -18.87199 ], [ -57.12606, -18.87262 ], [ -57.12656, -18.87369 ], [ -57.12705, -18.8744 ], [ -57.12738, -18.87472 ], [ -57.12931, -18.87599 ], [ -57.13231, -18.8782 ], [ -57.13324, -18.87875 ], [ -57.13662, -18.88016 ], [ -57.13875, -18.8813 ], [ -57.13976, -18.88238 ], [ -57.14029, -18.88335 ], [ -57.1406, -18.8844 ], [ -57.14071, -18.88531 ], [ -57.14067, -18.88573 ], [ -57.14035, -18.8863 ], [ -57.13986, -18.88667 ], [ -57.13912, -18.88686 ], [ -57.13785, -18.88687 ], [ -57.13725, -18.88711 ], [ -57.13713, -18.88742 ], [ -57.13718, -18.88768 ], [ -57.13776, -18.88835 ], [ -57.13796, -18.88868 ], [ -57.13801, -18.88902 ], [ -57.13773, -18.8899 ], [ -57.13778, -18.89079 ], [ -57.13806, -18.89141 ], [ -57.13894, -18.89293 ], [ -57.13918, -18.8937 ], [ -57.13925, -18.89449 ], [ -57.13919, -18.89635 ], [ -57.13933, -18.89707 ], [ -57.13955, -18.89745 ], [ -57.1401, -18.89775 ], [ -57.14114, -18.89787 ], [ -57.14201, -18.8981 ], [ -57.14482, -18.89965 ], [ -57.14569, -18.90042 ], [ -57.14584, -18.90069 ], [ -57.146, -18.90123 ], [ -57.14603, -18.9017 ], [ -57.14607, -18.90287 ], [ -57.146, -18.90355 ], [ -57.14616, -18.90576 ], [ -57.14586, -18.90889 ], [ -57.14589, -18.91047 ], [ -57.1465, -18.91286 ], [ -57.14752, -18.91505 ], [ -57.14814, -18.91579 ], [ -57.14935, -18.91691 ], [ -57.15073, -18.91782 ], [ -57.15408, -18.91944 ], [ -57.15636, -18.9203 ], [ -57.1572, -18.92076 ], [ -57.15816, -18.92145 ], [ -57.15844, -18.92174 ], [ -57.15857, -18.92204 ], [ -57.15854, -18.92246 ], [ -57.15713, -18.92484 ], [ -57.15673, -18.92601 ], [ -57.15657, -18.92732 ], [ -57.15656, -18.92876 ], [ -57.1564, -18.92935 ], [ -57.15614, -18.9299 ], [ -57.15621, -18.93042 ], [ -57.15659, -18.93144 ], [ -57.15658, -18.9327 ], [ -57.15721, -18.93411 ], [ -57.15729, -18.93541 ], [ -57.15745, -18.93575 ], [ -57.15817, -18.93656 ], [ -57.16015, -18.93804 ], [ -57.16072, -18.93879 ], [ -57.16234, -18.94045 ], [ -57.16309, -18.94094 ], [ -57.16498, -18.9426 ], [ -57.16562, -18.94332 ], [ -57.16599, -18.94417 ], [ -57.16611, -18.94518 ], [ -57.16602, -18.94808 ], [ -57.16616, -18.94961 ], [ -57.1661, -18.95066 ], [ -57.16583, -18.95201 ], [ -57.16586, -18.95248 ], [ -57.16603, -18.95281 ], [ -57.1663, -18.95309 ], [ -57.16719, -18.95362 ], [ -57.16859, -18.95512 ], [ -57.171, -18.95621 ], [ -57.1719, -18.95672 ], [ -57.17354, -18.95792 ], [ -57.17535, -18.95966 ], [ -57.17632, -18.96084 ], [ -57.18136, -18.9643 ], [ -57.1817, -18.96501 ], [ -57.1825, -18.96889 ], [ -57.18218, -18.97148 ], [ -57.18213, -18.97305 ], [ -57.18237, -18.97658 ], [ -57.18229, -18.97755 ], [ -57.18236, -18.97853 ], [ -57.1829, -18.98011 ], [ -57.1839, -18.98419 ], [ -57.18448, -18.98582 ], [ -57.18533, -18.98746 ], [ -57.18646, -18.98906 ], [ -57.18701, -18.99032 ], [ -57.18756, -18.99279 ], [ -57.18813, -18.99394 ], [ -57.18873, -18.99489 ], [ -57.18918, -18.99589 ], [ -57.19004, -18.99861 ], [ -57.19113, -19.00163 ], [ -57.19162, -19.00234 ], [ -57.1928, -19.00331 ], [ -57.19383, -19.0038 ], [ -57.19561, -19.00545 ], [ -57.19581, -19.00595 ], [ -57.19599, -19.00724 ], [ -57.19614, -19.00776 ], [ -57.19651, -19.01055 ], [ -57.19682, -19.01175 ], [ -57.1974, -19.01309 ], [ -57.19778, -19.01486 ], [ -57.1981, -19.01559 ], [ -57.19886, -19.01686 ], [ -57.19966, -19.01773 ], [ -57.20029, -19.01827 ], [ -57.20075, -19.01894 ], [ -57.20086, -19.01928 ], [ -57.20095, -19.0215 ], [ -57.20111, -19.02207 ], [ -57.20132, -19.02246 ], [ -57.20177, -19.02291 ], [ -57.2024, -19.02333 ], [ -57.20336, -19.02377 ], [ -57.20465, -19.02421 ], [ -57.20501, -19.02456 ], [ -57.20556, -19.02541 ], [ -57.20597, -19.02665 ], [ -57.20639, -19.02701 ], [ -57.20675, -19.02711 ], [ -57.20792, -19.02718 ], [ -57.20861, -19.02733 ], [ -57.21093, -19.02836 ], [ -57.21186, -19.02903 ], [ -57.21282, -19.03003 ] ], [ [ -56.75597, -18.54651 ], [ -56.75781, -18.54692 ], [ -56.75846, -18.54692 ], [ -56.75914, -18.54667 ], [ -56.75972, -18.5462 ], [ -56.75997, -18.5457 ], [ -56.7603, -18.54323 ] ], [ [ -56.75597, -18.54651 ], [ -56.75858, -18.5444 ], [ -56.7603, -18.54323 ] ], [ [ -56.75152, -18.54497 ], [ -56.75255, -18.54543 ], [ -56.75427, -18.54606 ], [ -56.75597, -18.54651 ] ], [ [ -56.7603, -18.54323 ], [ -56.76309, -18.54133 ], [ -56.76387, -18.54096 ], [ -56.76475, -18.54069 ], [ -56.76571, -18.54075 ], [ -56.76676, -18.54109 ], [ -56.76806, -18.54185 ], [ -56.77178, -18.54488 ], [ -56.77257, -18.54586 ], [ -56.77302, -18.54675 ], [ -56.77326, -18.54744 ], [ -56.77359, -18.54894 ], [ -56.77369, -18.55113 ], [ -56.77386, -18.55212 ], [ -56.77418, -18.55297 ], [ -56.77453, -18.55351 ], [ -56.77556, -18.55455 ], [ -56.77652, -18.55534 ], [ -56.7777, -18.5567 ], [ -56.77848, -18.55825 ], [ -56.77894, -18.55899 ], [ -56.77964, -18.55958 ], [ -56.7803, -18.56027 ], [ -56.78123, -18.56158 ], [ -56.78185, -18.56202 ], [ -56.78324, -18.5626 ], [ -56.78462, -18.56288 ], [ -56.78532, -18.56333 ], [ -56.78576, -18.56375 ], [ -56.78607, -18.56419 ], [ -56.78637, -18.56496 ], [ -56.78672, -18.56677 ], [ -56.78685, -18.56714 ], [ -56.78701, -18.56752 ], [ -56.78751, -18.56825 ], [ -56.78815, -18.56887 ], [ -56.78987, -18.5697 ], [ -56.7906, -18.5704 ], [ -56.79098, -18.57125 ], [ -56.79112, -18.57175 ], [ -56.79116, -18.5738 ], [ -56.79098, -18.57515 ], [ -56.79079, -18.57595 ], [ -56.79084, -18.57652 ], [ -56.7911, -18.57692 ], [ -56.79158, -18.57708 ], [ -56.79187, -18.57698 ], [ -56.79302, -18.57568 ], [ -56.79364, -18.57518 ], [ -56.7945, -18.57472 ], [ -56.79559, -18.57448 ], [ -56.79636, -18.57446 ], [ -56.79746, -18.57478 ], [ -56.79806, -18.57516 ], [ -56.79868, -18.57569 ], [ -56.79951, -18.57673 ], [ -56.79984, -18.57733 ], [ -56.80009, -18.578 ], [ -56.80013, -18.57853 ], [ -56.80043, -18.57968 ], [ -56.80029, -18.58243 ], [ -56.80043, -18.58293 ], [ -56.80071, -18.58324 ], [ -56.80108, -18.58351 ], [ -56.80185, -18.58377 ], [ -56.80264, -18.58375 ], [ -56.80383, -18.58346 ], [ -56.80498, -18.58297 ] ], [ [ -56.73626, -18.54163 ], [ -56.73684, -18.5409 ], [ -56.73712, -18.54036 ], [ -56.73916, -18.53751 ] ], [ [ -56.74777, -18.54103 ], [ -56.74903, -18.54245 ], [ -56.75152, -18.54497 ] ], [ [ -56.74777, -18.54103 ], [ -56.74689, -18.54264 ], [ -56.74699, -18.54335 ], [ -56.74722, -18.54395 ], [ -56.74754, -18.54426 ], [ -56.74799, -18.54453 ], [ -56.7485, -18.54471 ], [ -56.74935, -18.54486 ], [ -56.75152, -18.54497 ] ], [ [ -56.73095, -18.53828 ], [ -56.73203, -18.54061 ], [ -56.73241, -18.54125 ], [ -56.73275, -18.54161 ], [ -56.7335, -18.54219 ], [ -56.73414, -18.54244 ], [ -56.73489, -18.5424 ], [ -56.73538, -18.5423 ], [ -56.73626, -18.54163 ] ], [ [ -56.73095, -18.53828 ], [ -56.72994, -18.53949 ], [ -56.72999, -18.5402 ], [ -56.73037, -18.5411 ], [ -56.73151, -18.54275 ], [ -56.73231, -18.54331 ], [ -56.73349, -18.54389 ], [ -56.73433, -18.54406 ], [ -56.73499, -18.544 ], [ -56.73522, -18.54384 ], [ -56.73626, -18.54163 ] ], [ [ -56.73916, -18.53751 ], [ -56.74107, -18.53603 ], [ -56.74175, -18.53567 ], [ -56.74304, -18.5352 ], [ -56.7448, -18.53495 ] ], [ [ -56.73916, -18.53751 ], [ -56.73956, -18.53524 ], [ -56.74004, -18.53458 ], [ -56.74051, -18.53425 ], [ -56.7414, -18.53397 ], [ -56.7421, -18.53398 ], [ -56.7448, -18.53495 ] ], [ [ -56.7448, -18.53495 ], [ -56.74573, -18.53502 ], [ -56.74634, -18.53532 ], [ -56.7466, -18.53557 ], [ -56.74694, -18.53613 ], [ -56.74744, -18.53778 ], [ -56.74783, -18.53959 ], [ -56.74777, -18.54103 ] ], [ [ -56.72074, -18.5271 ], [ -56.72343, -18.5283 ], [ -56.7277, -18.52927 ], [ -56.72919, -18.52941 ], [ -56.73072, -18.52975 ], [ -56.73183, -18.53015 ], [ -56.73235, -18.53052 ], [ -56.73322, -18.53163 ], [ -56.73344, -18.53222 ], [ -56.73343, -18.53311 ], [ -56.73315, -18.53368 ], [ -56.7318, -18.5354 ], [ -56.73139, -18.53609 ], [ -56.73098, -18.53723 ], [ -56.73095, -18.53828 ] ], [ [ -56.71684, -18.52358 ], [ -56.71802, -18.52383 ], [ -56.71906, -18.52476 ], [ -56.72003, -18.5258 ], [ -56.72074, -18.5271 ] ], [ [ -56.71684, -18.52358 ], [ -56.71739, -18.52535 ], [ -56.71787, -18.52594 ], [ -56.71871, -18.52667 ], [ -56.71944, -18.5271 ], [ -56.71974, -18.52717 ], [ -56.72074, -18.5271 ] ], [ [ -56.69941, -18.50916 ], [ -56.70233, -18.50874 ], [ -56.70605, -18.50912 ] ], [ [ -56.69941, -18.50916 ], [ -56.70108, -18.50727 ], [ -56.70168, -18.50697 ], [ -56.70243, -18.50688 ], [ -56.70304, -18.50695 ], [ -56.70379, -18.50728 ], [ -56.70605, -18.50912 ] ], [ [ -56.70605, -18.50912 ], [ -56.70671, -18.50974 ], [ -56.70709, -18.51024 ], [ -56.70769, -18.51134 ], [ -56.7082, -18.51251 ], [ -56.7088, -18.51346 ], [ -56.7093, -18.51405 ], [ -56.7104, -18.51499 ], [ -56.71169, -18.51586 ], [ -56.7129, -18.51723 ], [ -56.71359, -18.5185 ], [ -56.71414, -18.5199 ], [ -56.71524, -18.52177 ], [ -56.71558, -18.52224 ], [ -56.71684, -18.52358 ] ], [ [ -54.75877, -18.49847 ], [ -54.7597, -18.49553 ], [ -54.75979, -18.49456 ], [ -54.75978, -18.49249 ], [ -54.75919, -18.4886 ] ], [ [ -54.75877, -18.49847 ], [ -54.75798, -18.49774 ], [ -54.75703, -18.49637 ], [ -54.75612, -18.49445 ], [ -54.75592, -18.49355 ], [ -54.7559, -18.49289 ], [ -54.75595, -18.49258 ], [ -54.75661, -18.49084 ], [ -54.75919, -18.4886 ] ], [ [ -56.68461, -18.494 ], [ -56.68429, -18.495 ], [ -56.68416, -18.49842 ], [ -56.68435, -18.49939 ], [ -56.68482, -18.50018 ], [ -56.6851, -18.50041 ], [ -56.68566, -18.50044 ], [ -56.68615, -18.50033 ], [ -56.68856, -18.49904 ], [ -56.68965, -18.49857 ], [ -56.69059, -18.49857 ], [ -56.69146, -18.49872 ], [ -56.69251, -18.49937 ], [ -56.69307, -18.50023 ], [ -56.69326, -18.50109 ], [ -56.69299, -18.50199 ], [ -56.69033, -18.50502 ], [ -56.69009, -18.50544 ], [ -56.68941, -18.50729 ], [ -56.689, -18.50926 ], [ -56.68902, -18.51053 ], [ -56.68943, -18.51164 ], [ -56.69003, -18.51245 ], [ -56.6909, -18.51313 ], [ -56.69242, -18.51384 ], [ -56.69344, -18.51413 ], [ -56.69489, -18.5141 ], [ -56.6958, -18.5138 ], [ -56.69672, -18.51328 ], [ -56.69725, -18.51267 ], [ -56.6981, -18.51107 ], [ -56.69843, -18.51015 ], [ -56.69941, -18.50916 ] ], [ [ -56.68112, -18.48876 ], [ -56.68233, -18.49074 ], [ -56.6832, -18.49182 ], [ -56.68461, -18.494 ] ], [ [ -56.68112, -18.48876 ], [ -56.6819, -18.48843 ], [ -56.68266, -18.48825 ], [ -56.68315, -18.48838 ], [ -56.68387, -18.48888 ], [ -56.68409, -18.48917 ], [ -56.68451, -18.4898 ], [ -56.68483, -18.49051 ], [ -56.68508, -18.4915 ], [ -56.68509, -18.49249 ], [ -56.68461, -18.494 ] ], [ [ -54.75919, -18.4886 ], [ -54.76109, -18.48685 ], [ -54.76266, -18.48578 ], [ -54.7671, -18.4829 ], [ -54.76944, -18.48156 ], [ -54.77013, -18.48125 ], [ -54.77081, -18.48071 ], [ -54.77136, -18.4804 ], [ -54.77948, -18.47348 ], [ -54.78055, -18.47275 ] ], [ [ -56.67707, -18.48644 ], [ -56.67836, -18.48736 ], [ -56.67937, -18.48797 ], [ -56.68112, -18.48876 ] ], [ [ -56.67328, -18.48289 ], [ -56.67452, -18.48323 ], [ -56.67594, -18.48487 ], [ -56.67707, -18.48644 ] ], [ [ -56.67328, -18.48289 ], [ -56.67393, -18.48452 ], [ -56.67455, -18.48546 ], [ -56.67519, -18.48582 ], [ -56.67707, -18.48644 ] ], [ [ -54.6608, -18.4806 ], [ -54.65954, -18.48415 ], [ -54.65819, -18.48615 ], [ -54.65803, -18.48668 ], [ -54.65821, -18.48769 ], [ -54.65862, -18.48843 ], [ -54.65884, -18.48935 ], [ -54.65922, -18.49018 ], [ -54.65955, -18.4906 ], [ -54.66038, -18.49127 ], [ -54.66153, -18.4917 ], [ -54.66213, -18.4921 ], [ -54.66281, -18.49272 ], [ -54.6635, -18.49363 ], [ -54.66486, -18.49632 ], [ -54.66515, -18.4967 ], [ -54.6656, -18.49707 ], [ -54.6708, -18.50073 ], [ -54.67184, -18.50112 ], [ -54.67327, -18.50121 ], [ -54.67437, -18.5014 ], [ -54.67565, -18.50134 ], [ -54.67653, -18.50112 ], [ -54.6777, -18.50008 ], [ -54.67845, -18.49956 ], [ -54.68082, -18.49832 ], [ -54.68261, -18.49748 ], [ -54.68319, -18.49743 ], [ -54.68379, -18.49756 ], [ -54.68473, -18.49806 ], [ -54.68536, -18.49868 ], [ -54.68543, -18.49886 ], [ -54.68547, -18.4997 ], [ -54.68538, -18.50075 ], [ -54.68508, -18.5019 ], [ -54.68508, -18.50244 ], [ -54.68426, -18.50393 ], [ -54.68407, -18.50448 ], [ -54.68384, -18.5062 ], [ -54.68396, -18.50739 ], [ -54.68424, -18.50806 ], [ -54.68466, -18.5087 ], [ -54.68555, -18.50941 ], [ -54.68699, -18.51078 ], [ -54.68733, -18.51101 ], [ -54.68807, -18.51185 ], [ -54.68847, -18.51246 ], [ -54.68935, -18.51406 ], [ -54.68976, -18.51526 ], [ -54.68991, -18.51715 ], [ -54.69026, -18.51909 ], [ -54.69053, -18.51966 ], [ -54.69116, -18.52029 ], [ -54.69138, -18.52043 ], [ -54.69194, -18.52054 ], [ -54.69293, -18.52043 ], [ -54.69493, -18.52002 ], [ -54.69672, -18.51982 ], [ -54.69939, -18.51996 ], [ -54.70044, -18.52015 ], [ -54.7022, -18.52088 ], [ -54.70404, -18.52274 ], [ -54.70456, -18.52339 ], [ -54.70589, -18.52443 ], [ -54.70822, -18.52552 ], [ -54.70976, -18.52596 ], [ -54.71385, -18.5267 ], [ -54.71649, -18.52695 ], [ -54.71737, -18.52697 ], [ -54.71813, -18.52711 ], [ -54.71955, -18.52753 ], [ -54.72035, -18.52801 ], [ -54.72135, -18.52828 ], [ -54.72213, -18.52832 ], [ -54.72285, -18.52823 ], [ -54.72405, -18.52787 ], [ -54.72565, -18.52711 ], [ -54.72643, -18.5265 ], [ -54.72728, -18.52608 ], [ -54.7279, -18.52588 ], [ -54.72922, -18.52583 ], [ -54.73051, -18.52613 ], [ -54.73289, -18.5271 ], [ -54.73391, -18.52727 ], [ -54.73594, -18.52728 ], [ -54.73849, -18.52757 ], [ -54.73942, -18.52752 ], [ -54.74023, -18.52728 ], [ -54.74518, -18.52681 ], [ -54.75057, -18.52533 ], [ -54.75109, -18.52501 ], [ -54.75239, -18.52383 ], [ -54.75423, -18.52272 ], [ -54.75537, -18.52188 ], [ -54.75595, -18.52139 ], [ -54.75651, -18.52051 ], [ -54.75674, -18.51989 ], [ -54.75685, -18.51751 ], [ -54.75735, -18.51499 ], [ -54.75803, -18.51345 ], [ -54.76009, -18.51097 ], [ -54.76257, -18.50853 ], [ -54.76313, -18.50782 ], [ -54.76395, -18.50664 ], [ -54.76429, -18.50585 ], [ -54.76436, -18.50544 ], [ -54.76408, -18.50414 ], [ -54.76364, -18.5032 ], [ -54.76297, -18.50234 ], [ -54.75877, -18.49847 ] ], [ [ -56.67001, -18.47975 ], [ -56.67189, -18.48148 ], [ -56.67328, -18.48289 ] ], [ [ -54.66297, -18.47583 ], [ -54.66426, -18.47717 ], [ -54.66572, -18.47819 ], [ -54.66596, -18.4785 ], [ -54.66593, -18.47872 ], [ -54.66584, -18.47891 ], [ -54.66552, -18.47921 ], [ -54.66518, -18.47933 ], [ -54.66305, -18.47964 ], [ -54.66233, -18.47984 ], [ -54.6608, -18.4806 ] ], [ [ -54.66297, -18.47583 ], [ -54.66289, -18.47668 ], [ -54.6627, -18.47747 ], [ -54.66233, -18.47814 ], [ -54.66156, -18.47904 ], [ -54.66108, -18.47989 ], [ -54.6608, -18.4806 ] ], [ [ -56.66399, -18.47412 ], [ -56.66726, -18.47674 ], [ -56.6692, -18.47861 ], [ -56.67001, -18.47975 ] ], [ [ -56.66399, -18.47412 ], [ -56.66501, -18.47701 ], [ -56.66549, -18.47757 ], [ -56.66612, -18.47813 ], [ -56.66726, -18.47885 ], [ -56.67001, -18.47975 ] ], [ [ -54.78055, -18.47275 ], [ -54.78295, -18.47224 ], [ -54.78419, -18.47146 ], [ -54.78488, -18.47051 ], [ -54.78587, -18.46804 ] ], [ [ -54.78055, -18.47275 ], [ -54.78258, -18.46999 ], [ -54.78344, -18.46928 ], [ -54.78587, -18.46804 ] ], [ [ -54.6623, -18.4705 ], [ -54.66281, -18.47072 ], [ -54.66322, -18.47138 ], [ -54.66337, -18.4719 ], [ -54.66335, -18.47336 ], [ -54.66314, -18.47407 ], [ -54.66297, -18.47583 ] ], [ [ -56.66151, -18.47018 ], [ -56.66242, -18.47132 ], [ -56.66276, -18.47221 ], [ -56.66399, -18.47412 ] ], [ [ -54.65798, -18.4701 ], [ -54.65978, -18.47057 ], [ -54.6623, -18.4705 ] ], [ [ -54.65798, -18.4701 ], [ -54.65888, -18.47154 ], [ -54.65926, -18.47178 ], [ -54.65984, -18.47193 ], [ -54.66064, -18.47185 ], [ -54.6616, -18.47083 ], [ -54.6623, -18.4705 ] ], [ [ -56.65099, -18.46872 ], [ -56.65232, -18.46899 ], [ -56.65279, -18.46898 ], [ -56.65402, -18.46875 ], [ -56.65592, -18.46805 ], [ -56.65765, -18.46719 ] ], [ [ -54.78587, -18.46804 ], [ -54.7864, -18.46776 ], [ -54.78696, -18.46761 ], [ -54.78869, -18.46754 ], [ -54.78938, -18.4676 ], [ -54.79271, -18.46836 ], [ -54.79407, -18.46838 ], [ -54.79558, -18.46792 ], [ -54.79691, -18.46735 ], [ -54.79918, -18.46602 ], [ -54.80004, -18.46528 ], [ -54.80049, -18.46471 ], [ -54.80081, -18.46411 ], [ -54.80095, -18.4636 ], [ -54.8034, -18.45897 ], [ -54.80375, -18.45703 ], [ -54.80361, -18.45606 ], [ -54.80283, -18.45421 ], [ -54.80254, -18.45305 ], [ -54.80264, -18.45133 ], [ -54.80306, -18.45028 ], [ -54.80409, -18.44856 ], [ -54.80597, -18.44643 ], [ -54.80834, -18.44469 ], [ -54.81106, -18.44382 ], [ -54.81347, -18.44346 ], [ -54.81606, -18.44359 ], [ -54.8175, -18.44406 ], [ -54.81998, -18.44518 ], [ -54.82055, -18.44527 ], [ -54.82211, -18.4454 ], [ -54.82329, -18.4453 ], [ -54.82421, -18.44513 ], [ -54.82501, -18.4448 ], [ -54.826, -18.44424 ], [ -54.82676, -18.44358 ], [ -54.82757, -18.44237 ], [ -54.82784, -18.44185 ], [ -54.82816, -18.44054 ], [ -54.82871, -18.43887 ], [ -54.82983, -18.43623 ] ], [ [ -56.65765, -18.46719 ], [ -56.66043, -18.4696 ], [ -56.66151, -18.47018 ] ], [ [ -56.65765, -18.46719 ], [ -56.65866, -18.46672 ], [ -56.65907, -18.46661 ], [ -56.66006, -18.46672 ], [ -56.66054, -18.46699 ], [ -56.66091, -18.4674 ], [ -56.66151, -18.47018 ] ], [ [ -56.64753, -18.46487 ], [ -56.64874, -18.46535 ], [ -56.64977, -18.46668 ], [ -56.65014, -18.46741 ], [ -56.65099, -18.46872 ] ], [ [ -56.64753, -18.46487 ], [ -56.64719, -18.46577 ], [ -56.64752, -18.46651 ], [ -56.64786, -18.46697 ], [ -56.64852, -18.46764 ], [ -56.64944, -18.46825 ], [ -56.65099, -18.46872 ] ], [ [ -54.65439, -18.46248 ], [ -54.65488, -18.46202 ], [ -54.65551, -18.46192 ], [ -54.65586, -18.46219 ], [ -54.65613, -18.4626 ], [ -54.65647, -18.46373 ], [ -54.65675, -18.46525 ], [ -54.65689, -18.4663 ], [ -54.65699, -18.46827 ], [ -54.65708, -18.46868 ], [ -54.65738, -18.46932 ], [ -54.65798, -18.4701 ] ], [ [ -54.64969, -18.46195 ], [ -54.65014, -18.46274 ], [ -54.65051, -18.4632 ], [ -54.65111, -18.46338 ], [ -54.65177, -18.46345 ], [ -54.65249, -18.46331 ], [ -54.65333, -18.46302 ], [ -54.65439, -18.46248 ] ], [ [ -54.64969, -18.46195 ], [ -54.64949, -18.46293 ], [ -54.64944, -18.46386 ], [ -54.64964, -18.46466 ], [ -54.65003, -18.46513 ], [ -54.65097, -18.46572 ], [ -54.65194, -18.46595 ], [ -54.65299, -18.46578 ], [ -54.65359, -18.46546 ], [ -54.65379, -18.46523 ], [ -54.65421, -18.46455 ], [ -54.6543, -18.46427 ], [ -54.65418, -18.46301 ], [ -54.65439, -18.46248 ] ], [ [ -56.63529, -18.46186 ], [ -56.63689, -18.46261 ], [ -56.63762, -18.46268 ], [ -56.63839, -18.46257 ], [ -56.63894, -18.4623 ], [ -56.64152, -18.46041 ] ], [ [ -56.63529, -18.46186 ], [ -56.63862, -18.46119 ], [ -56.63898, -18.46088 ], [ -56.64047, -18.4605 ], [ -56.64152, -18.46041 ] ], [ [ -54.65062, -18.46055 ], [ -54.65024, -18.46096 ], [ -54.64969, -18.46195 ] ], [ [ -56.64152, -18.46041 ], [ -56.64413, -18.45911 ], [ -56.64545, -18.45828 ], [ -56.64627, -18.45796 ], [ -56.64706, -18.45807 ], [ -56.64778, -18.45858 ], [ -56.64861, -18.45963 ], [ -56.64889, -18.46068 ], [ -56.64814, -18.46169 ], [ -56.64768, -18.46273 ], [ -56.64749, -18.4637 ], [ -56.64753, -18.46487 ] ], [ [ -56.63186, -18.46036 ], [ -56.63529, -18.46186 ] ], [ [ -56.62611, -18.45839 ], [ -56.62861, -18.45871 ], [ -56.63041, -18.45935 ], [ -56.63186, -18.46036 ] ], [ [ -56.62611, -18.45839 ], [ -56.62802, -18.46015 ], [ -56.6289, -18.46042 ], [ -56.63091, -18.46076 ], [ -56.63186, -18.46036 ] ], [ [ -54.65384, -18.45458 ], [ -54.65405, -18.45629 ], [ -54.65435, -18.45723 ], [ -54.65433, -18.45779 ], [ -54.65421, -18.45815 ], [ -54.65384, -18.45876 ], [ -54.65316, -18.45935 ], [ -54.65062, -18.46055 ] ], [ [ -54.65384, -18.45458 ], [ -54.65358, -18.45543 ], [ -54.65254, -18.45773 ], [ -54.65196, -18.45849 ], [ -54.65062, -18.46055 ] ], [ [ -54.88582, -18.44573 ], [ -54.88718, -18.44733 ], [ -54.88769, -18.4478 ], [ -54.88895, -18.44849 ], [ -54.89007, -18.44895 ], [ -54.89106, -18.44909 ], [ -54.89279, -18.44893 ], [ -54.89428, -18.44846 ], [ -54.89553, -18.44783 ], [ -54.89723, -18.44653 ], [ -54.89859, -18.44535 ] ], [ [ -54.88582, -18.44573 ], [ -54.89114, -18.44616 ], [ -54.89263, -18.44612 ], [ -54.89425, -18.4459 ], [ -54.89534, -18.4455 ], [ -54.89859, -18.44535 ] ], [ [ -54.89859, -18.44535 ], [ -54.90122, -18.44446 ], [ -54.90285, -18.44356 ], [ -54.90532, -18.44134 ], [ -54.90682, -18.43889 ], [ -54.90774, -18.43761 ], [ -54.9084, -18.43695 ], [ -54.90943, -18.43615 ], [ -54.91102, -18.4353 ], [ -54.91198, -18.43518 ], [ -54.91259, -18.43527 ], [ -54.91392, -18.43567 ], [ -54.91457, -18.4362 ], [ -54.91616, -18.43908 ], [ -54.91694, -18.43989 ], [ -54.91734, -18.44014 ] ], [ [ -56.60529, -18.44304 ], [ -56.6077, -18.44406 ], [ -56.60799, -18.44424 ], [ -56.61075, -18.44528 ], [ -56.61357, -18.44546 ], [ -56.61631, -18.44496 ], [ -56.61736, -18.44485 ], [ -56.61819, -18.44485 ], [ -56.61886, -18.44496 ], [ -56.61939, -18.44529 ], [ -56.62055, -18.44694 ], [ -56.62077, -18.44791 ], [ -56.62073, -18.44891 ], [ -56.62008, -18.45143 ], [ -56.62001, -18.45264 ], [ -56.62022, -18.45381 ], [ -56.6213, -18.45597 ], [ -56.62215, -18.45685 ], [ -56.62367, -18.45764 ], [ -56.62523, -18.4582 ], [ -56.62611, -18.45839 ] ], [ [ -56.59791, -18.44039 ], [ -56.60168, -18.44131 ], [ -56.60272, -18.44164 ], [ -56.60359, -18.44204 ], [ -56.60529, -18.44304 ] ], [ [ -56.59791, -18.44039 ], [ -56.59942, -18.4422 ], [ -56.6004, -18.44275 ], [ -56.60529, -18.44304 ] ], [ [ -54.91734, -18.44014 ], [ -54.91907, -18.44141 ], [ -54.92059, -18.44234 ], [ -54.92203, -18.44306 ], [ -54.92308, -18.4434 ], [ -54.92433, -18.44348 ], [ -54.92536, -18.44339 ], [ -54.92648, -18.44314 ], [ -54.92752, -18.44271 ], [ -54.92829, -18.4425 ], [ -54.92942, -18.44172 ], [ -54.9308, -18.44025 ], [ -54.9313, -18.43985 ], [ -54.93196, -18.43953 ], [ -54.93269, -18.43929 ], [ -54.93387, -18.43907 ] ], [ [ -54.91734, -18.44014 ], [ -54.92074, -18.44031 ], [ -54.92469, -18.44025 ], [ -54.9267, -18.44013 ], [ -54.92847, -18.4395 ], [ -54.93006, -18.43878 ], [ -54.93318, -18.43801 ], [ -54.93409, -18.43761 ], [ -54.93781, -18.43446 ], [ -54.94197, -18.43175 ] ], [ [ -54.93387, -18.43909 ], [ -54.93497, -18.43877 ], [ -54.93575, -18.43843 ], [ -54.9367, -18.4379 ], [ -54.93841, -18.43721 ], [ -54.93968, -18.43648 ], [ -54.94024, -18.43597 ], [ -54.94108, -18.43497 ], [ -54.94149, -18.43423 ], [ -54.94197, -18.43175 ] ], [ [ -54.88141, -18.43754 ], [ -54.88136, -18.43867 ], [ -54.88106, -18.43994 ], [ -54.88051, -18.44153 ], [ -54.8804, -18.44236 ], [ -54.88056, -18.44358 ], [ -54.88083, -18.44415 ], [ -54.88117, -18.44449 ], [ -54.88286, -18.44483 ], [ -54.88337, -18.44501 ], [ -54.88502, -18.4453 ], [ -54.88582, -18.44573 ] ], [ [ -54.87177, -18.43738 ], [ -54.87297, -18.43737 ], [ -54.87372, -18.43726 ], [ -54.87426, -18.43694 ], [ -54.87501, -18.43597 ], [ -54.87521, -18.43561 ], [ -54.87747, -18.43065 ] ], [ [ -54.87177, -18.43738 ], [ -54.87189, -18.4361 ], [ -54.87247, -18.435 ], [ -54.87336, -18.4338 ], [ -54.87747, -18.43065 ] ], [ [ -54.82983, -18.43623 ], [ -54.83204, -18.43523 ], [ -54.83386, -18.4332 ], [ -54.83463, -18.43201 ], [ -54.83603, -18.4306 ] ], [ [ -54.82983, -18.43623 ], [ -54.82944, -18.43517 ], [ -54.82973, -18.43327 ], [ -54.83013, -18.43213 ], [ -54.83071, -18.43127 ], [ -54.83137, -18.43079 ], [ -54.8324, -18.43039 ], [ -54.83458, -18.43042 ], [ -54.83603, -18.4306 ] ], [ [ -54.85332, -18.43211 ], [ -54.85527, -18.4321 ], [ -54.856, -18.43173 ], [ -54.85708, -18.43104 ], [ -54.85901, -18.42952 ], [ -54.8605, -18.42805 ] ], [ [ -54.85332, -18.43211 ], [ -54.85343, -18.43149 ], [ -54.85415, -18.43059 ], [ -54.85451, -18.42993 ], [ -54.85471, -18.42906 ], [ -54.855, -18.42838 ], [ -54.85533, -18.42797 ], [ -54.85592, -18.4276 ], [ -54.85674, -18.42738 ], [ -54.85909, -18.42753 ], [ -54.8605, -18.42805 ] ], [ [ -54.94197, -18.43175 ], [ -54.94247, -18.43131 ], [ -54.94441, -18.43007 ], [ -54.946, -18.42939 ], [ -54.9526, -18.42607 ], [ -54.95299, -18.42581 ], [ -54.95332, -18.42549 ], [ -54.95547, -18.42258 ], [ -54.95624, -18.42174 ] ], [ [ -54.87747, -18.43065 ], [ -54.88038, -18.42887 ] ], [ [ -54.83603, -18.4306 ], [ -54.83644, -18.4303 ], [ -54.83824, -18.42937 ], [ -54.83953, -18.4285 ], [ -54.84136, -18.42751 ], [ -54.8419, -18.4271 ] ], [ [ -54.88038, -18.42887 ], [ -54.88083, -18.43658 ], [ -54.88141, -18.43754 ] ], [ [ -54.88038, -18.42887 ], [ -54.88168, -18.42809 ], [ -54.88269, -18.42802 ], [ -54.88391, -18.42813 ], [ -54.88476, -18.42849 ], [ -54.88504, -18.42873 ], [ -54.88558, -18.42949 ], [ -54.88581, -18.43023 ], [ -54.88565, -18.43107 ], [ -54.88533, -18.43191 ], [ -54.88469, -18.43309 ], [ -54.88362, -18.43465 ], [ -54.88141, -18.43754 ] ], [ [ -54.8605, -18.42805 ], [ -54.86188, -18.42796 ], [ -54.86338, -18.42806 ], [ -54.8645, -18.42832 ], [ -54.86528, -18.42901 ], [ -54.86573, -18.43009 ], [ -54.86598, -18.43165 ], [ -54.86594, -18.43289 ], [ -54.86564, -18.43374 ], [ -54.8647, -18.43481 ], [ -54.86362, -18.43643 ], [ -54.86339, -18.43697 ], [ -54.86336, -18.43747 ], [ -54.86341, -18.43789 ], [ -54.86369, -18.43814 ], [ -54.86414, -18.43847 ], [ -54.86764, -18.4388 ], [ -54.87011, -18.43865 ], [ -54.87082, -18.43833 ], [ -54.87177, -18.43738 ] ], [ [ -56.56492, -18.42796 ], [ -56.56532, -18.42798 ], [ -56.56625, -18.42875 ], [ -56.56674, -18.42961 ], [ -56.56678, -18.43069 ], [ -56.56664, -18.43153 ], [ -56.56661, -18.43229 ], [ -56.5668, -18.4342 ], [ -56.5674, -18.43531 ], [ -56.56804, -18.43563 ], [ -56.56992, -18.43612 ], [ -56.57121, -18.4363 ], [ -56.57188, -18.43601 ], [ -56.57217, -18.43565 ], [ -56.57234, -18.43467 ], [ -56.57184, -18.43234 ], [ -56.5718, -18.43141 ], [ -56.57214, -18.43044 ], [ -56.57279, -18.42965 ], [ -56.57388, -18.42926 ], [ -56.57545, -18.42923 ], [ -56.57672, -18.42947 ], [ -56.57755, -18.42977 ], [ -56.57867, -18.43039 ], [ -56.58116, -18.43226 ], [ -56.58274, -18.43301 ], [ -56.5836, -18.43305 ], [ -56.5848, -18.43297 ], [ -56.58802, -18.43416 ], [ -56.59087, -18.43567 ], [ -56.59144, -18.43612 ], [ -56.59257, -18.43727 ], [ -56.59408, -18.4383 ], [ -56.59684, -18.43988 ], [ -56.59791, -18.44039 ] ], [ [ -56.56077, -18.42765 ], [ -56.56077, -18.42826 ], [ -56.5609, -18.42896 ], [ -56.56101, -18.42912 ], [ -56.56146, -18.42953 ], [ -56.56182, -18.42971 ], [ -56.5624, -18.42976 ], [ -56.56329, -18.42952 ], [ -56.56415, -18.42891 ], [ -56.56492, -18.42796 ] ], [ [ -56.56077, -18.42765 ], [ -56.56213, -18.42742 ], [ -56.56283, -18.42758 ], [ -56.56342, -18.4279 ], [ -56.56492, -18.42796 ] ], [ [ -54.8419, -18.4271 ], [ -54.84559, -18.42539 ], [ -54.846, -18.42512 ], [ -54.84659, -18.42457 ], [ -54.84688, -18.42397 ], [ -54.84711, -18.42127 ] ], [ [ -54.8419, -18.4271 ], [ -54.84279, -18.42539 ], [ -54.84498, -18.42292 ], [ -54.84711, -18.42127 ] ], [ [ -54.6403, -18.42491 ], [ -54.64121, -18.42594 ], [ -54.64161, -18.42616 ], [ -54.64255, -18.42645 ], [ -54.64424, -18.42671 ], [ -54.64468, -18.42671 ], [ -54.64548, -18.42638 ], [ -54.64577, -18.42603 ], [ -54.64609, -18.4254 ], [ -54.64629, -18.4246 ] ], [ [ -54.6403, -18.42491 ], [ -54.64071, -18.42495 ], [ -54.64181, -18.42476 ], [ -54.64273, -18.42469 ], [ -54.64629, -18.4246 ] ], [ [ -54.64629, -18.4246 ], [ -54.64707, -18.42461 ], [ -54.64785, -18.42474 ], [ -54.6491, -18.42532 ], [ -54.64998, -18.42611 ], [ -54.65071, -18.42708 ], [ -54.65087, -18.42805 ], [ -54.6507, -18.42883 ], [ -54.65023, -18.42958 ], [ -54.64966, -18.4307 ], [ -54.64902, -18.43153 ], [ -54.64817, -18.43232 ], [ -54.64716, -18.4331 ], [ -54.64677, -18.43335 ], [ -54.64551, -18.43384 ], [ -54.6433, -18.43402 ], [ -54.64259, -18.43424 ], [ -54.64224, -18.43441 ], [ -54.64205, -18.43477 ], [ -54.64204, -18.43527 ], [ -54.64272, -18.43671 ], [ -54.64334, -18.43766 ], [ -54.64378, -18.43853 ], [ -54.64408, -18.43896 ], [ -54.64548, -18.44049 ], [ -54.64689, -18.44163 ], [ -54.64917, -18.44295 ], [ -54.65159, -18.44395 ], [ -54.65234, -18.44441 ], [ -54.65268, -18.44479 ], [ -54.65303, -18.44546 ], [ -54.65313, -18.44603 ], [ -54.65308, -18.44817 ], [ -54.65295, -18.44942 ], [ -54.65301, -18.45022 ], [ -54.65329, -18.45133 ], [ -54.65384, -18.45458 ] ], [ [ -56.56009, -18.42377 ], [ -56.56092, -18.42457 ], [ -56.56111, -18.42504 ], [ -56.56103, -18.42561 ], [ -56.56084, -18.42608 ], [ -56.56077, -18.42765 ] ], [ [ -56.56009, -18.42377 ], [ -56.56134, -18.42385 ], [ -56.5618, -18.42376 ], [ -56.56275, -18.42383 ], [ -56.56311, -18.42373 ], [ -56.56371, -18.42339 ], [ -56.56432, -18.42328 ], [ -56.5653, -18.42354 ], [ -56.56563, -18.42391 ], [ -56.56576, -18.42429 ], [ -56.56575, -18.42448 ], [ -56.56554, -18.42509 ], [ -56.56469, -18.42622 ], [ -56.56458, -18.4271 ], [ -56.56492, -18.42796 ] ], [ [ -54.95624, -18.42174 ], [ -54.95763, -18.42104 ], [ -54.95829, -18.42035 ], [ -54.95883, -18.41938 ], [ -54.95919, -18.41844 ], [ -54.95913, -18.41692 ], [ -54.95883, -18.4157 ], [ -54.95831, -18.41455 ] ], [ [ -54.95624, -18.42174 ], [ -54.95619, -18.42001 ], [ -54.95631, -18.41926 ], [ -54.95653, -18.41858 ], [ -54.95686, -18.41656 ], [ -54.95711, -18.41597 ], [ -54.95831, -18.41455 ] ], [ [ -54.84711, -18.42127 ], [ -54.84811, -18.42053 ], [ -54.84865, -18.42043 ], [ -54.84936, -18.42044 ], [ -54.85057, -18.42082 ], [ -54.85116, -18.4212 ], [ -54.85163, -18.42172 ], [ -54.8522, -18.42263 ], [ -54.85251, -18.42364 ], [ -54.85253, -18.42433 ], [ -54.8523, -18.42501 ], [ -54.85192, -18.42567 ], [ -54.85138, -18.42614 ], [ -54.85081, -18.4268 ], [ -54.84938, -18.42809 ], [ -54.84869, -18.42885 ], [ -54.84816, -18.42928 ], [ -54.8473, -18.42979 ], [ -54.84412, -18.43122 ], [ -54.8433, -18.43193 ], [ -54.84282, -18.43261 ], [ -54.84247, -18.43338 ], [ -54.84252, -18.43407 ], [ -54.84279, -18.43467 ], [ -54.84369, -18.43531 ], [ -54.84474, -18.43576 ], [ -54.84558, -18.43594 ], [ -54.84666, -18.43594 ], [ -54.84786, -18.43546 ], [ -54.84965, -18.43434 ], [ -54.85037, -18.43379 ], [ -54.85242, -18.43272 ], [ -54.85332, -18.43211 ] ], [ [ -56.54601, -18.4182 ], [ -56.54623, -18.41831 ], [ -56.54842, -18.41851 ], [ -56.54891, -18.41877 ], [ -56.54936, -18.41913 ], [ -56.55007, -18.41995 ], [ -56.55083, -18.42029 ], [ -56.55156, -18.42016 ], [ -56.55233, -18.41966 ], [ -56.5534, -18.41913 ], [ -56.55386, -18.41908 ], [ -56.55425, -18.41919 ], [ -56.55474, -18.4195 ], [ -56.55568, -18.42059 ], [ -56.55687, -18.42284 ], [ -56.55736, -18.42316 ], [ -56.55872, -18.42325 ], [ -56.56009, -18.42377 ] ], [ [ -54.96698, -18.41532 ], [ -54.96886, -18.41781 ], [ -54.96936, -18.41821 ], [ -54.97013, -18.4186 ], [ -54.971, -18.41878 ], [ -54.97215, -18.41874 ], [ -54.97309, -18.41841 ], [ -54.97387, -18.41754 ], [ -54.97407, -18.41719 ], [ -54.9746, -18.41579 ], [ -54.97471, -18.41503 ], [ -54.97466, -18.41413 ], [ -54.97447, -18.41355 ], [ -54.974, -18.41269 ], [ -54.97292, -18.41178 ], [ -54.97213, -18.41099 ], [ -54.9717, -18.41013 ], [ -54.97154, -18.40937 ], [ -54.97166, -18.40847 ], [ -54.9719, -18.40779 ], [ -54.97294, -18.40621 ], [ -54.97323, -18.4055 ], [ -54.97326, -18.40502 ], [ -54.97315, -18.40425 ], [ -54.97236, -18.40211 ], [ -54.97246, -18.40037 ], [ -54.97262, -18.39947 ], [ -54.97257, -18.39847 ], [ -54.97242, -18.39758 ], [ -54.97252, -18.39658 ], [ -54.97308, -18.39502 ], [ -54.97366, -18.39394 ], [ -54.97433, -18.39307 ], [ -54.97598, -18.39148 ], [ -54.97805, -18.39037 ], [ -54.97896, -18.39003 ], [ -54.97938, -18.38999 ], [ -54.97994, -18.39008 ], [ -54.98154, -18.3905 ], [ -54.98788, -18.39086 ], [ -54.98835, -18.39082 ], [ -54.98976, -18.39042 ], [ -54.99109, -18.38956 ], [ -54.99172, -18.38906 ], [ -54.99186, -18.38882 ], [ -54.99462, -18.3858 ], [ -54.9949, -18.38524 ], [ -54.99514, -18.38449 ], [ -54.99532, -18.38319 ], [ -54.99521, -18.38213 ], [ -54.99489, -18.38135 ], [ -54.99431, -18.38057 ], [ -54.99371, -18.38014 ], [ -54.99274, -18.37976 ], [ -54.99228, -18.37962 ], [ -54.99158, -18.37958 ], [ -54.9876, -18.37858 ], [ -54.9866, -18.37793 ] ], [ [ -54.95831, -18.41455 ], [ -54.95833, -18.41392 ], [ -54.95855, -18.41343 ], [ -54.95939, -18.41226 ] ], [ [ -56.54091, -18.41444 ], [ -56.54406, -18.4153 ], [ -56.54485, -18.41577 ], [ -56.54601, -18.4182 ] ], [ [ -56.54091, -18.41444 ], [ -56.54387, -18.41701 ], [ -56.54601, -18.4182 ] ], [ [ -54.95939, -18.41226 ], [ -54.96271, -18.41302 ], [ -54.96366, -18.41336 ], [ -54.96416, -18.41357 ], [ -54.96698, -18.41532 ] ], [ [ -54.95939, -18.41226 ], [ -54.96033, -18.41101 ], [ -54.96066, -18.41077 ], [ -54.9612, -18.41053 ], [ -54.96231, -18.41028 ], [ -54.96287, -18.41026 ], [ -54.96335, -18.41031 ], [ -54.96428, -18.41066 ], [ -54.96492, -18.41121 ], [ -54.96601, -18.41263 ], [ -54.9663, -18.4132 ], [ -54.96698, -18.41532 ] ], [ [ -54.9866, -18.37793 ], [ -54.98576, -18.37587 ], [ -54.98577, -18.37455 ], [ -54.98598, -18.37283 ], [ -54.98644, -18.37161 ], [ -54.98729, -18.37019 ], [ -54.98824, -18.36923 ], [ -54.98911, -18.36867 ], [ -54.99024, -18.36824 ], [ -54.99127, -18.36804 ] ], [ [ -54.9866, -18.37793 ], [ -54.9842, -18.37603 ], [ -54.98351, -18.37507 ], [ -54.98312, -18.37411 ], [ -54.9831, -18.37298 ], [ -54.98332, -18.37203 ], [ -54.98381, -18.37089 ], [ -54.98452, -18.36989 ], [ -54.98568, -18.36895 ], [ -54.98684, -18.36848 ], [ -54.99127, -18.36804 ] ], [ [ -54.99127, -18.36804 ], [ -54.99379, -18.36812 ], [ -54.99549, -18.36797 ], [ -54.99776, -18.36748 ], [ -54.99955, -18.36671 ], [ -55.00613, -18.36109 ], [ -55.00693, -18.35926 ], [ -55.00731, -18.35766 ], [ -55.00738, -18.35579 ], [ -55.00708, -18.35494 ], [ -55.00664, -18.35447 ], [ -55.00604, -18.35414 ], [ -55.00465, -18.35371 ], [ -54.99989, -18.35416 ], [ -54.99959, -18.35406 ], [ -54.99906, -18.35415 ], [ -54.99854, -18.35397 ], [ -54.9982, -18.35353 ], [ -54.99784, -18.35283 ], [ -54.99781, -18.3526 ], [ -54.99812, -18.35207 ], [ -55.00069, -18.35093 ], [ -55.00326, -18.34941 ], [ -55.00514, -18.34843 ], [ -55.00855, -18.34591 ], [ -55.01044, -18.3447 ], [ -55.01205, -18.34403 ], [ -55.01292, -18.34394 ], [ -55.0136, -18.34377 ], [ -55.01512, -18.34367 ], [ -55.01656, -18.34371 ], [ -55.01866, -18.34419 ], [ -55.01973, -18.34472 ], [ -55.02091, -18.34517 ], [ -55.02155, -18.34552 ], [ -55.02245, -18.34615 ], [ -55.02376, -18.34738 ], [ -55.02505, -18.34819 ], [ -55.02728, -18.3488 ], [ -55.02905, -18.34832 ], [ -55.03031, -18.34747 ], [ -55.031, -18.34579 ], [ -55.03106, -18.34526 ], [ -55.03098, -18.34397 ], [ -55.031, -18.34313 ], [ -55.03079, -18.34194 ], [ -55.03027, -18.34055 ], [ -55.02918, -18.3388 ], [ -55.02862, -18.33659 ], [ -55.02867, -18.33516 ], [ -55.02911, -18.33346 ], [ -55.02981, -18.33213 ], [ -55.03106, -18.3305 ], [ -55.03224, -18.32974 ], [ -55.03355, -18.32938 ], [ -55.03523, -18.3294 ], [ -55.03672, -18.33028 ], [ -55.0383, -18.3316 ], [ -55.03967, -18.33357 ], [ -55.04157, -18.33492 ], [ -55.04323, -18.33553 ], [ -55.04537, -18.33527 ], [ -55.04727, -18.3338 ], [ -55.04814, -18.33173 ], [ -55.04794, -18.32928 ], [ -55.04667, -18.327 ], [ -55.04506, -18.32559 ], [ -55.04348, -18.32476 ], [ -55.04212, -18.32357 ], [ -55.04094, -18.32194 ] ], [ [ -56.41645, -18.36685 ], [ -56.41887, -18.36692 ], [ -56.41942, -18.36668 ], [ -56.42418, -18.36541 ] ], [ [ -56.41645, -18.36685 ], [ -56.41931, -18.36519 ], [ -56.42062, -18.36469 ], [ -56.42246, -18.36472 ], [ -56.42418, -18.36541 ] ], [ [ -56.40816, -18.36572 ], [ -56.40796, -18.36615 ], [ -56.40733, -18.36709 ], [ -56.40713, -18.36813 ], [ -56.40719, -18.36887 ], [ -56.40746, -18.36936 ], [ -56.40787, -18.36964 ], [ -56.40858, -18.36958 ], [ -56.41001, -18.36764 ], [ -56.41077, -18.36697 ], [ -56.41116, -18.36682 ], [ -56.41206, -18.36671 ], [ -56.41279, -18.3665 ], [ -56.41398, -18.36673 ], [ -56.41645, -18.36685 ] ], [ [ -56.42418, -18.36541 ], [ -56.42625, -18.36605 ], [ -56.42725, -18.36678 ], [ -56.42822, -18.36804 ], [ -56.42862, -18.36883 ], [ -56.42902, -18.37023 ], [ -56.42934, -18.37245 ], [ -56.42935, -18.37449 ], [ -56.42875, -18.37611 ], [ -56.42767, -18.37822 ], [ -56.42767, -18.37913 ], [ -56.428, -18.37979 ], [ -56.42875, -18.38018 ], [ -56.43067, -18.3806 ], [ -56.43143, -18.3806 ], [ -56.43245, -18.38039 ], [ -56.433, -18.38037 ], [ -56.4371, -18.37814 ], [ -56.43786, -18.37795 ], [ -56.43877, -18.37798 ], [ -56.44001, -18.37834 ], [ -56.44089, -18.37871 ], [ -56.44164, -18.3795 ], [ -56.44216, -18.38044 ], [ -56.44252, -18.38179 ], [ -56.44214, -18.38503 ], [ -56.4417, -18.38653 ], [ -56.44185, -18.38786 ], [ -56.44259, -18.38881 ], [ -56.44318, -18.38923 ], [ -56.4445, -18.38989 ], [ -56.44586, -18.39082 ], [ -56.44647, -18.39136 ], [ -56.44777, -18.39276 ], [ -56.44868, -18.39413 ], [ -56.44967, -18.39501 ], [ -56.4509, -18.39547 ], [ -56.45382, -18.39586 ], [ -56.45761, -18.39577 ], [ -56.46064, -18.39487 ], [ -56.46143, -18.39441 ], [ -56.46203, -18.39384 ], [ -56.46237, -18.39319 ], [ -56.46253, -18.39244 ], [ -56.46244, -18.39181 ], [ -56.46248, -18.39092 ], [ -56.46192, -18.38918 ], [ -56.46151, -18.38827 ], [ -56.46172, -18.38747 ], [ -56.46192, -18.38735 ], [ -56.46224, -18.38696 ], [ -56.46257, -18.38684 ], [ -56.46292, -18.38684 ], [ -56.46325, -18.38705 ], [ -56.46367, -18.38766 ], [ -56.46396, -18.3897 ], [ -56.46452, -18.39088 ], [ -56.46546, -18.39179 ], [ -56.46653, -18.39234 ], [ -56.46754, -18.39274 ], [ -56.46865, -18.39307 ], [ -56.46998, -18.39308 ], [ -56.47081, -18.39305 ], [ -56.47115, -18.39296 ], [ -56.47163, -18.39269 ], [ -56.47236, -18.39201 ], [ -56.47341, -18.3906 ], [ -56.47364, -18.3899 ], [ -56.4746, -18.38781 ], [ -56.4757, -18.38645 ], [ -56.47641, -18.38599 ], [ -56.47751, -18.38576 ], [ -56.47908, -18.386 ], [ -56.47966, -18.38619 ], [ -56.48179, -18.38663 ], [ -56.48451, -18.38683 ], [ -56.48989, -18.38816 ], [ -56.49546, -18.38977 ], [ -56.49839, -18.39139 ], [ -56.49981, -18.392 ], [ -56.50666, -18.39283 ], [ -56.50858, -18.39342 ], [ -56.50995, -18.3944 ], [ -56.51043, -18.39458 ], [ -56.51185, -18.39484 ], [ -56.51393, -18.39477 ], [ -56.51521, -18.39496 ], [ -56.51665, -18.39536 ], [ -56.51765, -18.39592 ], [ -56.51824, -18.39648 ], [ -56.51858, -18.39694 ], [ -56.51909, -18.39786 ], [ -56.52045, -18.40094 ], [ -56.5208, -18.40146 ], [ -56.52127, -18.4019 ], [ -56.52174, -18.40219 ], [ -56.5228, -18.40256 ], [ -56.52469, -18.40287 ], [ -56.52683, -18.40301 ], [ -56.52823, -18.40292 ], [ -56.52954, -18.40311 ], [ -56.53056, -18.40336 ], [ -56.53192, -18.40381 ], [ -56.53291, -18.40427 ], [ -56.53373, -18.40481 ], [ -56.53462, -18.40558 ], [ -56.53523, -18.40623 ], [ -56.53583, -18.40718 ], [ -56.5362, -18.40832 ], [ -56.53743, -18.41051 ], [ -56.5378, -18.41137 ], [ -56.53847, -18.4123 ], [ -56.54019, -18.414 ], [ -56.54091, -18.41444 ] ], [ [ -56.40739, -18.3626 ], [ -56.40865, -18.36309 ], [ -56.40918, -18.36367 ], [ -56.40935, -18.36421 ], [ -56.40923, -18.36484 ], [ -56.4087, -18.3655 ], [ -56.40816, -18.36572 ] ], [ [ -56.40739, -18.3626 ], [ -56.40816, -18.36572 ] ], [ [ -56.31185, -18.32754 ], [ -56.31228, -18.32803 ], [ -56.31258, -18.3287 ], [ -56.31269, -18.32923 ], [ -56.31268, -18.32988 ], [ -56.31239, -18.33074 ], [ -56.31154, -18.33188 ], [ -56.31061, -18.33357 ], [ -56.31028, -18.33395 ], [ -56.3102, -18.33433 ], [ -56.31036, -18.33541 ], [ -56.31075, -18.33649 ], [ -56.31107, -18.3368 ], [ -56.31267, -18.33691 ], [ -56.31471, -18.33764 ], [ -56.31496, -18.33778 ], [ -56.3189, -18.34123 ], [ -56.32006, -18.34198 ], [ -56.32134, -18.34245 ], [ -56.32254, -18.34278 ], [ -56.32535, -18.34312 ], [ -56.32875, -18.34321 ], [ -56.32971, -18.34345 ], [ -56.33042, -18.34399 ], [ -56.33235, -18.34585 ], [ -56.33516, -18.3496 ], [ -56.33678, -18.35115 ], [ -56.33764, -18.35159 ], [ -56.33832, -18.3518 ], [ -56.33918, -18.35184 ], [ -56.33989, -18.35169 ], [ -56.34106, -18.35104 ], [ -56.34371, -18.34982 ], [ -56.34437, -18.34956 ], [ -56.34516, -18.34939 ], [ -56.34629, -18.34946 ], [ -56.34727, -18.34983 ], [ -56.34951, -18.35134 ], [ -56.35076, -18.35192 ], [ -56.35146, -18.35208 ], [ -56.35264, -18.35196 ], [ -56.35309, -18.35179 ], [ -56.35395, -18.35082 ], [ -56.35581, -18.34843 ], [ -56.35682, -18.34771 ], [ -56.35794, -18.34757 ], [ -56.35862, -18.34768 ], [ -56.35926, -18.34797 ], [ -56.3601, -18.34858 ], [ -56.36057, -18.34908 ], [ -56.36174, -18.34953 ], [ -56.36263, -18.34999 ], [ -56.36361, -18.35084 ], [ -56.36459, -18.35232 ], [ -56.36482, -18.35296 ], [ -56.3656, -18.35415 ], [ -56.36599, -18.35439 ], [ -56.36657, -18.35441 ], [ -56.36855, -18.35527 ], [ -56.36896, -18.35538 ], [ -56.37021, -18.35616 ], [ -56.37159, -18.3572 ], [ -56.37228, -18.35741 ], [ -56.37332, -18.35734 ], [ -56.37387, -18.35727 ], [ -56.37509, -18.35667 ], [ -56.37631, -18.35643 ], [ -56.37706, -18.35656 ], [ -56.37732, -18.35687 ], [ -56.37753, -18.35775 ], [ -56.37759, -18.3588 ], [ -56.37783, -18.35918 ], [ -56.37867, -18.35921 ], [ -56.37904, -18.35908 ], [ -56.38015, -18.35913 ], [ -56.38049, -18.35944 ], [ -56.38123, -18.35962 ], [ -56.38165, -18.35955 ], [ -56.38294, -18.35801 ], [ -56.38405, -18.35743 ], [ -56.38565, -18.35687 ], [ -56.38618, -18.35687 ], [ -56.38657, -18.35678 ], [ -56.38703, -18.35683 ], [ -56.38808, -18.35726 ], [ -56.38994, -18.35935 ], [ -56.39007, -18.3604 ], [ -56.39001, -18.36113 ], [ -56.39039, -18.36174 ], [ -56.39079, -18.36198 ], [ -56.3918, -18.3622 ], [ -56.39319, -18.3619 ], [ -56.39487, -18.36082 ], [ -56.39551, -18.36049 ], [ -56.39587, -18.3605 ], [ -56.39762, -18.36076 ], [ -56.39937, -18.36167 ], [ -56.40234, -18.36189 ], [ -56.4036, -18.36172 ], [ -56.4057, -18.36189 ], [ -56.4069, -18.3623 ], [ -56.40739, -18.3626 ] ], [ [ -56.30481, -18.32346 ], [ -56.30635, -18.32364 ], [ -56.30721, -18.32393 ], [ -56.30838, -18.32455 ], [ -56.31017, -18.32601 ], [ -56.31185, -18.32754 ] ], [ [ -56.30481, -18.32346 ], [ -56.30644, -18.32216 ] ], [ [ -56.30644, -18.32216 ], [ -56.30756, -18.32225 ], [ -56.30816, -18.32257 ], [ -56.30878, -18.32307 ], [ -56.31014, -18.32443 ], [ -56.31063, -18.32459 ], [ -56.31085, -18.32477 ], [ -56.31103, -18.32507 ], [ -56.31185, -18.32754 ] ], [ [ -56.30644, -18.32216 ], [ -56.30761, -18.3213 ], [ -56.30948, -18.32038 ], [ -56.30992, -18.32039 ], [ -56.31041, -18.32064 ], [ -56.31111, -18.32216 ], [ -56.31155, -18.32392 ], [ -56.31185, -18.32754 ] ], [ [ -55.04094, -18.32194 ], [ -55.04056, -18.32089 ], [ -55.04068, -18.31952 ], [ -55.04115, -18.31766 ], [ -55.04191, -18.31659 ], [ -55.0428, -18.31576 ], [ -55.04394, -18.31512 ] ], [ [ -55.04094, -18.32194 ], [ -55.03936, -18.31977 ], [ -55.0386, -18.3184 ], [ -55.03853, -18.31746 ], [ -55.03889, -18.31653 ], [ -55.03958, -18.3158 ], [ -55.04076, -18.31531 ], [ -55.04394, -18.31512 ] ], [ [ -56.29303, -18.3218 ], [ -56.29348, -18.32245 ], [ -56.29422, -18.32331 ], [ -56.29505, -18.32382 ], [ -56.29602, -18.32425 ], [ -56.29831, -18.32508 ], [ -56.29981, -18.32609 ], [ -56.30037, -18.32631 ], [ -56.30101, -18.32635 ], [ -56.30165, -18.32614 ], [ -56.30278, -18.32534 ], [ -56.30481, -18.32346 ] ], [ [ -56.23669, -18.31998 ], [ -56.23766, -18.32196 ], [ -56.23804, -18.32245 ], [ -56.23872, -18.32288 ], [ -56.23939, -18.32303 ], [ -56.24007, -18.32299 ], [ -56.24092, -18.32261 ], [ -56.24184, -18.322 ], [ -56.24237, -18.32143 ], [ -56.24282, -18.32085 ], [ -56.24327, -18.31989 ], [ -56.2435, -18.31903 ] ], [ [ -56.23669, -18.31998 ], [ -56.23756, -18.32051 ], [ -56.23824, -18.32062 ], [ -56.23888, -18.32062 ], [ -56.24004, -18.32041 ], [ -56.24252, -18.31974 ], [ -56.2435, -18.31903 ] ], [ [ -56.2435, -18.31903 ], [ -56.24341, -18.31681 ], [ -56.24347, -18.31611 ] ], [ [ -56.23615, -18.31878 ], [ -56.23669, -18.31998 ] ], [ [ -56.21026, -18.31782 ], [ -56.21275, -18.31754 ], [ -56.21622, -18.31799 ], [ -56.21737, -18.31793 ], [ -56.21898, -18.31764 ] ], [ [ -56.21026, -18.31782 ], [ -56.21164, -18.31573 ], [ -56.2126, -18.31477 ], [ -56.21294, -18.31457 ], [ -56.21361, -18.31443 ], [ -56.21425, -18.31439 ], [ -56.21464, -18.31439 ], [ -56.21539, -18.31468 ], [ -56.21623, -18.31529 ], [ -56.21774, -18.31665 ], [ -56.21898, -18.31764 ] ], [ [ -56.21898, -18.31764 ], [ -56.22079, -18.31739 ], [ -56.22192, -18.31733 ], [ -56.22301, -18.31701 ], [ -56.22414, -18.31619 ], [ -56.22538, -18.31555 ], [ -56.22602, -18.31537 ], [ -56.22782, -18.31514 ], [ -56.22921, -18.3151 ] ], [ [ -56.19856, -18.31762 ], [ -56.19979, -18.3196 ], [ -56.20031, -18.32018 ], [ -56.20098, -18.32058 ], [ -56.20173, -18.32076 ], [ -56.20291, -18.32073 ], [ -56.20369, -18.32058 ], [ -56.20748, -18.31963 ], [ -56.20873, -18.3191 ], [ -56.20973, -18.31836 ], [ -56.21026, -18.31782 ] ], [ [ -56.28481, -18.31706 ], [ -56.29026, -18.31758 ], [ -56.29109, -18.31787 ], [ -56.29174, -18.31845 ], [ -56.29303, -18.3218 ] ], [ [ -56.28481, -18.31706 ], [ -56.29106, -18.31923 ], [ -56.29135, -18.31946 ], [ -56.29303, -18.3218 ] ], [ [ -56.28481, -18.31706 ], [ -56.28729, -18.31994 ], [ -56.28804, -18.32029 ], [ -56.28953, -18.32081 ], [ -56.29228, -18.32147 ], [ -56.29303, -18.3218 ] ], [ [ -56.24347, -18.31611 ], [ -56.24472, -18.31455 ], [ -56.24536, -18.31405 ], [ -56.24645, -18.31391 ], [ -56.24747, -18.31406 ], [ -56.2484, -18.31442 ], [ -56.24979, -18.3155 ] ], [ [ -56.24347, -18.31611 ], [ -56.24357, -18.31479 ], [ -56.24349, -18.31271 ], [ -56.24389, -18.31204 ], [ -56.24443, -18.31139 ], [ -56.24466, -18.31121 ], [ -56.24545, -18.31104 ], [ -56.24616, -18.31106 ], [ -56.24718, -18.31122 ], [ -56.24793, -18.31155 ], [ -56.24842, -18.31187 ], [ -56.24888, -18.31246 ], [ -56.24979, -18.3155 ] ], [ [ -56.24979, -18.3155 ], [ -56.25218, -18.31752 ], [ -56.25373, -18.31852 ], [ -56.2555, -18.31919 ], [ -56.25628, -18.31926 ], [ -56.25775, -18.31904 ], [ -56.25921, -18.31865 ], [ -56.26149, -18.31743 ], [ -56.26324, -18.31617 ], [ -56.26583, -18.31449 ], [ -56.26763, -18.31392 ], [ -56.2691, -18.31357 ], [ -56.27023, -18.31357 ], [ -56.27136, -18.31391 ], [ -56.27421, -18.31624 ], [ -56.2759, -18.31729 ], [ -56.27772, -18.31772 ], [ -56.27892, -18.31787 ], [ -56.28012, -18.31763 ], [ -56.28126, -18.31699 ], [ -56.28178, -18.31686 ], [ -56.28227, -18.31682 ], [ -56.28481, -18.31706 ] ], [ [ -56.19674, -18.31525 ], [ -56.19714, -18.31615 ], [ -56.19856, -18.31762 ] ], [ [ -55.04394, -18.31512 ], [ -55.04531, -18.31479 ], [ -55.0469, -18.31521 ], [ -55.04854, -18.31653 ], [ -55.04972, -18.31819 ], [ -55.05063, -18.31891 ], [ -55.05156, -18.31929 ], [ -55.0527, -18.3193 ], [ -55.05385, -18.31869 ], [ -55.05461, -18.31762 ], [ -55.05498, -18.31619 ], [ -55.05503, -18.31464 ], [ -55.05472, -18.31296 ] ], [ [ -56.22921, -18.3151 ], [ -56.23154, -18.31618 ], [ -56.23615, -18.31878 ] ], [ [ -56.22921, -18.3151 ], [ -56.23184, -18.31503 ], [ -56.23274, -18.31507 ], [ -56.2336, -18.31529 ], [ -56.23432, -18.31569 ], [ -56.23487, -18.31632 ], [ -56.23615, -18.31878 ] ], [ [ -55.05472, -18.31296 ], [ -55.05432, -18.30859 ], [ -55.05383, -18.3076 ], [ -55.05317, -18.30676 ], [ -55.05275, -18.30599 ], [ -55.05253, -18.30525 ], [ -55.05247, -18.30443 ], [ -55.0525, -18.30331 ], [ -55.05241, -18.30276 ], [ -55.05172, -18.30163 ], [ -55.05115, -18.30115 ], [ -55.04912, -18.29996 ] ], [ [ -55.05472, -18.31296 ], [ -55.05319, -18.31018 ], [ -55.05243, -18.309 ], [ -55.05189, -18.30784 ], [ -55.05136, -18.30566 ], [ -55.05076, -18.30389 ], [ -55.04912, -18.29996 ] ], [ [ -56.19636, -18.31069 ], [ -56.19877, -18.31146 ], [ -56.19956, -18.31178 ], [ -56.20005, -18.31218 ], [ -56.20053, -18.31286 ], [ -56.20075, -18.31365 ], [ -56.20075, -18.3143 ], [ -56.20012, -18.31509 ], [ -56.19898, -18.31601 ], [ -56.1986, -18.31644 ], [ -56.19848, -18.31698 ], [ -56.19856, -18.31762 ] ], [ [ -56.19636, -18.31069 ], [ -56.19689, -18.31166 ], [ -56.19733, -18.31286 ], [ -56.19731, -18.31423 ], [ -56.19674, -18.31525 ] ], [ [ -56.19475, -18.31018 ], [ -56.19636, -18.31069 ] ], [ [ -56.19475, -18.31018 ], [ -56.19502, -18.31165 ], [ -56.19479, -18.3128 ], [ -56.19491, -18.31336 ], [ -56.19674, -18.31525 ] ], [ [ -56.19408, -18.30997 ], [ -56.19475, -18.31018 ] ], [ [ -56.18282, -18.3077 ], [ -56.18593, -18.30801 ], [ -56.18864, -18.30839 ], [ -56.19174, -18.30935 ], [ -56.19408, -18.30997 ] ], [ [ -56.18282, -18.3077 ], [ -56.18346, -18.31048 ], [ -56.18378, -18.31255 ], [ -56.18436, -18.31365 ], [ -56.1846, -18.31395 ], [ -56.18553, -18.31439 ], [ -56.18603, -18.31447 ], [ -56.18768, -18.31413 ], [ -56.18888, -18.31376 ], [ -56.19047, -18.313 ], [ -56.19163, -18.31236 ], [ -56.19408, -18.30997 ] ], [ [ -56.13458, -18.30337 ], [ -56.13657, -18.30234 ], [ -56.13781, -18.30139 ], [ -56.13805, -18.30111 ] ], [ [ -56.16577, -18.30331 ], [ -56.16679, -18.30328 ], [ -56.16787, -18.30343 ], [ -56.16911, -18.3038 ], [ -56.16965, -18.30381 ], [ -56.17392, -18.30263 ], [ -56.17545, -18.30251 ], [ -56.1791, -18.30258 ], [ -56.18004, -18.3028 ], [ -56.1807, -18.30307 ], [ -56.18131, -18.30392 ], [ -56.18223, -18.30599 ], [ -56.18257, -18.30659 ], [ -56.18282, -18.3077 ] ], [ [ -56.15986, -18.30267 ], [ -56.1609, -18.30381 ], [ -56.16132, -18.30397 ], [ -56.16345, -18.30401 ], [ -56.16486, -18.30366 ], [ -56.16577, -18.30331 ] ], [ [ -56.15986, -18.30267 ], [ -56.16062, -18.30251 ], [ -56.16162, -18.30245 ], [ -56.16246, -18.30252 ], [ -56.16577, -18.30331 ] ], [ [ -56.15934, -18.30241 ], [ -56.15986, -18.30267 ] ], [ [ -56.13248, -18.30153 ], [ -56.13458, -18.30337 ] ], [ [ -56.13248, -18.30153 ], [ -56.13315, -18.30131 ], [ -56.13371, -18.30098 ] ], [ [ -56.13805, -18.30111 ], [ -56.13969, -18.29925 ] ], [ [ -56.13371, -18.30098 ], [ -56.13465, -18.30091 ], [ -56.13616, -18.30094 ], [ -56.13805, -18.30111 ] ], [ [ -56.13371, -18.30098 ], [ -56.13447, -18.30039 ], [ -56.13538, -18.29929 ], [ -56.13569, -18.29911 ], [ -56.13669, -18.29908 ], [ -56.13856, -18.29938 ], [ -56.13969, -18.29925 ] ], [ [ -55.04912, -18.29996 ], [ -55.0468, -18.29824 ], [ -55.0456, -18.29754 ], [ -55.0439, -18.29609 ], [ -55.04257, -18.29527 ], [ -55.04112, -18.29457 ], [ -55.04015, -18.29431 ], [ -55.03914, -18.29418 ] ], [ [ -55.04912, -18.29996 ], [ -55.04773, -18.29638 ], [ -55.04697, -18.2947 ], [ -55.04638, -18.29397 ], [ -55.04558, -18.29349 ], [ -55.04478, -18.29324 ], [ -55.04396, -18.29333 ], [ -55.03914, -18.29418 ] ], [ [ -56.13969, -18.29925 ], [ -56.14039, -18.29883 ], [ -56.1408, -18.29868 ], [ -56.14142, -18.29866 ], [ -56.14305, -18.29896 ], [ -56.14367, -18.2989 ], [ -56.14643, -18.29743 ] ], [ [ -56.13969, -18.29925 ], [ -56.14099, -18.29629 ], [ -56.14117, -18.29606 ], [ -56.14148, -18.29592 ], [ -56.14293, -18.29586 ], [ -56.14388, -18.29595 ], [ -56.145, -18.29631 ], [ -56.14566, -18.29661 ], [ -56.14643, -18.29743 ] ], [ [ -56.12577, -18.29924 ], [ -56.12671, -18.29984 ], [ -56.12868, -18.30072 ], [ -56.13202, -18.30151 ], [ -56.13248, -18.30153 ] ], [ [ -56.12577, -18.29924 ], [ -56.12577, -18.29966 ], [ -56.12561, -18.30014 ], [ -56.12479, -18.30103 ], [ -56.12485, -18.30193 ], [ -56.12522, -18.30289 ], [ -56.12563, -18.30361 ], [ -56.12612, -18.30406 ], [ -56.12669, -18.30436 ], [ -56.12734, -18.30457 ], [ -56.12829, -18.30457 ], [ -56.13152, -18.3041 ], [ -56.13245, -18.30406 ], [ -56.13345, -18.30389 ], [ -56.13458, -18.30337 ] ], [ [ -56.1499, -18.29878 ], [ -56.15124, -18.29981 ], [ -56.15196, -18.30026 ], [ -56.15436, -18.30113 ], [ -56.15599, -18.30162 ], [ -56.15934, -18.30241 ] ], [ [ -56.1499, -18.29878 ], [ -56.15229, -18.29825 ], [ -56.15294, -18.29818 ], [ -56.1537, -18.2985 ], [ -56.15414, -18.29882 ], [ -56.15524, -18.29936 ], [ -56.15597, -18.29959 ], [ -56.15681, -18.30007 ], [ -56.15934, -18.30241 ] ], [ [ -56.14643, -18.29743 ], [ -56.1499, -18.29878 ] ], [ [ -56.12469, -18.29673 ], [ -56.12475, -18.29747 ], [ -56.12577, -18.29924 ] ], [ [ -55.03914, -18.29418 ], [ -55.03778, -18.29407 ], [ -55.03625, -18.29372 ], [ -55.03538, -18.29333 ], [ -55.03461, -18.29264 ], [ -55.03423, -18.29208 ], [ -55.03417, -18.29134 ], [ -55.03441, -18.29046 ], [ -55.03501, -18.28979 ], [ -55.03602, -18.28921 ], [ -55.03742, -18.28892 ], [ -55.03803, -18.28889 ], [ -55.04039, -18.28905 ] ], [ [ -56.12147, -18.29058 ], [ -56.12206, -18.29077 ], [ -56.12259, -18.29104 ], [ -56.12312, -18.29146 ], [ -56.1234, -18.29188 ], [ -56.12464, -18.29448 ], [ -56.12469, -18.29673 ] ], [ [ -56.12147, -18.29058 ], [ -56.12394, -18.29057 ], [ -56.12453, -18.29066 ], [ -56.12516, -18.2909 ], [ -56.12566, -18.29129 ], [ -56.12609, -18.29183 ], [ -56.12652, -18.29318 ], [ -56.12652, -18.29372 ], [ -56.1264, -18.29441 ], [ -56.12469, -18.29673 ] ], [ [ -56.12078, -18.29055 ], [ -56.12147, -18.29058 ] ], [ [ -56.10982, -18.28932 ], [ -56.11185, -18.29106 ], [ -56.11233, -18.29157 ], [ -56.11318, -18.29187 ], [ -56.11412, -18.29193 ], [ -56.11459, -18.29171 ], [ -56.11511, -18.29135 ], [ -56.11547, -18.29123 ], [ -56.11635, -18.29126 ], [ -56.11707, -18.29152 ], [ -56.12078, -18.29055 ] ], [ [ -56.10982, -18.28932 ], [ -56.11265, -18.2892 ], [ -56.11481, -18.28927 ], [ -56.12078, -18.29055 ] ], [ [ -55.04039, -18.28905 ], [ -55.04374, -18.28951 ], [ -55.0452, -18.28952 ], [ -55.04952, -18.28895 ] ], [ [ -55.04039, -18.28905 ], [ -55.04224, -18.28815 ], [ -55.04357, -18.28783 ], [ -55.04419, -18.28781 ], [ -55.04477, -18.28784 ], [ -55.04952, -18.28895 ] ], [ [ -55.04952, -18.28895 ], [ -55.05358, -18.28803 ], [ -55.05507, -18.28779 ], [ -55.057, -18.28806 ], [ -55.05849, -18.28838 ], [ -55.05973, -18.28832 ], [ -55.06059, -18.28813 ] ], [ [ -55.06059, -18.28813 ], [ -55.06316, -18.28762 ], [ -55.06455, -18.28713 ], [ -55.06548, -18.28666 ], [ -55.06603, -18.28598 ], [ -55.06662, -18.28488 ], [ -55.06693, -18.28412 ], [ -55.06694, -18.28314 ], [ -55.06635, -18.2812 ] ], [ [ -55.06059, -18.28813 ], [ -55.06137, -18.2877 ], [ -55.06206, -18.28709 ], [ -55.06479, -18.28395 ], [ -55.06635, -18.2812 ] ], [ [ -56.10495, -18.28775 ], [ -56.10649, -18.2886 ], [ -56.10705, -18.28881 ], [ -56.10824, -18.28891 ], [ -56.10915, -18.28909 ], [ -56.10982, -18.28932 ] ], [ [ -56.09388, -18.28414 ], [ -56.09485, -18.28429 ], [ -56.09655, -18.28488 ], [ -56.09939, -18.28636 ], [ -56.10013, -18.28665 ], [ -56.10107, -18.28672 ], [ -56.10355, -18.2872 ], [ -56.10445, -18.28749 ], [ -56.10495, -18.28775 ] ], [ [ -56.09388, -18.28414 ], [ -56.09724, -18.28324 ], [ -56.10051, -18.28269 ], [ -56.10167, -18.28269 ], [ -56.10221, -18.28283 ], [ -56.10242, -18.28293 ], [ -56.10283, -18.2833 ], [ -56.10312, -18.28432 ], [ -56.10354, -18.28538 ], [ -56.10495, -18.28775 ] ], [ [ -56.08772, -18.28397 ], [ -56.08918, -18.28426 ], [ -56.09053, -18.28435 ], [ -56.09388, -18.28414 ] ], [ [ -55.06635, -18.2812 ], [ -55.06677, -18.27826 ] ], [ [ -55.06677, -18.27826 ], [ -55.06816, -18.27445 ], [ -55.06848, -18.27326 ], [ -55.06856, -18.27223 ], [ -55.0685, -18.27104 ], [ -55.0682, -18.26893 ], [ -55.0681, -18.2671 ] ], [ [ -55.06677, -18.27826 ], [ -55.06663, -18.27643 ], [ -55.06633, -18.27453 ], [ -55.06615, -18.27257 ], [ -55.06611, -18.27043 ], [ -55.06658, -18.26889 ], [ -55.06708, -18.26805 ], [ -55.0681, -18.2671 ] ], [ [ -56.05933, -18.27629 ], [ -56.06341, -18.27417 ] ], [ [ -56.04871, -18.2758 ], [ -56.04973, -18.27636 ], [ -56.05199, -18.27838 ], [ -56.05235, -18.27858 ], [ -56.0534, -18.27862 ], [ -56.05509, -18.27832 ], [ -56.05672, -18.27764 ], [ -56.05933, -18.27629 ] ], [ [ -56.04871, -18.2758 ], [ -56.05165, -18.27583 ], [ -56.05304, -18.2757 ], [ -56.05381, -18.27551 ] ], [ [ -56.05381, -18.27551 ], [ -56.05716, -18.27607 ], [ -56.05933, -18.27629 ] ], [ [ -56.05381, -18.27551 ], [ -56.0545, -18.27534 ], [ -56.05687, -18.27449 ], [ -56.06341, -18.27417 ] ], [ [ -56.07913, -18.27489 ], [ -56.08308, -18.27767 ], [ -56.08464, -18.27956 ], [ -56.08547, -18.28078 ], [ -56.08661, -18.28198 ], [ -56.08772, -18.28397 ] ], [ [ -56.07913, -18.27489 ], [ -56.07999, -18.27597 ], [ -56.0804, -18.27694 ], [ -56.08069, -18.27942 ], [ -56.08116, -18.28058 ], [ -56.08195, -18.2813 ], [ -56.08315, -18.28198 ], [ -56.08484, -18.28284 ], [ -56.08626, -18.28346 ], [ -56.08772, -18.28397 ] ], [ [ -56.06341, -18.27417 ], [ -56.06465, -18.27357 ] ], [ [ -56.06465, -18.27357 ], [ -56.06638, -18.27311 ], [ -56.07102, -18.27273 ], [ -56.07324, -18.27275 ], [ -56.07438, -18.27268 ], [ -56.0755, -18.27283 ] ], [ [ -56.06465, -18.27357 ], [ -56.06735, -18.27089 ], [ -56.06857, -18.27043 ], [ -56.06908, -18.27038 ], [ -56.07103, -18.27041 ], [ -56.07225, -18.27073 ], [ -56.0755, -18.27283 ] ], [ [ -55.09397, -18.27314 ], [ -55.09664, -18.26956 ] ], [ [ -56.0755, -18.27283 ], [ -56.0767, -18.27319 ], [ -56.0782, -18.27406 ], [ -56.07913, -18.27489 ] ], [ [ -55.09664, -18.26956 ], [ -55.1002, -18.26634 ], [ -55.10074, -18.26543 ], [ -55.10105, -18.2646 ], [ -55.10111, -18.26393 ], [ -55.10102, -18.26309 ], [ -55.10062, -18.26125 ] ], [ [ -55.09664, -18.26956 ], [ -55.09722, -18.26867 ], [ -55.09809, -18.26678 ], [ -55.09856, -18.26517 ], [ -55.09956, -18.26298 ], [ -55.10062, -18.26125 ] ], [ [ -56.0058, -18.26921 ], [ -56.00854, -18.26959 ], [ -56.00948, -18.26945 ], [ -56.01065, -18.26874 ], [ -56.01148, -18.26808 ], [ -56.01198, -18.26737 ], [ -56.01284, -18.26577 ], [ -56.01326, -18.26527 ], [ -56.01427, -18.26457 ] ], [ [ -56.0058, -18.26921 ], [ -56.00701, -18.2684 ], [ -56.00758, -18.26786 ], [ -56.00864, -18.26653 ], [ -56.01049, -18.26529 ], [ -56.01186, -18.26492 ], [ -56.01427, -18.26457 ] ], [ [ -56.02537, -18.26734 ], [ -56.02787, -18.26757 ], [ -56.02887, -18.26806 ], [ -56.03167, -18.26981 ], [ -56.03312, -18.27137 ], [ -56.03496, -18.27371 ] ], [ [ -56.02537, -18.26734 ], [ -56.02578, -18.26831 ], [ -56.02619, -18.26986 ], [ -56.02656, -18.27086 ], [ -56.02708, -18.27155 ], [ -56.0279, -18.27202 ], [ -56.03635, -18.27407 ], [ -56.03796, -18.27435 ], [ -56.03912, -18.27431 ], [ -56.04053, -18.27404 ], [ -56.04189, -18.27338 ], [ -56.04239, -18.27322 ], [ -56.04363, -18.27336 ], [ -56.04431, -18.27353 ], [ -56.04609, -18.27473 ], [ -56.04871, -18.2758 ] ], [ [ -55.0681, -18.2671 ], [ -55.06882, -18.26674 ] ], [ [ -55.06882, -18.26674 ], [ -55.06956, -18.26671 ], [ -55.07028, -18.26694 ], [ -55.07272, -18.26882 ], [ -55.07444, -18.2698 ], [ -55.07481, -18.27089 ], [ -55.07484, -18.27173 ], [ -55.07466, -18.27303 ], [ -55.07399, -18.27498 ], [ -55.07385, -18.27616 ], [ -55.07403, -18.27706 ], [ -55.07467, -18.27812 ], [ -55.07657, -18.2796 ], [ -55.07757, -18.28048 ], [ -55.07902, -18.28105 ], [ -55.08065, -18.28116 ], [ -55.08192, -18.28083 ], [ -55.0861, -18.27886 ], [ -55.08766, -18.27863 ], [ -55.08945, -18.27864 ], [ -55.09078, -18.27828 ], [ -55.09167, -18.27755 ], [ -55.09233, -18.27665 ], [ -55.09336, -18.27403 ], [ -55.09397, -18.27314 ] ], [ [ -55.06882, -18.26674 ], [ -55.06959, -18.26562 ], [ -55.07045, -18.26503 ], [ -55.0714, -18.26466 ], [ -55.0731, -18.26434 ], [ -55.07349, -18.26377 ], [ -55.07344, -18.2631 ], [ -55.07289, -18.26114 ], [ -55.07325, -18.26031 ], [ -55.07421, -18.25974 ], [ -55.07667, -18.2591 ], [ -55.07873, -18.2583 ], [ -55.08025, -18.25801 ], [ -55.08098, -18.25794 ], [ -55.08203, -18.25817 ], [ -55.08298, -18.25851 ], [ -55.08382, -18.25903 ], [ -55.08454, -18.25965 ], [ -55.08518, -18.26076 ], [ -55.08561, -18.26203 ], [ -55.08553, -18.26282 ], [ -55.0852, -18.26341 ], [ -55.08421, -18.26477 ], [ -55.0841, -18.26531 ], [ -55.08427, -18.26615 ], [ -55.08471, -18.26711 ], [ -55.08516, -18.26925 ], [ -55.08518, -18.27015 ], [ -55.08483, -18.27182 ], [ -55.0848, -18.27233 ], [ -55.085, -18.27276 ], [ -55.08549, -18.27314 ], [ -55.08664, -18.27371 ], [ -55.08803, -18.27417 ], [ -55.08933, -18.2744 ], [ -55.09149, -18.27423 ], [ -55.09397, -18.27314 ] ], [ [ -55.97575, -18.26536 ], [ -55.97804, -18.26446 ], [ -55.98, -18.26327 ], [ -55.98189, -18.26161 ], [ -55.98434, -18.25907 ], [ -55.98676, -18.25771 ], [ -55.9883, -18.25711 ], [ -55.98969, -18.25686 ], [ -55.99075, -18.25691 ], [ -55.99161, -18.25712 ], [ -55.99307, -18.25796 ], [ -55.99482, -18.25944 ], [ -55.99654, -18.2612 ], [ -55.99871, -18.26484 ], [ -55.99929, -18.26642 ], [ -55.99985, -18.26721 ], [ -56.00071, -18.2679 ], [ -56.00359, -18.26892 ], [ -56.0058, -18.26921 ] ], [ [ -55.9181, -18.26505 ], [ -55.91839, -18.26511 ], [ -55.92024, -18.26591 ], [ -55.92112, -18.2664 ], [ -55.9221, -18.26712 ], [ -55.92347, -18.26773 ], [ -55.92471, -18.26802 ], [ -55.92614, -18.2681 ], [ -55.92784, -18.26791 ], [ -55.92861, -18.2677 ], [ -55.92961, -18.26722 ], [ -55.93092, -18.2664 ], [ -55.93246, -18.2656 ], [ -55.93528, -18.26436 ] ], [ [ -56.01427, -18.26457 ], [ -56.01578, -18.2639 ], [ -56.01695, -18.26364 ], [ -56.01777, -18.26354 ], [ -56.01902, -18.26378 ], [ -56.02142, -18.2649 ], [ -56.02343, -18.26597 ], [ -56.02444, -18.26655 ], [ -56.02537, -18.26734 ] ], [ [ -55.95438, -18.26441 ], [ -55.95507, -18.26543 ], [ -55.9557, -18.26611 ], [ -55.95641, -18.26651 ], [ -55.95724, -18.26645 ], [ -55.95796, -18.26613 ], [ -55.95871, -18.26559 ], [ -55.96144, -18.26284 ], [ -55.9628, -18.26177 ], [ -55.96376, -18.26124 ], [ -55.96441, -18.261 ], [ -55.96578, -18.26068 ], [ -55.96684, -18.26064 ], [ -55.96806, -18.26076 ], [ -55.97009, -18.26143 ] ], [ [ -55.93528, -18.26436 ], [ -55.938, -18.26525 ], [ -55.93882, -18.26538 ], [ -55.93975, -18.26549 ], [ -55.94344, -18.26561 ], [ -55.94468, -18.26554 ], [ -55.94713, -18.26476 ], [ -55.94879, -18.26448 ], [ -55.95438, -18.26441 ] ], [ [ -55.93528, -18.26436 ], [ -55.93781, -18.26336 ], [ -55.93932, -18.26301 ], [ -55.94077, -18.26285 ] ], [ [ -55.93528, -18.26436 ], [ -55.93776, -18.26071 ], [ -55.93811, -18.26045 ], [ -55.93907, -18.26015 ], [ -55.94063, -18.25993 ], [ -55.94326, -18.25939 ], [ -55.94412, -18.25932 ], [ -55.94542, -18.25935 ] ], [ [ -55.94077, -18.26285 ], [ -55.94399, -18.26279 ], [ -55.94513, -18.2624 ], [ -55.9478, -18.26129 ], [ -55.94929, -18.26111 ] ], [ [ -55.94077, -18.26285 ], [ -55.94194, -18.26176 ], [ -55.94263, -18.26126 ], [ -55.94439, -18.26031 ], [ -55.94542, -18.25935 ] ], [ [ -55.90801, -18.26204 ], [ -55.91124, -18.26146 ] ], [ [ -55.91124, -18.26146 ], [ -55.9139, -18.26402 ], [ -55.91446, -18.26441 ], [ -55.9181, -18.26505 ] ], [ [ -55.91124, -18.26146 ], [ -55.91484, -18.26058 ], [ -55.91556, -18.26055 ], [ -55.91617, -18.26072 ], [ -55.91661, -18.26114 ], [ -55.91694, -18.26176 ], [ -55.91735, -18.2627 ], [ -55.9181, -18.26505 ] ], [ [ -55.97009, -18.26143 ], [ -55.97314, -18.26248 ], [ -55.97472, -18.26415 ], [ -55.97575, -18.26536 ] ], [ [ -55.97009, -18.26143 ], [ -55.97185, -18.26414 ], [ -55.97228, -18.26466 ], [ -55.97304, -18.26529 ], [ -55.97365, -18.26565 ], [ -55.97419, -18.26575 ], [ -55.97497, -18.26567 ], [ -55.97575, -18.26536 ] ], [ [ -55.89813, -18.26132 ], [ -55.89953, -18.26294 ], [ -55.89992, -18.26328 ], [ -55.90108, -18.26378 ], [ -55.90242, -18.26412 ], [ -55.90331, -18.26408 ], [ -55.9048, -18.26371 ], [ -55.90668, -18.26344 ], [ -55.90801, -18.26204 ] ], [ [ -55.89813, -18.26132 ], [ -55.90111, -18.2612 ], [ -55.90234, -18.26145 ], [ -55.90327, -18.26146 ], [ -55.904, -18.26136 ], [ -55.90525, -18.26099 ], [ -55.906, -18.26098 ], [ -55.90645, -18.26107 ], [ -55.90801, -18.26204 ] ], [ [ -55.10062, -18.26125 ], [ -55.10161, -18.25943 ], [ -55.10233, -18.25838 ], [ -55.10378, -18.25669 ], [ -55.10468, -18.25535 ], [ -55.10587, -18.25277 ], [ -55.10683, -18.25016 ], [ -55.10717, -18.2494 ], [ -55.1074, -18.24908 ], [ -55.10803, -18.2485 ], [ -55.10865, -18.24749 ], [ -55.10883, -18.24662 ], [ -55.10952, -18.24583 ], [ -55.11228, -18.24387 ] ], [ [ -55.94929, -18.26111 ], [ -55.95029, -18.26114 ], [ -55.95104, -18.26128 ], [ -55.95179, -18.26157 ], [ -55.95269, -18.2624 ], [ -55.95438, -18.26441 ] ], [ [ -55.94542, -18.25935 ], [ -55.94697, -18.25942 ], [ -55.94769, -18.25965 ], [ -55.94929, -18.26111 ] ], [ [ -55.32508, -18.25768 ], [ -55.32653, -18.25851 ], [ -55.32886, -18.25946 ], [ -55.33001, -18.25963 ], [ -55.33097, -18.25964 ], [ -55.3326, -18.25916 ], [ -55.33426, -18.25837 ], [ -55.33603, -18.25723 ], [ -55.33704, -18.25613 ], [ -55.33777, -18.25483 ], [ -55.33863, -18.25275 ], [ -55.33968, -18.25134 ] ], [ [ -55.32508, -18.25768 ], [ -55.32721, -18.25768 ], [ -55.32806, -18.25736 ], [ -55.32892, -18.2572 ], [ -55.33148, -18.25705 ], [ -55.33261, -18.25674 ], [ -55.33349, -18.25635 ], [ -55.33431, -18.25587 ], [ -55.33643, -18.25351 ], [ -55.33968, -18.25134 ] ], [ [ -55.27714, -18.25512 ], [ -55.28094, -18.25719 ], [ -55.28171, -18.25752 ], [ -55.2826, -18.25766 ], [ -55.28363, -18.25767 ], [ -55.28458, -18.25753 ], [ -55.28596, -18.25703 ], [ -55.28697, -18.25655 ], [ -55.28801, -18.25566 ], [ -55.28892, -18.25452 ], [ -55.2902, -18.25252 ] ], [ [ -55.27714, -18.25512 ], [ -55.27783, -18.25532 ], [ -55.27984, -18.25571 ], [ -55.2813, -18.25573 ], [ -55.28253, -18.25555 ], [ -55.28407, -18.25513 ], [ -55.28596, -18.25434 ], [ -55.28834, -18.25309 ], [ -55.2902, -18.25252 ] ], [ [ -55.36546, -18.25327 ], [ -55.36634, -18.25337 ], [ -55.36854, -18.25301 ], [ -55.36985, -18.25256 ], [ -55.37107, -18.25195 ], [ -55.37139, -18.25161 ] ], [ [ -55.8911, -18.25288 ], [ -55.89305, -18.25382 ], [ -55.8948, -18.2548 ], [ -55.89542, -18.25528 ], [ -55.89586, -18.25577 ], [ -55.89665, -18.25699 ], [ -55.89813, -18.26132 ] ], [ [ -55.8911, -18.25288 ], [ -55.89236, -18.25543 ], [ -55.89289, -18.25611 ], [ -55.89467, -18.25794 ], [ -55.89613, -18.259 ], [ -55.89813, -18.26132 ] ], [ [ -55.8911, -18.25288 ], [ -55.89094, -18.25585 ], [ -55.89073, -18.25768 ], [ -55.89085, -18.25794 ], [ -55.8915, -18.25848 ], [ -55.89284, -18.25898 ], [ -55.89341, -18.25931 ], [ -55.89415, -18.25995 ], [ -55.89482, -18.26089 ], [ -55.89541, -18.26128 ], [ -55.89631, -18.26139 ], [ -55.89813, -18.26132 ] ], [ [ -55.27314, -18.2528 ], [ -55.27391, -18.25352 ], [ -55.27462, -18.25405 ], [ -55.27598, -18.25478 ], [ -55.27714, -18.25512 ] ], [ [ -55.2902, -18.25252 ], [ -55.29108, -18.25172 ], [ -55.29164, -18.25107 ], [ -55.29207, -18.25017 ], [ -55.29228, -18.24915 ], [ -55.29196, -18.24822 ], [ -55.29123, -18.24653 ], [ -55.29069, -18.2456 ], [ -55.29057, -18.24476 ], [ -55.29061, -18.24401 ], [ -55.29087, -18.24349 ], [ -55.29149, -18.24315 ], [ -55.29256, -18.24332 ], [ -55.29305, -18.24357 ] ], [ [ -55.37139, -18.25161 ], [ -55.37164, -18.25082 ], [ -55.37163, -18.25031 ], [ -55.37146, -18.24963 ], [ -55.3701, -18.24696 ] ], [ [ -55.37139, -18.25161 ], [ -55.37276, -18.25007 ], [ -55.37316, -18.24945 ], [ -55.37337, -18.24892 ], [ -55.37333, -18.24824 ], [ -55.37314, -18.24767 ], [ -55.37283, -18.24718 ], [ -55.37232, -18.24689 ], [ -55.37186, -18.24683 ], [ -55.3701, -18.24696 ] ], [ [ -55.33968, -18.25134 ], [ -55.34191, -18.24946 ] ], [ [ -55.31985, -18.2503 ], [ -55.3198, -18.25203 ], [ -55.32011, -18.25318 ], [ -55.32066, -18.25421 ], [ -55.32314, -18.25638 ], [ -55.32508, -18.25768 ] ], [ [ -55.31985, -18.2503 ], [ -55.31885, -18.25478 ], [ -55.31884, -18.25571 ], [ -55.31907, -18.25658 ], [ -55.31954, -18.25738 ], [ -55.32018, -18.25792 ], [ -55.32113, -18.25821 ], [ -55.32211, -18.25822 ], [ -55.32508, -18.25768 ] ], [ [ -55.3552, -18.25014 ], [ -55.35822, -18.25029 ], [ -55.35967, -18.25058 ], [ -55.3622, -18.2515 ], [ -55.36466, -18.25289 ], [ -55.36546, -18.25327 ] ], [ [ -55.3552, -18.25014 ], [ -55.35625, -18.25158 ], [ -55.3577, -18.25286 ], [ -55.3588, -18.25361 ], [ -55.35975, -18.254 ], [ -55.36074, -18.25414 ], [ -55.36231, -18.25393 ], [ -55.36546, -18.25327 ] ], [ [ -55.35332, -18.24956 ], [ -55.35406, -18.24985 ], [ -55.3552, -18.25014 ] ], [ [ -55.34191, -18.24946 ], [ -55.34284, -18.24923 ], [ -55.34385, -18.24914 ], [ -55.34463, -18.24915 ], [ -55.34837, -18.24981 ], [ -55.34948, -18.24982 ], [ -55.35332, -18.24956 ] ], [ [ -55.34191, -18.24946 ], [ -55.34489, -18.24766 ], [ -55.34609, -18.24723 ], [ -55.34739, -18.24712 ], [ -55.34853, -18.24716 ], [ -55.35009, -18.24742 ], [ -55.35109, -18.24777 ], [ -55.35177, -18.24818 ], [ -55.35277, -18.24915 ], [ -55.35332, -18.24956 ] ], [ [ -55.27142, -18.24899 ], [ -55.27398, -18.25033 ], [ -55.2743, -18.25065 ], [ -55.27596, -18.25279 ], [ -55.27714, -18.25512 ] ], [ [ -55.27142, -18.24899 ], [ -55.272, -18.2499 ], [ -55.27314, -18.2528 ] ], [ [ -55.30422, -18.24857 ], [ -55.30547, -18.24834 ], [ -55.30698, -18.24761 ] ], [ [ -55.24779, -18.24788 ], [ -55.24864, -18.2464 ], [ -55.24938, -18.24454 ], [ -55.24991, -18.2429 ], [ -55.25016, -18.24123 ], [ -55.25017, -18.24014 ], [ -55.24989, -18.23843 ], [ -55.24833, -18.23538 ], [ -55.2474, -18.23155 ], [ -55.24663, -18.2299 ], [ -55.24635, -18.22884 ], [ -55.24656, -18.22772 ], [ -55.24715, -18.22695 ], [ -55.24816, -18.2264 ], [ -55.24937, -18.2262 ], [ -55.2504, -18.22639 ], [ -55.25176, -18.22693 ], [ -55.25318, -18.2281 ], [ -55.25567, -18.23256 ], [ -55.25761, -18.23637 ] ], [ [ -55.30698, -18.24761 ], [ -55.31037, -18.24525 ], [ -55.31109, -18.24429 ], [ -55.3115, -18.2434 ], [ -55.31163, -18.24236 ], [ -55.31142, -18.24086 ], [ -55.31123, -18.24043 ], [ -55.31082, -18.23995 ], [ -55.31031, -18.23909 ], [ -55.30982, -18.23804 ], [ -55.30933, -18.2362 ] ], [ [ -55.30698, -18.24761 ], [ -55.30783, -18.24653 ], [ -55.30833, -18.24523 ], [ -55.30937, -18.24185 ], [ -55.30952, -18.24009 ], [ -55.30928, -18.23769 ], [ -55.30933, -18.2362 ] ], [ [ -55.23548, -18.24739 ], [ -55.23655, -18.24859 ], [ -55.23729, -18.24905 ], [ -55.23801, -18.24927 ], [ -55.24169, -18.24919 ], [ -55.24454, -18.24938 ], [ -55.24557, -18.24917 ], [ -55.24779, -18.24788 ] ], [ [ -55.23548, -18.24739 ], [ -55.23717, -18.25039 ], [ -55.23832, -18.25214 ], [ -55.23948, -18.25286 ], [ -55.24085, -18.25309 ], [ -55.24198, -18.25295 ], [ -55.24296, -18.25255 ], [ -55.24411, -18.25173 ], [ -55.24779, -18.24788 ] ], [ [ -55.3701, -18.24696 ], [ -55.36985, -18.24638 ], [ -55.36974, -18.24589 ] ], [ [ -55.26948, -18.24622 ], [ -55.27003, -18.24718 ], [ -55.27142, -18.24899 ] ], [ [ -55.26948, -18.24622 ], [ -55.26912, -18.24737 ], [ -55.26893, -18.24833 ], [ -55.26902, -18.2492 ], [ -55.26943, -18.25 ], [ -55.27051, -18.25109 ], [ -55.27314, -18.2528 ] ], [ [ -55.36974, -18.24589 ], [ -55.371, -18.24168 ], [ -55.37102, -18.24113 ], [ -55.37059, -18.23829 ], [ -55.37056, -18.2374 ], [ -55.37068, -18.23648 ] ], [ [ -55.36974, -18.24589 ], [ -55.36907, -18.24281 ], [ -55.36876, -18.24181 ], [ -55.36877, -18.23973 ], [ -55.36901, -18.23908 ], [ -55.37068, -18.23648 ] ], [ [ -55.32175, -18.24469 ], [ -55.32119, -18.24571 ], [ -55.32066, -18.24698 ], [ -55.32016, -18.24856 ], [ -55.31985, -18.2503 ] ], [ [ -55.11228, -18.24387 ], [ -55.11361, -18.24297 ], [ -55.11544, -18.24215 ], [ -55.11678, -18.2417 ], [ -55.11879, -18.24153 ], [ -55.12048, -18.24152 ], [ -55.12304, -18.24173 ] ], [ [ -55.11228, -18.24387 ], [ -55.11472, -18.24088 ], [ -55.11522, -18.24038 ], [ -55.11587, -18.2401 ], [ -55.1171, -18.23995 ], [ -55.11895, -18.2403 ], [ -55.12304, -18.24173 ] ], [ [ -55.29305, -18.24357 ], [ -55.29424, -18.24422 ], [ -55.29469, -18.24437 ], [ -55.29524, -18.24449 ], [ -55.29661, -18.24456 ], [ -55.29727, -18.24472 ], [ -55.29796, -18.2451 ], [ -55.29929, -18.24612 ], [ -55.30028, -18.2466 ], [ -55.30238, -18.2474 ], [ -55.30422, -18.24857 ] ], [ [ -55.29305, -18.24357 ], [ -55.29401, -18.24473 ], [ -55.29561, -18.24716 ], [ -55.29677, -18.24817 ], [ -55.29797, -18.24889 ], [ -55.29916, -18.24943 ], [ -55.3002, -18.24972 ], [ -55.30114, -18.2497 ], [ -55.30173, -18.24951 ], [ -55.30261, -18.24906 ], [ -55.30422, -18.24857 ] ], [ [ -55.8733, -18.24178 ], [ -55.87507, -18.24165 ], [ -55.87673, -18.24183 ], [ -55.87891, -18.24234 ], [ -55.88217, -18.2433 ], [ -55.88301, -18.2436 ], [ -55.88349, -18.24386 ], [ -55.88627, -18.24608 ], [ -55.88816, -18.24782 ], [ -55.88918, -18.24893 ], [ -55.88951, -18.24945 ], [ -55.8911, -18.25288 ] ], [ [ -55.12304, -18.24173 ], [ -55.12417, -18.24182 ], [ -55.12698, -18.24173 ], [ -55.13075, -18.24091 ] ], [ [ -55.26497, -18.24121 ], [ -55.26598, -18.24147 ], [ -55.26691, -18.242 ], [ -55.26778, -18.24279 ], [ -55.26833, -18.24353 ], [ -55.26887, -18.2445 ], [ -55.26948, -18.24622 ] ], [ [ -55.13075, -18.24091 ], [ -55.13274, -18.24055 ], [ -55.13606, -18.24015 ], [ -55.13817, -18.23977 ], [ -55.13961, -18.2391 ], [ -55.14092, -18.23834 ], [ -55.14187, -18.23748 ], [ -55.14261, -18.23625 ] ], [ [ -55.13075, -18.24091 ], [ -55.13238, -18.24017 ], [ -55.13535, -18.23859 ], [ -55.13666, -18.23806 ], [ -55.13899, -18.2377 ], [ -55.1406, -18.23724 ], [ -55.14261, -18.23625 ] ], [ [ -55.59798, -18.24005 ], [ -55.60163, -18.23857 ] ], [ [ -55.61521, -18.23877 ], [ -55.6156, -18.23878 ], [ -55.61717, -18.23936 ], [ -55.61817, -18.23954 ], [ -55.61989, -18.23968 ], [ -55.62111, -18.23965 ], [ -55.62173, -18.23955 ], [ -55.62329, -18.23914 ], [ -55.6256, -18.23822 ], [ -55.62731, -18.23649 ] ], [ [ -55.61521, -18.23877 ], [ -55.61693, -18.23788 ], [ -55.61898, -18.23743 ], [ -55.62059, -18.23699 ], [ -55.62453, -18.23655 ], [ -55.62731, -18.23649 ] ], [ [ -55.60163, -18.23857 ], [ -55.60428, -18.2395 ], [ -55.60537, -18.23966 ], [ -55.60738, -18.23963 ], [ -55.61096, -18.23926 ], [ -55.6132, -18.23919 ], [ -55.61391, -18.23896 ], [ -55.61521, -18.23877 ] ], [ [ -55.60163, -18.23857 ], [ -55.60478, -18.23696 ], [ -55.60578, -18.23662 ], [ -55.60729, -18.23633 ], [ -55.60993, -18.23619 ], [ -55.61096, -18.23634 ], [ -55.61245, -18.23686 ], [ -55.61333, -18.23737 ], [ -55.61521, -18.23877 ] ], [ [ -55.58697, -18.23836 ], [ -55.59056, -18.24126 ], [ -55.59134, -18.24167 ], [ -55.59262, -18.24207 ], [ -55.59334, -18.24204 ], [ -55.59471, -18.24165 ], [ -55.59798, -18.24005 ] ], [ [ -55.58697, -18.23836 ], [ -55.59185, -18.2384 ], [ -55.59536, -18.23924 ], [ -55.59798, -18.24005 ] ], [ [ -55.67258, -18.23758 ], [ -55.67337, -18.23744 ] ], [ [ -55.69289, -18.23746 ], [ -55.6944, -18.23776 ], [ -55.69559, -18.23789 ], [ -55.69696, -18.23777 ], [ -55.69763, -18.23761 ], [ -55.6986, -18.23724 ], [ -55.70025, -18.23641 ], [ -55.70352, -18.2345 ], [ -55.70555, -18.23358 ], [ -55.70703, -18.23303 ], [ -55.71136, -18.23186 ], [ -55.71346, -18.23153 ], [ -55.71443, -18.23155 ] ], [ [ -55.67337, -18.23744 ], [ -55.67445, -18.23751 ], [ -55.67523, -18.23766 ], [ -55.67598, -18.23788 ], [ -55.67738, -18.2385 ], [ -55.67839, -18.23864 ], [ -55.68024, -18.23841 ], [ -55.68193, -18.23839 ], [ -55.68265, -18.23813 ], [ -55.68369, -18.23751 ], [ -55.68455, -18.23715 ], [ -55.68522, -18.23698 ], [ -55.68627, -18.2368 ], [ -55.68834, -18.23678 ] ], [ [ -55.67337, -18.23744 ], [ -55.67546, -18.23716 ], [ -55.67889, -18.23688 ], [ -55.67963, -18.23669 ], [ -55.68098, -18.23612 ], [ -55.68241, -18.23582 ], [ -55.68375, -18.23586 ], [ -55.68834, -18.23678 ] ], [ [ -55.67337, -18.23744 ], [ -55.68004, -18.23418 ], [ -55.68111, -18.23388 ], [ -55.68291, -18.2337 ], [ -55.68719, -18.23413 ], [ -55.6887, -18.23453 ], [ -55.68995, -18.23512 ], [ -55.69289, -18.23746 ] ], [ [ -55.68834, -18.23678 ], [ -55.6895, -18.2369 ], [ -55.69289, -18.23746 ] ], [ [ -55.86539, -18.23672 ], [ -55.86564, -18.23751 ], [ -55.86676, -18.23953 ], [ -55.86711, -18.23998 ], [ -55.86789, -18.24069 ], [ -55.86893, -18.24121 ], [ -55.87124, -18.24183 ], [ -55.87169, -18.24189 ], [ -55.8733, -18.24178 ] ], [ [ -55.62731, -18.23649 ], [ -55.62863, -18.23597 ], [ -55.62954, -18.23537 ], [ -55.63022, -18.23465 ], [ -55.63132, -18.23227 ] ], [ [ -55.37068, -18.23648 ], [ -55.37201, -18.23439 ], [ -55.37319, -18.23317 ], [ -55.37436, -18.23217 ], [ -55.37516, -18.23163 ], [ -55.37567, -18.23139 ] ], [ [ -55.25761, -18.23637 ], [ -55.25858, -18.23726 ], [ -55.25942, -18.23771 ], [ -55.26075, -18.23824 ], [ -55.26272, -18.23985 ], [ -55.26497, -18.24121 ] ], [ [ -55.25761, -18.23637 ], [ -55.25841, -18.23808 ], [ -55.25895, -18.23898 ], [ -55.25963, -18.23955 ], [ -55.26043, -18.24008 ], [ -55.26153, -18.24056 ], [ -55.26247, -18.24084 ], [ -55.26497, -18.24121 ] ], [ [ -55.14261, -18.23625 ], [ -55.14333, -18.23481 ], [ -55.14511, -18.23167 ], [ -55.14604, -18.22976 ], [ -55.14668, -18.22796 ], [ -55.14696, -18.22542 ], [ -55.1474, -18.22387 ], [ -55.14793, -18.22285 ], [ -55.14849, -18.22199 ] ], [ [ -55.30933, -18.2362 ], [ -55.30967, -18.23496 ], [ -55.31029, -18.23385 ], [ -55.31136, -18.23294 ], [ -55.31216, -18.23247 ], [ -55.31261, -18.23226 ], [ -55.31379, -18.23196 ], [ -55.31489, -18.23186 ], [ -55.31674, -18.23217 ], [ -55.31771, -18.23268 ], [ -55.31964, -18.23425 ] ], [ [ -55.21901, -18.23606 ], [ -55.2201, -18.23541 ], [ -55.221, -18.2346 ], [ -55.2223, -18.23309 ] ], [ [ -55.18247, -18.2347 ], [ -55.18569, -18.23336 ], [ -55.18637, -18.23301 ], [ -55.1868, -18.23263 ], [ -55.18954, -18.22889 ] ], [ [ -55.18247, -18.2347 ], [ -55.18398, -18.23285 ], [ -55.18496, -18.23205 ], [ -55.18954, -18.22889 ] ], [ [ -55.31964, -18.23425 ], [ -55.32071, -18.23469 ], [ -55.32264, -18.23583 ], [ -55.32333, -18.23633 ], [ -55.32427, -18.23764 ], [ -55.32498, -18.23949 ], [ -55.32527, -18.24047 ], [ -55.32538, -18.24133 ], [ -55.32525, -18.2422 ], [ -55.32459, -18.24341 ], [ -55.32369, -18.24419 ], [ -55.32175, -18.24469 ] ], [ [ -55.31964, -18.23425 ], [ -55.32052, -18.23533 ], [ -55.32229, -18.23853 ], [ -55.32272, -18.23962 ], [ -55.32293, -18.24057 ], [ -55.32289, -18.24157 ], [ -55.32255, -18.24278 ], [ -55.32175, -18.24469 ] ], [ [ -55.55098, -18.23395 ], [ -55.55091, -18.23423 ], [ -55.55002, -18.2356 ], [ -55.54972, -18.2362 ], [ -55.54931, -18.23765 ], [ -55.54929, -18.23848 ], [ -55.54949, -18.23957 ], [ -55.55011, -18.24142 ], [ -55.55109, -18.24294 ], [ -55.55147, -18.24335 ], [ -55.5538, -18.24493 ], [ -55.55538, -18.24623 ], [ -55.55671, -18.24679 ], [ -55.55794, -18.24699 ], [ -55.5594, -18.24697 ], [ -55.56096, -18.24665 ], [ -55.56266, -18.24585 ], [ -55.56488, -18.24449 ], [ -55.56897, -18.24079 ], [ -55.56983, -18.2399 ], [ -55.57142, -18.23735 ], [ -55.57278, -18.23567 ], [ -55.57342, -18.23505 ], [ -55.57563, -18.23382 ], [ -55.57681, -18.23335 ], [ -55.57815, -18.23293 ], [ -55.58008, -18.23276 ], [ -55.58128, -18.23305 ], [ -55.58173, -18.23325 ], [ -55.5827, -18.234 ], [ -55.58348, -18.23496 ], [ -55.58418, -18.23561 ], [ -55.58598, -18.23755 ], [ -55.58697, -18.23836 ] ], [ [ -55.85522, -18.23362 ], [ -55.85663, -18.23512 ], [ -55.8577, -18.2354 ], [ -55.86151, -18.23669 ], [ -55.86359, -18.23717 ], [ -55.86539, -18.23672 ] ], [ [ -55.85522, -18.23362 ], [ -55.85576, -18.23261 ], [ -55.8563, -18.23183 ], [ -55.85867, -18.22891 ], [ -55.85919, -18.22846 ], [ -55.85991, -18.228 ], [ -55.86119, -18.22763 ], [ -55.86205, -18.22754 ], [ -55.86286, -18.22767 ], [ -55.86346, -18.22798 ], [ -55.86431, -18.22861 ], [ -55.86468, -18.22916 ], [ -55.8648, -18.22962 ], [ -55.86479, -18.23015 ], [ -55.86444, -18.23208 ], [ -55.86468, -18.23335 ] ], [ [ -55.65763, -18.23345 ], [ -55.66136, -18.2357 ], [ -55.66275, -18.23639 ], [ -55.66335, -18.23647 ], [ -55.66412, -18.23643 ], [ -55.66549, -18.2365 ], [ -55.66842, -18.23703 ], [ -55.67258, -18.23758 ] ], [ [ -55.65763, -18.23345 ], [ -55.6583, -18.23417 ], [ -55.65956, -18.23586 ], [ -55.66079, -18.23724 ], [ -55.66224, -18.23854 ], [ -55.66351, -18.23919 ], [ -55.66448, -18.23949 ], [ -55.66599, -18.2397 ], [ -55.66764, -18.23962 ], [ -55.66815, -18.23952 ], [ -55.66873, -18.23935 ], [ -55.67176, -18.23804 ], [ -55.67258, -18.23758 ] ], [ [ -55.86468, -18.23335 ], [ -55.86719, -18.23457 ], [ -55.86912, -18.23534 ], [ -55.87061, -18.23606 ], [ -55.87171, -18.23702 ], [ -55.87208, -18.23755 ], [ -55.87235, -18.2381 ], [ -55.87259, -18.2393 ], [ -55.8733, -18.24178 ] ], [ [ -55.86468, -18.23335 ], [ -55.865, -18.23527 ], [ -55.86539, -18.23672 ] ], [ [ -55.2223, -18.23309 ], [ -55.22662, -18.23083 ], [ -55.22738, -18.2301 ], [ -55.22804, -18.22881 ], [ -55.22835, -18.22776 ], [ -55.22829, -18.22614 ], [ -55.22835, -18.22521 ], [ -55.22861, -18.2243 ], [ -55.22904, -18.22371 ], [ -55.22975, -18.22314 ], [ -55.23108, -18.22274 ] ], [ [ -55.2223, -18.23309 ], [ -55.22333, -18.23133 ], [ -55.22447, -18.22746 ], [ -55.22557, -18.2252 ], [ -55.22642, -18.224 ], [ -55.22754, -18.2232 ], [ -55.22871, -18.22278 ], [ -55.23001, -18.22264 ], [ -55.23108, -18.22274 ] ], [ [ -55.63132, -18.23227 ], [ -55.6353, -18.23071 ], [ -55.63715, -18.23032 ], [ -55.63811, -18.23037 ], [ -55.64017, -18.23095 ], [ -55.6439, -18.23157 ], [ -55.64458, -18.23159 ], [ -55.64618, -18.23132 ] ], [ [ -55.63132, -18.23227 ], [ -55.63183, -18.23083 ], [ -55.63249, -18.22946 ], [ -55.63326, -18.22847 ], [ -55.63398, -18.22775 ], [ -55.6359, -18.22641 ], [ -55.63686, -18.22592 ], [ -55.63804, -18.22555 ], [ -55.63948, -18.22538 ], [ -55.64076, -18.22545 ], [ -55.64118, -18.22561 ], [ -55.6417, -18.22595 ], [ -55.64389, -18.2288 ], [ -55.64538, -18.23034 ], [ -55.64618, -18.23132 ] ], [ [ -55.71443, -18.23155 ], [ -55.71693, -18.23327 ], [ -55.71879, -18.23338 ], [ -55.72047, -18.23325 ], [ -55.72125, -18.23305 ], [ -55.7217, -18.23282 ], [ -55.72349, -18.22998 ] ], [ [ -55.71443, -18.23155 ], [ -55.72004, -18.23125 ], [ -55.72051, -18.23116 ], [ -55.72349, -18.22998 ] ], [ [ -55.37567, -18.23139 ], [ -55.37663, -18.23116 ], [ -55.37824, -18.23112 ], [ -55.37905, -18.23126 ], [ -55.38077, -18.23182 ], [ -55.38178, -18.23186 ], [ -55.38279, -18.23165 ], [ -55.38462, -18.23109 ] ], [ [ -55.37567, -18.23139 ], [ -55.37926, -18.22964 ], [ -55.37975, -18.22947 ], [ -55.38021, -18.22943 ], [ -55.38061, -18.22949 ], [ -55.38113, -18.22971 ], [ -55.38325, -18.2307 ], [ -55.38402, -18.23098 ], [ -55.38462, -18.23109 ] ], [ [ -55.64618, -18.23132 ], [ -55.64948, -18.23087 ], [ -55.65066, -18.23093 ], [ -55.65281, -18.23158 ], [ -55.65492, -18.23207 ], [ -55.65662, -18.23269 ], [ -55.65763, -18.23345 ] ], [ [ -55.38462, -18.23109 ], [ -55.38549, -18.2309 ] ], [ [ -55.38549, -18.2309 ], [ -55.38692, -18.23079 ], [ -55.38799, -18.2308 ], [ -55.38893, -18.23096 ], [ -55.38994, -18.23125 ], [ -55.39078, -18.23129 ], [ -55.3926, -18.23087 ], [ -55.39429, -18.23094 ], [ -55.39536, -18.23083 ], [ -55.39651, -18.23034 ], [ -55.39964, -18.22851 ] ], [ [ -55.38549, -18.2309 ], [ -55.38864, -18.22912 ], [ -55.38912, -18.22891 ], [ -55.39138, -18.22907 ], [ -55.39212, -18.22896 ], [ -55.39282, -18.2287 ], [ -55.39479, -18.2277 ], [ -55.3957, -18.22752 ], [ -55.39678, -18.22737 ], [ -55.39772, -18.22751 ], [ -55.39836, -18.22775 ], [ -55.39964, -18.22851 ] ], [ [ -55.2076, -18.23031 ], [ -55.20829, -18.23253 ], [ -55.20886, -18.23337 ], [ -55.20955, -18.23407 ], [ -55.21057, -18.23484 ], [ -55.21171, -18.2354 ], [ -55.21336, -18.23585 ], [ -55.21496, -18.23615 ], [ -55.21901, -18.23606 ] ], [ [ -55.2076, -18.23031 ], [ -55.20717, -18.23261 ], [ -55.20687, -18.23381 ], [ -55.20689, -18.23481 ], [ -55.20737, -18.23587 ], [ -55.2082, -18.23684 ], [ -55.20926, -18.23775 ], [ -55.21062, -18.23832 ], [ -55.21267, -18.23849 ], [ -55.21407, -18.23829 ], [ -55.21547, -18.23787 ], [ -55.21723, -18.23711 ], [ -55.21901, -18.23606 ] ], [ [ -55.17524, -18.23016 ], [ -55.17494, -18.23345 ], [ -55.17496, -18.23472 ], [ -55.17521, -18.23581 ], [ -55.17582, -18.23687 ], [ -55.17678, -18.23766 ], [ -55.17779, -18.23795 ], [ -55.17925, -18.2379 ], [ -55.17993, -18.23766 ], [ -55.18056, -18.2372 ], [ -55.18247, -18.2347 ] ], [ [ -55.55394, -18.23002 ], [ -55.55301, -18.23103 ], [ -55.55136, -18.23256 ], [ -55.55098, -18.23395 ] ], [ [ -55.72349, -18.22998 ], [ -55.72576, -18.22928 ], [ -55.72898, -18.22817 ], [ -55.72945, -18.22797 ], [ -55.73104, -18.2269 ] ], [ [ -55.42153, -18.22968 ], [ -55.42512, -18.2314 ], [ -55.42599, -18.23152 ], [ -55.42651, -18.23151 ], [ -55.42701, -18.2313 ], [ -55.42761, -18.23085 ], [ -55.43001, -18.22841 ] ], [ [ -55.42153, -18.22968 ], [ -55.42334, -18.22966 ], [ -55.42458, -18.22952 ], [ -55.43001, -18.22841 ] ], [ [ -55.18954, -18.22889 ], [ -55.19078, -18.22799 ], [ -55.19222, -18.22674 ], [ -55.19653, -18.22365 ], [ -55.19795, -18.22271 ], [ -55.19919, -18.22216 ], [ -55.2005, -18.22183 ] ], [ [ -55.20776, -18.22886 ], [ -55.2076, -18.23031 ] ], [ [ -55.39964, -18.22851 ], [ -55.40104, -18.22824 ], [ -55.40237, -18.22809 ], [ -55.40361, -18.22813 ], [ -55.40763, -18.22901 ], [ -55.40941, -18.22918 ], [ -55.41185, -18.2292 ], [ -55.41456, -18.22859 ], [ -55.41631, -18.22802 ], [ -55.41725, -18.22788 ], [ -55.41803, -18.22788 ], [ -55.41881, -18.22801 ], [ -55.41952, -18.22839 ], [ -55.42088, -18.2294 ], [ -55.42153, -18.22968 ] ], [ [ -55.43001, -18.22841 ], [ -55.43127, -18.2277 ], [ -55.43237, -18.22675 ], [ -55.43307, -18.22596 ] ], [ [ -55.55945, -18.22805 ], [ -55.5595, -18.22846 ], [ -55.56001, -18.22986 ], [ -55.56011, -18.23093 ], [ -55.55998, -18.23163 ], [ -55.55977, -18.23225 ], [ -55.55942, -18.23271 ], [ -55.55903, -18.23304 ], [ -55.55799, -18.23347 ], [ -55.55745, -18.23354 ], [ -55.55098, -18.23395 ] ], [ [ -55.84346, -18.22793 ], [ -55.84362, -18.22883 ], [ -55.84406, -18.23051 ], [ -55.84477, -18.2321 ], [ -55.84525, -18.23279 ], [ -55.84595, -18.23353 ], [ -55.84672, -18.23408 ], [ -55.84749, -18.23444 ], [ -55.84811, -18.2346 ], [ -55.85053, -18.23488 ], [ -55.85163, -18.23488 ], [ -55.85261, -18.23472 ], [ -55.854, -18.23399 ], [ -55.85522, -18.23362 ] ], [ [ -55.16984, -18.22781 ], [ -55.17088, -18.22733 ], [ -55.17225, -18.22715 ], [ -55.17344, -18.22757 ], [ -55.17428, -18.2282 ], [ -55.17496, -18.2291 ], [ -55.17524, -18.23016 ] ], [ [ -55.16984, -18.22781 ], [ -55.17186, -18.22609 ], [ -55.17276, -18.22581 ], [ -55.17364, -18.22572 ], [ -55.17431, -18.22587 ], [ -55.17558, -18.2267 ], [ -55.17597, -18.22711 ], [ -55.17617, -18.2277 ], [ -55.17609, -18.22823 ], [ -55.17524, -18.23016 ] ], [ [ -55.74477, -18.22781 ], [ -55.74659, -18.22747 ] ], [ [ -55.73603, -18.22752 ], [ -55.73759, -18.22893 ], [ -55.73804, -18.22902 ], [ -55.73853, -18.22898 ], [ -55.73995, -18.22864 ], [ -55.74477, -18.22781 ] ], [ [ -55.73603, -18.22752 ], [ -55.73752, -18.22629 ], [ -55.73788, -18.22621 ], [ -55.74044, -18.22616 ], [ -55.74149, -18.22634 ] ], [ [ -55.74659, -18.22747 ], [ -55.75033, -18.22666 ], [ -55.75177, -18.22575 ], [ -55.75261, -18.2247 ], [ -55.75295, -18.22399 ], [ -55.75383, -18.22038 ] ], [ [ -55.74659, -18.22747 ], [ -55.74848, -18.2254 ], [ -55.75058, -18.22364 ], [ -55.75383, -18.22038 ] ], [ [ -55.15939, -18.22709 ], [ -55.15962, -18.2298 ], [ -55.15986, -18.23095 ], [ -55.16031, -18.23188 ], [ -55.16108, -18.23257 ], [ -55.16208, -18.23302 ], [ -55.16312, -18.23315 ], [ -55.16445, -18.23313 ], [ -55.16607, -18.2325 ], [ -55.1665, -18.23216 ], [ -55.16696, -18.23162 ], [ -55.16889, -18.22876 ], [ -55.16984, -18.22781 ] ], [ [ -55.73104, -18.2269 ], [ -55.73603, -18.22752 ] ], [ [ -55.73104, -18.2269 ], [ -55.73326, -18.22539 ], [ -55.73374, -18.22514 ], [ -55.7352, -18.22459 ], [ -55.73641, -18.22445 ], [ -55.73788, -18.22444 ], [ -55.73857, -18.22455 ], [ -55.74149, -18.22634 ] ], [ [ -55.74149, -18.22634 ], [ -55.7422, -18.22667 ], [ -55.74305, -18.22732 ], [ -55.74384, -18.22761 ], [ -55.74477, -18.22781 ] ], [ [ -55.43307, -18.22596 ], [ -55.43342, -18.22552 ], [ -55.4345, -18.2246 ], [ -55.43859, -18.22162 ] ], [ [ -55.43307, -18.22596 ], [ -55.43299, -18.22429 ], [ -55.43305, -18.22376 ], [ -55.43325, -18.22326 ], [ -55.43477, -18.22171 ], [ -55.43519, -18.22114 ], [ -55.43584, -18.22063 ], [ -55.4365, -18.22023 ], [ -55.43967, -18.21892 ] ], [ [ -55.50764, -18.2258 ], [ -55.50877, -18.22551 ], [ -55.51066, -18.22488 ], [ -55.51207, -18.22457 ], [ -55.51412, -18.22429 ] ], [ [ -55.5556, -18.22519 ], [ -55.55741, -18.22669 ], [ -55.55945, -18.22805 ] ], [ [ -55.5556, -18.22519 ], [ -55.55624, -18.22637 ], [ -55.5564, -18.22694 ], [ -55.55639, -18.22786 ], [ -55.55621, -18.22854 ], [ -55.55586, -18.22912 ], [ -55.55408, -18.2299 ], [ -55.55394, -18.23002 ] ], [ [ -55.50073, -18.22507 ], [ -55.5018, -18.22561 ], [ -55.50363, -18.22617 ], [ -55.50467, -18.22628 ], [ -55.50576, -18.22622 ], [ -55.50764, -18.2258 ] ], [ [ -55.50073, -18.22507 ], [ -55.50182, -18.22778 ], [ -55.50224, -18.22821 ], [ -55.50288, -18.22863 ], [ -55.50345, -18.22889 ], [ -55.50386, -18.22898 ], [ -55.50431, -18.229 ], [ -55.50489, -18.22876 ], [ -55.50764, -18.2258 ] ], [ [ -55.55457, -18.2245 ], [ -55.55809, -18.22544 ], [ -55.55851, -18.22572 ], [ -55.55889, -18.22606 ], [ -55.55926, -18.22655 ], [ -55.55945, -18.22805 ] ], [ [ -55.55457, -18.2245 ], [ -55.5556, -18.22519 ] ], [ [ -55.55457, -18.2245 ], [ -55.55493, -18.22544 ], [ -55.55502, -18.22641 ], [ -55.55485, -18.227 ], [ -55.5544, -18.22799 ], [ -55.55394, -18.23002 ] ], [ [ -55.47912, -18.22449 ], [ -55.48205, -18.22422 ], [ -55.48305, -18.22404 ], [ -55.48458, -18.22332 ], [ -55.48527, -18.22265 ], [ -55.48598, -18.22159 ], [ -55.48712, -18.21935 ], [ -55.48792, -18.21861 ], [ -55.48842, -18.21833 ], [ -55.49039, -18.21779 ], [ -55.49119, -18.21746 ], [ -55.493, -18.21643 ], [ -55.49352, -18.21622 ], [ -55.49412, -18.2161 ], [ -55.49494, -18.21607 ] ], [ [ -55.47912, -18.22449 ], [ -55.48035, -18.22376 ], [ -55.48421, -18.22006 ], [ -55.48493, -18.21926 ], [ -55.48577, -18.2186 ], [ -55.48773, -18.21726 ], [ -55.48911, -18.21644 ], [ -55.49046, -18.21593 ], [ -55.49111, -18.21577 ], [ -55.49179, -18.2157 ], [ -55.49345, -18.21582 ], [ -55.49494, -18.21607 ] ], [ [ -55.51412, -18.22429 ], [ -55.51648, -18.2257 ], [ -55.51712, -18.22577 ], [ -55.51788, -18.22562 ], [ -55.52269, -18.22419 ] ], [ [ -55.51412, -18.22429 ], [ -55.51774, -18.22375 ], [ -55.52269, -18.22419 ] ], [ [ -55.47612, -18.22424 ], [ -55.47819, -18.22455 ], [ -55.47912, -18.22449 ] ], [ [ -55.52269, -18.22419 ], [ -55.52395, -18.22404 ], [ -55.52617, -18.22346 ], [ -55.52754, -18.22293 ], [ -55.53148, -18.22093 ] ], [ [ -55.55359, -18.22407 ], [ -55.55457, -18.2245 ] ], [ [ -55.83075, -18.22364 ], [ -55.83228, -18.22365 ], [ -55.83304, -18.22357 ], [ -55.83344, -18.22344 ], [ -55.8362, -18.22072 ], [ -55.83706, -18.22009 ], [ -55.8381, -18.21954 ], [ -55.83962, -18.21924 ] ], [ [ -55.23108, -18.22274 ], [ -55.23218, -18.22318 ], [ -55.23279, -18.22387 ], [ -55.23399, -18.22721 ], [ -55.23424, -18.2282 ], [ -55.23446, -18.22941 ], [ -55.23441, -18.23096 ], [ -55.2341, -18.2331 ], [ -55.23402, -18.24068 ], [ -55.23433, -18.24251 ], [ -55.23476, -18.24407 ], [ -55.23548, -18.24739 ] ], [ [ -55.14849, -18.22199 ], [ -55.14899, -18.22147 ], [ -55.1497, -18.22114 ], [ -55.15087, -18.22098 ], [ -55.15212, -18.22102 ], [ -55.15367, -18.2212 ], [ -55.15597, -18.22163 ], [ -55.15694, -18.222 ], [ -55.15744, -18.22241 ], [ -55.15766, -18.22294 ], [ -55.1576, -18.22408 ], [ -55.15764, -18.22459 ], [ -55.15781, -18.22504 ], [ -55.15939, -18.22709 ] ], [ [ -55.14849, -18.22199 ], [ -55.14866, -18.21842 ], [ -55.14903, -18.21728 ], [ -55.14956, -18.21654 ], [ -55.15083, -18.21568 ], [ -55.15227, -18.21542 ], [ -55.15327, -18.21539 ], [ -55.15418, -18.21559 ], [ -55.15528, -18.21607 ], [ -55.15615, -18.21666 ], [ -55.15682, -18.21757 ], [ -55.15746, -18.21882 ], [ -55.15847, -18.22137 ], [ -55.1593, -18.22244 ], [ -55.15962, -18.22325 ], [ -55.15978, -18.22402 ], [ -55.1598, -18.22489 ], [ -55.15939, -18.22709 ] ], [ [ -55.2005, -18.22183 ], [ -55.20166, -18.22188 ], [ -55.20276, -18.22229 ], [ -55.20363, -18.22295 ], [ -55.20678, -18.22674 ], [ -55.20745, -18.22789 ], [ -55.20776, -18.22886 ] ], [ [ -55.2005, -18.22183 ], [ -55.202, -18.22126 ], [ -55.20405, -18.22116 ], [ -55.20523, -18.22133 ], [ -55.20585, -18.2216 ], [ -55.20682, -18.22238 ], [ -55.20751, -18.22315 ], [ -55.20822, -18.22425 ], [ -55.20847, -18.22485 ], [ -55.20853, -18.22574 ], [ -55.20776, -18.22886 ] ], [ [ -55.43859, -18.22162 ], [ -55.43901, -18.22107 ], [ -55.43928, -18.22048 ], [ -55.43967, -18.21892 ] ], [ [ -55.43859, -18.22162 ], [ -55.44042, -18.22069 ], [ -55.44108, -18.22015 ], [ -55.44139, -18.21978 ], [ -55.44163, -18.21937 ], [ -55.4418, -18.2184 ], [ -55.442, -18.21785 ], [ -55.44341, -18.21503 ] ], [ [ -55.4671, -18.22111 ], [ -55.46881, -18.22182 ], [ -55.47112, -18.22336 ], [ -55.47184, -18.22368 ], [ -55.4738, -18.22383 ], [ -55.47612, -18.22424 ] ], [ [ -55.4671, -18.22111 ], [ -55.47021, -18.2208 ], [ -55.47089, -18.22085 ], [ -55.47158, -18.22101 ], [ -55.47295, -18.22163 ], [ -55.47359, -18.22208 ], [ -55.47528, -18.22374 ], [ -55.47612, -18.22424 ] ], [ [ -55.53148, -18.22093 ], [ -55.53306, -18.22024 ] ], [ [ -55.53148, -18.22093 ], [ -55.53375, -18.21869 ], [ -55.53458, -18.21811 ], [ -55.53541, -18.21792 ], [ -55.53609, -18.21788 ], [ -55.53927, -18.21838 ] ], [ [ -55.81523, -18.22057 ], [ -55.81651, -18.2208 ], [ -55.81771, -18.22113 ], [ -55.82172, -18.22295 ], [ -55.82259, -18.22327 ], [ -55.8252, -18.224 ], [ -55.82702, -18.22427 ], [ -55.82874, -18.22425 ], [ -55.83075, -18.22364 ] ], [ [ -55.81523, -18.22057 ], [ -55.82132, -18.22014 ], [ -55.82442, -18.22035 ], [ -55.82576, -18.22056 ], [ -55.82715, -18.2211 ], [ -55.83075, -18.22364 ] ], [ [ -55.75383, -18.22038 ], [ -55.75414, -18.21908 ], [ -55.75527, -18.21653 ] ], [ [ -55.53306, -18.22024 ], [ -55.53505, -18.22016 ], [ -55.53596, -18.22022 ], [ -55.53697, -18.22039 ], [ -55.53836, -18.22081 ], [ -55.53898, -18.22089 ], [ -55.54045, -18.22058 ], [ -55.54098, -18.22054 ], [ -55.54209, -18.22099 ], [ -55.54358, -18.2221 ], [ -55.54456, -18.22258 ], [ -55.54991, -18.2237 ], [ -55.55359, -18.22407 ] ], [ [ -55.53306, -18.22024 ], [ -55.53651, -18.21874 ], [ -55.53777, -18.21846 ], [ -55.53927, -18.21838 ] ], [ [ -55.80263, -18.21984 ], [ -55.80382, -18.22035 ], [ -55.80657, -18.22124 ], [ -55.80845, -18.22156 ], [ -55.80945, -18.22155 ], [ -55.81181, -18.221 ], [ -55.81414, -18.22063 ], [ -55.81523, -18.22057 ] ], [ [ -55.83962, -18.21924 ], [ -55.84041, -18.21932 ], [ -55.84099, -18.21962 ], [ -55.84158, -18.22023 ], [ -55.84236, -18.22257 ], [ -55.84346, -18.22793 ] ], [ [ -55.83962, -18.21924 ], [ -55.84319, -18.21845 ], [ -55.84368, -18.21841 ], [ -55.84428, -18.21851 ], [ -55.84521, -18.21889 ], [ -55.84571, -18.21935 ], [ -55.84591, -18.21968 ], [ -55.84613, -18.2203 ], [ -55.84616, -18.22068 ], [ -55.84607, -18.22239 ], [ -55.84585, -18.22342 ], [ -55.84533, -18.22466 ], [ -55.84346, -18.22793 ] ], [ [ -55.43967, -18.21892 ], [ -55.44046, -18.21771 ], [ -55.44107, -18.21694 ], [ -55.44231, -18.21583 ], [ -55.44341, -18.21503 ] ], [ [ -55.76685, -18.21889 ], [ -55.77014, -18.21998 ], [ -55.7711, -18.22005 ], [ -55.77258, -18.21996 ], [ -55.77555, -18.21946 ], [ -55.77597, -18.21926 ], [ -55.77647, -18.21913 ], [ -55.77715, -18.21877 ], [ -55.77791, -18.21811 ], [ -55.77939, -18.21594 ], [ -55.78003, -18.21533 ], [ -55.78082, -18.21484 ], [ -55.78219, -18.2143 ], [ -55.78309, -18.21372 ], [ -55.78433, -18.2131 ], [ -55.78646, -18.21133 ] ], [ [ -55.76685, -18.21889 ], [ -55.76941, -18.21808 ], [ -55.77173, -18.21827 ], [ -55.77227, -18.21823 ], [ -55.77282, -18.21806 ], [ -55.77358, -18.21766 ], [ -55.77604, -18.21594 ], [ -55.77713, -18.21533 ], [ -55.77832, -18.21442 ], [ -55.78197, -18.21205 ], [ -55.78372, -18.21141 ], [ -55.78646, -18.21133 ] ], [ [ -55.53927, -18.21838 ], [ -55.5405, -18.21865 ], [ -55.54146, -18.21896 ], [ -55.54247, -18.21951 ], [ -55.54535, -18.22155 ], [ -55.54742, -18.2221 ], [ -55.55021, -18.22258 ], [ -55.55108, -18.2229 ], [ -55.55359, -18.22407 ] ], [ [ -55.76397, -18.21697 ], [ -55.7643, -18.21742 ], [ -55.76466, -18.21766 ], [ -55.76589, -18.21845 ], [ -55.76685, -18.21889 ] ], [ [ -55.75527, -18.21653 ], [ -55.75841, -18.21697 ], [ -55.76013, -18.21711 ], [ -55.76397, -18.21697 ] ], [ [ -55.75527, -18.21653 ], [ -55.75605, -18.2149 ], [ -55.75677, -18.21399 ], [ -55.75832, -18.21293 ], [ -55.75922, -18.21272 ], [ -55.75993, -18.2128 ], [ -55.76091, -18.21338 ], [ -55.76283, -18.21542 ], [ -55.76397, -18.21697 ] ], [ [ -55.49625, -18.21639 ], [ -55.49793, -18.21677 ], [ -55.49886, -18.21718 ], [ -55.49926, -18.21758 ], [ -55.49952, -18.21805 ], [ -55.49967, -18.21854 ], [ -55.49967, -18.21904 ], [ -55.49958, -18.21956 ], [ -55.49923, -18.22055 ], [ -55.49929, -18.22101 ], [ -55.4998, -18.22229 ], [ -55.50073, -18.22507 ] ], [ [ -55.49625, -18.21639 ], [ -55.49709, -18.21796 ], [ -55.49766, -18.21949 ], [ -55.49775, -18.22055 ], [ -55.49806, -18.22216 ], [ -55.49838, -18.22269 ], [ -55.49909, -18.22357 ], [ -55.49986, -18.22435 ], [ -55.50073, -18.22507 ] ], [ [ -55.49494, -18.21607 ], [ -55.49555, -18.21615 ], [ -55.49625, -18.21639 ] ], [ [ -55.79683, -18.21544 ], [ -55.79959, -18.21569 ], [ -55.80023, -18.21588 ], [ -55.80069, -18.21618 ], [ -55.80134, -18.21698 ], [ -55.80263, -18.21984 ] ], [ [ -55.79683, -18.21544 ], [ -55.7985, -18.2176 ], [ -55.79891, -18.21798 ], [ -55.79984, -18.21858 ], [ -55.80263, -18.21984 ] ], [ [ -55.44341, -18.21503 ], [ -55.4454, -18.21396 ], [ -55.44704, -18.21362 ], [ -55.44886, -18.21361 ], [ -55.45301, -18.21404 ], [ -55.4545, -18.21433 ], [ -55.45521, -18.21459 ], [ -55.45612, -18.21553 ], [ -55.45696, -18.21609 ], [ -55.45926, -18.21633 ], [ -55.45988, -18.21652 ], [ -55.46065, -18.21699 ], [ -55.46501, -18.22047 ], [ -55.4663, -18.22097 ], [ -55.4671, -18.22111 ] ], [ [ -55.78646, -18.21133 ], [ -55.78775, -18.21124 ], [ -55.78969, -18.21143 ], [ -55.79194, -18.21219 ], [ -55.7926, -18.21247 ], [ -55.79405, -18.21331 ], [ -55.79683, -18.21544 ] ], [ [ -53.41522, -17.99428 ], [ -53.41512, -17.99343 ], [ -53.41515, -17.99304 ], [ -53.41598, -17.98977 ], [ -53.41621, -17.98933 ], [ -53.41695, -17.98842 ], [ -53.41749, -17.98642 ], [ -53.41778, -17.98593 ], [ -53.41811, -17.9856 ], [ -53.41866, -17.98542 ], [ -53.4193, -17.98554 ], [ -53.41978, -17.98583 ], [ -53.42055, -17.98653 ], [ -53.42118, -17.98727 ], [ -53.4216, -17.988 ], [ -53.42176, -17.98845 ], [ -53.42187, -17.98944 ], [ -53.42212, -17.98976 ], [ -53.42242, -17.9898 ], [ -53.42283, -17.98967 ], [ -53.42396, -17.98892 ], [ -53.42486, -17.98849 ] ], [ [ -53.42648, -17.99197 ], [ -53.42561, -17.99126 ], [ -53.42512, -17.99051 ], [ -53.42482, -17.98945 ], [ -53.42486, -17.98849 ] ], [ [ -53.40213, -17.99183 ], [ -53.40266, -17.99211 ], [ -53.40384, -17.99293 ], [ -53.40436, -17.99314 ], [ -53.4057, -17.99313 ], [ -53.40696, -17.99325 ], [ -53.40764, -17.99311 ], [ -53.40777, -17.99297 ], [ -53.40777, -17.9927 ], [ -53.40723, -17.99177 ], [ -53.40716, -17.99147 ], [ -53.40719, -17.99118 ], [ -53.40846, -17.98895 ], [ -53.40878, -17.98863 ], [ -53.40904, -17.98858 ], [ -53.40928, -17.98871 ], [ -53.40991, -17.98962 ], [ -53.41125, -17.99095 ], [ -53.41269, -17.99323 ], [ -53.41392, -17.99461 ], [ -53.41436, -17.99493 ], [ -53.41479, -17.99512 ], [ -53.41515, -17.99486 ], [ -53.4153, -17.9944 ] ], [ [ -53.42486, -17.98849 ], [ -53.42603, -17.98795 ], [ -53.42637, -17.98755 ], [ -53.42654, -17.98711 ], [ -53.42654, -17.98658 ], [ -53.4264, -17.98622 ], [ -53.42607, -17.98585 ], [ -53.42528, -17.98525 ], [ -53.42512, -17.98499 ], [ -53.42525, -17.98453 ], [ -53.42564, -17.98426 ], [ -53.42687, -17.98379 ], [ -53.42735, -17.98389 ], [ -53.42758, -17.98418 ], [ -53.4278, -17.98529 ], [ -53.42807, -17.98589 ], [ -53.42843, -17.98625 ], [ -53.42892, -17.98639 ], [ -53.4295, -17.98623 ], [ -53.43006, -17.98589 ], [ -53.43132, -17.98461 ], [ -53.4317, -17.98432 ], [ -53.43198, -17.9842 ], [ -53.43227, -17.98423 ], [ -53.4326, -17.98447 ], [ -53.43272, -17.98473 ], [ -53.43272, -17.9862 ], [ -53.43295, -17.98739 ], [ -53.43318, -17.98772 ], [ -53.43359, -17.98787 ], [ -53.43416, -17.98763 ], [ -53.43464, -17.98704 ], [ -53.43489, -17.98617 ], [ -53.43501, -17.9848 ], [ -53.43516, -17.98405 ], [ -53.43547, -17.98359 ], [ -53.43583, -17.98338 ], [ -53.43626, -17.9836 ], [ -53.43654, -17.98405 ], [ -53.43651, -17.98525 ], [ -53.43602, -17.98877 ], [ -53.4361, -17.98926 ], [ -53.43642, -17.98964 ], [ -53.43738, -17.98994 ], [ -53.43846, -17.99051 ], [ -53.43905, -17.9906 ], [ -53.4395, -17.99046 ], [ -53.44114, -17.98947 ], [ -53.44191, -17.9892 ], [ -53.44226, -17.9893 ], [ -53.44247, -17.98956 ], [ -53.44249, -17.99022 ], [ -53.44207, -17.99213 ], [ -53.44204, -17.99271 ], [ -53.44215, -17.99297 ], [ -53.44247, -17.9933 ], [ -53.44293, -17.99355 ], [ -53.4434, -17.99354 ], [ -53.44376, -17.99331 ], [ -53.44437, -17.99224 ], [ -53.44492, -17.99181 ], [ -53.44564, -17.9916 ], [ -53.44647, -17.99181 ], [ -53.44666, -17.9921 ], [ -53.44665, -17.99249 ], [ -53.44596, -17.99367 ], [ -53.44597, -17.99469 ], [ -53.44506, -17.9962 ], [ -53.44491, -17.99671 ], [ -53.44492, -17.99746 ], [ -53.44551, -17.99825 ], [ -53.44597, -17.99833 ], [ -53.44659, -17.99829 ], [ -53.44779, -17.99784 ], [ -53.44924, -17.99752 ], [ -53.45054, -17.9977 ], [ -53.45155, -17.9976 ], [ -53.45213, -17.99774 ], [ -53.45419, -17.99907 ], [ -53.45497, -18.00006 ], [ -53.45494, -18.00059 ], [ -53.45337, -18.00187 ], [ -53.45343, -18.00225 ], [ -53.45377, -18.00248 ], [ -53.45523, -18.00288 ], [ -53.4555, -18.00304 ], [ -53.45582, -18.00339 ], [ -53.45587, -18.0037 ], [ -53.45573, -18.00412 ], [ -53.45523, -18.00491 ], [ -53.45523, -18.00511 ], [ -53.4555, -18.00527 ], [ -53.45586, -18.00525 ], [ -53.45637, -18.00484 ], [ -53.45724, -18.00389 ], [ -53.45752, -18.00373 ], [ -53.45786, -18.00369 ], [ -53.45834, -18.00392 ], [ -53.45851, -18.00419 ], [ -53.45852, -18.0046 ], [ -53.45711, -18.00709 ], [ -53.45684, -18.00822 ], [ -53.4569, -18.00884 ], [ -53.45757, -18.0092 ], [ -53.45799, -18.00927 ], [ -53.45968, -18.00908 ], [ -53.46026, -18.00918 ], [ -53.46055, -18.00941 ], [ -53.46084, -18.01001 ], [ -53.46077, -18.01025 ], [ -53.46056, -18.01073 ], [ -53.46009, -18.01109 ], [ -53.45969, -18.01122 ], [ -53.45902, -18.01119 ], [ -53.45849, -18.01105 ], [ -53.45792, -18.01076 ], [ -53.45729, -18.01061 ], [ -53.45674, -18.01084 ], [ -53.45654, -18.01115 ], [ -53.45655, -18.01148 ], [ -53.45681, -18.0119 ], [ -53.45739, -18.01246 ], [ -53.45782, -18.01306 ], [ -53.458, -18.01355 ], [ -53.45787, -18.01436 ], [ -53.45802, -18.01461 ], [ -53.45869, -18.01492 ], [ -53.45988, -18.0147 ], [ -53.46049, -18.01477 ], [ -53.46068, -18.01486 ], [ -53.46106, -18.01543 ], [ -53.46102, -18.01562 ], [ -53.46085, -18.01576 ], [ -53.45998, -18.01591 ], [ -53.45913, -18.01595 ], [ -53.45793, -18.01587 ], [ -53.45776, -18.01593 ], [ -53.45759, -18.01627 ], [ -53.4577, -18.01666 ], [ -53.458, -18.01705 ], [ -53.45964, -18.01845 ], [ -53.4599, -18.01892 ], [ -53.45993, -18.01953 ], [ -53.46051, -18.0207 ], [ -53.4605, -18.02137 ], [ -53.46027, -18.02208 ], [ -53.45985, -18.02287 ], [ -53.4599, -18.02306 ], [ -53.46015, -18.02331 ], [ -53.46049, -18.02338 ], [ -53.46122, -18.0233 ], [ -53.46206, -18.02307 ], [ -53.46255, -18.02314 ], [ -53.46286, -18.02352 ], [ -53.46298, -18.02475 ], [ -53.46324, -18.02521 ], [ -53.46351, -18.02537 ], [ -53.46386, -18.02545 ], [ -53.46435, -18.02543 ], [ -53.46506, -18.02515 ], [ -53.46555, -18.02473 ], [ -53.4661, -18.02408 ], [ -53.46651, -18.02394 ], [ -53.46675, -18.02394 ], [ -53.4671, -18.02415 ], [ -53.46721, -18.02431 ], [ -53.4673, -18.0251 ], [ -53.46689, -18.02601 ], [ -53.46661, -18.02641 ], [ -53.46594, -18.02713 ], [ -53.46583, -18.02732 ], [ -53.46582, -18.02756 ], [ -53.46593, -18.02784 ], [ -53.46628, -18.02801 ], [ -53.46855, -18.02865 ], [ -53.46883, -18.02892 ], [ -53.4689, -18.02913 ], [ -53.4689, -18.0294 ], [ -53.46852, -18.02987 ], [ -53.46743, -18.03045 ], [ -53.46731, -18.03065 ], [ -53.46728, -18.03095 ], [ -53.46735, -18.03114 ], [ -53.46813, -18.03201 ], [ -53.4683, -18.03237 ], [ -53.46831, -18.03284 ], [ -53.46794, -18.03342 ], [ -53.46738, -18.03392 ], [ -53.46737, -18.03451 ], [ -53.46759, -18.03466 ], [ -53.46832, -18.03486 ], [ -53.46956, -18.03494 ], [ -53.47004, -18.03506 ], [ -53.47074, -18.03568 ], [ -53.47097, -18.03615 ], [ -53.47135, -18.03658 ], [ -53.47172, -18.03682 ], [ -53.47261, -18.03698 ], [ -53.47296, -18.03713 ], [ -53.47323, -18.03764 ], [ -53.47301, -18.03822 ], [ -53.47264, -18.03884 ], [ -53.47279, -18.03916 ], [ -53.47328, -18.03971 ], [ -53.47353, -18.03983 ], [ -53.47373, -18.03982 ], [ -53.47416, -18.03952 ], [ -53.47447, -18.03912 ], [ -53.47548, -18.03734 ], [ -53.47605, -18.0367 ], [ -53.47656, -18.03634 ], [ -53.47736, -18.03628 ], [ -53.47773, -18.03641 ], [ -53.478, -18.03665 ], [ -53.4794, -18.03874 ], [ -53.48011, -18.03951 ], [ -53.48041, -18.03961 ], [ -53.48079, -18.03961 ], [ -53.48112, -18.03939 ], [ -53.48186, -18.03863 ], [ -53.48236, -18.0384 ], [ -53.48268, -18.03838 ], [ -53.48314, -18.03858 ], [ -53.48356, -18.03888 ], [ -53.48467, -18.04036 ], [ -53.48555, -18.04076 ], [ -53.48629, -18.04064 ], [ -53.48701, -18.04023 ], [ -53.48876, -18.039 ], [ -53.48968, -18.03863 ], [ -53.49193, -18.03864 ], [ -53.49276, -18.03854 ], [ -53.49309, -18.03844 ], [ -53.49516, -18.03697 ], [ -53.49654, -18.03641 ], [ -53.4973, -18.03633 ], [ -53.49823, -18.03659 ], [ -53.49914, -18.0364 ], [ -53.49945, -18.03625 ], [ -53.49987, -18.03593 ], [ -53.5002, -18.03553 ], [ -53.50052, -18.03415 ], [ -53.50081, -18.03326 ], [ -53.50097, -18.03239 ], [ -53.50078, -18.02909 ], [ -53.50091, -18.02863 ], [ -53.50126, -18.02817 ], [ -53.5017, -18.02811 ], [ -53.50204, -18.02818 ], [ -53.50233, -18.02836 ], [ -53.50333, -18.02932 ], [ -53.50385, -18.02942 ], [ -53.50436, -18.02925 ], [ -53.50475, -18.02898 ], [ -53.50609, -18.02742 ], [ -53.50656, -18.02702 ], [ -53.50692, -18.02685 ], [ -53.5076, -18.02684 ], [ -53.51131, -18.0272 ], [ -53.51205, -18.02718 ], [ -53.51249, -18.02706 ], [ -53.51291, -18.02681 ], [ -53.51312, -18.02652 ], [ -53.514, -18.02433 ], [ -53.51459, -18.02341 ], [ -53.51593, -18.02187 ], [ -53.51689, -18.02105 ], [ -53.51738, -18.02079 ], [ -53.51833, -18.02057 ], [ -53.5195, -18.02058 ], [ -53.52226, -18.0212 ], [ -53.52302, -18.02126 ], [ -53.5235, -18.02119 ], [ -53.52493, -18.02068 ], [ -53.52563, -18.02059 ], [ -53.52619, -18.02071 ], [ -53.52748, -18.02127 ], [ -53.52812, -18.02132 ], [ -53.52889, -18.02125 ], [ -53.52923, -18.02114 ], [ -53.53061, -18.02032 ], [ -53.53246, -18.02017 ], [ -53.53367, -18.01943 ], [ -53.53479, -18.0193 ], [ -53.53654, -18.01819 ], [ -53.53923, -18.0171 ], [ -53.53969, -18.01699 ], [ -53.54087, -18.01692 ], [ -53.54132, -18.01681 ], [ -53.5435, -18.01551 ], [ -53.5445, -18.01522 ], [ -53.54595, -18.01494 ], [ -53.54647, -18.0149 ], [ -53.54795, -18.01497 ], [ -53.55126, -18.01568 ], [ -53.55185, -18.01559 ], [ -53.55285, -18.01517 ], [ -53.55344, -18.0151 ], [ -53.55393, -18.01531 ], [ -53.55504, -18.0162 ], [ -53.5554, -18.0163 ], [ -53.5558, -18.01624 ], [ -53.55594, -18.01607 ], [ -53.55588, -18.01575 ], [ -53.55511, -18.01453 ], [ -53.55495, -18.01404 ], [ -53.55511, -18.01378 ], [ -53.55647, -18.01308 ], [ -53.55679, -18.01274 ], [ -53.55712, -18.01214 ], [ -53.55708, -18.01171 ], [ -53.55649, -18.0112 ], [ -53.55638, -18.0108 ], [ -53.55647, -18.0104 ], [ -53.55703, -18.00959 ], [ -53.55716, -18.00915 ], [ -53.55706, -18.00863 ], [ -53.55648, -18.00717 ], [ -53.55644, -18.00673 ], [ -53.55656, -18.0063 ], [ -53.55721, -18.00536 ], [ -53.55762, -18.0051 ], [ -53.55861, -18.00478 ], [ -53.56036, -18.00454 ], [ -53.56096, -18.0043 ], [ -53.56141, -18.00379 ], [ -53.56193, -18.00271 ], [ -53.56224, -18.00249 ], [ -53.56282, -18.00243 ], [ -53.56307, -18.00287 ], [ -53.56376, -18.00349 ], [ -53.56488, -18.00424 ], [ -53.56514, -18.00418 ], [ -53.56592, -18.00357 ], [ -53.5663, -18.00341 ], [ -53.56664, -18.00339 ], [ -53.56705, -18.00363 ], [ -53.56718, -18.00378 ], [ -53.56715, -18.00404 ], [ -53.56637, -18.0051 ], [ -53.56642, -18.00544 ], [ -53.5668, -18.00574 ], [ -53.56797, -18.00622 ], [ -53.56844, -18.00655 ], [ -53.57043, -18.00884 ], [ -53.57159, -18.01043 ], [ -53.57252, -18.0113 ], [ -53.5734, -18.01179 ], [ -53.57433, -18.01212 ], [ -53.57531, -18.01218 ], [ -53.57576, -18.01209 ], [ -53.57691, -18.01162 ], [ -53.57762, -18.01152 ], [ -53.58027, -18.01198 ], [ -53.58211, -18.01213 ], [ -53.58227, -18.01201 ], [ -53.58209, -18.01102 ], [ -53.58222, -18.01035 ], [ -53.58241, -18.01014 ], [ -53.58283, -18.00992 ], [ -53.58376, -18.00971 ], [ -53.58417, -18.00982 ], [ -53.58536, -18.01061 ], [ -53.5865, -18.00989 ], [ -53.58688, -18.00999 ], [ -53.58724, -18.01034 ], [ -53.58777, -18.01226 ], [ -53.5879, -18.01249 ], [ -53.5881, -18.01263 ], [ -53.58836, -18.01268 ], [ -53.58868, -18.01262 ], [ -53.58907, -18.01242 ], [ -53.5893, -18.01221 ], [ -53.58946, -18.0118 ], [ -53.5893, -18.01069 ], [ -53.58934, -18.01047 ], [ -53.58993, -18.00996 ], [ -53.58999, -18.00981 ], [ -53.58997, -18.00964 ], [ -53.58961, -18.00946 ], [ -53.58843, -18.00932 ], [ -53.58818, -18.009 ], [ -53.58824, -18.00869 ], [ -53.58856, -18.00834 ], [ -53.5889, -18.00816 ], [ -53.58949, -18.00811 ], [ -53.59083, -18.0082 ], [ -53.59113, -18.00806 ], [ -53.59139, -18.00776 ], [ -53.59111, -18.0075 ], [ -53.59003, -18.00734 ], [ -53.58954, -18.00719 ], [ -53.58911, -18.00681 ], [ -53.58886, -18.00606 ], [ -53.58893, -18.00506 ], [ -53.58913, -18.00481 ], [ -53.5895, -18.00456 ], [ -53.59178, -18.00387 ], [ -53.59226, -18.00362 ], [ -53.59286, -18.00314 ], [ -53.59323, -18.00273 ], [ -53.59341, -18.00237 ], [ -53.59331, -18.00097 ], [ -53.59341, -18.00074 ], [ -53.59398, -18.0007 ], [ -53.59463, -18.00085 ], [ -53.5949, -18.00101 ], [ -53.59548, -18.00158 ], [ -53.59589, -18.00165 ], [ -53.59615, -18.0015 ], [ -53.59633, -18.0012 ], [ -53.59639, -18.00024 ], [ -53.59629, -17.99992 ], [ -53.59634, -17.99969 ], [ -53.59656, -17.9995 ], [ -53.59866, -17.99853 ], [ -53.60132, -17.99801 ], [ -53.60293, -17.99695 ], [ -53.60583, -17.99688 ], [ -53.60618, -17.9967 ], [ -53.60671, -17.99619 ], [ -53.6072, -17.9959 ], [ -53.60848, -17.99568 ], [ -53.60944, -17.99539 ], [ -53.60992, -17.99514 ], [ -53.61043, -17.99469 ], [ -53.61091, -17.99407 ], [ -53.61134, -17.99207 ], [ -53.61139, -17.98917 ], [ -53.61149, -17.98785 ], [ -53.61144, -17.98593 ], [ -53.61151, -17.98523 ], [ -53.61166, -17.98469 ], [ -53.61212, -17.98404 ], [ -53.61297, -17.98357 ], [ -53.61336, -17.98318 ], [ -53.61333, -17.98289 ], [ -53.61291, -17.98253 ], [ -53.61275, -17.98228 ], [ -53.61271, -17.98195 ], [ -53.61279, -17.98173 ], [ -53.61321, -17.98147 ], [ -53.61395, -17.98117 ], [ -53.61468, -17.98102 ], [ -53.61614, -17.98102 ], [ -53.61639, -17.98096 ], [ -53.6164, -17.98084 ], [ -53.61629, -17.9807 ], [ -53.6151, -17.98006 ], [ -53.61481, -17.97983 ], [ -53.61462, -17.97921 ], [ -53.61469, -17.97864 ], [ -53.61484, -17.97821 ], [ -53.61515, -17.9778 ], [ -53.61605, -17.97727 ], [ -53.61703, -17.97692 ], [ -53.6182, -17.9767 ], [ -53.61914, -17.97674 ], [ -53.61929, -17.97694 ], [ -53.61921, -17.97726 ], [ -53.61891, -17.97787 ], [ -53.61817, -17.97907 ], [ -53.61808, -17.97943 ], [ -53.61822, -17.9796 ], [ -53.61851, -17.97967 ], [ -53.6208, -17.97938 ], [ -53.62156, -17.97942 ], [ -53.62179, -17.97969 ], [ -53.62172, -17.98014 ], [ -53.62177, -17.98035 ], [ -53.62194, -17.98057 ], [ -53.62211, -17.98061 ], [ -53.62231, -17.98052 ], [ -53.623, -17.9798 ], [ -53.62332, -17.9796 ], [ -53.62397, -17.9795 ], [ -53.6254, -17.97954 ], [ -53.62567, -17.97949 ], [ -53.62606, -17.97895 ], [ -53.62573, -17.9782 ], [ -53.6258, -17.97789 ], [ -53.62613, -17.97767 ], [ -53.62643, -17.97764 ], [ -53.62737, -17.97793 ], [ -53.62773, -17.97828 ], [ -53.62801, -17.97883 ], [ -53.62843, -17.9802 ], [ -53.62861, -17.98046 ], [ -53.62906, -17.98076 ], [ -53.6294, -17.98081 ], [ -53.63169, -17.98065 ], [ -53.63185, -17.98053 ], [ -53.63175, -17.97913 ], [ -53.63195, -17.9787 ], [ -53.63237, -17.97832 ], [ -53.63291, -17.97809 ], [ -53.63329, -17.97809 ], [ -53.6335, -17.97824 ], [ -53.63408, -17.97901 ], [ -53.6344, -17.97906 ], [ -53.63482, -17.97888 ], [ -53.63547, -17.97818 ], [ -53.6365, -17.9774 ], [ -53.63694, -17.97734 ], [ -53.6371, -17.97755 ], [ -53.63721, -17.97846 ], [ -53.6375, -17.97887 ], [ -53.63789, -17.97911 ], [ -53.63882, -17.97932 ], [ -53.63976, -17.97982 ], [ -53.64003, -17.97982 ], [ -53.64022, -17.9797 ], [ -53.64035, -17.97945 ], [ -53.64053, -17.97859 ], [ -53.64071, -17.97826 ], [ -53.64094, -17.97809 ], [ -53.64125, -17.97804 ], [ -53.6433, -17.97853 ], [ -53.64381, -17.97875 ], [ -53.64462, -17.97926 ], [ -53.64494, -17.97933 ], [ -53.64534, -17.97904 ], [ -53.64564, -17.9783 ], [ -53.64578, -17.97812 ], [ -53.64634, -17.97801 ], [ -53.6475, -17.97795 ], [ -53.64775, -17.97781 ], [ -53.64804, -17.97744 ], [ -53.64828, -17.97729 ], [ -53.64909, -17.97716 ], [ -53.64956, -17.97719 ], [ -53.64978, -17.97739 ], [ -53.65016, -17.9785 ], [ -53.65049, -17.9791 ], [ -53.65078, -17.97936 ], [ -53.65118, -17.97945 ], [ -53.65181, -17.97935 ], [ -53.65236, -17.9789 ], [ -53.65259, -17.97849 ], [ -53.65262, -17.97795 ], [ -53.65238, -17.97687 ], [ -53.65249, -17.97659 ], [ -53.65273, -17.97644 ], [ -53.65323, -17.97647 ], [ -53.65456, -17.97706 ], [ -53.656, -17.97723 ], [ -53.65617, -17.97737 ], [ -53.65612, -17.97761 ], [ -53.65531, -17.97855 ], [ -53.65515, -17.97894 ], [ -53.65512, -17.97929 ], [ -53.65526, -17.9796 ], [ -53.65554, -17.97983 ], [ -53.6559, -17.97993 ], [ -53.65642, -17.97994 ], [ -53.65723, -17.97981 ], [ -53.65813, -17.97939 ], [ -53.65905, -17.97876 ], [ -53.6596, -17.97815 ], [ -53.66044, -17.97782 ], [ -53.66153, -17.97784 ], [ -53.66255, -17.97755 ], [ -53.66285, -17.97763 ], [ -53.66315, -17.97792 ], [ -53.66331, -17.97826 ], [ -53.6639, -17.98074 ], [ -53.66392, -17.98136 ], [ -53.66382, -17.98225 ], [ -53.66387, -17.98258 ], [ -53.6641, -17.98279 ], [ -53.66504, -17.98294 ], [ -53.66523, -17.98314 ], [ -53.66511, -17.98329 ], [ -53.66437, -17.98377 ], [ -53.66425, -17.98394 ], [ -53.66426, -17.98409 ], [ -53.66442, -17.98423 ], [ -53.66474, -17.98435 ], [ -53.66607, -17.98433 ], [ -53.66625, -17.98443 ], [ -53.66631, -17.98457 ], [ -53.66612, -17.98496 ], [ -53.66518, -17.98556 ], [ -53.66477, -17.98558 ], [ -53.66384, -17.98524 ], [ -53.66352, -17.98521 ], [ -53.66322, -17.98529 ], [ -53.66294, -17.98547 ], [ -53.66283, -17.98581 ], [ -53.66295, -17.9861 ], [ -53.6633, -17.98643 ], [ -53.66563, -17.98736 ], [ -53.66652, -17.988 ], [ -53.6667, -17.98803 ], [ -53.66685, -17.98786 ], [ -53.66698, -17.98694 ], [ -53.66732, -17.98636 ], [ -53.6678, -17.98616 ], [ -53.66858, -17.98625 ], [ -53.66865, -17.98647 ], [ -53.66847, -17.98732 ], [ -53.66854, -17.98779 ], [ -53.66946, -17.98908 ], [ -53.66976, -17.98923 ], [ -53.67009, -17.98924 ], [ -53.67102, -17.98902 ], [ -53.67151, -17.98902 ], [ -53.67321, -17.98953 ], [ -53.67411, -17.98971 ], [ -53.67646, -17.98984 ], [ -53.6769, -17.98994 ], [ -53.67719, -17.9901 ], [ -53.67708, -17.99031 ], [ -53.67595, -17.9914 ], [ -53.6753, -17.99227 ], [ -53.6753, -17.99259 ], [ -53.67565, -17.99278 ], [ -53.67619, -17.99269 ], [ -53.67645, -17.99255 ], [ -53.67685, -17.99219 ], [ -53.6778, -17.99105 ], [ -53.67844, -17.99045 ], [ -53.67874, -17.99032 ], [ -53.67921, -17.99038 ], [ -53.67943, -17.99052 ], [ -53.67948, -17.99076 ], [ -53.67921, -17.99171 ], [ -53.67921, -17.99223 ], [ -53.68006, -17.99357 ], [ -53.68035, -17.99482 ], [ -53.68051, -17.99517 ], [ -53.68089, -17.99536 ], [ -53.6822, -17.99558 ], [ -53.68358, -17.99624 ], [ -53.68535, -17.9979 ], [ -53.68609, -17.99882 ], [ -53.68671, -17.99992 ], [ -53.68746, -18.00076 ], [ -53.68794, -18.00094 ], [ -53.68846, -18.00093 ], [ -53.68876, -18.00081 ], [ -53.69012, -17.99984 ], [ -53.69055, -17.99962 ], [ -53.69103, -17.99949 ], [ -53.69166, -17.99951 ], [ -53.69178, -17.99958 ], [ -53.69188, -17.99975 ], [ -53.69183, -17.99999 ], [ -53.69162, -18.00016 ], [ -53.69131, -18.00023 ], [ -53.69106, -18.00046 ], [ -53.69084, -18.0007 ], [ -53.69062, -18.00115 ], [ -53.69031, -18.0037 ], [ -53.69038, -18.00406 ], [ -53.69077, -18.00484 ], [ -53.69117, -18.0052 ], [ -53.69224, -18.00595 ], [ -53.69251, -18.00634 ], [ -53.69253, -18.00669 ], [ -53.69233, -18.00721 ], [ -53.69195, -18.00776 ], [ -53.69118, -18.00851 ], [ -53.69006, -18.00935 ], [ -53.68976, -18.00976 ], [ -53.68964, -18.01013 ], [ -53.68981, -18.01075 ], [ -53.69063, -18.01079 ], [ -53.6911, -18.01112 ], [ -53.6913, -18.01141 ], [ -53.69141, -18.01176 ], [ -53.69163, -18.01284 ], [ -53.69199, -18.01331 ], [ -53.69236, -18.0135 ], [ -53.6927, -18.01351 ], [ -53.694, -18.01319 ], [ -53.69446, -18.01303 ], [ -53.69477, -18.01282 ], [ -53.69498, -18.0125 ], [ -53.69533, -18.01122 ], [ -53.69563, -18.01064 ], [ -53.69629, -18.01 ], [ -53.69739, -18.00931 ], [ -53.69795, -18.00884 ], [ -53.69857, -18.00812 ], [ -53.69979, -18.00617 ], [ -53.70035, -18.00565 ], [ -53.70088, -18.00535 ], [ -53.7018, -18.0052 ], [ -53.70259, -18.00527 ], [ -53.70353, -18.00555 ], [ -53.70526, -18.00631 ], [ -53.70623, -18.00644 ], [ -53.71444, -18.00602 ], [ -53.71507, -18.00594 ], [ -53.71552, -18.00579 ], [ -53.71612, -18.00536 ], [ -53.71679, -18.00458 ], [ -53.7177, -18.00378 ], [ -53.7179, -18.00344 ], [ -53.71792, -18.00312 ], [ -53.71775, -18.00248 ], [ -53.71744, -18.00178 ], [ -53.71687, -18.00082 ], [ -53.71691, -18.00051 ], [ -53.71747, -17.99981 ], [ -53.71732, -17.99896 ], [ -53.71734, -17.99849 ], [ -53.71756, -17.99813 ], [ -53.71793, -17.99787 ], [ -53.71904, -17.99749 ], [ -53.72014, -17.9973 ], [ -53.72091, -17.99741 ], [ -53.72167, -17.99775 ], [ -53.72513, -17.99994 ], [ -53.72629, -18.00082 ], [ -53.72706, -18.00152 ], [ -53.72758, -18.00182 ], [ -53.72806, -18.00195 ], [ -53.7288, -18.00182 ], [ -53.729, -18.00164 ], [ -53.72978, -18.00045 ], [ -53.73024, -18.00017 ], [ -53.73233, -18.0003 ], [ -53.73282, -18.00015 ], [ -53.73297, -17.99972 ], [ -53.73294, -17.99898 ], [ -53.73305, -17.99865 ], [ -53.73319, -17.99829 ], [ -53.73383, -17.99765 ], [ -53.73422, -17.99609 ], [ -53.73466, -17.99552 ], [ -53.73568, -17.99503 ], [ -53.73793, -17.99445 ], [ -53.73826, -17.99452 ], [ -53.73859, -17.99471 ], [ -53.73914, -17.99522 ], [ -53.74, -17.99658 ], [ -53.74037, -17.99693 ], [ -53.7408, -17.9972 ], [ -53.74146, -17.99705 ], [ -53.74293, -17.99619 ], [ -53.7436, -17.99612 ], [ -53.74416, -17.99625 ], [ -53.74619, -17.99711 ], [ -53.74708, -17.99741 ], [ -53.75203, -17.99869 ], [ -53.7543, -17.99905 ], [ -53.75647, -17.9989 ], [ -53.75753, -17.99869 ], [ -53.75846, -17.99865 ], [ -53.75944, -17.99879 ], [ -53.76103, -17.99948 ], [ -53.76211, -17.9997 ], [ -53.76344, -17.99964 ], [ -53.76579, -17.99908 ], [ -53.76957, -17.99943 ], [ -53.77334, -18.00009 ], [ -53.775, -18.00008 ], [ -53.77596, -17.99994 ], [ -53.7769, -17.99957 ], [ -53.77848, -17.99842 ], [ -53.77962, -17.99778 ], [ -53.78019, -17.99736 ], [ -53.78047, -17.99707 ], [ -53.78058, -17.99683 ], [ -53.78053, -17.99604 ], [ -53.78059, -17.99582 ], [ -53.78081, -17.99551 ], [ -53.78104, -17.99535 ], [ -53.78138, -17.99529 ], [ -53.78188, -17.99536 ], [ -53.78309, -17.99589 ], [ -53.78348, -17.99597 ], [ -53.78429, -17.99591 ], [ -53.78511, -17.99561 ], [ -53.78568, -17.99512 ], [ -53.7883, -17.99165 ], [ -53.78868, -17.99108 ], [ -53.78963, -17.98876 ], [ -53.7902, -17.98772 ], [ -53.7908, -17.98634 ], [ -53.79134, -17.98481 ], [ -53.79127, -17.98418 ], [ -53.79103, -17.98374 ], [ -53.79012, -17.98322 ], [ -53.78981, -17.98282 ], [ -53.78975, -17.98214 ], [ -53.79016, -17.98124 ], [ -53.79061, -17.98077 ], [ -53.79107, -17.98045 ], [ -53.79154, -17.98029 ], [ -53.79204, -17.98028 ], [ -53.79348, -17.98084 ], [ -53.79418, -17.98095 ], [ -53.79457, -17.9809 ], [ -53.795, -17.98072 ], [ -53.79557, -17.98011 ], [ -53.79564, -17.97782 ], [ -53.79548, -17.97666 ], [ -53.79534, -17.97632 ], [ -53.79499, -17.9759 ], [ -53.794, -17.97531 ], [ -53.79379, -17.97511 ], [ -53.79369, -17.97494 ], [ -53.79371, -17.97472 ], [ -53.79386, -17.97447 ], [ -53.79438, -17.97428 ], [ -53.79509, -17.97439 ], [ -53.79701, -17.9751 ], [ -53.79764, -17.97544 ], [ -53.79781, -17.97578 ], [ -53.79734, -17.97762 ], [ -53.7973, -17.97809 ], [ -53.79739, -17.97845 ], [ -53.79763, -17.97872 ], [ -53.798, -17.97887 ], [ -53.79892, -17.97887 ], [ -53.79929, -17.97867 ], [ -53.79982, -17.97818 ], [ -53.80063, -17.97713 ], [ -53.80094, -17.9761 ], [ -53.80095, -17.97551 ], [ -53.80079, -17.97517 ], [ -53.8005, -17.97496 ], [ -53.80009, -17.9748 ], [ -53.7992, -17.97457 ], [ -53.79884, -17.97428 ], [ -53.79875, -17.97414 ], [ -53.79876, -17.97385 ], [ -53.79906, -17.97359 ], [ -53.7996, -17.97349 ], [ -53.80031, -17.97356 ], [ -53.80346, -17.97423 ], [ -53.8036, -17.97443 ], [ -53.80359, -17.97459 ], [ -53.80325, -17.97562 ], [ -53.80327, -17.97589 ], [ -53.80342, -17.97611 ], [ -53.80367, -17.97626 ], [ -53.80396, -17.97631 ], [ -53.80442, -17.97624 ], [ -53.80465, -17.97606 ], [ -53.8049, -17.97561 ], [ -53.80508, -17.9746 ], [ -53.80524, -17.97083 ], [ -53.80545, -17.96959 ], [ -53.80562, -17.96915 ], [ -53.80597, -17.96861 ], [ -53.80655, -17.96798 ], [ -53.80705, -17.96775 ], [ -53.80758, -17.96785 ], [ -53.80805, -17.9682 ], [ -53.80831, -17.96864 ], [ -53.80864, -17.96967 ], [ -53.80922, -17.97086 ], [ -53.80925, -17.97115 ], [ -53.80915, -17.97148 ], [ -53.80879, -17.97188 ], [ -53.80837, -17.97208 ], [ -53.80811, -17.9723 ], [ -53.80806, -17.97248 ], [ -53.80815, -17.9727 ], [ -53.80838, -17.97293 ], [ -53.80907, -17.97319 ], [ -53.80947, -17.97312 ], [ -53.80998, -17.97285 ], [ -53.81091, -17.97194 ], [ -53.81199, -17.97052 ], [ -53.81328, -17.9682 ], [ -53.81339, -17.96739 ], [ -53.81333, -17.96689 ], [ -53.81291, -17.96573 ], [ -53.81299, -17.96513 ], [ -53.81316, -17.96492 ], [ -53.81351, -17.96473 ], [ -53.81441, -17.96437 ], [ -53.8148, -17.96389 ], [ -53.8148, -17.96367 ], [ -53.81464, -17.9634 ], [ -53.81351, -17.96272 ], [ -53.81298, -17.96182 ], [ -53.81256, -17.9616 ], [ -53.81223, -17.96164 ], [ -53.8117, -17.96186 ], [ -53.81129, -17.96215 ], [ -53.8105, -17.96253 ], [ -53.81008, -17.96258 ], [ -53.80971, -17.96252 ], [ -53.80955, -17.96239 ], [ -53.80945, -17.96206 ], [ -53.80941, -17.96157 ], [ -53.80943, -17.96133 ], [ -53.8097, -17.96093 ], [ -53.81152, -17.96015 ], [ -53.81228, -17.9597 ], [ -53.81271, -17.95959 ], [ -53.8131, -17.95963 ], [ -53.8143, -17.96016 ], [ -53.8147, -17.96018 ], [ -53.81593, -17.95974 ], [ -53.81709, -17.95956 ], [ -53.81778, -17.95913 ], [ -53.81855, -17.958 ], [ -53.81877, -17.95785 ], [ -53.81913, -17.9578 ], [ -53.8197, -17.95819 ], [ -53.82043, -17.95917 ], [ -53.82048, -17.95934 ], [ -53.82037, -17.95975 ], [ -53.81972, -17.96059 ], [ -53.81956, -17.96099 ], [ -53.81953, -17.96128 ], [ -53.81976, -17.9619 ], [ -53.82033, -17.96243 ], [ -53.8212, -17.96282 ], [ -53.82197, -17.96296 ], [ -53.82274, -17.96282 ], [ -53.82294, -17.96257 ], [ -53.823, -17.96226 ], [ -53.82282, -17.96044 ], [ -53.82282, -17.95913 ], [ -53.82298, -17.95854 ], [ -53.82353, -17.95743 ], [ -53.82408, -17.95682 ], [ -53.82442, -17.95659 ], [ -53.82482, -17.95641 ], [ -53.8264, -17.95616 ], [ -53.82683, -17.95597 ], [ -53.82718, -17.9555 ], [ -53.82732, -17.95504 ], [ -53.8273, -17.95469 ], [ -53.82709, -17.95435 ], [ -53.8257, -17.95309 ], [ -53.82476, -17.95204 ], [ -53.82456, -17.95161 ], [ -53.82455, -17.95114 ], [ -53.82478, -17.9502 ], [ -53.82547, -17.94907 ], [ -53.82634, -17.94833 ], [ -53.82682, -17.94812 ], [ -53.82816, -17.94783 ], [ -53.82872, -17.94753 ], [ -53.82919, -17.947 ], [ -53.82976, -17.9459 ], [ -53.83011, -17.94468 ], [ -53.83044, -17.94402 ], [ -53.83098, -17.94348 ], [ -53.83163, -17.94322 ], [ -53.83256, -17.94312 ], [ -53.83295, -17.94326 ], [ -53.83323, -17.94349 ], [ -53.83347, -17.94397 ], [ -53.83363, -17.94553 ], [ -53.83384, -17.94622 ], [ -53.83409, -17.94671 ], [ -53.83451, -17.94727 ], [ -53.83542, -17.94804 ], [ -53.83608, -17.9482 ], [ -53.83658, -17.94798 ], [ -53.83683, -17.94753 ], [ -53.83681, -17.94628 ] ], [ [ -53.83681, -17.94628 ], [ -53.8376, -17.94555 ], [ -53.83779, -17.94523 ], [ -53.83769, -17.94481 ], [ -53.83716, -17.94363 ] ], [ [ -53.83681, -17.94628 ], [ -53.83678, -17.9455 ], [ -53.83712, -17.94437 ], [ -53.83716, -17.94363 ] ], [ [ -53.83724, -17.94479 ], [ -53.83712, -17.94498 ], [ -53.83714, -17.94534 ], [ -53.83723, -17.94552 ], [ -53.83745, -17.9455 ], [ -53.83758, -17.94528 ], [ -53.83757, -17.94488 ], [ -53.83742, -17.94473 ], [ -53.83724, -17.94479 ] ], [ [ -53.83716, -17.94363 ], [ -53.83708, -17.9429 ], [ -53.83726, -17.94233 ], [ -53.83747, -17.94201 ], [ -53.83807, -17.94158 ], [ -53.83948, -17.94105 ], [ -53.83976, -17.94079 ], [ -53.83986, -17.94055 ], [ -53.83978, -17.94013 ], [ -53.83932, -17.93901 ], [ -53.83907, -17.93769 ], [ -53.8384, -17.9361 ], [ -53.83834, -17.93574 ], [ -53.83838, -17.9354 ], [ -53.83856, -17.93504 ], [ -53.83881, -17.93479 ], [ -53.83906, -17.93465 ], [ -53.83939, -17.93462 ], [ -53.83992, -17.93472 ], [ -53.84068, -17.93529 ], [ -53.84241, -17.93703 ], [ -53.84255, -17.93732 ], [ -53.84258, -17.93766 ], [ -53.84215, -17.93906 ], [ -53.84226, -17.93963 ], [ -53.8425, -17.93991 ], [ -53.8429, -17.94024 ], [ -53.84344, -17.94047 ], [ -53.84393, -17.9405 ], [ -53.84437, -17.94031 ], [ -53.84467, -17.94008 ], [ -53.84504, -17.93961 ], [ -53.84536, -17.93898 ], [ -53.84557, -17.93825 ], [ -53.84563, -17.93706 ], [ -53.84511, -17.93506 ], [ -53.84529, -17.9347 ], [ -53.84558, -17.93434 ], [ -53.84617, -17.93395 ], [ -53.84656, -17.9338 ], [ -53.84728, -17.93376 ], [ -53.84775, -17.93389 ], [ -53.84799, -17.93407 ], [ -53.84874, -17.93493 ], [ -53.84946, -17.93525 ], [ -53.8508, -17.93513 ], [ -53.85147, -17.93488 ], [ -53.852, -17.9345 ], [ -53.85229, -17.93414 ], [ -53.85243, -17.93385 ], [ -53.85253, -17.93321 ], [ -53.85256, -17.93261 ], [ -53.85246, -17.9319 ], [ -53.8523, -17.9315 ], [ -53.85209, -17.93119 ], [ -53.85171, -17.93086 ], [ -53.85137, -17.93036 ], [ -53.85144, -17.92977 ], [ -53.8518, -17.92909 ], [ -53.85238, -17.92858 ], [ -53.85453, -17.92702 ], [ -53.85569, -17.92643 ], [ -53.85667, -17.92573 ], [ -53.85731, -17.92543 ], [ -53.85862, -17.92518 ], [ -53.86164, -17.92527 ], [ -53.86211, -17.92507 ], [ -53.86219, -17.92475 ], [ -53.86211, -17.92457 ], [ -53.86132, -17.92389 ], [ -53.8611, -17.92359 ], [ -53.86095, -17.92314 ], [ -53.86085, -17.92176 ], [ -53.86091, -17.92136 ], [ -53.86103, -17.92113 ], [ -53.86132, -17.92097 ], [ -53.86168, -17.92092 ], [ -53.86221, -17.921 ], [ -53.86277, -17.92122 ], [ -53.86333, -17.92157 ], [ -53.86426, -17.92238 ], [ -53.86494, -17.92377 ], [ -53.86513, -17.92399 ], [ -53.86564, -17.92423 ], [ -53.86663, -17.9243 ], [ -53.86731, -17.92456 ], [ -53.86776, -17.92499 ], [ -53.86867, -17.92624 ], [ -53.86939, -17.92687 ], [ -53.86986, -17.92708 ], [ -53.8704, -17.9272 ], [ -53.87121, -17.92717 ], [ -53.87171, -17.92695 ], [ -53.87193, -17.92668 ], [ -53.87212, -17.92627 ], [ -53.87216, -17.92587 ], [ -53.87203, -17.9255 ], [ -53.87168, -17.92497 ], [ -53.87053, -17.92379 ], [ -53.87034, -17.92328 ], [ -53.87037, -17.92286 ], [ -53.87123, -17.92112 ], [ -53.87161, -17.91983 ], [ -53.87185, -17.91846 ], [ -53.87211, -17.91778 ], [ -53.87236, -17.91753 ], [ -53.87289, -17.91728 ], [ -53.87342, -17.91724 ], [ -53.87549, -17.91764 ], [ -53.87607, -17.91788 ], [ -53.8763, -17.91806 ], [ -53.87631, -17.91831 ], [ -53.87531, -17.9195 ], [ -53.8751, -17.92 ], [ -53.87482, -17.92284 ], [ -53.87501, -17.92335 ], [ -53.87546, -17.92373 ], [ -53.87636, -17.92392 ], [ -53.87704, -17.92391 ], [ -53.8784, -17.92372 ], [ -53.87886, -17.92346 ], [ -53.87943, -17.92275 ], [ -53.87983, -17.92192 ], [ -53.8802, -17.9204 ], [ -53.88048, -17.91992 ], [ -53.88092, -17.91961 ], [ -53.88186, -17.91924 ], [ -53.88379, -17.91806 ], [ -53.88492, -17.91723 ], [ -53.88548, -17.91664 ], [ -53.88578, -17.91604 ], [ -53.88582, -17.91554 ], [ -53.88536, -17.91424 ], [ -53.88538, -17.91398 ], [ -53.88575, -17.91352 ], [ -53.88652, -17.91311 ], [ -53.8876, -17.91285 ], [ -53.88803, -17.91283 ], [ -53.88864, -17.91299 ], [ -53.88951, -17.91352 ], [ -53.89012, -17.91369 ], [ -53.89106, -17.91373 ], [ -53.89197, -17.91356 ], [ -53.89249, -17.91333 ], [ -53.89288, -17.91305 ], [ -53.89412, -17.91171 ], [ -53.89496, -17.91104 ], [ -53.89765, -17.90967 ], [ -53.89824, -17.90947 ], [ -53.89951, -17.90926 ], [ -53.89985, -17.90927 ], [ -53.90022, -17.90942 ], [ -53.90177, -17.91067 ], [ -53.90223, -17.91096 ], [ -53.90247, -17.91102 ], [ -53.90277, -17.91099 ], [ -53.90372, -17.91056 ], [ -53.90436, -17.91049 ], [ -53.90468, -17.91057 ], [ -53.90497, -17.91079 ], [ -53.90537, -17.91143 ], [ -53.90558, -17.91206 ], [ -53.90563, -17.91266 ], [ -53.90549, -17.91312 ], [ -53.90518, -17.91362 ], [ -53.90486, -17.91394 ], [ -53.90424, -17.91433 ], [ -53.90235, -17.91531 ], [ -53.90191, -17.91588 ], [ -53.90185, -17.91626 ], [ -53.90195, -17.91658 ], [ -53.90228, -17.9168 ], [ -53.90283, -17.91697 ], [ -53.90368, -17.91692 ], [ -53.90487, -17.91655 ], [ -53.90583, -17.91604 ], [ -53.90727, -17.91505 ], [ -53.90792, -17.91474 ], [ -53.90853, -17.91468 ], [ -53.90956, -17.91479 ], [ -53.91095, -17.91445 ], [ -53.91188, -17.91446 ], [ -53.91269, -17.9147 ], [ -53.91328, -17.91511 ], [ -53.91395, -17.91585 ], [ -53.91459, -17.91703 ], [ -53.91493, -17.91746 ], [ -53.91549, -17.91795 ], [ -53.91599, -17.91816 ], [ -53.91674, -17.91819 ], [ -53.91755, -17.91794 ], [ -53.91818, -17.91752 ], [ -53.91901, -17.9167 ], [ -53.91936, -17.9165 ], [ -53.9198, -17.91635 ], [ -53.92044, -17.9163 ], [ -53.92101, -17.91641 ], [ -53.92136, -17.91669 ], [ -53.92166, -17.91723 ], [ -53.92187, -17.91805 ], [ -53.92196, -17.91908 ], [ -53.92243, -17.92009 ], [ -53.92295, -17.92056 ], [ -53.92359, -17.92068 ], [ -53.92406, -17.92056 ], [ -53.92444, -17.92029 ], [ -53.92471, -17.9199 ], [ -53.92505, -17.91889 ], [ -53.92536, -17.91833 ], [ -53.92594, -17.91772 ], [ -53.92689, -17.91695 ], [ -53.92725, -17.9165 ], [ -53.92749, -17.91567 ], [ -53.92735, -17.91533 ], [ -53.92657, -17.91435 ] ], [ [ -53.92657, -17.91435 ], [ -53.92653, -17.91398 ], [ -53.92666, -17.91377 ], [ -53.92686, -17.91366 ], [ -53.92739, -17.91373 ], [ -53.92767, -17.91389 ] ], [ [ -53.92657, -17.91435 ], [ -53.92606, -17.9143 ], [ -53.9238, -17.91449 ], [ -53.9234, -17.91444 ], [ -53.923, -17.9143 ], [ -53.92267, -17.91412 ], [ -53.922, -17.91351 ], [ -53.92181, -17.91315 ], [ -53.92183, -17.91239 ], [ -53.92205, -17.91195 ], [ -53.92237, -17.9116 ], [ -53.92307, -17.91114 ], [ -53.92361, -17.911 ], [ -53.92441, -17.91108 ], [ -53.92681, -17.91234 ], [ -53.9272, -17.91284 ], [ -53.92767, -17.91389 ] ], [ [ -53.92767, -17.91389 ], [ -53.92844, -17.9145 ], [ -53.92902, -17.91458 ], [ -53.92952, -17.91436 ], [ -53.92973, -17.91415 ], [ -53.92999, -17.91361 ], [ -53.93028, -17.91333 ], [ -53.93061, -17.91319 ], [ -53.93097, -17.91315 ], [ -53.93135, -17.91322 ], [ -53.93239, -17.91373 ], [ -53.9334, -17.91445 ], [ -53.93415, -17.91516 ], [ -53.93637, -17.91801 ], [ -53.93732, -17.91993 ], [ -53.93793, -17.92058 ], [ -53.93851, -17.92083 ], [ -53.93912, -17.92078 ], [ -53.93996, -17.92038 ], [ -53.94085, -17.91973 ], [ -53.94251, -17.9182 ], [ -53.94389, -17.91737 ], [ -53.94442, -17.91722 ], [ -53.94479, -17.91722 ], [ -53.94575, -17.91743 ], [ -53.94639, -17.91769 ], [ -53.9467, -17.91792 ], [ -53.94704, -17.91841 ], [ -53.94729, -17.91911 ], [ -53.94736, -17.91994 ], [ -53.94695, -17.92147 ], [ -53.94623, -17.92299 ], [ -53.94628, -17.92356 ], [ -53.94668, -17.92409 ], [ -53.94698, -17.92423 ], [ -53.94742, -17.9243 ], [ -53.94791, -17.92425 ], [ -53.94842, -17.92404 ], [ -53.94866, -17.92382 ], [ -53.94896, -17.92339 ], [ -53.94948, -17.92163 ], [ -53.94963, -17.9209 ], [ -53.94963, -17.9204 ], [ -53.94903, -17.91879 ], [ -53.94896, -17.91823 ], [ -53.94908, -17.91763 ], [ -53.94949, -17.91718 ], [ -53.94979, -17.91699 ], [ -53.95018, -17.91686 ], [ -53.95056, -17.91692 ], [ -53.95152, -17.91755 ], [ -53.95239, -17.91826 ], [ -53.95277, -17.91864 ], [ -53.95305, -17.9191 ], [ -53.9532, -17.91991 ], [ -53.9531, -17.92089 ], [ -53.95262, -17.92333 ], [ -53.95274, -17.92384 ], [ -53.95311, -17.92439 ], [ -53.9534, -17.92457 ], [ -53.95395, -17.92462 ], [ -53.95435, -17.92451 ], [ -53.95473, -17.92426 ], [ -53.95526, -17.92359 ], [ -53.95571, -17.92276 ], [ -53.95626, -17.92111 ], [ -53.95646, -17.92094 ], [ -53.9567, -17.92092 ], [ -53.95715, -17.92133 ], [ -53.95798, -17.92279 ], [ -53.95895, -17.92423 ], [ -53.95977, -17.92525 ], [ -53.96118, -17.92624 ], [ -53.96205, -17.92667 ], [ -53.96301, -17.92728 ], [ -53.96632, -17.9296 ], [ -53.96718, -17.9304 ], [ -53.96806, -17.93146 ], [ -53.96923, -17.93363 ], [ -53.96971, -17.93428 ], [ -53.97007, -17.93456 ], [ -53.97037, -17.93468 ], [ -53.97087, -17.93476 ], [ -53.97159, -17.93476 ], [ -53.97217, -17.93465 ], [ -53.9727, -17.93442 ], [ -53.97311, -17.93406 ], [ -53.97338, -17.93357 ], [ -53.97346, -17.93295 ], [ -53.97308, -17.93077 ], [ -53.97314, -17.93025 ], [ -53.97329, -17.92997 ], [ -53.97361, -17.92983 ], [ -53.9743, -17.92996 ], [ -53.97453, -17.93017 ], [ -53.97464, -17.93047 ], [ -53.97468, -17.9316 ], [ -53.97479, -17.93199 ], [ -53.97506, -17.93235 ], [ -53.97543, -17.93259 ], [ -53.97641, -17.93299 ], [ -53.97657, -17.93318 ], [ -53.97659, -17.93342 ], [ -53.97636, -17.9339 ], [ -53.97616, -17.93411 ], [ -53.97211, -17.93686 ], [ -53.97177, -17.93723 ], [ -53.97145, -17.93779 ], [ -53.97135, -17.93837 ], [ -53.97144, -17.93885 ], [ -53.97189, -17.93955 ], [ -53.97228, -17.93996 ], [ -53.97294, -17.94041 ], [ -53.9735, -17.94061 ], [ -53.97709, -17.94106 ], [ -53.97758, -17.941 ], [ -53.97799, -17.94081 ], [ -53.97852, -17.94033 ], [ -53.97896, -17.93965 ], [ -53.97933, -17.93858 ], [ -53.97966, -17.93644 ], [ -53.97998, -17.93554 ], [ -53.98039, -17.93477 ], [ -53.98083, -17.93429 ], [ -53.98129, -17.93395 ], [ -53.98179, -17.93377 ], [ -53.9823, -17.93371 ], [ -53.98286, -17.93376 ], [ -53.98463, -17.93456 ], [ -53.98521, -17.93502 ], [ -53.98551, -17.93559 ], [ -53.98557, -17.93647 ], [ -53.98489, -17.94015 ], [ -53.98492, -17.94094 ], [ -53.98525, -17.94175 ], [ -53.98562, -17.94213 ], [ -53.9864, -17.94246 ], [ -53.98739, -17.94258 ], [ -53.9883, -17.9425 ], [ -53.98904, -17.94221 ], [ -53.98942, -17.9418 ], [ -53.98986, -17.94052 ], [ -53.99012, -17.93954 ], [ -53.98991, -17.93748 ], [ -53.9901, -17.93674 ], [ -53.99053, -17.93615 ], [ -53.99084, -17.93598 ], [ -53.99134, -17.93598 ], [ -53.99165, -17.93612 ], [ -53.99201, -17.93655 ], [ -53.99301, -17.93813 ], [ -53.99325, -17.93873 ], [ -53.99325, -17.93933 ], [ -53.99306, -17.93995 ], [ -53.9928, -17.94056 ], [ -53.9922, -17.94151 ], [ -53.99208, -17.94189 ], [ -53.99208, -17.94225 ], [ -53.99222, -17.94263 ], [ -53.99244, -17.94286 ], [ -53.99278, -17.94302 ], [ -53.99361, -17.94304 ], [ -53.99446, -17.94269 ], [ -53.99499, -17.94218 ], [ -53.99592, -17.94073 ], [ -53.99624, -17.94038 ], [ -53.99688, -17.94 ], [ -53.99736, -17.94001 ], [ -53.99944, -17.94078 ], [ -54.00033, -17.94128 ], [ -54.0007, -17.94214 ], [ -54.00181, -17.94378 ], [ -54.00243, -17.94416 ], [ -54.00295, -17.94418 ], [ -54.00333, -17.94399 ], [ -54.00415, -17.94305 ], [ -54.00472, -17.9421 ], [ -54.00554, -17.94102 ], [ -54.00601, -17.9407 ], [ -54.00647, -17.94078 ], [ -54.00692, -17.94122 ], [ -54.00701, -17.94181 ], [ -54.00683, -17.94232 ], [ -54.00605, -17.94345 ], [ -54.00585, -17.94386 ], [ -54.00568, -17.94458 ], [ -54.0057, -17.94529 ], [ -54.00588, -17.94577 ], [ -54.00645, -17.94656 ], [ -54.0077, -17.94754 ], [ -54.00866, -17.94788 ], [ -54.00948, -17.94789 ], [ -54.01134, -17.94834 ], [ -54.01222, -17.94889 ], [ -54.01295, -17.94962 ], [ -54.0138, -17.95028 ], [ -54.01468, -17.95067 ], [ -54.0155, -17.95073 ], [ -54.01584, -17.95067 ], [ -54.01703, -17.95005 ], [ -54.01748, -17.95 ], [ -54.01775, -17.95012 ], [ -54.01798, -17.95043 ], [ -54.01807, -17.95103 ], [ -54.01841, -17.95194 ], [ -54.01865, -17.95232 ], [ -54.01927, -17.95283 ], [ -54.01993, -17.95278 ], [ -54.02155, -17.95197 ], [ -54.02205, -17.95182 ], [ -54.02291, -17.95163 ], [ -54.02363, -17.95158 ], [ -54.02413, -17.95165 ], [ -54.02558, -17.9521 ], [ -54.0294, -17.95256 ], [ -54.03106, -17.95305 ], [ -54.03183, -17.95307 ], [ -54.03231, -17.95323 ], [ -54.0326, -17.95342 ], [ -54.03302, -17.95393 ], [ -54.0332, -17.95569 ], [ -54.0337, -17.95661 ], [ -54.03427, -17.95719 ], [ -54.03494, -17.9575 ], [ -54.03522, -17.95754 ], [ -54.03722, -17.95737 ], [ -54.03806, -17.9578 ], [ -54.03844, -17.95852 ], [ -54.03849, -17.95938 ], [ -54.03817, -17.96001 ], [ -54.03727, -17.96077 ], [ -54.03713, -17.96098 ], [ -54.03715, -17.96136 ], [ -54.03761, -17.96167 ], [ -54.03948, -17.96206 ], [ -54.04033, -17.96241 ], [ -54.04103, -17.96306 ], [ -54.04117, -17.96365 ], [ -54.04085, -17.96447 ], [ -54.03988, -17.96603 ], [ -54.03922, -17.96689 ], [ -54.03874, -17.96793 ], [ -54.0375, -17.96965 ], [ -54.03654, -17.97077 ], [ -54.03609, -17.97196 ], [ -54.03607, -17.97228 ], [ -54.03618, -17.97258 ], [ -54.03654, -17.97301 ], [ -54.03702, -17.97336 ], [ -54.03761, -17.9735 ], [ -54.03849, -17.97352 ], [ -54.03944, -17.97336 ], [ -54.04086, -17.97284 ], [ -54.04192, -17.97231 ], [ -54.04238, -17.97222 ], [ -54.04282, -17.97225 ], [ -54.04316, -17.97241 ], [ -54.04406, -17.9731 ], [ -54.04501, -17.97348 ], [ -54.04561, -17.97381 ], [ -54.04636, -17.97441 ], [ -54.04684, -17.97517 ], [ -54.047, -17.9757 ], [ -54.04703, -17.97598 ], [ -54.04685, -17.97709 ], [ -54.04729, -17.97793 ], [ -54.04755, -17.97804 ], [ -54.04766, -17.97797 ], [ -54.04855, -17.97673 ], [ -54.04901, -17.97659 ], [ -54.04972, -17.9767 ], [ -54.05039, -17.97715 ], [ -54.05097, -17.97807 ], [ -54.05116, -17.97875 ], [ -54.0512, -17.97958 ], [ -54.05075, -17.98051 ], [ -54.04972, -17.98171 ], [ -54.04937, -17.98224 ], [ -54.04908, -17.9831 ], [ -54.04904, -17.9838 ], [ -54.04923, -17.98434 ], [ -54.04961, -17.98477 ], [ -54.05168, -17.98549 ], [ -54.05263, -17.9862 ], [ -54.05308, -17.98687 ], [ -54.05324, -17.98749 ], [ -54.05321, -17.98804 ], [ -54.05253, -17.98975 ], [ -54.05233, -17.99066 ], [ -54.05231, -17.9916 ], [ -54.0525, -17.99219 ], [ -54.05262, -17.99236 ], [ -54.05283, -17.99259 ], [ -54.05325, -17.99281 ], [ -54.05395, -17.99289 ], [ -54.05482, -17.99262 ], [ -54.05542, -17.99217 ], [ -54.05642, -17.99116 ], [ -54.05792, -17.98936 ], [ -54.0585, -17.98888 ], [ -54.05918, -17.98862 ], [ -54.05957, -17.98862 ], [ -54.06003, -17.9888 ], [ -54.06069, -17.98924 ], [ -54.06124, -17.98976 ], [ -54.06169, -17.99035 ], [ -54.06192, -17.99098 ], [ -54.062, -17.99149 ], [ -54.06185, -17.99256 ], [ -54.06156, -17.99327 ], [ -54.06099, -17.99552 ], [ -54.0609, -17.99642 ], [ -54.06098, -17.99755 ], [ -54.06127, -17.99822 ], [ -54.0627, -18.00001 ], [ -54.06313, -18.00087 ], [ -54.0633, -18.00177 ], [ -54.06313, -18.00278 ], [ -54.06282, -18.0038 ], [ -54.06229, -18.00481 ], [ -54.06177, -18.00539 ], [ -54.06156, -18.00599 ], [ -54.06151, -18.00659 ], [ -54.0616, -18.00676 ], [ -54.06181, -18.00702 ], [ -54.06223, -18.00721 ], [ -54.06369, -18.00714 ], [ -54.06439, -18.0072 ], [ -54.06487, -18.00732 ], [ -54.06538, -18.00755 ], [ -54.06772, -18.00906 ], [ -54.06878, -18.01008 ], [ -54.07012, -18.01163 ], [ -54.07056, -18.01198 ], [ -54.07104, -18.01219 ], [ -54.07197, -18.0124 ], [ -54.07291, -18.01244 ], [ -54.07314, -18.01238 ], [ -54.07369, -18.01205 ], [ -54.07532, -18.01145 ], [ -54.0757, -18.0114 ], [ -54.07599, -18.01157 ], [ -54.07624, -18.01197 ], [ -54.07629, -18.01249 ], [ -54.07613, -18.01307 ], [ -54.07564, -18.01363 ], [ -54.07527, -18.01434 ], [ -54.07469, -18.01508 ], [ -54.07429, -18.01555 ], [ -54.07364, -18.01612 ], [ -54.07319, -18.01632 ], [ -54.07266, -18.01634 ], [ -54.07139, -18.01584 ], [ -54.07087, -18.01572 ], [ -54.07016, -18.01576 ], [ -54.06949, -18.016 ], [ -54.06916, -18.01628 ], [ -54.06889, -18.01698 ], [ -54.06887, -18.01847 ], [ -54.06918, -18.02007 ], [ -54.06938, -18.02073 ], [ -54.06963, -18.02229 ], [ -54.06952, -18.02291 ], [ -54.06887, -18.02418 ], [ -54.0689, -18.02466 ], [ -54.06909, -18.02484 ], [ -54.07076, -18.02537 ], [ -54.07135, -18.02581 ], [ -54.07169, -18.0264 ], [ -54.07192, -18.02666 ], [ -54.0726, -18.02803 ], [ -54.07284, -18.02913 ], [ -54.0729, -18.03006 ], [ -54.07269, -18.03077 ], [ -54.07258, -18.03148 ], [ -54.07184, -18.03301 ], [ -54.07162, -18.03325 ], [ -54.07083, -18.03379 ], [ -54.06894, -18.03451 ], [ -54.06864, -18.03476 ], [ -54.06843, -18.03512 ], [ -54.06842, -18.03594 ], [ -54.06863, -18.03676 ], [ -54.06923, -18.03755 ], [ -54.06982, -18.03797 ], [ -54.07105, -18.03934 ], [ -54.07133, -18.03988 ], [ -54.07141, -18.04045 ], [ -54.07127, -18.04124 ], [ -54.0708, -18.04201 ], [ -54.07004, -18.04262 ], [ -54.06877, -18.0433 ], [ -54.06815, -18.04382 ], [ -54.06799, -18.0442 ], [ -54.06802, -18.04448 ], [ -54.06819, -18.04469 ], [ -54.06849, -18.04483 ], [ -54.06916, -18.04482 ], [ -54.07028, -18.04446 ], [ -54.07315, -18.04278 ], [ -54.07468, -18.04221 ], [ -54.07566, -18.04199 ], [ -54.07639, -18.04147 ], [ -54.07725, -18.04065 ], [ -54.07799, -18.0404 ], [ -54.07886, -18.04047 ], [ -54.0796, -18.04103 ], [ -54.08009, -18.04224 ], [ -54.08028, -18.04314 ], [ -54.08019, -18.04398 ], [ -54.07971, -18.04501 ], [ -54.07912, -18.04571 ], [ -54.07852, -18.04618 ], [ -54.07793, -18.04642 ], [ -54.07718, -18.04656 ], [ -54.07441, -18.04663 ], [ -54.07331, -18.04702 ], [ -54.07282, -18.04742 ], [ -54.07266, -18.04789 ], [ -54.07271, -18.04818 ], [ -54.07446, -18.05085 ], [ -54.0745, -18.05109 ], [ -54.07442, -18.0516 ], [ -54.07407, -18.05212 ], [ -54.07368, -18.05236 ], [ -54.07181, -18.0526 ], [ -54.07127, -18.05283 ], [ -54.07101, -18.05352 ], [ -54.07096, -18.05406 ], [ -54.07081, -18.05453 ], [ -54.07049, -18.05516 ], [ -54.07024, -18.05553 ], [ -54.06918, -18.05656 ], [ -54.06869, -18.05718 ], [ -54.06775, -18.05847 ], [ -54.06656, -18.06042 ], [ -54.06627, -18.06174 ], [ -54.06631, -18.06258 ], [ -54.06642, -18.06302 ], [ -54.06674, -18.06367 ], [ -54.06715, -18.06419 ], [ -54.06796, -18.06449 ], [ -54.06841, -18.06434 ], [ -54.06924, -18.06357 ], [ -54.07012, -18.0621 ], [ -54.07094, -18.061 ], [ -54.07164, -18.06046 ], [ -54.07236, -18.06008 ], [ -54.07263, -18.05977 ], [ -54.07275, -18.05924 ], [ -54.07272, -18.05857 ], [ -54.07256, -18.05801 ], [ -54.0728, -18.05737 ], [ -54.07309, -18.05699 ], [ -54.07366, -18.05653 ], [ -54.07464, -18.0562 ], [ -54.0753, -18.05612 ], [ -54.07618, -18.05613 ], [ -54.07657, -18.05624 ], [ -54.07745, -18.05676 ], [ -54.07798, -18.0574 ], [ -54.07816, -18.05786 ], [ -54.07822, -18.05836 ], [ -54.07793, -18.06033 ], [ -54.07789, -18.06169 ], [ -54.07833, -18.06294 ], [ -54.07873, -18.06334 ], [ -54.07916, -18.06346 ], [ -54.07951, -18.06342 ], [ -54.07993, -18.06322 ], [ -54.08025, -18.06291 ], [ -54.08053, -18.06215 ], [ -54.08053, -18.06145 ], [ -54.08065, -18.06061 ], [ -54.08082, -18.06021 ], [ -54.0811, -18.0599 ], [ -54.08156, -18.05975 ], [ -54.08197, -18.05978 ], [ -54.08258, -18.05994 ], [ -54.08295, -18.06022 ], [ -54.08333, -18.06075 ], [ -54.08338, -18.0618 ], [ -54.08312, -18.06253 ], [ -54.08273, -18.06328 ], [ -54.08137, -18.06508 ], [ -54.08132, -18.06556 ], [ -54.08148, -18.06605 ], [ -54.08178, -18.06621 ], [ -54.0822, -18.06619 ], [ -54.08413, -18.06514 ], [ -54.08463, -18.06495 ], [ -54.08544, -18.06485 ], [ -54.08583, -18.06497 ], [ -54.08636, -18.06526 ], [ -54.087, -18.06585 ], [ -54.08723, -18.06625 ], [ -54.08783, -18.06775 ], [ -54.08921, -18.06892 ], [ -54.08934, -18.06909 ], [ -54.08948, -18.0696 ], [ -54.08931, -18.07206 ], [ -54.08938, -18.07294 ], [ -54.08922, -18.07597 ], [ -54.08876, -18.07677 ], [ -54.08773, -18.07762 ], [ -54.0871, -18.07776 ], [ -54.08637, -18.07776 ], [ -54.08582, -18.07759 ], [ -54.08535, -18.07728 ], [ -54.08462, -18.07633 ], [ -54.08412, -18.07471 ], [ -54.08364, -18.07368 ], [ -54.08335, -18.07335 ], [ -54.08269, -18.07293 ], [ -54.0819, -18.07287 ], [ -54.08118, -18.07308 ], [ -54.08017, -18.07376 ], [ -54.07984, -18.07435 ], [ -54.07978, -18.07507 ], [ -54.07993, -18.07606 ], [ -54.08035, -18.07697 ], [ -54.08107, -18.07769 ], [ -54.08169, -18.07808 ], [ -54.0828, -18.0786 ], [ -54.08503, -18.08055 ], [ -54.08579, -18.08097 ], [ -54.08705, -18.08141 ], [ -54.08739, -18.08174 ], [ -54.08735, -18.08215 ], [ -54.0872, -18.08232 ], [ -54.08604, -18.08258 ], [ -54.08437, -18.08274 ], [ -54.08396, -18.08292 ], [ -54.08367, -18.08324 ], [ -54.08353, -18.08396 ], [ -54.08375, -18.08583 ], [ -54.08381, -18.08787 ], [ -54.08401, -18.08906 ], [ -54.08422, -18.08934 ], [ -54.08467, -18.08945 ], [ -54.08809, -18.0888 ], [ -54.08878, -18.089 ], [ -54.08934, -18.08947 ], [ -54.09089, -18.09023 ], [ -54.09158, -18.09034 ], [ -54.0926, -18.09026 ], [ -54.09436, -18.0896 ], [ -54.09493, -18.08924 ], [ -54.09618, -18.08797 ], [ -54.09796, -18.08567 ], [ -54.09879, -18.08498 ], [ -54.0994, -18.08472 ], [ -54.10021, -18.08455 ], [ -54.10091, -18.08463 ], [ -54.1015, -18.08487 ], [ -54.10194, -18.08532 ], [ -54.10244, -18.08645 ], [ -54.10273, -18.08768 ], [ -54.10264, -18.08855 ], [ -54.10221, -18.08934 ], [ -54.10197, -18.08962 ], [ -54.10158, -18.08984 ], [ -54.10136, -18.08995 ], [ -54.09955, -18.09033 ], [ -54.09903, -18.0906 ], [ -54.09856, -18.09114 ], [ -54.09841, -18.09151 ], [ -54.0983, -18.09239 ], [ -54.09848, -18.09286 ], [ -54.09892, -18.09357 ], [ -54.09946, -18.09411 ], [ -54.10002, -18.09451 ], [ -54.10122, -18.09501 ], [ -54.10212, -18.09514 ], [ -54.10431, -18.09563 ], [ -54.10507, -18.09602 ], [ -54.10539, -18.09637 ], [ -54.10547, -18.09669 ], [ -54.10533, -18.09729 ], [ -54.10384, -18.09833 ], [ -54.10349, -18.09868 ], [ -54.10335, -18.09919 ], [ -54.10353, -18.09961 ], [ -54.10476, -18.10047 ], [ -54.1054, -18.10075 ], [ -54.10565, -18.10104 ], [ -54.10578, -18.10141 ], [ -54.10572, -18.10189 ], [ -54.10561, -18.10212 ], [ -54.10379, -18.10302 ], [ -54.10335, -18.1034 ], [ -54.10312, -18.10378 ], [ -54.10308, -18.10423 ], [ -54.10326, -18.10465 ], [ -54.10366, -18.10504 ], [ -54.10432, -18.10541 ], [ -54.10472, -18.10547 ], [ -54.10578, -18.10538 ], [ -54.10705, -18.10486 ], [ -54.1075, -18.10443 ], [ -54.10806, -18.10294 ], [ -54.10869, -18.10215 ], [ -54.1094, -18.10176 ], [ -54.11124, -18.10097 ], [ -54.11382, -18.09946 ], [ -54.11553, -18.09872 ], [ -54.11626, -18.09809 ], [ -54.11706, -18.09708 ], [ -54.11769, -18.09647 ], [ -54.1181, -18.09625 ], [ -54.11872, -18.09615 ], [ -54.11995, -18.09641 ], [ -54.12081, -18.09722 ], [ -54.12099, -18.09756 ], [ -54.12104, -18.09795 ], [ -54.12092, -18.09865 ], [ -54.12056, -18.09922 ], [ -54.11829, -18.10043 ], [ -54.11791, -18.10075 ], [ -54.11772, -18.10113 ], [ -54.11784, -18.10158 ], [ -54.11814, -18.10195 ], [ -54.12121, -18.10338 ], [ -54.1222, -18.10474 ], [ -54.12279, -18.10519 ], [ -54.12351, -18.10513 ], [ -54.12371, -18.10492 ], [ -54.12382, -18.10464 ], [ -54.12384, -18.10425 ], [ -54.12294, -18.10103 ], [ -54.12279, -18.1002 ], [ -54.12281, -18.09981 ], [ -54.12294, -18.09942 ], [ -54.12315, -18.09917 ], [ -54.12338, -18.09904 ], [ -54.12414, -18.09891 ], [ -54.12546, -18.09904 ], [ -54.12586, -18.09923 ], [ -54.12665, -18.0998 ], [ -54.1273, -18.10062 ], [ -54.12876, -18.10383 ], [ -54.12908, -18.10411 ], [ -54.12975, -18.10447 ], [ -54.13097, -18.1046 ], [ -54.13164, -18.10447 ], [ -54.13265, -18.10363 ], [ -54.13386, -18.10296 ], [ -54.13473, -18.10268 ], [ -54.13558, -18.1028 ], [ -54.13673, -18.10339 ], [ -54.13772, -18.10403 ], [ -54.13834, -18.1043 ], [ -54.13892, -18.10438 ], [ -54.13943, -18.10421 ], [ -54.14245, -18.10129 ], [ -54.14347, -18.10046 ], [ -54.14386, -18.10018 ], [ -54.14522, -18.09952 ], [ -54.14591, -18.09936 ], [ -54.14671, -18.09935 ], [ -54.14718, -18.09945 ], [ -54.14941, -18.10048 ], [ -54.15132, -18.10106 ], [ -54.15228, -18.10106 ], [ -54.15292, -18.10089 ], [ -54.15378, -18.10036 ], [ -54.15421, -18.09981 ], [ -54.15437, -18.09919 ], [ -54.15429, -18.09822 ], [ -54.1541, -18.09759 ], [ -54.15364, -18.09686 ], [ -54.15312, -18.0963 ], [ -54.15077, -18.09482 ], [ -54.15026, -18.09435 ], [ -54.15005, -18.0939 ], [ -54.15005, -18.09362 ], [ -54.15031, -18.09338 ], [ -54.15071, -18.09328 ], [ -54.15113, -18.09335 ], [ -54.15423, -18.09452 ], [ -54.156, -18.0947 ], [ -54.15737, -18.09426 ], [ -54.15943, -18.09314 ], [ -54.15999, -18.09298 ], [ -54.16135, -18.09302 ], [ -54.16258, -18.09328 ], [ -54.16372, -18.09341 ], [ -54.16564, -18.0929 ], [ -54.16609, -18.09285 ], [ -54.16761, -18.09326 ], [ -54.16832, -18.09333 ], [ -54.16926, -18.09316 ], [ -54.1715, -18.0921 ], [ -54.17242, -18.09189 ], [ -54.17283, -18.09187 ], [ -54.17459, -18.09222 ], [ -54.17824, -18.09352 ], [ -54.18024, -18.09395 ], [ -54.18192, -18.09398 ], [ -54.1831, -18.09368 ], [ -54.18341, -18.09352 ], [ -54.18531, -18.09139 ], [ -54.18597, -18.09088 ], [ -54.18786, -18.0898 ], [ -54.18921, -18.08942 ], [ -54.1906, -18.08922 ], [ -54.19175, -18.08914 ], [ -54.19253, -18.08897 ], [ -54.19412, -18.08895 ], [ -54.19629, -18.08934 ], [ -54.19882, -18.09017 ], [ -54.20015, -18.0905 ], [ -54.20187, -18.09119 ], [ -54.20295, -18.09146 ], [ -54.20501, -18.0924 ], [ -54.20725, -18.09303 ], [ -54.21271, -18.09518 ], [ -54.21549, -18.09588 ], [ -54.21593, -18.09592 ], [ -54.21767, -18.09634 ], [ -54.21855, -18.09642 ], [ -54.21937, -18.09639 ], [ -54.22043, -18.0958 ], [ -54.22153, -18.09483 ], [ -54.22401, -18.09302 ], [ -54.22504, -18.09273 ], [ -54.22642, -18.09249 ], [ -54.22735, -18.09242 ], [ -54.22848, -18.09246 ], [ -54.22971, -18.09273 ], [ -54.23028, -18.09295 ], [ -54.23128, -18.09349 ], [ -54.23284, -18.0947 ], [ -54.23375, -18.09513 ], [ -54.23505, -18.09544 ], [ -54.23564, -18.09542 ], [ -54.23708, -18.09557 ], [ -54.23807, -18.09585 ], [ -54.23904, -18.09654 ], [ -54.23945, -18.09699 ], [ -54.24052, -18.09859 ], [ -54.24152, -18.09954 ], [ -54.24247, -18.1001 ], [ -54.24404, -18.10073 ], [ -54.24456, -18.10103 ], [ -54.24585, -18.10241 ], [ -54.24657, -18.10291 ], [ -54.24791, -18.1034 ], [ -54.24841, -18.10345 ], [ -54.2497, -18.10378 ], [ -54.24999, -18.10394 ], [ -54.25029, -18.10433 ], [ -54.25045, -18.10466 ], [ -54.25048, -18.10499 ], [ -54.25035, -18.1056 ], [ -54.2493, -18.10795 ], [ -54.24875, -18.10939 ], [ -54.24849, -18.11035 ], [ -54.2485, -18.11088 ], [ -54.24862, -18.11135 ], [ -54.24894, -18.11185 ], [ -54.2495, -18.11232 ], [ -54.25009, -18.11237 ], [ -54.25115, -18.11206 ], [ -54.25267, -18.11127 ], [ -54.25362, -18.1106 ], [ -54.25576, -18.10934 ], [ -54.25685, -18.10905 ], [ -54.25781, -18.1091 ], [ -54.25878, -18.10934 ], [ -54.26183, -18.11098 ], [ -54.2634, -18.11146 ], [ -54.26449, -18.11142 ], [ -54.26607, -18.1109 ], [ -54.2665, -18.11065 ], [ -54.26736, -18.11045 ], [ -54.26826, -18.11048 ], [ -54.26867, -18.11062 ], [ -54.26963, -18.11136 ], [ -54.27032, -18.11309 ], [ -54.27065, -18.11631 ], [ -54.27108, -18.11913 ], [ -54.27235, -18.12398 ], [ -54.27253, -18.12567 ], [ -54.27252, -18.12676 ], [ -54.27237, -18.12775 ], [ -54.27242, -18.12855 ], [ -54.27254, -18.12896 ], [ -54.27304, -18.12998 ], [ -54.27429, -18.13142 ], [ -54.27502, -18.13185 ], [ -54.27649, -18.13235 ], [ -54.27735, -18.13238 ], [ -54.27803, -18.13226 ], [ -54.27861, -18.13204 ], [ -54.27944, -18.13146 ], [ -54.27993, -18.13077 ], [ -54.28, -18.13025 ], [ -54.28053, -18.12874 ], [ -54.28064, -18.12767 ], [ -54.28035, -18.12566 ], [ -54.27925, -18.12207 ], [ -54.2793, -18.12109 ], [ -54.27964, -18.12011 ], [ -54.28011, -18.11927 ], [ -54.28077, -18.11856 ], [ -54.28146, -18.11806 ], [ -54.28244, -18.11776 ], [ -54.2838, -18.11783 ], [ -54.28492, -18.11823 ], [ -54.28578, -18.11897 ], [ -54.28644, -18.12019 ], [ -54.28664, -18.12108 ], [ -54.28718, -18.12265 ], [ -54.28771, -18.12347 ], [ -54.28883, -18.12473 ], [ -54.28929, -18.12514 ], [ -54.28998, -18.12563 ], [ -54.29063, -18.12596 ], [ -54.29186, -18.12622 ], [ -54.29318, -18.12625 ], [ -54.29828, -18.12567 ], [ -54.30032, -18.12568 ], [ -54.30209, -18.12585 ], [ -54.30304, -18.12616 ], [ -54.30403, -18.12676 ], [ -54.30432, -18.12706 ], [ -54.30475, -18.12772 ], [ -54.30489, -18.1283 ], [ -54.30492, -18.12891 ], [ -54.30487, -18.12952 ], [ -54.30426, -18.13179 ], [ -54.30372, -18.13302 ], [ -54.30355, -18.13455 ], [ -54.30379, -18.13554 ], [ -54.30408, -18.13592 ], [ -54.30475, -18.13655 ], [ -54.30538, -18.13681 ], [ -54.30629, -18.13694 ], [ -54.30686, -18.13689 ], [ -54.30889, -18.13619 ], [ -54.31119, -18.13516 ], [ -54.31224, -18.13489 ], [ -54.31351, -18.13478 ], [ -54.31413, -18.13488 ], [ -54.31504, -18.13525 ], [ -54.31665, -18.1357 ], [ -54.31765, -18.13571 ], [ -54.31793, -18.13565 ], [ -54.31897, -18.13502 ], [ -54.31949, -18.13485 ], [ -54.32056, -18.13486 ], [ -54.3222, -18.13528 ], [ -54.32291, -18.13555 ], [ -54.32439, -18.13585 ], [ -54.32599, -18.136 ], [ -54.32756, -18.13586 ], [ -54.32943, -18.13541 ], [ -54.33099, -18.1348 ], [ -54.33174, -18.13441 ], [ -54.33465, -18.13238 ], [ -54.33553, -18.13195 ], [ -54.33608, -18.1318 ], [ -54.33711, -18.13175 ], [ -54.33785, -18.1319 ], [ -54.33862, -18.13232 ], [ -54.3389, -18.13258 ], [ -54.33992, -18.13376 ], [ -54.34043, -18.13489 ], [ -54.34121, -18.13597 ], [ -54.34177, -18.13669 ], [ -54.34361, -18.13854 ], [ -54.34518, -18.13963 ], [ -54.34634, -18.14013 ], [ -54.34775, -18.14033 ], [ -54.34891, -18.14027 ], [ -54.35165, -18.13958 ], [ -54.35388, -18.13871 ], [ -54.35523, -18.13829 ], [ -54.35682, -18.13804 ], [ -54.35799, -18.13815 ], [ -54.35928, -18.13854 ], [ -54.36015, -18.13901 ], [ -54.36258, -18.13991 ], [ -54.36557, -18.14081 ], [ -54.36789, -18.14122 ], [ -54.36959, -18.14166 ], [ -54.37342, -18.14226 ], [ -54.37457, -18.14237 ], [ -54.37609, -18.14278 ], [ -54.37793, -18.14308 ], [ -54.38053, -18.14375 ], [ -54.38286, -18.14492 ], [ -54.38424, -18.14607 ], [ -54.38453, -18.1464 ], [ -54.38546, -18.147 ], [ -54.38619, -18.14725 ], [ -54.3873, -18.14736 ], [ -54.38794, -18.14725 ], [ -54.38839, -18.14707 ], [ -54.39122, -18.14533 ], [ -54.39479, -18.14275 ], [ -54.39632, -18.14131 ], [ -54.39668, -18.14087 ], [ -54.39689, -18.14026 ], [ -54.39696, -18.13962 ], [ -54.39681, -18.13836 ], [ -54.39664, -18.13786 ], [ -54.39612, -18.13702 ], [ -54.39541, -18.13525 ], [ -54.39504, -18.13456 ], [ -54.39487, -18.13352 ], [ -54.39486, -18.13205 ], [ -54.3952, -18.12974 ], [ -54.39562, -18.12851 ], [ -54.3964, -18.12729 ], [ -54.39728, -18.12657 ], [ -54.39783, -18.12638 ], [ -54.39894, -18.12617 ], [ -54.40045, -18.12611 ], [ -54.40121, -18.12629 ], [ -54.40201, -18.12696 ], [ -54.40304, -18.12875 ], [ -54.40435, -18.12955 ], [ -54.40565, -18.13101 ], [ -54.40666, -18.13177 ], [ -54.40803, -18.13264 ], [ -54.40867, -18.13288 ], [ -54.40954, -18.13305 ], [ -54.4111, -18.13308 ], [ -54.41251, -18.13274 ], [ -54.41468, -18.13167 ], [ -54.41584, -18.13093 ], [ -54.41729, -18.13027 ], [ -54.41813, -18.12971 ], [ -54.41875, -18.12959 ], [ -54.41956, -18.12967 ], [ -54.42018, -18.12987 ], [ -54.42071, -18.13021 ], [ -54.42099, -18.13051 ], [ -54.42142, -18.13124 ], [ -54.42183, -18.13236 ], [ -54.42203, -18.13327 ], [ -54.42216, -18.13417 ], [ -54.42211, -18.13461 ], [ -54.42219, -18.13564 ], [ -54.42234, -18.13593 ], [ -54.42251, -18.13604 ], [ -54.42349, -18.13608 ], [ -54.42408, -18.13594 ], [ -54.42525, -18.13635 ], [ -54.42592, -18.13631 ], [ -54.42685, -18.13597 ], [ -54.42741, -18.13554 ], [ -54.42813, -18.13474 ], [ -54.4285, -18.13454 ], [ -54.42946, -18.1343 ], [ -54.43047, -18.13433 ], [ -54.43124, -18.13458 ], [ -54.43184, -18.13501 ], [ -54.43237, -18.13579 ], [ -54.43352, -18.13835 ], [ -54.43424, -18.14023 ], [ -54.43489, -18.14153 ], [ -54.43523, -18.14252 ], [ -54.43704, -18.14632 ], [ -54.43911, -18.15011 ], [ -54.43935, -18.15097 ], [ -54.44006, -18.15191 ], [ -54.44057, -18.15219 ], [ -54.44114, -18.15237 ], [ -54.44356, -18.15255 ], [ -54.44468, -18.15244 ], [ -54.44756, -18.15181 ], [ -54.44863, -18.15148 ], [ -54.45194, -18.15086 ], [ -54.45257, -18.15084 ], [ -54.45328, -18.15094 ], [ -54.45421, -18.15128 ], [ -54.45478, -18.15179 ], [ -54.455, -18.15211 ], [ -54.45558, -18.1534 ], [ -54.4563, -18.15437 ], [ -54.45692, -18.15495 ], [ -54.45795, -18.15568 ], [ -54.45889, -18.15618 ], [ -54.46065, -18.15663 ], [ -54.46155, -18.15726 ], [ -54.46274, -18.15778 ], [ -54.46415, -18.15899 ], [ -54.46718, -18.16049 ], [ -54.4684, -18.16093 ], [ -54.47044, -18.16219 ], [ -54.47092, -18.16283 ], [ -54.4713, -18.16404 ], [ -54.47121, -18.16504 ], [ -54.47065, -18.1669 ], [ -54.47058, -18.16756 ], [ -54.47062, -18.1681 ], [ -54.4707, -18.16832 ], [ -54.47097, -18.16862 ], [ -54.47138, -18.16885 ], [ -54.47199, -18.16883 ], [ -54.47331, -18.16791 ], [ -54.4739, -18.16766 ], [ -54.47435, -18.16769 ], [ -54.47499, -18.16795 ], [ -54.47557, -18.16845 ], [ -54.4764, -18.16943 ], [ -54.48011, -18.17427 ], [ -54.48181, -18.17622 ], [ -54.48264, -18.17697 ], [ -54.48451, -18.17824 ], [ -54.48718, -18.17968 ], [ -54.48769, -18.18012 ], [ -54.48788, -18.18052 ], [ -54.48858, -18.18134 ], [ -54.48898, -18.18161 ], [ -54.49053, -18.18229 ], [ -54.49324, -18.18307 ], [ -54.49591, -18.18421 ], [ -54.49706, -18.18501 ], [ -54.49858, -18.1864 ], [ -54.49998, -18.18748 ], [ -54.50032, -18.18769 ], [ -54.50071, -18.1878 ], [ -54.50132, -18.18819 ], [ -54.50186, -18.18871 ], [ -54.50243, -18.18908 ], [ -54.50341, -18.18947 ], [ -54.50424, -18.18969 ], [ -54.50572, -18.18978 ], [ -54.50871, -18.19041 ], [ -54.5109, -18.19071 ], [ -54.51297, -18.1906 ], [ -54.51416, -18.19061 ], [ -54.51488, -18.1905 ], [ -54.51655, -18.1905 ], [ -54.51771, -18.19062 ], [ -54.51936, -18.19012 ], [ -54.52091, -18.18982 ], [ -54.52215, -18.18983 ], [ -54.52365, -18.19002 ], [ -54.52478, -18.19038 ], [ -54.52618, -18.19109 ], [ -54.52697, -18.19162 ], [ -54.52805, -18.19256 ], [ -54.52881, -18.19354 ], [ -54.52991, -18.19547 ], [ -54.53032, -18.19677 ], [ -54.53147, -18.19939 ], [ -54.53217, -18.2004 ], [ -54.53379, -18.20208 ], [ -54.53518, -18.20301 ], [ -54.53755, -18.20407 ], [ -54.54191, -18.20554 ], [ -54.54296, -18.20621 ], [ -54.54393, -18.2071 ], [ -54.5449, -18.20771 ], [ -54.54626, -18.20819 ], [ -54.54892, -18.2089 ], [ -54.54966, -18.20924 ], [ -54.55059, -18.21013 ], [ -54.55083, -18.21062 ], [ -54.55117, -18.21173 ], [ -54.55176, -18.21278 ], [ -54.55339, -18.21416 ], [ -54.55442, -18.21479 ], [ -54.55539, -18.21592 ], [ -54.55813, -18.2222 ], [ -54.55853, -18.22373 ], [ -54.55867, -18.224 ], [ -54.55884, -18.2249 ], [ -54.55964, -18.22671 ], [ -54.56036, -18.22795 ], [ -54.56106, -18.22857 ], [ -54.56227, -18.22926 ], [ -54.56377, -18.22993 ], [ -54.56526, -18.23072 ], [ -54.56555, -18.2313 ], [ -54.56584, -18.23306 ], [ -54.56613, -18.23391 ], [ -54.56693, -18.2355 ], [ -54.56813, -18.23716 ], [ -54.56933, -18.23849 ], [ -54.57037, -18.23936 ], [ -54.57159, -18.24005 ], [ -54.57328, -18.2408 ], [ -54.57451, -18.24114 ], [ -54.57497, -18.24148 ], [ -54.57539, -18.24197 ], [ -54.57585, -18.24275 ], [ -54.57611, -18.24377 ], [ -54.57649, -18.2448 ], [ -54.57673, -18.24532 ], [ -54.57741, -18.24624 ], [ -54.57778, -18.24657 ], [ -54.57879, -18.2468 ], [ -54.58004, -18.24667 ], [ -54.58091, -18.24679 ], [ -54.58176, -18.24726 ], [ -54.58274, -18.24844 ], [ -54.58309, -18.24921 ], [ -54.58359, -18.25084 ], [ -54.58439, -18.25538 ], [ -54.58444, -18.25622 ], [ -54.58513, -18.26023 ], [ -54.58575, -18.26252 ], [ -54.58583, -18.26331 ], [ -54.58612, -18.26446 ], [ -54.58624, -18.26571 ], [ -54.58668, -18.26775 ], [ -54.58679, -18.26863 ], [ -54.58753, -18.2716 ], [ -54.58828, -18.27353 ], [ -54.58892, -18.27463 ], [ -54.58949, -18.27516 ], [ -54.59033, -18.27621 ], [ -54.59092, -18.27717 ], [ -54.59168, -18.27801 ], [ -54.59267, -18.27968 ], [ -54.59283, -18.28014 ], [ -54.59302, -18.28109 ], [ -54.59305, -18.28187 ], [ -54.59283, -18.2842 ], [ -54.59263, -18.28519 ], [ -54.59268, -18.28559 ], [ -54.59317, -18.28703 ], [ -54.59433, -18.28898 ], [ -54.59579, -18.29082 ], [ -54.59692, -18.29165 ], [ -54.59884, -18.29346 ], [ -54.59968, -18.29438 ], [ -54.60051, -18.29582 ], [ -54.60124, -18.29764 ], [ -54.60197, -18.29999 ], [ -54.60246, -18.30099 ], [ -54.6032, -18.30194 ], [ -54.60575, -18.30382 ], [ -54.60706, -18.30528 ], [ -54.60743, -18.3059 ], [ -54.60819, -18.30733 ], [ -54.60828, -18.30798 ], [ -54.60794, -18.30854 ], [ -54.6072, -18.30901 ], [ -54.60702, -18.30936 ], [ -54.60684, -18.31017 ], [ -54.60713, -18.31187 ], [ -54.60746, -18.31317 ], [ -54.60845, -18.31464 ], [ -54.60891, -18.31517 ], [ -54.60943, -18.31553 ], [ -54.60984, -18.31603 ], [ -54.61027, -18.31691 ], [ -54.61028, -18.31759 ], [ -54.61004, -18.31858 ], [ -54.60986, -18.32054 ], [ -54.60977, -18.32208 ], [ -54.6099, -18.32296 ], [ -54.6098, -18.32372 ], [ -54.60982, -18.32417 ], [ -54.60975, -18.32479 ], [ -54.60951, -18.32565 ], [ -54.60889, -18.32653 ], [ -54.60785, -18.32716 ], [ -54.60716, -18.32745 ], [ -54.60671, -18.32801 ], [ -54.60655, -18.32902 ], [ -54.60637, -18.33227 ], [ -54.60677, -18.33367 ], [ -54.60723, -18.33462 ], [ -54.60757, -18.33626 ], [ -54.60742, -18.33709 ], [ -54.60632, -18.34137 ], [ -54.60622, -18.34236 ], [ -54.60635, -18.34381 ], [ -54.60726, -18.34684 ], [ -54.6074, -18.34784 ], [ -54.60738, -18.34933 ], [ -54.60686, -18.35114 ], [ -54.60603, -18.35231 ], [ -54.60569, -18.35297 ], [ -54.60561, -18.35338 ], [ -54.60568, -18.35415 ], [ -54.60645, -18.35631 ], [ -54.60651, -18.35702 ], [ -54.60574, -18.35802 ], [ -54.60526, -18.35843 ], [ -54.60478, -18.35927 ], [ -54.60471, -18.36032 ], [ -54.6049, -18.36219 ], [ -54.60533, -18.36352 ], [ -54.60588, -18.36436 ], [ -54.60668, -18.36513 ], [ -54.60773, -18.36556 ], [ -54.60826, -18.36564 ], [ -54.60867, -18.36561 ], [ -54.60915, -18.36543 ], [ -54.61097, -18.36412 ], [ -54.61167, -18.36347 ], [ -54.61227, -18.36327 ], [ -54.61273, -18.36337 ], [ -54.61329, -18.3638 ], [ -54.61388, -18.36458 ], [ -54.61422, -18.36539 ], [ -54.61439, -18.36633 ], [ -54.61467, -18.36717 ], [ -54.61511, -18.36786 ], [ -54.61543, -18.36814 ], [ -54.61656, -18.36871 ], [ -54.62051, -18.36965 ], [ -54.6235, -18.37087 ], [ -54.62472, -18.37099 ], [ -54.62617, -18.371 ], [ -54.62743, -18.37087 ], [ -54.62867, -18.37107 ], [ -54.62907, -18.37125 ], [ -54.62999, -18.37198 ], [ -54.63086, -18.37305 ], [ -54.63108, -18.3741 ], [ -54.63109, -18.37489 ], [ -54.6314, -18.37552 ], [ -54.63224, -18.37615 ], [ -54.63285, -18.37637 ], [ -54.63369, -18.37681 ], [ -54.63456, -18.37759 ], [ -54.63481, -18.37801 ], [ -54.63494, -18.37836 ], [ -54.63487, -18.3787 ], [ -54.63464, -18.37908 ], [ -54.63398, -18.37953 ], [ -54.63318, -18.37973 ], [ -54.63288, -18.37973 ], [ -54.63247, -18.37963 ], [ -54.63187, -18.37927 ], [ -54.631, -18.37908 ], [ -54.63032, -18.3793 ], [ -54.62986, -18.38011 ], [ -54.62981, -18.38146 ], [ -54.63, -18.38336 ], [ -54.63042, -18.38447 ], [ -54.63134, -18.38563 ], [ -54.63223, -18.3874 ], [ -54.63258, -18.38794 ], [ -54.63383, -18.38914 ], [ -54.63509, -18.39072 ], [ -54.63556, -18.39292 ], [ -54.63563, -18.39385 ], [ -54.6353, -18.39486 ], [ -54.63424, -18.39709 ], [ -54.63416, -18.3979 ], [ -54.63477, -18.40164 ], [ -54.63515, -18.40289 ], [ -54.63613, -18.40496 ], [ -54.6376, -18.40769 ], [ -54.63787, -18.40834 ], [ -54.63903, -18.41017 ], [ -54.63956, -18.41151 ], [ -54.63951, -18.41254 ], [ -54.63927, -18.41334 ], [ -54.63882, -18.414 ], [ -54.63832, -18.41423 ], [ -54.6377, -18.41419 ], [ -54.63732, -18.41404 ], [ -54.6367, -18.41318 ], [ -54.63589, -18.41236 ], [ -54.63527, -18.41234 ], [ -54.63493, -18.41254 ], [ -54.63471, -18.4136 ], [ -54.63495, -18.41467 ], [ -54.63504, -18.41557 ], [ -54.63498, -18.41608 ], [ -54.63456, -18.41772 ], [ -54.63454, -18.41915 ], [ -54.63479, -18.4207 ], [ -54.63522, -18.42166 ], [ -54.63558, -18.4222 ], [ -54.63683, -18.42329 ], [ -54.63806, -18.42423 ], [ -54.63881, -18.4246 ], [ -54.63974, -18.42485 ], [ -54.6403, -18.42491 ] ] ] } }
]
}
