{
"type": "FeatureCollection",
"name": "uc_ms",
"xy_coordinate_resolution": 1e-05,
"features": [
{ "type": "Feature", "properties": { "titulo": "Parque Nacional Serra da Bodoquena", "subtitulo": "Parque · Federal", "grupo": "Proteção Integral", "municipio": "Bonito, Bodoquena", "pesca_status": "a_definir", "regras_pesca": "" }, "geometry": { "type": "MultiPolygon", "coordinates": [ [ [ [ -56.68405, -21.02904 ], [ -56.69629, -21.03862 ], [ -56.70055, -21.03631 ], [ -56.69903, -21.03109 ], [ -56.69693, -21.03088 ], [ -56.6936, -21.02645 ], [ -56.6973, -21.02581 ], [ -56.70717, -21.02255 ], [ -56.71108, -21.02055 ], [ -56.71279, -21.01819 ], [ -56.71502, -21.01982 ], [ -56.71509, -21.02037 ], [ -56.71584, -21.02181 ], [ -56.71602, -21.02432 ], [ -56.7159, -21.02521 ], [ -56.71518, -21.02675 ], [ -56.71515, -21.02846 ], [ -56.71542, -21.02964 ], [ -56.71696, -21.0318 ], [ -56.71718, -21.03235 ], [ -56.71682, -21.03399 ], [ -56.71669, -21.03753 ], [ -56.7169, -21.03799 ], [ -56.71745, -21.03833 ], [ -56.7179, -21.0457 ], [ -56.72169, -21.04911 ], [ -56.72544, -21.06148 ], [ -56.72213, -21.06918 ], [ -56.72232, -21.08216 ], [ -56.70679, -21.09627 ], [ -56.7098, -21.109 ], [ -56.70533, -21.11579 ], [ -56.70119, -21.11424 ], [ -56.69645, -21.11717 ], [ -56.69251, -21.11695 ], [ -56.69247, -21.11963 ], [ -56.69411, -21.12211 ], [ -56.70907, -21.12803 ], [ -56.71529, -21.12954 ], [ -56.71708, -21.12535 ], [ -56.71603, -21.11891 ], [ -56.74388, -21.11648 ], [ -56.75526, -21.11025 ], [ -56.76979, -21.12074 ], [ -56.76809, -21.12055 ], [ -56.76711, -21.12082 ], [ -56.76579, -21.1207 ], [ -56.76334, -21.12143 ], [ -56.75652, -21.12092 ], [ -56.75014, -21.12662 ], [ -56.74598, -21.12944 ], [ -56.73642, -21.14548 ], [ -56.73495, -21.16996 ], [ -56.72016, -21.20244 ], [ -56.72462, -21.22637 ], [ -56.72545, -21.23538 ], [ -56.74004, -21.23815 ], [ -56.7446, -21.23163 ], [ -56.74448, -21.22592 ], [ -56.74814, -21.22476 ], [ -56.75542, -21.22529 ], [ -56.76493, -21.21957 ], [ -56.76978, -21.21957 ], [ -56.7744, -21.22327 ], [ -56.77853, -21.23674 ], [ -56.77845, -21.24471 ], [ -56.77745, -21.24612 ], [ -56.77993, -21.25779 ], [ -56.77701, -21.26758 ], [ -56.77957, -21.27563 ], [ -56.78155, -21.284 ], [ -56.777, -21.29318 ], [ -56.77404, -21.29848 ], [ -56.77754, -21.30107 ], [ -56.77853, -21.30321 ], [ -56.77304, -21.30785 ], [ -56.77162, -21.31772 ], [ -56.77412, -21.32158 ], [ -56.76954, -21.327 ], [ -56.76525, -21.34326 ], [ -56.76822, -21.3479 ], [ -56.76965, -21.35207 ], [ -56.7696, -21.35688 ], [ -56.76952, -21.35722 ], [ -56.76896, -21.35775 ], [ -56.76794, -21.35929 ], [ -56.76534, -21.36129 ], [ -56.76465, -21.36216 ], [ -56.76442, -21.36302 ], [ -56.76439, -21.36528 ], [ -56.76501, -21.36745 ], [ -56.76456, -21.36902 ], [ -56.76462, -21.37103 ], [ -56.76448, -21.37147 ], [ -56.76389, -21.37202 ], [ -56.76386, -21.37311 ], [ -56.76299, -21.37391 ], [ -56.76278, -21.37446 ], [ -56.76689, -21.37661 ], [ -56.76834, -21.38025 ], [ -56.76661, -21.39045 ], [ -56.77072, -21.39762 ], [ -56.77067, -21.39815 ], [ -56.77096, -21.39952 ], [ -56.77074, -21.40025 ], [ -56.76979, -21.40213 ], [ -56.76985, -21.40346 ], [ -56.77011, -21.40451 ], [ -56.76911, -21.40507 ], [ -56.76812, -21.40671 ], [ -56.76768, -21.40899 ], [ -56.76618, -21.4148 ], [ -56.76496, -21.41712 ], [ -56.77202, -21.42103 ], [ -56.77643, -21.41989 ], [ -56.77761, -21.42537 ], [ -56.7912, -21.43571 ], [ -56.79674, -21.44132 ], [ -56.79283, -21.44326 ], [ -56.79028, -21.44547 ], [ -56.78924, -21.44735 ], [ -56.78857, -21.44768 ], [ -56.78644, -21.4478 ], [ -56.78559, -21.44984 ], [ -56.78455, -21.45132 ], [ -56.78243, -21.45336 ], [ -56.78082, -21.45433 ], [ -56.775, -21.45096 ], [ -56.76874, -21.45755 ], [ -56.75597, -21.45018 ], [ -56.75016, -21.45771 ], [ -56.75245, -21.46364 ], [ -56.75269, -21.47323 ], [ -56.74972, -21.48233 ], [ -56.75811, -21.49042 ], [ -56.75687, -21.49786 ], [ -56.75047, -21.50143 ], [ -56.74978, -21.51004 ], [ -56.73962, -21.51305 ], [ -56.72769, -21.50859 ], [ -56.72865, -21.50492 ], [ -56.72257, -21.5027 ], [ -56.71841, -21.49864 ], [ -56.71356, -21.4932 ], [ -56.70349, -21.49513 ], [ -56.69887, -21.48898 ], [ -56.6903, -21.48251 ], [ -56.69069, -21.47515 ], [ -56.69009, -21.47037 ], [ -56.69271, -21.46356 ], [ -56.69844, -21.45847 ], [ -56.6834, -21.44937 ], [ -56.6808, -21.44605 ], [ -56.68132, -21.43765 ], [ -56.67762, -21.43204 ], [ -56.68077, -21.42596 ], [ -56.68795, -21.42042 ], [ -56.68861, -21.41917 ], [ -56.68908, -21.41861 ], [ -56.69127, -21.41762 ], [ -56.69332, -21.41754 ], [ -56.69451, -21.41724 ], [ -56.69925, -21.41533 ], [ -56.70374, -21.40168 ], [ -56.69285, -21.37099 ], [ -56.66857, -21.29639 ], [ -56.66003, -21.28792 ], [ -56.65486, -21.26476 ], [ -56.6297, -21.24521 ], [ -56.62646, -21.22167 ], [ -56.62526, -21.20129 ], [ -56.62051, -21.19314 ], [ -56.62258, -21.18758 ], [ -56.61742, -21.17981 ], [ -56.61954, -21.17699 ], [ -56.61687, -21.16198 ], [ -56.61334, -21.15559 ], [ -56.60929, -21.14686 ], [ -56.60974, -21.14447 ], [ -56.60981, -21.14314 ], [ -56.61083, -21.14165 ], [ -56.61099, -21.13998 ], [ -56.61154, -21.13907 ], [ -56.61174, -21.13784 ], [ -56.61224, -21.13706 ], [ -56.61192, -21.13635 ], [ -56.61191, -21.13595 ], [ -56.61272, -21.13513 ], [ -56.61297, -21.13463 ], [ -56.61308, -21.13158 ], [ -56.61333, -21.13025 ], [ -56.61325, -21.12899 ], [ -56.61351, -21.12784 ], [ -56.61313, -21.12676 ], [ -56.61194, -21.12524 ], [ -56.612, -21.12432 ], [ -56.61168, -21.1237 ], [ -56.61177, -21.12319 ], [ -56.61227, -21.12249 ], [ -56.61209, -21.12179 ], [ -56.61216, -21.12113 ], [ -56.61313, -21.12016 ], [ -56.614, -21.1196 ], [ -56.61546, -21.11906 ], [ -56.61683, -21.11888 ], [ -56.61753, -21.11797 ], [ -56.618, -21.11764 ], [ -56.6195, -21.11784 ], [ -56.62102, -21.11713 ], [ -56.62202, -21.11632 ], [ -56.6229, -21.1162 ], [ -56.62328, -21.11571 ], [ -56.62421, -21.11592 ], [ -56.62449, -21.1156 ], [ -56.62451, -21.11526 ], [ -56.62388, -21.11449 ], [ -56.62385, -21.1142 ], [ -56.62394, -21.114 ], [ -56.62456, -21.11373 ], [ -56.62486, -21.11321 ], [ -56.62491, -21.11199 ], [ -56.62514, -21.11113 ], [ -56.62585, -21.11076 ], [ -56.62638, -21.11083 ], [ -56.62748, -21.11131 ], [ -56.62798, -21.11128 ], [ -56.62897, -21.11038 ], [ -56.62971, -21.10933 ], [ -56.63121, -21.10856 ], [ -56.63192, -21.1077 ], [ -56.63189, -21.10564 ], [ -56.63227, -21.10467 ], [ -56.63275, -21.10425 ], [ -56.63368, -21.10419 ], [ -56.63566, -21.10489 ], [ -56.63668, -21.10494 ], [ -56.63693, -21.10485 ], [ -56.63851, -21.10297 ], [ -56.63983, -21.10171 ], [ -56.64044, -21.10134 ], [ -56.64159, -21.1012 ], [ -56.6425, -21.10166 ], [ -56.64281, -21.10237 ], [ -56.64279, -21.10341 ], [ -56.64243, -21.10431 ], [ -56.64253, -21.10482 ], [ -56.64368, -21.10532 ], [ -56.6444, -21.10657 ], [ -56.6447, -21.10682 ], [ -56.64531, -21.10693 ], [ -56.64688, -21.10679 ], [ -56.648, -21.10644 ], [ -56.64846, -21.10562 ], [ -56.64941, -21.10575 ], [ -56.65013, -21.1055 ], [ -56.65117, -21.10469 ], [ -56.65201, -21.10443 ], [ -56.65341, -21.10284 ], [ -56.65288, -21.10163 ], [ -56.65282, -21.10049 ], [ -56.65471, -21.0988 ], [ -56.65525, -21.09788 ], [ -56.65534, -21.09713 ], [ -56.65567, -21.09663 ], [ -56.65589, -21.09642 ], [ -56.65782, -21.09582 ], [ -56.65847, -21.09511 ], [ -56.659, -21.09388 ], [ -56.65935, -21.09217 ], [ -56.66, -21.09082 ], [ -56.6603, -21.08888 ], [ -56.66136, -21.08618 ], [ -56.66411, -21.08189 ], [ -56.66586, -21.07987 ], [ -56.66723, -21.07726 ], [ -56.66799, -21.07616 ], [ -56.66822, -21.07466 ], [ -56.66856, -21.0736 ], [ -56.66835, -21.07244 ], [ -56.66848, -21.07192 ], [ -56.66911, -21.07061 ], [ -56.66942, -21.07033 ], [ -56.66964, -21.06967 ], [ -56.66895, -21.06793 ], [ -56.66916, -21.0676 ], [ -56.67031, -21.06751 ], [ -56.67084, -21.06684 ], [ -56.67154, -21.06334 ], [ -56.6719, -21.06289 ], [ -56.67201, -21.05987 ], [ -56.67264, -21.05827 ], [ -56.67265, -21.05693 ], [ -56.67308, -21.05463 ], [ -56.67338, -21.0538 ], [ -56.67416, -21.0527 ], [ -56.67426, -21.0517 ], [ -56.67868, -21.04332 ], [ -56.67892, -21.0356 ], [ -56.67834, -21.02991 ], [ -56.6789, -21.02758 ], [ -56.68217, -21.02598 ], [ -56.68405, -21.02904 ] ] ], [ [ [ -56.79901, -20.60191 ], [ -56.79598, -20.59588 ], [ -56.79514, -20.58896 ], [ -56.79889, -20.58436 ], [ -56.79971, -20.57801 ], [ -56.80278, -20.57277 ], [ -56.80717, -20.57025 ], [ -56.8159, -20.57915 ], [ -56.82154, -20.58042 ], [ -56.82525, -20.5902 ], [ -56.82886, -20.58775 ], [ -56.83673, -20.5877 ], [ -56.83778, -20.59475 ], [ -56.84222, -20.59397 ], [ -56.8458, -20.59818 ], [ -56.84393, -20.60463 ], [ -56.84786, -20.62964 ], [ -56.8568, -20.62895 ], [ -56.85854, -20.63321 ], [ -56.86173, -20.63797 ], [ -56.86005, -20.64139 ], [ -56.85925, -20.64643 ], [ -56.85487, -20.65045 ], [ -56.85183, -20.64932 ], [ -56.84472, -20.66471 ], [ -56.83936, -20.67395 ], [ -56.8467, -20.6786 ], [ -56.84729, -20.68207 ], [ -56.84965, -20.6899 ], [ -56.84824, -20.69417 ], [ -56.84302, -20.69644 ], [ -56.83533, -20.70099 ], [ -56.83856, -20.71266 ], [ -56.83539, -20.72143 ], [ -56.83126, -20.72802 ], [ -56.82829, -20.73577 ], [ -56.83238, -20.73981 ], [ -56.83967, -20.7459 ], [ -56.84049, -20.75029 ], [ -56.8363, -20.757 ], [ -56.8353, -20.7623 ], [ -56.82857, -20.75997 ], [ -56.82292, -20.76154 ], [ -56.81602, -20.76066 ], [ -56.81324, -20.76466 ], [ -56.81193, -20.77142 ], [ -56.80956, -20.77151 ], [ -56.80826, -20.77587 ], [ -56.81087, -20.78677 ], [ -56.80616, -20.79599 ], [ -56.80648, -20.80311 ], [ -56.79975, -20.80816 ], [ -56.79677, -20.81478 ], [ -56.78779, -20.81311 ], [ -56.78023, -20.81404 ], [ -56.7808, -20.81975 ], [ -56.7869, -20.82875 ], [ -56.78922, -20.83773 ], [ -56.78772, -20.84852 ], [ -56.79314, -20.85085 ], [ -56.79906, -20.85741 ], [ -56.80678, -20.86419 ], [ -56.80686, -20.86842 ], [ -56.80173, -20.87085 ], [ -56.79336, -20.87297 ], [ -56.79165, -20.88614 ], [ -56.78295, -20.89684 ], [ -56.7795, -20.89778 ], [ -56.78574, -20.91079 ], [ -56.7861, -20.91607 ], [ -56.78382, -20.91685 ], [ -56.78021, -20.91721 ], [ -56.77912, -20.91807 ], [ -56.77767, -20.92001 ], [ -56.77488, -20.93585 ], [ -56.773, -20.94553 ], [ -56.77014, -20.95559 ], [ -56.76768, -20.95542 ], [ -56.76458, -20.96996 ], [ -56.76242, -20.97558 ], [ -56.75084, -20.97011 ], [ -56.74791, -20.974 ], [ -56.74452, -20.98301 ], [ -56.72922, -20.99381 ], [ -56.71949, -20.97726 ], [ -56.72126, -20.97208 ], [ -56.71528, -20.96968 ], [ -56.7084, -20.97461 ], [ -56.70751, -20.97424 ], [ -56.70945, -20.96607 ], [ -56.71161, -20.96397 ], [ -56.71145, -20.96158 ], [ -56.71665, -20.95881 ], [ -56.71802, -20.95084 ], [ -56.71747, -20.94688 ], [ -56.71829, -20.94295 ], [ -56.72205, -20.93831 ], [ -56.71775, -20.93342 ], [ -56.71128, -20.93054 ], [ -56.70456, -20.9339 ], [ -56.70345, -20.93353 ], [ -56.70706, -20.92394 ], [ -56.7113, -20.92042 ], [ -56.71572, -20.90689 ], [ -56.71551, -20.90379 ], [ -56.71793, -20.90287 ], [ -56.71857, -20.89693 ], [ -56.72106, -20.88916 ], [ -56.73083, -20.88349 ], [ -56.72125, -20.87179 ], [ -56.72038, -20.87112 ], [ -56.71959, -20.87081 ], [ -56.71915, -20.87022 ], [ -56.71883, -20.86929 ], [ -56.71862, -20.86594 ], [ -56.71964, -20.86186 ], [ -56.72255, -20.85802 ], [ -56.72365, -20.85509 ], [ -56.7253, -20.84837 ], [ -56.72537, -20.84479 ], [ -56.72607, -20.84232 ], [ -56.72632, -20.84076 ], [ -56.72619, -20.83734 ], [ -56.72709, -20.83118 ], [ -56.72687, -20.83001 ], [ -56.72617, -20.82896 ], [ -56.72532, -20.82695 ], [ -56.72311, -20.82388 ], [ -56.72275, -20.82274 ], [ -56.7218, -20.82074 ], [ -56.72163, -20.81943 ], [ -56.72121, -20.81838 ], [ -56.71898, -20.81515 ], [ -56.71884, -20.81302 ], [ -56.71949, -20.8114 ], [ -56.71947, -20.81049 ], [ -56.71837, -20.8096 ], [ -56.71808, -20.80904 ], [ -56.71804, -20.80703 ], [ -56.71749, -20.8047 ], [ -56.71683, -20.80029 ], [ -56.71606, -20.79854 ], [ -56.71547, -20.79612 ], [ -56.71502, -20.79283 ], [ -56.71487, -20.78976 ], [ -56.71408, -20.78777 ], [ -56.71393, -20.78562 ], [ -56.71399, -20.78362 ], [ -56.71427, -20.78309 ], [ -56.71566, -20.78158 ], [ -56.71621, -20.78127 ], [ -56.72308, -20.78401 ], [ -56.74051, -20.79146 ], [ -56.74076, -20.77707 ], [ -56.74241, -20.76842 ], [ -56.74407, -20.7648 ], [ -56.76039, -20.7617 ], [ -56.76884, -20.76192 ], [ -56.77154, -20.75306 ], [ -56.77647, -20.74989 ], [ -56.78494, -20.74778 ], [ -56.79582, -20.7427 ], [ -56.80384, -20.74273 ], [ -56.80427, -20.73773 ], [ -56.79929, -20.73646 ], [ -56.79654, -20.72247 ], [ -56.77894, -20.70907 ], [ -56.77939, -20.70772 ], [ -56.77814, -20.68615 ], [ -56.78406, -20.68068 ], [ -56.7893, -20.6733 ], [ -56.79685, -20.67167 ], [ -56.79621, -20.66303 ], [ -56.79367, -20.65648 ], [ -56.79439, -20.65376 ], [ -56.79541, -20.64395 ], [ -56.79918, -20.6398 ], [ -56.7955, -20.62593 ], [ -56.7969, -20.61773 ], [ -56.79912, -20.61822 ], [ -56.80204, -20.60436 ], [ -56.79901, -20.60191 ] ] ] ] } },
{ "type": "Feature", "properties": { "titulo": "Monumento Natural Estadual do Rio Formoso", "subtitulo": "Monumento Natural · Estadual", "grupo": "Proteção Integral", "municipio": "Bonito", "pesca_status": "a_definir", "regras_pesca": "" }, "geometry": { "type": "Polygon", "coordinates": [ [ [ -56.3861, -21.12088 ], [ -56.38587, -21.1214 ], [ -56.38631, -21.12186 ], [ -56.38702, -21.1221 ], [ -56.38709, -21.12253 ], [ -56.38507, -21.12192 ], [ -56.38351, -21.12104 ], [ -56.38359, -21.12075 ], [ -56.38397, -21.12064 ], [ -56.38481, -21.12102 ], [ -56.38485, -21.12088 ], [ -56.38459, -21.1207 ], [ -56.38489, -21.1208 ], [ -56.38521, -21.12058 ], [ -56.38517, -21.1208 ], [ -56.38536, -21.12083 ], [ -56.38537, -21.12062 ], [ -56.38546, -21.1207 ], [ -56.38575, -21.12026 ], [ -56.38554, -21.11934 ], [ -56.38851, -21.11891 ], [ -56.38872, -21.117 ], [ -56.39141, -21.11763 ], [ -56.39237, -21.11801 ], [ -56.39147, -21.11978 ], [ -56.38862, -21.12005 ], [ -56.3881, -21.1207 ], [ -56.3861, -21.12088 ] ] ] } },
{ "type": "Feature", "properties": { "titulo": "RPPN Estadual São Pedro da Barra", "subtitulo": "RPPN · Estadual", "grupo": "Uso Sustentável", "municipio": "Bonito", "pesca_status": "a_definir", "regras_pesca": "" }, "geometry": { "type": "Polygon", "coordinates": [ [ [ -56.23751, -21.08549 ], [ -56.23917, -21.08633 ], [ -56.23792, -21.08837 ], [ -56.23743, -21.09015 ], [ -56.23546, -21.08988 ], [ -56.23469, -21.09041 ], [ -56.23426, -21.09137 ], [ -56.23415, -21.09218 ], [ -56.23433, -21.09284 ], [ -56.2333, -21.09396 ], [ -56.23339, -21.09526 ], [ -56.23378, -21.09518 ], [ -56.23476, -21.09646 ], [ -56.23522, -21.09854 ], [ -56.23098, -21.10122 ], [ -56.2302, -21.09975 ], [ -56.22974, -21.09939 ], [ -56.22857, -21.09899 ], [ -56.22828, -21.09872 ], [ -56.22831, -21.09806 ], [ -56.22896, -21.09758 ], [ -56.22896, -21.09732 ], [ -56.22885, -21.09693 ], [ -56.22781, -21.09636 ], [ -56.22751, -21.09588 ], [ -56.22707, -21.09436 ], [ -56.22707, -21.09388 ], [ -56.22646, -21.09275 ], [ -56.22653, -21.09231 ], [ -56.2278, -21.09197 ], [ -56.23071, -21.09192 ], [ -56.23182, -21.09165 ], [ -56.23216, -21.09139 ], [ -56.23245, -21.09076 ], [ -56.23469, -21.08949 ], [ -56.23482, -21.08925 ], [ -56.23447, -21.08862 ], [ -56.234, -21.08824 ], [ -56.23331, -21.088 ], [ -56.23324, -21.08762 ], [ -56.23504, -21.08583 ], [ -56.23553, -21.08491 ], [ -56.23567, -21.08483 ], [ -56.237, -21.08549 ], [ -56.23751, -21.08549 ] ] ] } },
{ "type": "Feature", "properties": { "titulo": "RPPN Estadual Neivo Pires I", "subtitulo": "RPPN · Estadual", "grupo": "Uso Sustentável", "municipio": "Miranda", "pesca_status": "a_definir", "regras_pesca": "" }, "geometry": { "type": "Polygon", "coordinates": [ [ [ -56.49311, -20.19049 ], [ -56.49096, -20.20029 ], [ -56.48987, -20.19981 ], [ -56.48835, -20.20081 ], [ -56.48685, -20.19992 ], [ -56.48541, -20.19992 ], [ -56.48437, -20.20072 ], [ -56.47988, -20.19551 ], [ -56.4822, -20.19571 ], [ -56.48334, -20.19016 ], [ -56.49311, -20.19049 ] ] ] } },
{ "type": "Feature", "properties": { "titulo": "RPPN Estadual Pata da Onça", "subtitulo": "RPPN · Estadual", "grupo": "Uso Sustentável", "municipio": "Aquidauana", "pesca_status": "a_definir", "regras_pesca": "" }, "geometry": { "type": "Polygon", "coordinates": [ [ [ -56.43452, -19.56118 ], [ -56.43577, -19.5597 ], [ -56.4376, -19.55856 ], [ -56.45109, -19.55669 ], [ -56.567, -19.71571 ], [ -56.56652, -19.71677 ], [ -56.56521, -19.71737 ], [ -56.56464, -19.71785 ], [ -56.56445, -19.71956 ], [ -56.56413, -19.71973 ], [ -56.56239, -19.71926 ], [ -56.56195, -19.71947 ], [ -56.56079, -19.72153 ], [ -56.56021, -19.72187 ], [ -56.55745, -19.72146 ], [ -56.55672, -19.72178 ], [ -56.55521, -19.72337 ], [ -56.55465, -19.72336 ], [ -56.55445, -19.72306 ], [ -56.55459, -19.7216 ], [ -56.55445, -19.72087 ], [ -56.55411, -19.72062 ], [ -56.55347, -19.72057 ], [ -56.5515, -19.7215 ], [ -56.55102, -19.72085 ], [ -56.55097, -19.72044 ], [ -56.55142, -19.71902 ], [ -56.55123, -19.71828 ], [ -56.5509, -19.71808 ], [ -56.55032, -19.71814 ], [ -56.54972, -19.71875 ], [ -56.54873, -19.72272 ], [ -56.54853, -19.72305 ], [ -56.54823, -19.72292 ], [ -56.54782, -19.72164 ], [ -56.5473, -19.72078 ], [ -56.54634, -19.72044 ], [ -56.54455, -19.72045 ], [ -56.54264, -19.71911 ], [ -56.54188, -19.71887 ], [ -56.54099, -19.71904 ], [ -56.53996, -19.71991 ], [ -56.53914, -19.72012 ], [ -56.5376, -19.71966 ], [ -56.53581, -19.71946 ], [ -56.53525, -19.71924 ], [ -56.53394, -19.71836 ], [ -56.53262, -19.71777 ], [ -56.53229, -19.71732 ], [ -56.53172, -19.71397 ], [ -56.53238, -19.71223 ], [ -56.53206, -19.71108 ], [ -56.53159, -19.71046 ], [ -56.52949, -19.70912 ], [ -56.52854, -19.70894 ], [ -56.52692, -19.70889 ], [ -56.5255, -19.70762 ], [ -56.52418, -19.70704 ], [ -56.52279, -19.70697 ], [ -56.52261, -19.70675 ], [ -56.52293, -19.7063 ], [ -56.5241, -19.70568 ], [ -56.52496, -19.70486 ], [ -56.5256, -19.70376 ], [ -56.52732, -19.70256 ], [ -56.52787, -19.70196 ], [ -56.52798, -19.70107 ], [ -56.52764, -19.70036 ], [ -56.52655, -19.69919 ], [ -56.52507, -19.69653 ], [ -56.52505, -19.69403 ], [ -56.52474, -19.69291 ], [ -56.52382, -19.69183 ], [ -56.52194, -19.69078 ], [ -56.5201, -19.68946 ], [ -56.51897, -19.68929 ], [ -56.51812, -19.68954 ], [ -56.51754, -19.69009 ], [ -56.51706, -19.69156 ], [ -56.51625, -19.6914 ], [ -56.51523, -19.69037 ], [ -56.51429, -19.69029 ], [ -56.51288, -19.6912 ], [ -56.5123, -19.69141 ], [ -56.5103, -19.69165 ], [ -56.50899, -19.69236 ], [ -56.50834, -19.69238 ], [ -56.50687, -19.69106 ], [ -56.50613, -19.69074 ], [ -56.50513, -19.6909 ], [ -56.50422, -19.69181 ], [ -56.50339, -19.69182 ], [ -56.5018, -19.6903 ], [ -56.5, -19.68974 ], [ -56.49964, -19.68943 ], [ -56.49976, -19.68634 ], [ -56.49953, -19.68558 ], [ -56.49886, -19.68522 ], [ -56.49803, -19.68556 ], [ -56.49743, -19.68661 ], [ -56.49683, -19.68685 ], [ -56.49637, -19.68683 ], [ -56.49493, -19.68613 ], [ -56.49401, -19.68646 ], [ -56.4935, -19.68726 ], [ -56.42344, -19.57796 ], [ -56.42414, -19.57737 ], [ -56.42558, -19.57069 ], [ -56.42828, -19.56538 ], [ -56.43452, -19.56118 ] ] ] } },
{ "type": "Feature", "properties": { "titulo": "Área de Proteção Ambiental Municipal do Rio Aquidauana", "subtitulo": "Área de Proteção Ambiental · Municipal", "grupo": "Uso Sustentável", "municipio": "Corguinho", "pesca_status": "a_definir", "regras_pesca": "" }, "geometry": { "type": "Polygon", "coordinates": [ [ [ -55.04127, -20.15562 ], [ -55.04082, -20.15442 ], [ -55.04321, -20.1519 ], [ -55.04246, -20.15009 ], [ -55.0441, -20.14914 ], [ -55.04438, -20.14744 ], [ -55.04349, -20.14565 ], [ -55.04516, -20.14466 ], [ -55.04721, -20.14517 ], [ -55.04849, -20.14372 ], [ -55.04527, -20.14231 ], [ -55.04746, -20.13933 ], [ -55.04565, -20.13865 ], [ -55.04385, -20.13511 ], [ -55.04224, -20.13411 ], [ -55.04115, -20.13479 ], [ -55.04149, -20.13678 ], [ -55.04016, -20.13759 ], [ -55.03787, -20.13213 ], [ -55.03471, -20.13076 ], [ -55.02918, -20.12559 ], [ -55.02729, -20.12499 ], [ -55.02579, -20.12648 ], [ -55.0246, -20.12519 ], [ -55.02277, -20.12541 ], [ -55.02002, -20.13049 ], [ -55.01835, -20.13087 ], [ -55.01571, -20.12894 ], [ -55.01496, -20.12703 ], [ -55.01591, -20.12541 ], [ -55.0144, -20.11966 ], [ -55.01063, -20.12184 ], [ -55.00896, -20.12082 ], [ -55.0071, -20.12133 ], [ -55.00188, -20.12724 ], [ -54.99779, -20.12763 ], [ -54.99615, -20.12636 ], [ -54.99551, -20.12446 ], [ -54.99577, -20.12038 ], [ -54.99454, -20.11867 ], [ -54.99396, -20.11269 ], [ -54.99229, -20.11129 ], [ -54.98629, -20.11264 ], [ -54.98443, -20.11136 ], [ -54.98446, -20.10755 ], [ -54.98115, -20.10543 ], [ -54.97904, -20.10596 ], [ -54.97716, -20.10499 ], [ -54.9746, -20.10151 ], [ -54.97301, -20.09354 ], [ -54.97185, -20.09173 ], [ -54.96107, -20.08877 ], [ -54.95768, -20.0938 ], [ -54.95563, -20.09398 ], [ -54.95337, -20.09299 ], [ -54.95416, -20.08568 ], [ -54.95679, -20.08264 ], [ -54.95343, -20.07948 ], [ -54.94582, -20.07746 ], [ -54.94496, -20.0713 ], [ -54.93671, -20.06914 ], [ -54.93421, -20.06591 ], [ -54.93018, -20.06388 ], [ -54.92851, -20.06019 ], [ -54.92893, -20.0563 ], [ -54.92676, -20.05377 ], [ -54.92351, -20.05377 ], [ -54.91768, -20.05614 ], [ -54.91685, -20.05465 ], [ -54.91718, -20.05247 ], [ -54.92379, -20.05074 ], [ -54.92551, -20.04947 ], [ -54.92518, -20.04757 ], [ -54.91896, -20.04667 ], [ -54.91532, -20.04369 ], [ -54.91135, -20.04415 ], [ -54.91168, -20.04221 ], [ -54.91382, -20.04202 ], [ -54.91929, -20.03925 ], [ -54.92766, -20.03873 ], [ -54.92846, -20.03745 ], [ -54.92641, -20.03183 ], [ -54.9256, -20.02328 ], [ -54.92449, -20.0217 ], [ -54.92027, -20.02112 ], [ -54.91452, -20.01837 ], [ -54.9144, -20.01271 ], [ -54.91035, -20.00628 ], [ -54.91057, -20.00226 ], [ -54.90946, -20.00113 ], [ -54.90541, -20.00109 ], [ -54.90402, -20.00448 ], [ -54.90243, -20.00367 ], [ -54.90196, -20.00159 ], [ -54.89668, -19.99878 ], [ -54.89685, -19.99685 ], [ -54.90404, -19.98975 ], [ -54.89818, -19.985 ], [ -54.89746, -19.97942 ], [ -54.89235, -19.97798 ], [ -54.89207, -19.97621 ], [ -54.89412, -19.97262 ], [ -54.89407, -19.96895 ], [ -54.89521, -19.96732 ], [ -54.89535, -19.96519 ], [ -54.89301, -19.9593 ], [ -54.89446, -19.95107 ], [ -54.89224, -19.94882 ], [ -54.88688, -19.94786 ], [ -54.88529, -19.94645 ], [ -54.88271, -19.94832 ], [ -54.88093, -19.94823 ], [ -54.88021, -19.9437 ], [ -54.88127, -19.94183 ], [ -54.88218, -19.94068 ], [ -54.88629, -19.9406 ], [ -54.88729, -19.93988 ], [ -54.88682, -19.93781 ], [ -54.8816, -19.9356 ], [ -54.88193, -19.93372 ], [ -54.88496, -19.9295 ], [ -54.88399, -19.92789 ], [ -54.88274, -19.92737 ], [ -54.88074, -19.92361 ], [ -54.87613, -19.92099 ], [ -54.87488, -19.92106 ], [ -54.87127, -19.92435 ], [ -54.86904, -19.9248 ], [ -54.86924, -19.91909 ], [ -54.86837, -19.91692 ], [ -54.86482, -19.91497 ], [ -54.86263, -19.91486 ], [ -54.85377, -19.90853 ], [ -54.84918, -19.90268 ], [ -54.84902, -19.89901 ], [ -54.8476, -19.89756 ], [ -54.84226, -19.89893 ], [ -54.8421, -19.89494 ], [ -54.84307, -19.89131 ], [ -54.8394, -19.88608 ], [ -54.83551, -19.88742 ], [ -54.83385, -19.88661 ], [ -54.83279, -19.8809 ], [ -54.83607, -19.87849 ], [ -54.83693, -19.87631 ], [ -54.83346, -19.87205 ], [ -54.83435, -19.87019 ], [ -54.83824, -19.8667 ], [ -54.83877, -19.86452 ], [ -54.83829, -19.85248 ], [ -54.83599, -19.84415 ], [ -54.8334, -19.83953 ], [ -54.83021, -19.83771 ], [ -54.82207, -19.83954 ], [ -54.81604, -19.8386 ], [ -54.81479, -19.83479 ], [ -54.81162, -19.83248 ], [ -54.80796, -19.82573 ], [ -54.80182, -19.82437 ], [ -54.79968, -19.82034 ], [ -54.79412, -19.8186 ], [ -54.79002, -19.81248 ], [ -54.78571, -19.81036 ], [ -54.78676, -19.80687 ], [ -54.78149, -19.79808 ], [ -54.78021, -19.79951 ], [ -54.77835, -19.79885 ], [ -54.76735, -19.78803 ], [ -54.76131, -19.78597 ], [ -54.76079, -19.781 ], [ -54.75771, -19.78237 ], [ -54.75101, -19.78156 ], [ -54.7386, -19.77672 ], [ -54.73624, -19.7718 ], [ -54.73315, -19.77248 ], [ -54.73438, -19.765 ], [ -54.7311, -19.76332 ], [ -54.73293, -19.75557 ], [ -54.73074, -19.75208 ], [ -54.73065, -19.74415 ], [ -54.73229, -19.74025 ], [ -54.7294, -19.73449 ], [ -54.72932, -19.73268 ], [ -54.73138, -19.73177 ], [ -54.73135, -19.72338 ], [ -54.7281, -19.71563 ], [ -54.72621, -19.71471 ], [ -54.72518, -19.7129 ], [ -54.72785, -19.7099 ], [ -54.73115, -19.70783 ], [ -54.73296, -19.70432 ], [ -54.73313, -19.70237 ], [ -54.73143, -19.70133 ], [ -54.73176, -19.69716 ], [ -54.72976, -19.69408 ], [ -54.72932, -19.68963 ], [ -54.72982, -19.68737 ], [ -54.73168, -19.68567 ], [ -54.73388, -19.68532 ], [ -54.73779, -19.68287 ], [ -54.74202, -19.67838 ], [ -54.74388, -19.67747 ], [ -54.74537, -19.67165 ], [ -54.74485, -19.66543 ], [ -54.74641, -19.66437 ], [ -54.74865, -19.66471 ], [ -54.74896, -19.65546 ], [ -54.75154, -19.65339 ], [ -54.7531, -19.6429 ], [ -54.75096, -19.64081 ], [ -54.7519, -19.63909 ], [ -54.75379, -19.63816 ], [ -54.7591, -19.63802 ], [ -54.76121, -19.63446 ], [ -54.76143, -19.63223 ], [ -54.76024, -19.62845 ], [ -54.75293, -19.63013 ], [ -54.74696, -19.62901 ], [ -54.74582, -19.62529 ], [ -54.74982, -19.62497 ], [ -54.74946, -19.62315 ], [ -54.74782, -19.6222 ], [ -54.73827, -19.62407 ], [ -54.73462, -19.62226 ], [ -54.73346, -19.62036 ], [ -54.73385, -19.61866 ], [ -54.7361, -19.61895 ], [ -54.73696, -19.61718 ], [ -54.73496, -19.61401 ], [ -54.73479, -19.61002 ], [ -54.73377, -19.60834 ], [ -54.72752, -19.60735 ], [ -54.72693, -19.60563 ], [ -54.72746, -19.60175 ], [ -54.72199, -19.59806 ], [ -54.72016, -19.59414 ], [ -54.71843, -19.59308 ], [ -54.71904, -19.59128 ], [ -54.72385, -19.59035 ], [ -54.72696, -19.58763 ], [ -54.72685, -19.58541 ], [ -54.7256, -19.58417 ], [ -54.72229, -19.58399 ], [ -54.72268, -19.57727 ], [ -54.72557, -19.57596 ], [ -54.72532, -19.57387 ], [ -54.72671, -19.5724 ], [ -54.72885, -19.57237 ], [ -54.73057, -19.5711 ], [ -54.7316, -19.56793 ], [ -54.73162, -19.56348 ], [ -54.72851, -19.55773 ], [ -54.72985, -19.556 ], [ -54.73349, -19.55469 ], [ -54.73529, -19.55115 ], [ -54.7344, -19.54936 ], [ -54.73521, -19.54834 ], [ -54.73466, -19.54669 ], [ -54.73043, -19.5439 ], [ -54.73293, -19.54195 ], [ -54.74296, -19.53868 ], [ -54.74582, -19.53675 ], [ -54.74721, -19.53294 ], [ -54.74718, -19.52936 ], [ -54.74574, -19.52532 ], [ -54.74593, -19.5192 ], [ -54.74238, -19.51937 ], [ -54.73843, -19.51826 ], [ -54.7374, -19.51667 ], [ -54.73446, -19.51495 ], [ -54.73527, -19.51083 ], [ -54.73668, -19.50946 ], [ -54.73127, -19.50806 ], [ -54.73249, -19.50639 ], [ -54.73629, -19.50341 ], [ -54.73777, -19.50207 ], [ -54.74207, -19.49887 ], [ -54.75913, -19.49107 ], [ -54.77386, -19.47924 ], [ -54.77316, -19.48333 ], [ -54.78072, -19.48658 ], [ -54.78086, -19.48693 ], [ -54.77924, -19.49033 ], [ -54.78033, -19.491 ], [ -54.78195, -19.49113 ], [ -54.78233, -19.49155 ], [ -54.78226, -19.4924 ], [ -54.78335, -19.4925 ], [ -54.78392, -19.49321 ], [ -54.78383, -19.494 ], [ -54.78441, -19.4941 ], [ -54.785, -19.49493 ], [ -54.78486, -19.4956 ], [ -54.78559, -19.49576 ], [ -54.786, -19.49637 ], [ -54.78469, -19.50178 ], [ -54.79082, -19.50416 ], [ -54.79093, -19.50439 ], [ -54.78935, -19.50806 ], [ -54.7895, -19.50831 ], [ -54.78847, -19.51201 ], [ -54.7942, -19.51628 ], [ -54.79429, -19.51697 ], [ -54.79161, -19.5202 ], [ -54.79511, -19.52244 ], [ -54.79521, -19.52296 ], [ -54.79407, -19.52456 ], [ -54.79452, -19.52505 ], [ -54.79444, -19.5261 ], [ -54.7941, -19.52638 ], [ -54.7944, -19.52672 ], [ -54.79434, -19.52731 ], [ -54.79277, -19.52853 ], [ -54.79609, -19.53169 ], [ -54.79608, -19.53265 ], [ -54.79379, -19.53481 ], [ -54.79583, -19.53718 ], [ -54.79541, -19.54045 ], [ -54.79502, -19.54074 ], [ -54.79532, -19.54113 ], [ -54.79492, -19.54345 ], [ -54.7915, -19.54574 ], [ -54.79344, -19.54927 ], [ -54.79321, -19.55004 ], [ -54.78922, -19.55193 ], [ -54.79072, -19.55596 ], [ -54.79, -19.55739 ], [ -54.78678, -19.55847 ], [ -54.78757, -19.56161 ], [ -54.78665, -19.56302 ], [ -54.7823, -19.564 ], [ -54.78014, -19.56521 ], [ -54.7802, -19.56845 ], [ -54.78052, -19.56915 ], [ -54.78019, -19.5697 ], [ -54.78019, -19.57108 ], [ -54.77821, -19.57276 ], [ -54.778, -19.57322 ], [ -54.77779, -19.5733 ], [ -54.7779, -19.5736 ], [ -54.77764, -19.5741 ], [ -54.77649, -19.57448 ], [ -54.77542, -19.57549 ], [ -54.77565, -19.57573 ], [ -54.77502, -19.57627 ], [ -54.77816, -19.58189 ], [ -54.77748, -19.58354 ], [ -54.77583, -19.58447 ], [ -54.77661, -19.58618 ], [ -54.77617, -19.58722 ], [ -54.77649, -19.58776 ], [ -54.77615, -19.58892 ], [ -54.77632, -19.58965 ], [ -54.7775, -19.59003 ], [ -54.7807, -19.58891 ], [ -54.78189, -19.59196 ], [ -54.78339, -19.59194 ], [ -54.78357, -19.59221 ], [ -54.78357, -19.59282 ], [ -54.78747, -19.59213 ], [ -54.78836, -19.59231 ], [ -54.78868, -19.59254 ], [ -54.78926, -19.59615 ], [ -54.79026, -19.59603 ], [ -54.79167, -19.59711 ], [ -54.79184, -19.59875 ], [ -54.79571, -19.59892 ], [ -54.79564, -19.6043 ], [ -54.79727, -19.60442 ], [ -54.79731, -19.60551 ], [ -54.8004, -19.60606 ], [ -54.8011, -19.60652 ], [ -54.80058, -19.60829 ], [ -54.80106, -19.60843 ], [ -54.80093, -19.6088 ], [ -54.80122, -19.60902 ], [ -54.80037, -19.61328 ], [ -54.8054, -19.61548 ], [ -54.8056, -19.61599 ], [ -54.80532, -19.61678 ], [ -54.80654, -19.6172 ], [ -54.80662, -19.6175 ], [ -54.80601, -19.61863 ], [ -54.80713, -19.61921 ], [ -54.80719, -19.61941 ], [ -54.80604, -19.62203 ], [ -54.80792, -19.62337 ], [ -54.80797, -19.62373 ], [ -54.80572, -19.62655 ], [ -54.80772, -19.62842 ], [ -54.80832, -19.62967 ], [ -54.80833, -19.63062 ], [ -54.80668, -19.63222 ], [ -54.80906, -19.63475 ], [ -54.80904, -19.63518 ], [ -54.80838, -19.63615 ], [ -54.80891, -19.63677 ], [ -54.80934, -19.63815 ], [ -54.80859, -19.63877 ], [ -54.80921, -19.6395 ], [ -54.8054, -19.64275 ], [ -54.80618, -19.64364 ], [ -54.80455, -19.64493 ], [ -54.80664, -19.64852 ], [ -54.80384, -19.65034 ], [ -54.80519, -19.65321 ], [ -54.8025, -19.65487 ], [ -54.80294, -19.6572 ], [ -54.80201, -19.65747 ], [ -54.80229, -19.6585 ], [ -54.80112, -19.65903 ], [ -54.80145, -19.6601 ], [ -54.80118, -19.66056 ], [ -54.79977, -19.66095 ], [ -54.79942, -19.66157 ], [ -54.79977, -19.66301 ], [ -54.79779, -19.66374 ], [ -54.79801, -19.6654 ], [ -54.79762, -19.66587 ], [ -54.79694, -19.66595 ], [ -54.79759, -19.66717 ], [ -54.79595, -19.66796 ], [ -54.79665, -19.66994 ], [ -54.79446, -19.67083 ], [ -54.79536, -19.67324 ], [ -54.79299, -19.67535 ], [ -54.79465, -19.67847 ], [ -54.79216, -19.68022 ], [ -54.7933, -19.6819 ], [ -54.79306, -19.68292 ], [ -54.79156, -19.68384 ], [ -54.79237, -19.68532 ], [ -54.7921, -19.68663 ], [ -54.79049, -19.68749 ], [ -54.79128, -19.6891 ], [ -54.79084, -19.69026 ], [ -54.78995, -19.69109 ], [ -54.78921, -19.69268 ], [ -54.78855, -19.69299 ], [ -54.78883, -19.69442 ], [ -54.78798, -19.69468 ], [ -54.78831, -19.69568 ], [ -54.78804, -19.69616 ], [ -54.78616, -19.6967 ], [ -54.78661, -19.69838 ], [ -54.78584, -19.69969 ], [ -54.78217, -19.70043 ], [ -54.78275, -19.70248 ], [ -54.78192, -19.70383 ], [ -54.78011, -19.70429 ], [ -54.78211, -19.70639 ], [ -54.77821, -19.71147 ], [ -54.77675, -19.71395 ], [ -54.77884, -19.71616 ], [ -54.77632, -19.72032 ], [ -54.78002, -19.72427 ], [ -54.78048, -19.72668 ], [ -54.77881, -19.72877 ], [ -54.78054, -19.73051 ], [ -54.77879, -19.73289 ], [ -54.78014, -19.73442 ], [ -54.77858, -19.73598 ], [ -54.78148, -19.74024 ], [ -54.78042, -19.74233 ], [ -54.78499, -19.74119 ], [ -54.78569, -19.74369 ], [ -54.78689, -19.74343 ], [ -54.78766, -19.74661 ], [ -54.78904, -19.74617 ], [ -54.78997, -19.74825 ], [ -54.79176, -19.74831 ], [ -54.79227, -19.75006 ], [ -54.79387, -19.75068 ], [ -54.79584, -19.7504 ], [ -54.79643, -19.75419 ], [ -54.80119, -19.75509 ], [ -54.80145, -19.75952 ], [ -54.80552, -19.75943 ], [ -54.80858, -19.76048 ], [ -54.80954, -19.76417 ], [ -54.81334, -19.7639 ], [ -54.81552, -19.76573 ], [ -54.81626, -19.77118 ], [ -54.82471, -19.7767 ], [ -54.82399, -19.77982 ], [ -54.82629, -19.78309 ], [ -54.82993, -19.78375 ], [ -54.83101, -19.78857 ], [ -54.83532, -19.78784 ], [ -54.83844, -19.79391 ], [ -54.81606, -19.83814 ], [ -54.82573, -19.83708 ], [ -54.82982, -19.83553 ], [ -54.83212, -19.83777 ], [ -54.85245, -19.79757 ], [ -54.85398, -19.79848 ], [ -54.85535, -19.80071 ], [ -54.83465, -19.84095 ], [ -54.83643, -19.84398 ], [ -54.83759, -19.84817 ], [ -54.84323, -19.8449 ], [ -54.86413, -19.80585 ], [ -54.86467, -19.80784 ], [ -54.86631, -19.80768 ], [ -54.86706, -19.8103 ], [ -54.86953, -19.81036 ], [ -54.87151, -19.81235 ], [ -54.87146, -19.81333 ], [ -54.87302, -19.81362 ], [ -54.87367, -19.81455 ], [ -54.87369, -19.81892 ], [ -54.87446, -19.81986 ], [ -54.87746, -19.8209 ], [ -54.87826, -19.82253 ], [ -54.87939, -19.8233 ], [ -54.87859, -19.82635 ], [ -54.88004, -19.82673 ], [ -54.8799, -19.82805 ], [ -54.88097, -19.82838 ], [ -54.88075, -19.83057 ], [ -54.88239, -19.83118 ], [ -54.88397, -19.83462 ], [ -54.8826, -19.83671 ], [ -54.88429, -19.83775 ], [ -54.88319, -19.84244 ], [ -54.88663, -19.84582 ], [ -54.88528, -19.84744 ], [ -54.88646, -19.84973 ], [ -54.88682, -19.85127 ], [ -54.88695, -19.85251 ], [ -54.88672, -19.85465 ], [ -54.88589, -19.85539 ], [ -54.88701, -19.85648 ], [ -54.88647, -19.85819 ], [ -54.88705, -19.85922 ], [ -54.88592, -19.86066 ], [ -54.88704, -19.86173 ], [ -54.88708, -19.86281 ], [ -54.88527, -19.86465 ], [ -54.88742, -19.86674 ], [ -54.88542, -19.86877 ], [ -54.88508, -19.87018 ], [ -54.88699, -19.87074 ], [ -54.88698, -19.87152 ], [ -54.88761, -19.87249 ], [ -54.88806, -19.87403 ], [ -54.88972, -19.87488 ], [ -54.8888, -19.87792 ], [ -54.89166, -19.87858 ], [ -54.89415, -19.87805 ], [ -54.89545, -19.88022 ], [ -54.89691, -19.87972 ], [ -54.89855, -19.88067 ], [ -54.90008, -19.88122 ], [ -54.90158, -19.88241 ], [ -54.90257, -19.88567 ], [ -54.90485, -19.88636 ], [ -54.90603, -19.8888 ], [ -54.91139, -19.88826 ], [ -54.91259, -19.8904 ], [ -54.91516, -19.89116 ], [ -54.91669, -19.89265 ], [ -54.91651, -19.89563 ], [ -54.91963, -19.89607 ], [ -54.92027, -19.89964 ], [ -54.92333, -19.90148 ], [ -54.92499, -19.903 ], [ -54.92594, -19.90657 ], [ -54.92518, -19.90872 ], [ -54.92724, -19.9097 ], [ -54.92786, -19.91152 ], [ -54.92788, -19.91308 ], [ -54.92666, -19.91629 ], [ -54.92772, -19.92187 ], [ -54.93361, -19.92321 ], [ -54.93391, -19.93054 ], [ -54.93228, -19.93312 ], [ -54.94099, -19.93783 ], [ -54.93809, -19.9434 ], [ -54.9427, -19.94723 ], [ -54.94278, -19.94851 ], [ -54.94031, -19.95109 ], [ -54.94055, -19.95243 ], [ -54.94223, -19.9534 ], [ -54.94174, -19.95687 ], [ -54.94374, -19.9608 ], [ -54.94147, -19.96341 ], [ -54.94327, -19.96515 ], [ -54.94413, -19.96862 ], [ -54.94872, -19.97148 ], [ -54.94851, -19.97565 ], [ -54.94654, -19.97965 ], [ -54.95002, -19.98117 ], [ -54.95011, -19.98302 ], [ -54.95249, -19.98385 ], [ -54.95421, -19.98734 ], [ -54.95326, -19.98907 ], [ -54.95752, -19.99176 ], [ -54.96266, -19.99344 ], [ -54.96261, -20.00039 ], [ -54.96672, -20.0017 ], [ -54.96942, -20.00368 ], [ -54.96771, -20.0099 ], [ -54.97064, -20.01176 ], [ -54.97206, -20.01332 ], [ -54.97182, -20.01447 ], [ -54.97277, -20.01552 ], [ -54.97369, -20.01733 ], [ -54.97264, -20.01924 ], [ -54.97373, -20.02003 ], [ -54.97397, -20.02108 ], [ -54.97399, -20.02227 ], [ -54.97318, -20.0232 ], [ -54.97417, -20.02415 ], [ -54.97487, -20.02873 ], [ -54.97651, -20.03143 ], [ -54.97465, -20.03393 ], [ -54.97703, -20.03601 ], [ -54.97555, -20.0383 ], [ -54.97891, -20.03906 ], [ -54.98094, -20.04425 ], [ -54.98413, -20.04465 ], [ -54.98699, -20.04627 ], [ -54.98721, -20.04897 ], [ -54.98973, -20.05295 ], [ -54.99442, -20.0517 ], [ -54.99939, -20.0632 ], [ -55.01204, -20.06608 ], [ -55.01126, -20.07154 ], [ -55.01677, -20.07154 ], [ -55.01885, -20.07693 ], [ -55.02084, -20.07788 ], [ -55.02922, -20.07577 ], [ -55.03278, -20.0807 ], [ -55.03592, -20.07872 ], [ -55.04077, -20.08443 ], [ -55.04765, -20.08177 ], [ -55.0494, -20.08495 ], [ -55.05169, -20.0874 ], [ -55.05646, -20.08965 ], [ -55.06052, -20.09476 ], [ -55.06485, -20.09335 ], [ -55.06907, -20.09779 ], [ -55.06407, -20.10868 ], [ -55.06537, -20.11489 ], [ -55.0646, -20.11828 ], [ -55.06587, -20.1219 ], [ -55.06577, -20.12679 ], [ -55.06996, -20.13336 ], [ -55.07579, -20.13345 ], [ -55.08212, -20.1431 ], [ -55.08079, -20.15056 ], [ -55.08368, -20.15316 ], [ -55.08296, -20.15645 ], [ -55.07774, -20.15992 ], [ -55.07446, -20.15937 ], [ -55.07293, -20.15792 ], [ -55.07143, -20.15393 ], [ -55.06943, -20.15374 ], [ -55.06857, -20.15542 ], [ -55.06518, -20.15726 ], [ -55.06504, -20.16328 ], [ -55.06449, -20.16461 ], [ -55.06246, -20.1649 ], [ -55.05932, -20.16416 ], [ -55.05343, -20.1584 ], [ -55.04518, -20.15756 ], [ -55.04127, -20.15562 ] ] ] } },
{ "type": "Feature", "properties": { "titulo": "RPPN Estadual Cara da Onça", "subtitulo": "RPPN · Estadual", "grupo": "Uso Sustentável", "municipio": "Bodoquena", "pesca_status": "a_definir", "regras_pesca": "" }, "geometry": { "type": "Polygon", "coordinates": [ [ [ -56.73498, -20.7378 ], [ -56.73931, -20.73576 ], [ -56.74018, -20.73772 ], [ -56.73714, -20.7397 ], [ -56.73498, -20.7378 ] ] ] } },
{ "type": "Feature", "properties": { "titulo": "RPPN Estadual Cabeceira da Lagoa", "subtitulo": "RPPN · Estadual", "grupo": "Uso Sustentável", "municipio": "Corguinho", "pesca_status": "a_definir", "regras_pesca": "" }, "geometry": { "type": "MultiPolygon", "coordinates": [ [ [ [ -55.10992, -19.75848 ], [ -55.10358, -19.74551 ], [ -55.11154, -19.74191 ], [ -55.11557, -19.75022 ], [ -55.11176, -19.75746 ], [ -55.10992, -19.75848 ] ] ], [ [ [ -55.09636, -19.70529 ], [ -55.09644, -19.70488 ], [ -55.0978, -19.70378 ], [ -55.09802, -19.70445 ], [ -55.09864, -19.70462 ], [ -55.09887, -19.70485 ], [ -55.0988, -19.70497 ], [ -55.10015, -19.7064 ], [ -55.10027, -19.70682 ], [ -55.10184, -19.70799 ], [ -55.10324, -19.70849 ], [ -55.10477, -19.70968 ], [ -55.10654, -19.7103 ], [ -55.10683, -19.71018 ], [ -55.10682, -19.71056 ], [ -55.10737, -19.71109 ], [ -55.1084, -19.71152 ], [ -55.10855, -19.71144 ], [ -55.10969, -19.71231 ], [ -55.11097, -19.71269 ], [ -55.11132, -19.71303 ], [ -55.11182, -19.71313 ], [ -55.1129, -19.71291 ], [ -55.11395, -19.71404 ], [ -55.11456, -19.71427 ], [ -55.11603, -19.7143 ], [ -55.11635, -19.71481 ], [ -55.1182, -19.71517 ], [ -55.11881, -19.71552 ], [ -55.11977, -19.71665 ], [ -55.11985, -19.71819 ], [ -55.12054, -19.71861 ], [ -55.12161, -19.7188 ], [ -55.1221, -19.71909 ], [ -55.12259, -19.71994 ], [ -55.12241, -19.7206 ], [ -55.12269, -19.72076 ], [ -55.12348, -19.72312 ], [ -55.12389, -19.7236 ], [ -55.12407, -19.72424 ], [ -55.12392, -19.72461 ], [ -55.12396, -19.72524 ], [ -55.12442, -19.72618 ], [ -55.12498, -19.72838 ], [ -55.12501, -19.72986 ], [ -55.12469, -19.73192 ], [ -55.12538, -19.73256 ], [ -55.12563, -19.73314 ], [ -55.12543, -19.73354 ], [ -55.12526, -19.73356 ], [ -55.12219, -19.73918 ], [ -55.12055, -19.73873 ], [ -55.11939, -19.73675 ], [ -55.1193, -19.73517 ], [ -55.11959, -19.7328 ], [ -55.11966, -19.72983 ], [ -55.11843, -19.72673 ], [ -55.1214, -19.72382 ], [ -55.12375, -19.72414 ], [ -55.12363, -19.72373 ], [ -55.12321, -19.72324 ], [ -55.12272, -19.72189 ], [ -55.12216, -19.7218 ], [ -55.12218, -19.72133 ], [ -55.12108, -19.72079 ], [ -55.12088, -19.72022 ], [ -55.11992, -19.7196 ], [ -55.11968, -19.71898 ], [ -55.11843, -19.71827 ], [ -55.11842, -19.71808 ], [ -55.11884, -19.71794 ], [ -55.11902, -19.71765 ], [ -55.11895, -19.71706 ], [ -55.11845, -19.71648 ], [ -55.11843, -19.71622 ], [ -55.11806, -19.71616 ], [ -55.11777, -19.71557 ], [ -55.11697, -19.71532 ], [ -55.11681, -19.71544 ], [ -55.11748, -19.71593 ], [ -55.11729, -19.71657 ], [ -55.11495, -19.71607 ], [ -55.1144, -19.71541 ], [ -55.11406, -19.71527 ], [ -55.11359, -19.71526 ], [ -55.11272, -19.71497 ], [ -55.11206, -19.71509 ], [ -55.11204, -19.71533 ], [ -55.11248, -19.7155 ], [ -55.11263, -19.71594 ], [ -55.1125, -19.71619 ], [ -55.11229, -19.71599 ], [ -55.11219, -19.71616 ], [ -55.11241, -19.71635 ], [ -55.11229, -19.71642 ], [ -55.11274, -19.719 ], [ -55.11249, -19.72173 ], [ -55.11189, -19.72402 ], [ -55.11239, -19.72504 ], [ -55.11207, -19.725 ], [ -55.11192, -19.72516 ], [ -55.11228, -19.7252 ], [ -55.11125, -19.72681 ], [ -55.11082, -19.7271 ], [ -55.11083, -19.72794 ], [ -55.11153, -19.72861 ], [ -55.11152, -19.72919 ], [ -55.11127, -19.72947 ], [ -55.11131, -19.72999 ], [ -55.11102, -19.72993 ], [ -55.11103, -19.73012 ], [ -55.11132, -19.73018 ], [ -55.11074, -19.73084 ], [ -55.11078, -19.73139 ], [ -55.11178, -19.73366 ], [ -55.11152, -19.73399 ], [ -55.11111, -19.73398 ], [ -55.11085, -19.73368 ], [ -55.11091, -19.73333 ], [ -55.11021, -19.73149 ], [ -55.10993, -19.72991 ], [ -55.11022, -19.72994 ], [ -55.11022, -19.72976 ], [ -55.10975, -19.72971 ], [ -55.10967, -19.72931 ], [ -55.10934, -19.72913 ], [ -55.10928, -19.72882 ], [ -55.10961, -19.72832 ], [ -55.11028, -19.72824 ], [ -55.11027, -19.72693 ], [ -55.11006, -19.72599 ], [ -55.11027, -19.72573 ], [ -55.11031, -19.72501 ], [ -55.1106, -19.72506 ], [ -55.11061, -19.72488 ], [ -55.11032, -19.72483 ], [ -55.11071, -19.72434 ], [ -55.11129, -19.72429 ], [ -55.11193, -19.72159 ], [ -55.11216, -19.71901 ], [ -55.11175, -19.71666 ], [ -55.11152, -19.71664 ], [ -55.11118, -19.71626 ], [ -55.11147, -19.71619 ], [ -55.1115, -19.716 ], [ -55.1112, -19.71597 ], [ -55.11148, -19.71565 ], [ -55.11154, -19.71446 ], [ -55.11102, -19.71459 ], [ -55.11061, -19.71451 ], [ -55.11036, -19.71413 ], [ -55.10742, -19.71307 ], [ -55.10634, -19.71555 ], [ -55.10735, -19.71617 ], [ -55.10374, -19.71756 ], [ -55.10249, -19.71788 ], [ -55.0993, -19.71847 ], [ -55.09692, -19.71835 ], [ -55.0971, -19.71857 ], [ -55.09806, -19.71854 ], [ -55.10132, -19.71994 ], [ -55.09657, -19.72111 ], [ -55.09669, -19.72172 ], [ -55.09658, -19.72287 ], [ -55.09667, -19.72391 ], [ -55.09713, -19.72415 ], [ -55.09748, -19.72415 ], [ -55.09779, -19.72493 ], [ -55.09779, -19.72514 ], [ -55.09686, -19.72583 ], [ -55.0966, -19.7268 ], [ -55.0967, -19.72748 ], [ -55.09704, -19.72821 ], [ -55.09705, -19.72977 ], [ -55.09856, -19.7325 ], [ -55.09924, -19.73504 ], [ -55.09978, -19.73516 ], [ -55.10002, -19.73555 ], [ -55.09999, -19.73582 ], [ -55.0995, -19.73616 ], [ -55.09917, -19.73685 ], [ -55.09901, -19.73853 ], [ -55.09882, -19.73814 ], [ -55.099, -19.73526 ], [ -55.09864, -19.73363 ], [ -55.0983, -19.73261 ], [ -55.09676, -19.72984 ], [ -55.09675, -19.72826 ], [ -55.09642, -19.72755 ], [ -55.09631, -19.72678 ], [ -55.09661, -19.72566 ], [ -55.09632, -19.72409 ], [ -55.09641, -19.72173 ], [ -55.096, -19.71677 ], [ -55.09585, -19.71602 ], [ -55.09469, -19.7141 ], [ -55.0941, -19.71232 ], [ -55.09402, -19.71103 ], [ -55.09477, -19.70667 ], [ -55.0951, -19.70598 ], [ -55.09546, -19.7056 ], [ -55.09636, -19.70529 ] ] ] ] } },
{ "type": "Feature", "properties": { "titulo": "RPPN Estadual Fazenda Rio Negro", "subtitulo": "RPPN · Estadual", "grupo": "Uso Sustentável", "municipio": "Aquidauana", "pesca_status": "a_definir", "regras_pesca": "" }, "geometry": { "type": "Polygon", "coordinates": [ [ [ -56.21002, -19.59122 ], [ -56.20834, -19.58707 ], [ -56.21035, -19.58378 ], [ -56.20833, -19.57961 ], [ -56.20696, -19.57475 ], [ -56.20741, -19.56849 ], [ -56.20543, -19.56555 ], [ -56.20484, -19.56373 ], [ -56.20177, -19.56378 ], [ -56.20067, -19.55547 ], [ -56.20162, -19.55446 ], [ -56.19982, -19.54914 ], [ -56.19879, -19.54834 ], [ -56.19909, -19.54693 ], [ -56.19683, -19.54024 ], [ -56.19488, -19.53962 ], [ -56.1947, -19.53866 ], [ -56.19581, -19.53721 ], [ -56.18827, -19.51318 ], [ -56.18725, -19.51207 ], [ -56.18788, -19.50928 ], [ -56.18618, -19.50707 ], [ -56.18523, -19.5043 ], [ -56.17364, -19.49223 ], [ -56.17262, -19.48456 ], [ -56.17325, -19.47995 ], [ -56.18387, -19.47732 ], [ -56.18433, -19.47733 ], [ -56.18584, -19.47683 ], [ -56.18657, -19.47622 ], [ -56.18732, -19.47647 ], [ -56.18957, -19.47591 ], [ -56.19033, -19.47603 ], [ -56.19087, -19.47559 ], [ -56.19377, -19.47487 ], [ -56.19509, -19.47302 ], [ -56.19608, -19.47289 ], [ -56.19741, -19.47396 ], [ -56.20494, -19.4721 ], [ -56.2049, -19.47195 ], [ -56.20932, -19.4702 ], [ -56.21031, -19.47076 ], [ -56.21565, -19.46943 ], [ -56.21961, -19.47828 ], [ -56.2232, -19.48498 ], [ -56.23248, -19.51257 ], [ -56.22096, -19.50982 ], [ -56.23236, -19.53973 ], [ -56.22895, -19.54366 ], [ -56.22849, -19.54932 ], [ -56.23042, -19.55058 ], [ -56.22923, -19.55361 ], [ -56.22777, -19.56065 ], [ -56.23773, -19.56786 ], [ -56.23802, -19.57028 ], [ -56.23827, -19.5708 ], [ -56.24147, -19.57218 ], [ -56.24212, -19.57478 ], [ -56.25381, -19.57846 ], [ -56.25449, -19.57882 ], [ -56.26853, -19.63151 ], [ -56.24101, -19.62223 ], [ -56.2347, -19.62035 ], [ -56.2154, -19.61398 ], [ -56.21428, -19.59221 ], [ -56.21388, -19.59143 ], [ -56.21206, -19.59272 ], [ -56.21002, -19.59122 ] ] ] } },
{ "type": "Feature", "properties": { "titulo": "RPPN Estadual Gaviao de Penacho", "subtitulo": "RPPN · Estadual", "grupo": "Uso Sustentável", "municipio": "Corguinho", "pesca_status": "a_definir", "regras_pesca": "" }, "geometry": { "type": "Polygon", "coordinates": [ [ [ -55.07274, -19.93129 ], [ -55.07193, -19.93121 ], [ -55.07175, -19.93159 ], [ -55.07205, -19.93233 ], [ -55.07063, -19.9349 ], [ -55.07044, -19.93689 ], [ -55.06986, -19.93823 ], [ -55.06932, -19.93845 ], [ -55.06926, -19.93928 ], [ -55.06949, -19.93994 ], [ -55.06826, -19.941 ], [ -55.0703, -19.94108 ], [ -55.06898, -19.94246 ], [ -55.07045, -19.9425 ], [ -55.06943, -19.94471 ], [ -55.06919, -19.94658 ], [ -55.06818, -19.95012 ], [ -55.06692, -19.9512 ], [ -55.06565, -19.94673 ], [ -55.06375, -19.94719 ], [ -55.0634, -19.94666 ], [ -55.06206, -19.94766 ], [ -55.06384, -19.95151 ], [ -55.06115, -19.95244 ], [ -55.05956, -19.9495 ], [ -55.06108, -19.94833 ], [ -55.0613, -19.94812 ], [ -55.0613, -19.9479 ], [ -55.06061, -19.94776 ], [ -55.05913, -19.94821 ], [ -55.05902, -19.94787 ], [ -55.0592, -19.94727 ], [ -55.05858, -19.94708 ], [ -55.05854, -19.94684 ], [ -55.05926, -19.9463 ], [ -55.05917, -19.94588 ], [ -55.05811, -19.94537 ], [ -55.05787, -19.94504 ], [ -55.05791, -19.94485 ], [ -55.05819, -19.94472 ], [ -55.05956, -19.94497 ], [ -55.06017, -19.94446 ], [ -55.06027, -19.94377 ], [ -55.06047, -19.94369 ], [ -55.06089, -19.94482 ], [ -55.06225, -19.94479 ], [ -55.06266, -19.94552 ], [ -55.06311, -19.94545 ], [ -55.06376, -19.94562 ], [ -55.06398, -19.94589 ], [ -55.06694, -19.94549 ], [ -55.06735, -19.94531 ], [ -55.06863, -19.94396 ], [ -55.06966, -19.94314 ], [ -55.06953, -19.94297 ], [ -55.06816, -19.94288 ], [ -55.06733, -19.94081 ], [ -55.06742, -19.9405 ], [ -55.06821, -19.93961 ], [ -55.06854, -19.93859 ], [ -55.06828, -19.93848 ], [ -55.06856, -19.93781 ], [ -55.06886, -19.93764 ], [ -55.06905, -19.93708 ], [ -55.06893, -19.93658 ], [ -55.06909, -19.93607 ], [ -55.06984, -19.93584 ], [ -55.06962, -19.93556 ], [ -55.06974, -19.93528 ], [ -55.06959, -19.93476 ], [ -55.06994, -19.93426 ], [ -55.07012, -19.93332 ], [ -55.07058, -19.93311 ], [ -55.07126, -19.93229 ], [ -55.07111, -19.9319 ], [ -55.07124, -19.93106 ], [ -55.07061, -19.93069 ], [ -55.07045, -19.93018 ], [ -55.07078, -19.92984 ], [ -55.07066, -19.9294 ], [ -55.07034, -19.92919 ], [ -55.07035, -19.92806 ], [ -55.07002, -19.92795 ], [ -55.07, -19.92755 ], [ -55.06942, -19.92743 ], [ -55.06887, -19.9266 ], [ -55.06907, -19.92606 ], [ -55.06996, -19.92518 ], [ -55.07274, -19.93129 ] ] ] } },
{ "type": "Feature", "properties": { "titulo": "Área de Proteção Ambiental Municipal Sete Quedas do Rio Verde", "subtitulo": "Área de Proteção Ambiental · Municipal", "grupo": "Uso Sustentável", "municipio": "Rio Verde", "pesca_status": "a_definir", "regras_pesca": "" }, "geometry": { "type": "Polygon", "coordinates": [ [ [ -54.90424, -18.87937 ], [ -54.91338, -18.89298 ], [ -54.95145, -18.89312 ], [ -54.99618, -18.9061 ], [ -55.01863, -18.92064 ], [ -55.02087, -18.93838 ], [ -55.04562, -18.96377 ], [ -55.01259, -19.0122 ], [ -54.97121, -19.00477 ], [ -54.93012, -18.98447 ], [ -54.86844, -18.98144 ], [ -54.86219, -18.93297 ], [ -54.85652, -18.89903 ], [ -54.90424, -18.87937 ] ] ] } },
{ "type": "Feature", "properties": { "titulo": "RPPN Estadual Rancho do Tucano", "subtitulo": "RPPN · Estadual", "grupo": "Uso Sustentável", "municipio": "Bonito", "pesca_status": "a_definir", "regras_pesca": "" }, "geometry": { "type": "MultiPolygon", "coordinates": [ [ [ [ -56.3813, -21.09873 ], [ -56.38164, -21.09888 ], [ -56.38155, -21.0995 ], [ -56.38095, -21.09996 ], [ -56.38016, -21.09996 ], [ -56.38004, -21.10068 ], [ -56.38012, -21.10113 ], [ -56.38059, -21.10195 ], [ -56.38176, -21.10289 ], [ -56.38131, -21.10311 ], [ -56.3808, -21.10293 ], [ -56.37947, -21.10184 ], [ -56.37922, -21.10134 ], [ -56.37922, -21.1003 ], [ -56.37826, -21.09842 ], [ -56.37887, -21.09767 ], [ -56.38, -21.09915 ], [ -56.38082, -21.09912 ], [ -56.3813, -21.09873 ] ] ], [ [ [ -56.38214, -21.10117 ], [ -56.38277, -21.1002 ], [ -56.38224, -21.09894 ], [ -56.38308, -21.09849 ], [ -56.38371, -21.09952 ], [ -56.38303, -21.10013 ], [ -56.38356, -21.10048 ], [ -56.38323, -21.10125 ], [ -56.38254, -21.10173 ], [ -56.38214, -21.10117 ] ] ], [ [ [ -56.38404, -21.09743 ], [ -56.38363, -21.09676 ], [ -56.3847, -21.09551 ], [ -56.38691, -21.09473 ], [ -56.38769, -21.09608 ], [ -56.38838, -21.10043 ], [ -56.38668, -21.10127 ], [ -56.38588, -21.10075 ], [ -56.38507, -21.09906 ], [ -56.38599, -21.0978 ], [ -56.38772, -21.09752 ], [ -56.38734, -21.09579 ], [ -56.38633, -21.09615 ], [ -56.3849, -21.09785 ], [ -56.38454, -21.09749 ], [ -56.38404, -21.09743 ] ] ], [ [ [ -56.38132, -21.0987 ], [ -56.3823, -21.09778 ], [ -56.38333, -21.09638 ], [ -56.38394, -21.09736 ], [ -56.3817, -21.09899 ], [ -56.38167, -21.09886 ], [ -56.38132, -21.0987 ] ] ] ] } },
{ "type": "Feature", "properties": { "titulo": "RPPN Estadual Alegria", "subtitulo": "RPPN · Estadual", "grupo": "Uso Sustentável", "municipio": "Corumbá", "pesca_status": "a_definir", "regras_pesca": "" }, "geometry": { "type": "MultiPolygon", "coordinates": [ [ [ [ -56.77593, -19.08627 ], [ -56.78561, -19.08971 ], [ -56.80547, -19.08406 ], [ -56.80546, -19.1007 ], [ -56.80461, -19.10111 ], [ -56.78726, -19.09735 ], [ -56.76287, -19.09781 ], [ -56.75831, -19.08976 ], [ -56.77593, -19.08627 ] ] ], [ [ [ -56.75108, -19.077 ], [ -56.74325, -19.06208 ], [ -56.76823, -19.05617 ], [ -56.78242, -19.0707 ], [ -56.75108, -19.077 ] ] ] ] } },
{ "type": "Feature", "properties": { "titulo": "RPPN Federal Fazendinha", "subtitulo": "RPPN · Federal", "grupo": "Uso Sustentável", "municipio": "Aquidauana", "pesca_status": "a_definir", "regras_pesca": "" }, "geometry": { "type": "Polygon", "coordinates": [ [ [ -56.47646, -19.59152 ], [ -56.56702, -19.57033 ], [ -56.57784, -19.63418 ], [ -56.59182, -19.71281 ], [ -56.59029, -19.71123 ], [ -56.58953, -19.71083 ], [ -56.58885, -19.71082 ], [ -56.5868, -19.71159 ], [ -56.58498, -19.71191 ], [ -56.58324, -19.71273 ], [ -56.58277, -19.7125 ], [ -56.58192, -19.71085 ], [ -56.58139, -19.71032 ], [ -56.58074, -19.71014 ], [ -56.58014, -19.71023 ], [ -56.57724, -19.71219 ], [ -56.57599, -19.71219 ], [ -56.57468, -19.71171 ], [ -56.57351, -19.71183 ], [ -56.57304, -19.71221 ], [ -56.57227, -19.71364 ], [ -56.57107, -19.71436 ], [ -56.5693, -19.71487 ], [ -56.56803, -19.715 ], [ -56.567, -19.71571 ], [ -56.47646, -19.59152 ] ] ] } },
{ "type": "Feature", "properties": { "titulo": "Parque Natural Municipal de Anastácio", "subtitulo": "Parque · Municipal", "grupo": "Proteção Integral", "municipio": "Anastácio", "pesca_status": "a_definir", "regras_pesca": "" }, "geometry": { "type": "Polygon", "coordinates": [ [ [ -56.09079, -20.75118 ], [ -56.09147, -20.75031 ], [ -56.09365, -20.75181 ], [ -56.09296, -20.75269 ], [ -56.09079, -20.75118 ] ] ] } },
{ "type": "Feature", "properties": { "titulo": "RPPN Federal Buraco das Araras", "subtitulo": "RPPN · Federal", "grupo": "Uso Sustentável", "municipio": "Jardim", "pesca_status": "a_definir", "regras_pesca": "" }, "geometry": { "type": "Polygon", "coordinates": [ [ [ -56.40136, -21.49052 ], [ -56.40268, -21.49029 ], [ -56.40294, -21.49067 ], [ -56.40336, -21.49068 ], [ -56.4034, -21.49099 ], [ -56.40302, -21.49191 ], [ -56.40262, -21.49217 ], [ -56.40235, -21.49265 ], [ -56.40002, -21.49719 ], [ -56.39546, -21.4915 ], [ -56.39971, -21.49079 ], [ -56.39981, -21.49132 ], [ -56.40149, -21.49091 ], [ -56.40136, -21.49052 ] ] ] } },
{ "type": "Feature", "properties": { "titulo": "RPPN Estadual Xodó do Vô Ruy", "subtitulo": "RPPN · Estadual", "grupo": "Uso Sustentável", "municipio": "Ponta Porã, Jardim", "pesca_status": "a_definir", "regras_pesca": "" }, "geometry": { "type": "MultiPolygon", "coordinates": [ [ [ [ -55.99421, -21.84119 ], [ -56.00543, -21.82408 ], [ -56.01001, -21.8283 ], [ -56.00864, -21.82866 ], [ -56.01181, -21.83846 ], [ -56.01342, -21.83903 ], [ -56.01366, -21.84226 ], [ -56.01492, -21.84463 ], [ -56.01436, -21.84544 ], [ -56.0131, -21.8463 ], [ -56.01259, -21.84682 ], [ -56.00986, -21.84466 ], [ -56.00695, -21.84674 ], [ -56.00449, -21.84485 ], [ -56.00093, -21.8466 ], [ -55.99421, -21.84119 ] ] ], [ [ [ -56.01077, -21.80897 ], [ -56.00746, -21.80042 ], [ -56.01, -21.79915 ], [ -56.00989, -21.79714 ], [ -56.01273, -21.79945 ], [ -56.01169, -21.80195 ], [ -56.01476, -21.8074 ], [ -56.01856, -21.80853 ], [ -56.01954, -21.80984 ], [ -56.01882, -21.81124 ], [ -56.01903, -21.81188 ], [ -56.01816, -21.81763 ], [ -56.02027, -21.82101 ], [ -56.01757, -21.82502 ], [ -56.01591, -21.82389 ], [ -56.01357, -21.82342 ], [ -56.00836, -21.81951 ], [ -56.01114, -21.81524 ], [ -56.01077, -21.80897 ] ] ] ] } },
{ "type": "Feature", "properties": { "titulo": "RPPN Estadual Neivo Pires II", "subtitulo": "RPPN · Estadual", "grupo": "Uso Sustentável", "municipio": "Miranda", "pesca_status": "a_definir", "regras_pesca": "" }, "geometry": { "type": "Polygon", "coordinates": [ [ [ -56.4798, -20.19549 ], [ -56.48437, -20.20074 ], [ -56.48411, -20.2014 ], [ -56.48429, -20.20374 ], [ -56.48381, -20.20418 ], [ -56.48292, -20.20421 ], [ -56.48015, -20.20337 ], [ -56.47805, -20.20347 ], [ -56.47718, -20.2039 ], [ -56.47777, -20.20523 ], [ -56.47821, -20.20582 ], [ -56.47818, -20.20619 ], [ -56.44103, -20.19846 ], [ -56.44819, -20.19347 ], [ -56.44999, -20.19277 ], [ -56.45181, -20.19277 ], [ -56.4798, -20.19549 ] ] ] } },
{ "type": "Feature", "properties": { "titulo": "RPPN Estadual Fazenda Nhumirim", "subtitulo": "RPPN · Estadual", "grupo": "Uso Sustentável", "municipio": "Corumbá", "pesca_status": "a_definir", "regras_pesca": "" }, "geometry": { "type": "Polygon", "coordinates": [ [ [ -56.59041, -18.9248 ], [ -56.59202, -18.92227 ], [ -56.5923, -18.921 ], [ -56.59305, -18.92065 ], [ -56.59582, -18.91633 ], [ -56.59487, -18.91128 ], [ -56.59842, -18.9093 ], [ -56.59978, -18.90798 ], [ -56.60004, -18.90815 ], [ -56.6006, -18.9073 ], [ -56.60187, -18.9071 ], [ -56.60204, -18.90585 ], [ -56.61492, -18.91466 ], [ -56.61743, -18.91557 ], [ -56.62184, -18.91902 ], [ -56.62004, -18.9217 ], [ -56.61994, -18.92365 ], [ -56.6184, -18.92431 ], [ -56.60908, -18.9399 ], [ -56.59822, -18.93145 ], [ -56.59658, -18.93108 ], [ -56.59619, -18.9301 ], [ -56.59537, -18.9299 ], [ -56.59417, -18.9281 ], [ -56.59041, -18.9248 ] ] ] } },
{ "type": "Feature", "properties": { "titulo": "Área de Proteção Ambiental Municipal da Bacia do Córrego Ceroula", "subtitulo": "Área de Proteção Ambiental · Municipal", "grupo": "Uso Sustentável", "municipio": "Campo Grande", "pesca_status": "a_definir", "regras_pesca": "" }, "geometry": { "type": "Polygon", "coordinates": [ [ [ -54.91234, -20.20609 ], [ -54.91314, -20.20799 ], [ -54.91314, -20.21152 ], [ -54.91743, -20.21568 ], [ -54.91828, -20.21744 ], [ -54.91814, -20.22365 ], [ -54.92086, -20.22697 ], [ -54.92153, -20.22896 ], [ -54.92037, -20.2305 ], [ -54.91739, -20.23064 ], [ -54.91673, -20.23263 ], [ -54.91889, -20.23743 ], [ -54.91778, -20.23919 ], [ -54.91784, -20.24236 ], [ -54.92178, -20.24394 ], [ -54.92306, -20.24548 ], [ -54.92239, -20.24731 ], [ -54.91626, -20.24543 ], [ -54.91206, -20.24667 ], [ -54.90661, -20.2467 ], [ -54.90297, -20.24809 ], [ -54.90111, -20.2509 ], [ -54.89476, -20.25576 ], [ -54.8932, -20.26074 ], [ -54.89078, -20.26375 ], [ -54.89064, -20.26556 ], [ -54.88895, -20.26697 ], [ -54.88717, -20.26742 ], [ -54.88315, -20.26591 ], [ -54.88128, -20.26682 ], [ -54.87984, -20.26551 ], [ -54.87592, -20.26931 ], [ -54.86953, -20.2696 ], [ -54.86864, -20.27141 ], [ -54.86669, -20.27207 ], [ -54.86542, -20.27361 ], [ -54.86133, -20.27477 ], [ -54.85901, -20.27421 ], [ -54.85717, -20.27516 ], [ -54.85517, -20.27878 ], [ -54.85348, -20.27847 ], [ -54.8519, -20.27697 ], [ -54.84984, -20.27664 ], [ -54.84572, -20.27735 ], [ -54.84415, -20.28092 ], [ -54.83398, -20.28256 ], [ -54.83075, -20.28488 ], [ -54.82501, -20.28267 ], [ -54.82058, -20.28231 ], [ -54.82073, -20.28951 ], [ -54.81735, -20.29435 ], [ -54.81806, -20.29616 ], [ -54.82031, -20.2969 ], [ -54.82017, -20.29887 ], [ -54.81509, -20.30103 ], [ -54.80994, -20.30187 ], [ -54.80314, -20.30641 ], [ -54.80203, -20.30799 ], [ -54.79318, -20.3104 ], [ -54.79026, -20.30863 ], [ -54.78486, -20.30754 ], [ -54.78078, -20.30507 ], [ -54.77873, -20.30464 ], [ -54.77779, -20.30616 ], [ -54.77951, -20.31376 ], [ -54.77609, -20.31462 ], [ -54.77173, -20.31707 ], [ -54.77034, -20.31556 ], [ -54.76914, -20.31592 ], [ -54.76862, -20.47514 ], [ -54.76425, -20.4818 ], [ -54.75821, -20.48522 ], [ -54.74821, -20.48589 ], [ -54.73714, -20.48252 ], [ -54.72867, -20.4754 ], [ -54.72363, -20.46524 ], [ -54.71758, -20.45485 ], [ -54.70687, -20.44613 ], [ -54.69728, -20.43875 ], [ -54.68259, -20.42995 ], [ -54.67244, -20.42229 ], [ -54.6654, -20.41628 ], [ -54.65978, -20.41083 ], [ -54.65228, -20.40431 ], [ -54.64371, -20.39879 ], [ -54.63296, -20.39327 ], [ -54.62446, -20.38966 ], [ -54.62012, -20.38737 ], [ -54.61401, -20.3836 ], [ -54.60922, -20.38004 ], [ -54.60329, -20.37644 ], [ -54.60034, -20.37289 ], [ -54.60101, -20.36996 ], [ -54.60062, -20.36575 ], [ -54.5996, -20.36167 ], [ -54.59769, -20.35613 ], [ -54.59484, -20.35145 ], [ -54.59352, -20.34723 ], [ -54.59404, -20.34347 ], [ -54.59532, -20.34044 ], [ -54.60137, -20.33718 ], [ -54.60614, -20.33219 ], [ -54.61147, -20.32993 ], [ -54.61674, -20.32709 ], [ -54.61816, -20.32509 ], [ -54.6185, -20.32277 ], [ -54.61355, -20.31134 ], [ -54.61262, -20.30671 ], [ -54.61369, -20.29299 ], [ -54.61075, -20.28161 ], [ -54.60458, -20.27065 ], [ -54.59793, -20.26486 ], [ -54.59651, -20.2613 ], [ -54.59588, -20.25826 ], [ -54.59812, -20.25486 ], [ -54.60187, -20.25151 ], [ -54.60595, -20.25017 ], [ -54.61034, -20.25472 ], [ -54.61453, -20.25674 ], [ -54.61864, -20.25622 ], [ -54.63034, -20.25155 ], [ -54.63514, -20.25078 ], [ -54.64286, -20.25248 ], [ -54.64723, -20.24807 ], [ -54.65008, -20.2382 ], [ -54.64909, -20.23643 ], [ -54.65, -20.23443 ], [ -54.65322, -20.23264 ], [ -54.65748, -20.22762 ], [ -54.66089, -20.22487 ], [ -54.66405, -20.22379 ], [ -54.66637, -20.22156 ], [ -54.66981, -20.22234 ], [ -54.67756, -20.21675 ], [ -54.68864, -20.21256 ], [ -54.69148, -20.21033 ], [ -54.69592, -20.20868 ], [ -54.7062, -20.2029 ], [ -54.71281, -20.20164 ], [ -54.71908, -20.20195 ], [ -54.72112, -20.20091 ], [ -54.72298, -20.1972 ], [ -54.72315, -20.1947 ], [ -54.72503, -20.19293 ], [ -54.72715, -20.19334 ], [ -54.72981, -20.19819 ], [ -54.73346, -20.19742 ], [ -54.73787, -20.19809 ], [ -54.73959, -20.19917 ], [ -54.74653, -20.19564 ], [ -54.74653, -20.19347 ], [ -54.74828, -20.19231 ], [ -54.75458, -20.19228 ], [ -54.76442, -20.18886 ], [ -54.77023, -20.19019 ], [ -54.77128, -20.18924 ], [ -54.77173, -20.18719 ], [ -54.77467, -20.18204 ], [ -54.7762, -20.18095 ], [ -54.7784, -20.18063 ], [ -54.78009, -20.175 ], [ -54.77932, -20.17292 ], [ -54.7805, -20.17142 ], [ -54.78215, -20.17305 ], [ -54.7842, -20.17331 ], [ -54.78776, -20.1706 ], [ -54.79359, -20.17016 ], [ -54.7955, -20.16923 ], [ -54.79862, -20.17009 ], [ -54.80139, -20.17338 ], [ -54.80481, -20.17244 ], [ -54.81292, -20.17358 ], [ -54.81501, -20.17302 ], [ -54.81723, -20.16776 ], [ -54.82315, -20.16551 ], [ -54.82465, -20.16701 ], [ -54.83275, -20.16961 ], [ -54.83634, -20.17195 ], [ -54.83833, -20.17177 ], [ -54.84076, -20.16844 ], [ -54.84584, -20.1678 ], [ -54.84745, -20.16673 ], [ -54.85056, -20.16881 ], [ -54.85293, -20.16883 ], [ -54.85665, -20.17066 ], [ -54.85823, -20.17292 ], [ -54.85997, -20.17387 ], [ -54.85892, -20.17563 ], [ -54.85931, -20.17677 ], [ -54.85764, -20.17762 ], [ -54.85734, -20.17955 ], [ -54.85869, -20.18118 ], [ -54.85803, -20.183 ], [ -54.86137, -20.19312 ], [ -54.86142, -20.19656 ], [ -54.86231, -20.19831 ], [ -54.86731, -20.19701 ], [ -54.86697, -20.19882 ], [ -54.87008, -20.19923 ], [ -54.87153, -20.20031 ], [ -54.87284, -20.20389 ], [ -54.87832, -20.20691 ], [ -54.88012, -20.20577 ], [ -54.88454, -20.20672 ], [ -54.88623, -20.20773 ], [ -54.89126, -20.20404 ], [ -54.8934, -20.20351 ], [ -54.89556, -20.20367 ], [ -54.90026, -20.20826 ], [ -54.91031, -20.20511 ], [ -54.9112, -20.20664 ], [ -54.91234, -20.20609 ] ] ] } },
{ "type": "Feature", "properties": { "titulo": "RPPN Estadual Vale do Bugio", "subtitulo": "RPPN · Estadual", "grupo": "Uso Sustentável", "municipio": "Corguinho", "pesca_status": "a_definir", "regras_pesca": "" }, "geometry": { "type": "Polygon", "coordinates": [ [ [ -55.06798, -19.95035 ], [ -55.06832, -19.94943 ], [ -55.06767, -19.94864 ], [ -55.06804, -19.94755 ], [ -55.06902, -19.94731 ], [ -55.06963, -19.9449 ], [ -55.07046, -19.94352 ], [ -55.07039, -19.94242 ], [ -55.06926, -19.94217 ], [ -55.07028, -19.94113 ], [ -55.06827, -19.94099 ], [ -55.06961, -19.93973 ], [ -55.06983, -19.93822 ], [ -55.0707, -19.93625 ], [ -55.07056, -19.93506 ], [ -55.07197, -19.93273 ], [ -55.07208, -19.93233 ], [ -55.07184, -19.93125 ], [ -55.0736, -19.9312 ], [ -55.07455, -19.93007 ], [ -55.0751, -19.93061 ], [ -55.07625, -19.93048 ], [ -55.07709, -19.931 ], [ -55.07837, -19.93103 ], [ -55.07824, -19.93134 ], [ -55.07708, -19.93145 ], [ -55.07511, -19.93232 ], [ -55.07411, -19.93325 ], [ -55.07432, -19.93357 ], [ -55.07334, -19.93438 ], [ -55.07356, -19.93445 ], [ -55.07261, -19.93575 ], [ -55.07257, -19.93684 ], [ -55.07178, -19.93814 ], [ -55.07178, -19.93886 ], [ -55.07231, -19.93879 ], [ -55.07442, -19.93761 ], [ -55.07634, -19.93706 ], [ -55.07793, -19.9369 ], [ -55.07819, -19.93729 ], [ -55.07818, -19.9387 ], [ -55.07777, -19.93911 ], [ -55.07726, -19.93926 ], [ -55.07527, -19.93949 ], [ -55.07377, -19.94066 ], [ -55.07479, -19.94079 ], [ -55.07489, -19.9415 ], [ -55.07454, -19.94212 ], [ -55.07325, -19.94237 ], [ -55.07426, -19.94273 ], [ -55.07587, -19.94227 ], [ -55.07696, -19.94232 ], [ -55.07705, -19.94257 ], [ -55.07572, -19.94464 ], [ -55.07351, -19.94575 ], [ -55.07201, -19.94681 ], [ -55.07072, -19.94807 ], [ -55.07283, -19.94904 ], [ -55.06798, -19.95035 ] ] ] } },
{ "type": "Feature", "properties": { "titulo": "Área de Proteção Ambiental Estadual Estrada Parque de Piraputanga", "subtitulo": "Área de Proteção Ambiental · Estadual", "grupo": "Uso Sustentável", "municipio": "Aquidauana, Dois Irmãos do Buriti", "pesca_status": "a_definir", "regras_pesca": "" }, "geometry": { "type": "Polygon", "coordinates": [ [ [ -55.42419, -20.53478 ], [ -55.41483, -20.53163 ], [ -55.41479, -20.52169 ], [ -55.43146, -20.49554 ], [ -55.4274, -20.47122 ], [ -55.41883, -20.45683 ], [ -55.42733, -20.4361 ], [ -55.45108, -20.43462 ], [ -55.58198, -20.46788 ], [ -55.59918, -20.44942 ], [ -55.62298, -20.45445 ], [ -55.6444, -20.46342 ], [ -55.66272, -20.45212 ], [ -55.68519, -20.45922 ], [ -55.68286, -20.48033 ], [ -55.67786, -20.47553 ], [ -55.66957, -20.48396 ], [ -55.65469, -20.48897 ], [ -55.65224, -20.48851 ], [ -55.64608, -20.48182 ], [ -55.63962, -20.48473 ], [ -55.63656, -20.48868 ], [ -55.63628, -20.49128 ], [ -55.62034, -20.49955 ], [ -55.61602, -20.50015 ], [ -55.60915, -20.49688 ], [ -55.60374, -20.50227 ], [ -55.60674, -20.5079 ], [ -55.60501, -20.5126 ], [ -55.60142, -20.51955 ], [ -55.59532, -20.51494 ], [ -55.58824, -20.51284 ], [ -55.58051, -20.50095 ], [ -55.57656, -20.50017 ], [ -55.57474, -20.49767 ], [ -55.56672, -20.49297 ], [ -55.56517, -20.49397 ], [ -55.56432, -20.50924 ], [ -55.55982, -20.51091 ], [ -55.5519, -20.50831 ], [ -55.54798, -20.49868 ], [ -55.54186, -20.49 ], [ -55.53094, -20.48362 ], [ -55.52954, -20.47872 ], [ -55.52131, -20.46896 ], [ -55.50344, -20.45641 ], [ -55.48264, -20.46864 ], [ -55.47922, -20.46465 ], [ -55.48092, -20.46012 ], [ -55.47701, -20.45812 ], [ -55.47118, -20.46882 ], [ -55.46371, -20.47706 ], [ -55.45913, -20.45975 ], [ -55.44556, -20.4492 ], [ -55.44528, -20.45535 ], [ -55.43486, -20.46038 ], [ -55.43177, -20.45934 ], [ -55.43778, -20.4731 ], [ -55.4408, -20.49816 ], [ -55.42413, -20.52432 ], [ -55.42419, -20.53478 ] ] ] } },
{ "type": "Feature", "properties": { "titulo": "RPPN Federal Fazenda Paculândia", "subtitulo": "RPPN · Federal", "grupo": "Uso Sustentável", "municipio": "Corumbá", "pesca_status": "a_definir", "regras_pesca": "" }, "geometry": { "type": "Polygon", "coordinates": [ [ [ -57.22647, -19.48637 ], [ -57.23941, -19.46992 ], [ -57.2142, -19.4243 ], [ -57.28076, -19.39293 ], [ -57.28162, -19.39328 ], [ -57.28458, -19.39511 ], [ -57.2902, -19.39773 ], [ -57.29201, -19.39876 ], [ -57.29473, -19.3995 ], [ -57.29742, -19.3998 ], [ -57.29875, -19.40048 ], [ -57.30165, -19.40237 ], [ -57.3037, -19.40407 ], [ -57.30524, -19.40718 ], [ -57.30664, -19.40877 ], [ -57.30916, -19.41009 ], [ -57.31189, -19.41121 ], [ -57.31497, -19.41161 ], [ -57.32267, -19.41069 ], [ -57.32423, -19.4112 ], [ -57.32816, -19.41188 ], [ -57.32894, -19.41217 ], [ -57.32961, -19.4128 ], [ -57.33112, -19.41285 ], [ -57.33052, -19.414 ], [ -57.3307, -19.41628 ], [ -57.33094, -19.41697 ], [ -57.33101, -19.41909 ], [ -57.33023, -19.42167 ], [ -57.32855, -19.42584 ], [ -57.32722, -19.42791 ], [ -57.32517, -19.4306 ], [ -57.32355, -19.43432 ], [ -57.32277, -19.43501 ], [ -57.32186, -19.43501 ], [ -57.32102, -19.43478 ], [ -57.32041, -19.43375 ], [ -57.32053, -19.43163 ], [ -57.32185, -19.429 ], [ -57.32239, -19.42648 ], [ -57.32257, -19.42437 ], [ -57.3222, -19.42322 ], [ -57.32015, -19.42088 ], [ -57.31743, -19.41928 ], [ -57.31652, -19.41894 ], [ -57.31574, -19.41894 ], [ -57.31507, -19.41923 ], [ -57.31472, -19.41992 ], [ -57.31478, -19.42043 ], [ -57.31532, -19.42157 ], [ -57.31544, -19.42249 ], [ -57.31484, -19.42346 ], [ -57.3147, -19.4255 ], [ -57.31542, -19.42756 ], [ -57.31627, -19.42916 ], [ -57.31694, -19.43088 ], [ -57.31712, -19.43305 ], [ -57.31677, -19.43505 ], [ -57.31611, -19.43654 ], [ -57.31532, -19.43757 ], [ -57.31424, -19.43843 ], [ -57.31321, -19.43861 ], [ -57.31243, -19.43826 ], [ -57.31194, -19.43763 ], [ -57.31152, -19.43495 ], [ -57.30982, -19.433 ], [ -57.30837, -19.43203 ], [ -57.30662, -19.43186 ], [ -57.30517, -19.43227 ], [ -57.30481, -19.43278 ], [ -57.30445, -19.43398 ], [ -57.30784, -19.43638 ], [ -57.30971, -19.43804 ], [ -57.31104, -19.4405 ], [ -57.31147, -19.44233 ], [ -57.31123, -19.44456 ], [ -57.31021, -19.44748 ], [ -57.30912, -19.44885 ], [ -57.30804, -19.44971 ], [ -57.30122, -19.44852 ], [ -57.30005, -19.4487 ], [ -57.29899, -19.44904 ], [ -57.29766, -19.44978 ], [ -57.29549, -19.45191 ], [ -57.29537, -19.45299 ], [ -57.29549, -19.45391 ], [ -57.29591, -19.45488 ], [ -57.29676, -19.45597 ], [ -57.29979, -19.45813 ], [ -57.30142, -19.45991 ], [ -57.30275, -19.46104 ], [ -57.30431, -19.46173 ], [ -57.30564, -19.46195 ], [ -57.30703, -19.46258 ], [ -57.30776, -19.46367 ], [ -57.3074, -19.46521 ], [ -57.30625, -19.46556 ], [ -57.30535, -19.46539 ], [ -57.30317, -19.46396 ], [ -57.3019, -19.46288 ], [ -57.30063, -19.46219 ], [ -57.29816, -19.46162 ], [ -57.29623, -19.46168 ], [ -57.29351, -19.46248 ], [ -57.2911, -19.4634 ], [ -57.28947, -19.46484 ], [ -57.28731, -19.46902 ], [ -57.28459, -19.472 ], [ -57.28248, -19.47469 ], [ -57.28194, -19.47618 ], [ -57.282, -19.47715 ], [ -57.28267, -19.47789 ], [ -57.28442, -19.47795 ], [ -57.28575, -19.47708 ], [ -57.28617, -19.47537 ], [ -57.28629, -19.47377 ], [ -57.28677, -19.47228 ], [ -57.28761, -19.47113 ], [ -57.28857, -19.47045 ], [ -57.28996, -19.47027 ], [ -57.29087, -19.4705 ], [ -57.29244, -19.47187 ], [ -57.29359, -19.47485 ], [ -57.29359, -19.47628 ], [ -57.29347, -19.4773 ], [ -57.29269, -19.47817 ], [ -57.29179, -19.47868 ], [ -57.29058, -19.47897 ], [ -57.29028, -19.47937 ], [ -57.29052, -19.47954 ], [ -57.29124, -19.47943 ], [ -57.29384, -19.47868 ], [ -57.29492, -19.47862 ], [ -57.29613, -19.47913 ], [ -57.29807, -19.48102 ], [ -57.29855, -19.48227 ], [ -57.29849, -19.48353 ], [ -57.29741, -19.48554 ], [ -57.29706, -19.48783 ], [ -57.29785, -19.49498 ], [ -57.29779, -19.49647 ], [ -57.29743, -19.49818 ], [ -57.29695, -19.49904 ], [ -57.29611, -19.49898 ], [ -57.29544, -19.49841 ], [ -57.29441, -19.49527 ], [ -57.29374, -19.49407 ], [ -57.28951, -19.48903 ], [ -57.2886, -19.48852 ], [ -57.28721, -19.48829 ], [ -57.28582, -19.48835 ], [ -57.28432, -19.4887 ], [ -57.28335, -19.48938 ], [ -57.28214, -19.49048 ], [ -57.27684, -19.49643 ], [ -57.27587, -19.49695 ], [ -57.27521, -19.49712 ], [ -57.27424, -19.49684 ], [ -57.27178, -19.49366 ], [ -57.27081, -19.49303 ], [ -57.26918, -19.49224 ], [ -57.26688, -19.49207 ], [ -57.26441, -19.4923 ], [ -57.26266, -19.49265 ], [ -57.26182, -19.49454 ], [ -57.26176, -19.49545 ], [ -57.26146, -19.49619 ], [ -57.26091, -19.49671 ], [ -57.26025, -19.49688 ], [ -57.25946, -19.49677 ], [ -57.25904, -19.49643 ], [ -57.25916, -19.49454 ], [ -57.25874, -19.49391 ], [ -57.25771, -19.49397 ], [ -57.25554, -19.49534 ], [ -57.25421, -19.49598 ], [ -57.25301, -19.49598 ], [ -57.25107, -19.4977 ], [ -57.24975, -19.49953 ], [ -57.24902, -19.49981 ], [ -57.24757, -19.4997 ], [ -57.24552, -19.49833 ], [ -57.24268, -19.4949 ], [ -57.24141, -19.49467 ], [ -57.24038, -19.49479 ], [ -57.23598, -19.49657 ], [ -57.23441, -19.4976 ], [ -57.23351, -19.49852 ], [ -57.23224, -19.4988 ], [ -57.23006, -19.49823 ], [ -57.22886, -19.49743 ], [ -57.22716, -19.49578 ], [ -57.22662, -19.49469 ], [ -57.22674, -19.49315 ], [ -57.22891, -19.49223 ], [ -57.23, -19.492 ], [ -57.2309, -19.49125 ], [ -57.23102, -19.49005 ], [ -57.23066, -19.48868 ], [ -57.22896, -19.48719 ], [ -57.22647, -19.48637 ] ] ] } },
{ "type": "Feature", "properties": { "titulo": "Área de Proteção Ambiental Municipal do Córrego Ceroula e Piraputanga", "subtitulo": "Área de Proteção Ambiental · Municipal", "grupo": "Uso Sustentável", "municipio": "Terenos", "pesca_status": "a_definir", "regras_pesca": "" }, "geometry": { "type": "Polygon", "coordinates": [ [ [ -54.90829, -20.36155 ], [ -54.81043, -20.38428 ], [ -54.77405, -20.40154 ], [ -54.76779, -20.40303 ], [ -54.76837, -20.39361 ], [ -54.76834, -20.3804 ], [ -54.78312, -20.37325 ], [ -54.79201, -20.35764 ], [ -54.79788, -20.35122 ], [ -54.80212, -20.35001 ], [ -54.81721, -20.33574 ], [ -54.76838, -20.31562 ], [ -54.77868, -20.31391 ], [ -54.77788, -20.30442 ], [ -54.79262, -20.3109 ], [ -54.81974, -20.29845 ], [ -54.81996, -20.2821 ], [ -54.85378, -20.27896 ], [ -54.88838, -20.26701 ], [ -54.90219, -20.24788 ], [ -54.92152, -20.24728 ], [ -54.91164, -20.20586 ], [ -54.92226, -20.19152 ], [ -54.93555, -20.1944 ], [ -54.94086, -20.17895 ], [ -54.96059, -20.16429 ], [ -54.97271, -20.17156 ], [ -54.99281, -20.16278 ], [ -54.99355, -20.15692 ], [ -54.99881, -20.16159 ], [ -55.00927, -20.15961 ], [ -55.00757, -20.15414 ], [ -55.04108, -20.15514 ], [ -55.06228, -20.16439 ], [ -55.06864, -20.15314 ], [ -55.07744, -20.15974 ], [ -55.08337, -20.15267 ], [ -55.10601, -20.14747 ], [ -55.13167, -20.15508 ], [ -55.13736, -20.14298 ], [ -55.2018, -20.17699 ], [ -55.20079, -20.18788 ], [ -55.2179, -20.1868 ], [ -55.21775, -20.20063 ], [ -55.22908, -20.20012 ], [ -55.23273, -20.21148 ], [ -55.25376, -20.2283 ], [ -55.25478, -20.24525 ], [ -55.27236, -20.24333 ], [ -55.26404, -20.27155 ], [ -55.24556, -20.26689 ], [ -55.2307, -20.25757 ], [ -55.21323, -20.25887 ], [ -55.16111, -20.24181 ], [ -55.13539, -20.22808 ], [ -55.09719, -20.24732 ], [ -55.07191, -20.24892 ], [ -55.04881, -20.25089 ], [ -55.02387, -20.2726 ], [ -54.98852, -20.26751 ], [ -54.96209, -20.28181 ], [ -54.94377, -20.29702 ], [ -54.90829, -20.36155 ] ] ] } },
{ "type": "Feature", "properties": { "titulo": "RPPN Federal Dona Aracy/Caiman", "subtitulo": "RPPN · Federal", "grupo": "Uso Sustentável", "municipio": "Miranda", "pesca_status": "a_definir", "regras_pesca": "" }, "geometry": { "type": "Polygon", "coordinates": [ [ [ -56.32237, -19.92578 ], [ -56.32338, -19.92678 ], [ -56.32526, -19.92763 ], [ -56.32972, -19.92462 ], [ -56.33316, -19.91614 ], [ -56.35133, -19.90227 ], [ -56.36634, -19.8905 ], [ -56.37523, -19.89061 ], [ -56.37932, -19.88905 ], [ -56.38104, -19.87949 ], [ -56.38188, -19.87955 ], [ -56.38624, -19.87798 ], [ -56.39282, -19.87411 ], [ -56.39647, -19.87557 ], [ -56.40128, -19.87472 ], [ -56.41284, -19.93302 ], [ -56.41269, -19.93336 ], [ -56.33827, -19.95501 ], [ -56.329, -19.9534 ], [ -56.32579, -19.9524 ], [ -56.31812, -19.95042 ], [ -56.31501, -19.95331 ], [ -56.31462, -19.95464 ], [ -56.31257, -19.95497 ], [ -56.30932, -19.95517 ], [ -56.30883, -19.95296 ], [ -56.30725, -19.95054 ], [ -56.30754, -19.94868 ], [ -56.30614, -19.94842 ], [ -56.30634, -19.94755 ], [ -56.30549, -19.94249 ], [ -56.3063, -19.93777 ], [ -56.30357, -19.92878 ], [ -56.30606, -19.92088 ], [ -56.30616, -19.92075 ], [ -56.31669, -19.92595 ], [ -56.31669, -19.92558 ], [ -56.31609, -19.92467 ], [ -56.31638, -19.92396 ], [ -56.3168, -19.92349 ], [ -56.31775, -19.92345 ], [ -56.31837, -19.92401 ], [ -56.31917, -19.9242 ], [ -56.32237, -19.92578 ] ] ] } },
{ "type": "Feature", "properties": { "titulo": "RPPN Estadual Trilhas do Sol", "subtitulo": "RPPN · Estadual", "grupo": "Uso Sustentável", "municipio": "Rio Negro", "pesca_status": "a_definir", "regras_pesca": "" }, "geometry": { "type": "Polygon", "coordinates": [ [ [ -54.82344, -19.43525 ], [ -54.823, -19.43556 ], [ -54.82235, -19.43639 ], [ -54.82062, -19.43722 ], [ -54.81974, -19.43824 ], [ -54.81942, -19.43923 ], [ -54.8187, -19.44004 ], [ -54.81783, -19.44023 ], [ -54.8173, -19.44057 ], [ -54.81703, -19.44153 ], [ -54.81651, -19.44244 ], [ -54.81644, -19.44292 ], [ -54.81468, -19.44433 ], [ -54.81188, -19.44323 ], [ -54.81548, -19.44164 ], [ -54.81595, -19.44043 ], [ -54.81355, -19.43902 ], [ -54.81429, -19.43783 ], [ -54.81368, -19.43766 ], [ -54.81277, -19.43662 ], [ -54.81235, -19.43662 ], [ -54.81099, -19.43709 ], [ -54.80991, -19.43717 ], [ -54.80941, -19.43786 ], [ -54.8072, -19.43927 ], [ -54.8077, -19.43719 ], [ -54.80925, -19.43528 ], [ -54.8124, -19.43428 ], [ -54.81859, -19.43431 ], [ -54.82134, -19.43393 ], [ -54.82269, -19.43439 ], [ -54.82334, -19.43486 ], [ -54.82344, -19.43525 ] ] ] } },
{ "type": "Feature", "properties": { "titulo": "RPPN Estadual Estancia Mimosa", "subtitulo": "RPPN · Estadual", "grupo": "Uso Sustentável", "municipio": "Bonito", "pesca_status": "a_definir", "regras_pesca": "" }, "geometry": { "type": "Polygon", "coordinates": [ [ [ -56.51974, -20.96146 ], [ -56.5188, -20.96847 ], [ -56.51164, -20.96743 ], [ -56.51096, -20.96873 ], [ -56.51095, -20.97301 ], [ -56.51052, -20.97375 ], [ -56.5104, -20.97752 ], [ -56.50908, -20.97734 ], [ -56.50819, -20.9803 ], [ -56.50844, -20.98063 ], [ -56.5109, -20.98097 ], [ -56.51332, -20.982 ], [ -56.51355, -20.98448 ], [ -56.51556, -20.98393 ], [ -56.51469, -20.9899 ], [ -56.51382, -20.99192 ], [ -56.51391, -20.99396 ], [ -56.51354, -20.99676 ], [ -56.51422, -20.99727 ], [ -56.51493, -20.99703 ], [ -56.51481, -20.99828 ], [ -56.51352, -20.99824 ], [ -56.51281, -20.99862 ], [ -56.5115, -21.00011 ], [ -56.51096, -21.00034 ], [ -56.51047, -21.00031 ], [ -56.50964, -20.99946 ], [ -56.50993, -20.9987 ], [ -56.50892, -20.99847 ], [ -56.50838, -20.99813 ], [ -56.50803, -20.99813 ], [ -56.50777, -20.9984 ], [ -56.50715, -20.99863 ], [ -56.50536, -20.99835 ], [ -56.50475, -20.99866 ], [ -56.50437, -20.9997 ], [ -56.50438, -21.00049 ], [ -56.50376, -21.00031 ], [ -56.50623, -20.98345 ], [ -56.50995, -20.96456 ], [ -56.51974, -20.96146 ] ] ] } },
{ "type": "Feature", "properties": { "titulo": "RPPN Estadual Estancia Ambiental Quinta do Sol", "subtitulo": "RPPN · Estadual", "grupo": "Uso Sustentável", "municipio": "Corguinho", "pesca_status": "a_definir", "regras_pesca": "" }, "geometry": { "type": "MultiPolygon", "coordinates": [ [ [ [ -55.24654, -19.77694 ], [ -55.24539, -19.77698 ], [ -55.24595, -19.77663 ], [ -55.24621, -19.77662 ], [ -55.24654, -19.77694 ] ] ], [ [ [ -55.24619, -19.77633 ], [ -55.24535, -19.77672 ], [ -55.24093, -19.77521 ], [ -55.24133, -19.77516 ], [ -55.244, -19.77279 ], [ -55.24451, -19.77363 ], [ -55.24416, -19.77399 ], [ -55.24351, -19.77371 ], [ -55.24337, -19.77403 ], [ -55.24342, -19.77465 ], [ -55.2439, -19.77504 ], [ -55.24433, -19.77494 ], [ -55.24419, -19.77446 ], [ -55.24489, -19.77423 ], [ -55.24619, -19.77633 ] ] ] ] } },
{ "type": "Feature", "properties": { "titulo": "Área de Especial Interesse Turístico Estrada Parque Pantanal", "subtitulo": "Área Especial de Interesse Turístico · Estadual", "grupo": null, "municipio": "Corumbá", "pesca_status": "a_definir", "regras_pesca": "" }, "geometry": { "type": "Polygon", "coordinates": [ [ [ -57.48135, -19.23142 ], [ -57.48107, -19.23393 ], [ -57.47832, -19.23341 ], [ -57.47378, -19.23201 ], [ -57.47283, -19.23197 ], [ -57.47209, -19.23212 ], [ -57.47092, -19.23284 ], [ -57.46882, -19.23513 ], [ -57.46771, -19.236 ], [ -57.46695, -19.23636 ], [ -57.46541, -19.23652 ], [ -57.4644, -19.23637 ], [ -57.46351, -19.23589 ], [ -57.45961, -19.23269 ], [ -57.44406, -19.23054 ], [ -57.43186, -19.22987 ], [ -57.42926, -19.22988 ], [ -57.42821, -19.2302 ], [ -57.42686, -19.23097 ], [ -57.40376, -19.24792 ], [ -57.40194, -19.24881 ], [ -57.34515, -19.26212 ], [ -57.34357, -19.26227 ], [ -57.34236, -19.26227 ], [ -57.33716, -19.26166 ], [ -57.29986, -19.26078 ], [ -57.23893, -19.2601 ], [ -57.23648, -19.26067 ], [ -57.23523, -19.26185 ], [ -57.23304, -19.26441 ], [ -57.23126, -19.26578 ], [ -57.22972, -19.2665 ], [ -57.22844, -19.26688 ], [ -57.22611, -19.26709 ], [ -57.14261, -19.2603 ], [ -57.06701, -19.25351 ], [ -57.066, -19.25352 ], [ -57.06426, -19.25396 ], [ -57.06193, -19.25544 ], [ -57.06093, -19.25673 ], [ -57.06044, -19.25786 ], [ -57.06012, -19.26058 ], [ -57.05542, -19.34177 ], [ -57.05022, -19.42414 ], [ -57.05694, -19.43483 ], [ -57.05726, -19.43568 ], [ -57.05748, -19.43733 ], [ -57.05722, -19.43871 ], [ -57.05664, -19.43996 ], [ -57.04896, -19.45232 ], [ -57.04814, -19.45401 ], [ -57.04018, -19.57395 ], [ -57.04034, -19.57526 ], [ -57.04026, -19.57755 ], [ -57.03992, -19.57931 ], [ -57.03976, -19.58143 ], [ -57.03587, -19.63776 ], [ -57.03518, -19.64003 ], [ -57.02999, -19.64908 ], [ -57.02888, -19.65042 ], [ -57.0287, -19.65127 ], [ -57.02825, -19.65201 ], [ -57.02759, -19.65258 ], [ -57.02677, -19.65293 ], [ -57.02588, -19.65302 ], [ -57.025, -19.65285 ], [ -57.02423, -19.65243 ], [ -57.02363, -19.6518 ], [ -57.02326, -19.65103 ], [ -57.02316, -19.65018 ], [ -57.02333, -19.6487 ], [ -57.02405, -19.64743 ], [ -57.02507, -19.6463 ], [ -57.02699, -19.64303 ], [ -57.03001, -19.6377 ], [ -57.03022, -19.63692 ], [ -57.03405, -19.58106 ], [ -57.03423, -19.57874 ], [ -57.03455, -19.57716 ], [ -57.03461, -19.57531 ], [ -57.03445, -19.57387 ], [ -57.04246, -19.45329 ], [ -57.0433, -19.45081 ], [ -57.05173, -19.43713 ], [ -57.04521, -19.42691 ], [ -57.04465, -19.42537 ], [ -57.04449, -19.42415 ], [ -57.04972, -19.34146 ], [ -57.05442, -19.26025 ], [ -57.05472, -19.25718 ], [ -57.05577, -19.25441 ], [ -57.05139, -19.25427 ], [ -57.0438, -19.25557 ], [ -57.03228, -19.25562 ], [ -57.02153, -19.25643 ], [ -57.01387, -19.25887 ], [ -57.01302, -19.25898 ], [ -57.01071, -19.25889 ], [ -57.00866, -19.25838 ], [ -57.00682, -19.25765 ], [ -56.9827, -19.24779 ], [ -56.95797, -19.23789 ], [ -56.956, -19.23717 ], [ -56.95419, -19.23675 ], [ -56.94709, -19.2355 ], [ -56.94619, -19.2352 ], [ -56.93388, -19.22855 ], [ -56.92602, -19.22378 ], [ -56.88704, -19.19811 ], [ -56.85345, -19.1732 ], [ -56.83699, -19.15752 ], [ -56.83618, -19.15631 ], [ -56.83168, -19.14688 ], [ -56.83089, -19.14588 ], [ -56.8279, -19.14484 ], [ -56.80239, -19.13736 ], [ -56.79931, -19.1363 ], [ -56.73756, -19.10341 ], [ -56.73639, -19.10263 ], [ -56.73513, -19.1014 ], [ -56.72763, -19.0915 ], [ -56.72724, -19.09073 ], [ -56.72711, -19.0899 ], [ -56.72726, -19.08906 ], [ -56.72768, -19.08831 ], [ -56.72832, -19.08772 ], [ -56.72912, -19.08734 ], [ -56.73, -19.08722 ], [ -56.73088, -19.08737 ], [ -56.73167, -19.08776 ], [ -56.73374, -19.09024 ], [ -56.73962, -19.09805 ], [ -56.74044, -19.09873 ], [ -56.80193, -19.13148 ], [ -56.8321, -19.14043 ], [ -56.83393, -19.14128 ], [ -56.8358, -19.14293 ], [ -56.8367, -19.14431 ], [ -56.84157, -19.15427 ], [ -56.85709, -19.16901 ], [ -56.89032, -19.19367 ], [ -56.92914, -19.21924 ], [ -56.9368, -19.22389 ], [ -56.9485, -19.23022 ], [ -56.95545, -19.23146 ], [ -56.95788, -19.23205 ], [ -56.96005, -19.23284 ], [ -57.01065, -19.2533 ], [ -57.01174, -19.25355 ], [ -57.01264, -19.25355 ], [ -57.01919, -19.2514 ], [ -57.0208, -19.25105 ], [ -57.03196, -19.25021 ], [ -57.04354, -19.25015 ], [ -57.04898, -19.24912 ], [ -57.05132, -19.24884 ], [ -57.06157, -19.24918 ], [ -57.06376, -19.24842 ], [ -57.06567, -19.2481 ], [ -57.06711, -19.24809 ], [ -57.14311, -19.2549 ], [ -57.22632, -19.26166 ], [ -57.22704, -19.26161 ], [ -57.22833, -19.26112 ], [ -57.22981, -19.25973 ], [ -57.23103, -19.25818 ], [ -57.23286, -19.25643 ], [ -57.23385, -19.25582 ], [ -57.23533, -19.2553 ], [ -57.23876, -19.25468 ], [ -57.29999, -19.25536 ], [ -57.33738, -19.25624 ], [ -57.34292, -19.25687 ], [ -57.344, -19.2568 ], [ -57.39974, -19.2438 ], [ -57.4005, -19.24346 ], [ -57.42349, -19.2266 ], [ -57.42576, -19.2253 ], [ -57.42851, -19.2245 ], [ -57.43028, -19.22437 ], [ -57.4447, -19.22515 ], [ -57.46061, -19.22735 ], [ -57.46134, -19.22749 ], [ -57.46281, -19.22819 ], [ -57.46554, -19.2304 ], [ -57.46729, -19.22865 ], [ -57.46976, -19.22716 ], [ -57.47196, -19.2266 ], [ -57.4744, -19.22661 ], [ -57.48107, -19.22853 ], [ -57.48135, -19.23105 ], [ -57.48317, -19.23088 ], [ -57.48532, -19.23016 ], [ -57.48831, -19.22859 ], [ -57.48904, -19.22751 ], [ -57.48951, -19.22636 ], [ -57.49034, -19.22578 ], [ -57.48958, -19.22445 ], [ -57.48951, -19.22393 ], [ -57.4898, -19.22368 ], [ -57.49115, -19.22354 ], [ -57.49215, -19.22386 ], [ -57.49327, -19.22397 ], [ -57.49689, -19.22209 ], [ -57.49696, -19.22096 ], [ -57.4972, -19.22031 ], [ -57.49807, -19.21955 ], [ -57.49967, -19.21889 ], [ -57.50123, -19.21686 ], [ -57.50202, -19.21444 ], [ -57.50209, -19.21354 ], [ -57.50246, -19.21308 ], [ -57.50485, -19.21167 ], [ -57.50703, -19.20918 ], [ -57.50886, -19.20793 ], [ -57.50923, -19.20647 ], [ -57.50992, -19.20599 ], [ -57.51042, -19.2054 ], [ -57.51098, -19.20498 ], [ -57.51359, -19.20442 ], [ -57.51535, -19.2035 ], [ -57.51898, -19.20236 ], [ -57.5196, -19.20186 ], [ -57.52068, -19.20024 ], [ -57.52142, -19.19958 ], [ -57.52367, -19.19812 ], [ -57.52672, -19.19464 ], [ -57.52769, -19.19318 ], [ -57.52784, -19.19258 ], [ -57.52773, -19.19196 ], [ -57.52705, -19.18998 ], [ -57.52708, -19.18924 ], [ -57.52742, -19.18817 ], [ -57.52782, -19.18786 ], [ -57.52917, -19.18747 ], [ -57.53246, -19.18375 ], [ -57.53333, -19.18296 ], [ -57.53515, -19.18204 ], [ -57.54861, -19.17747 ], [ -57.55046, -19.17668 ], [ -57.57329, -19.14774 ], [ -57.57757, -19.14282 ], [ -57.61804, -19.09226 ], [ -57.62139, -19.08811 ], [ -57.62166, -19.08808 ], [ -57.6217, -19.08833 ], [ -57.57787, -19.14304 ], [ -57.57359, -19.14796 ], [ -57.55075, -19.17692 ], [ -57.54874, -19.17781 ], [ -57.53528, -19.18238 ], [ -57.53358, -19.18324 ], [ -57.53275, -19.18399 ], [ -57.52941, -19.18775 ], [ -57.52774, -19.18836 ], [ -57.52746, -19.1893 ], [ -57.52743, -19.18997 ], [ -57.52811, -19.19189 ], [ -57.52822, -19.19263 ], [ -57.52805, -19.19329 ], [ -57.52702, -19.19487 ], [ -57.52395, -19.19837 ], [ -57.52164, -19.19987 ], [ -57.52096, -19.20049 ], [ -57.51991, -19.20208 ], [ -57.51919, -19.20266 ], [ -57.5155, -19.20383 ], [ -57.51371, -19.20476 ], [ -57.51113, -19.20532 ], [ -57.51068, -19.20567 ], [ -57.51017, -19.20626 ], [ -57.50954, -19.2067 ], [ -57.50939, -19.2077 ], [ -57.50916, -19.20817 ], [ -57.50731, -19.20943 ], [ -57.50508, -19.21196 ], [ -57.50274, -19.21332 ], [ -57.50246, -19.21367 ], [ -57.50239, -19.21453 ], [ -57.50156, -19.21704 ], [ -57.4999, -19.21919 ], [ -57.49826, -19.21986 ], [ -57.49752, -19.22051 ], [ -57.49721, -19.22231 ], [ -57.49333, -19.22433 ], [ -57.49208, -19.22422 ], [ -57.49111, -19.2239 ], [ -57.49, -19.224 ], [ -57.48995, -19.22437 ], [ -57.49078, -19.22585 ], [ -57.48981, -19.22659 ], [ -57.48938, -19.22767 ], [ -57.48858, -19.22884 ], [ -57.48546, -19.23049 ], [ -57.48328, -19.23123 ], [ -57.48135, -19.23142 ] ] ] } },
{ "type": "Feature", "properties": { "titulo": "RPPN Estadual Reserva do Saci", "subtitulo": "RPPN · Estadual", "grupo": "Uso Sustentável", "municipio": "Bonito", "pesca_status": "a_definir", "regras_pesca": "" }, "geometry": { "type": "Polygon", "coordinates": [ [ [ -56.62595, -21.09433 ], [ -56.65365, -21.10307 ], [ -56.65276, -21.10378 ], [ -56.65209, -21.10396 ], [ -56.65149, -21.10474 ], [ -56.6505, -21.10531 ], [ -56.6495, -21.10493 ], [ -56.64897, -21.10531 ], [ -56.64913, -21.10547 ], [ -56.6491, -21.10574 ], [ -56.6489, -21.10586 ], [ -56.6484, -21.10582 ], [ -56.64777, -21.10635 ], [ -56.64608, -21.10648 ], [ -56.64547, -21.10627 ], [ -56.64512, -21.10591 ], [ -56.64496, -21.10546 ], [ -56.6441, -21.10487 ], [ -56.64327, -21.10395 ], [ -56.64319, -21.10362 ], [ -56.64382, -21.10294 ], [ -56.64379, -21.10239 ], [ -56.64402, -21.10197 ], [ -56.64389, -21.10147 ], [ -56.64245, -21.10077 ], [ -56.64144, -21.10072 ], [ -56.63984, -21.10196 ], [ -56.6388, -21.10347 ], [ -56.63778, -21.10449 ], [ -56.63701, -21.1046 ], [ -56.63582, -21.10387 ], [ -56.63548, -21.10405 ], [ -56.63405, -21.10376 ], [ -56.6334, -21.10383 ], [ -56.63288, -21.10448 ], [ -56.6326, -21.106 ], [ -56.63271, -21.10735 ], [ -56.63234, -21.10785 ], [ -56.63094, -21.1087 ], [ -56.62995, -21.10997 ], [ -56.62973, -21.10999 ], [ -56.62903, -21.11083 ], [ -56.62861, -21.11105 ], [ -56.62706, -21.10993 ], [ -56.62666, -21.10989 ], [ -56.62653, -21.11034 ], [ -56.62611, -21.11078 ], [ -56.62593, -21.11168 ], [ -56.62604, -21.10914 ], [ -56.63002, -21.10877 ], [ -56.62595, -21.09433 ] ] ] } },
{ "type": "Feature", "properties": { "titulo": "Monumento Natural Estadual da Gruta do Lago Azul", "subtitulo": "Monumento Natural · Estadual", "grupo": "Proteção Integral", "municipio": "Bonito", "pesca_status": "a_definir", "regras_pesca": "" }, "geometry": { "type": "MultiPolygon", "coordinates": [ [ [ [ -56.58729, -21.14227 ], [ -56.58855, -21.14099 ], [ -56.58999, -21.14019 ], [ -56.59161, -21.13994 ], [ -56.59675, -21.14003 ], [ -56.59818, -21.1404 ], [ -56.59876, -21.14088 ], [ -56.59894, -21.14082 ], [ -56.59986, -21.14144 ], [ -56.60136, -21.14284 ], [ -56.60161, -21.14347 ], [ -56.60159, -21.14461 ], [ -56.60098, -21.14588 ], [ -56.59994, -21.14688 ], [ -56.5981, -21.14753 ], [ -56.59759, -21.14787 ], [ -56.59818, -21.14859 ], [ -56.59774, -21.14897 ], [ -56.59624, -21.14909 ], [ -56.59552, -21.1504 ], [ -56.59409, -21.15054 ], [ -56.59163, -21.14998 ], [ -56.59047, -21.14917 ], [ -56.58834, -21.14643 ], [ -56.58787, -21.14549 ], [ -56.58729, -21.14227 ] ] ], [ [ [ -56.5745, -21.07976 ], [ -56.57422, -21.07766 ], [ -56.57565, -21.07529 ], [ -56.57671, -21.0751 ], [ -56.57716, -21.07535 ], [ -56.57735, -21.07652 ], [ -56.57692, -21.07688 ], [ -56.57707, -21.07728 ], [ -56.57938, -21.07707 ], [ -56.58021, -21.07755 ], [ -56.58061, -21.07897 ], [ -56.58051, -21.07979 ], [ -56.58074, -21.08196 ], [ -56.57999, -21.08508 ], [ -56.57742, -21.08919 ], [ -56.57633, -21.09036 ], [ -56.57493, -21.09136 ], [ -56.57534, -21.09282 ], [ -56.57209, -21.09903 ], [ -56.57111, -21.10053 ], [ -56.57001, -21.10098 ], [ -56.56931, -21.10096 ], [ -56.56907, -21.10074 ], [ -56.56754, -21.10009 ], [ -56.56668, -21.1 ], [ -56.56652, -21.09965 ], [ -56.56707, -21.09869 ], [ -56.56697, -21.09751 ], [ -56.56734, -21.09703 ], [ -56.57093, -21.09431 ], [ -56.5704, -21.0935 ], [ -56.57077, -21.09236 ], [ -56.57075, -21.09116 ], [ -56.57122, -21.08982 ], [ -56.57472, -21.08539 ], [ -56.57485, -21.08255 ], [ -56.57525, -21.08113 ], [ -56.5745, -21.07976 ] ] ] ] } },
{ "type": "Feature", "properties": { "titulo": "Reserva Biológica APA do Bioma Mata Atlântica", "subtitulo": "Unidade de Conservação · Municipal", "grupo": null, "municipio": "Miranda", "pesca_status": "a_definir", "regras_pesca": "" }, "geometry": { "type": "Polygon", "coordinates": [ [ [ -56.83826, -20.12831 ], [ -56.83869, -20.12834 ], [ -56.83876, -20.12863 ], [ -56.83974, -20.12988 ], [ -56.84154, -20.1309 ], [ -56.8417, -20.13117 ], [ -56.84347, -20.1325 ], [ -56.84262, -20.13401 ], [ -56.84499, -20.13554 ], [ -56.84598, -20.13658 ], [ -56.84713, -20.13821 ], [ -56.84912, -20.14024 ], [ -56.84982, -20.14134 ], [ -56.85076, -20.14211 ], [ -56.85107, -20.14272 ], [ -56.85114, -20.14384 ], [ -56.85065, -20.14413 ], [ -56.85051, -20.14466 ], [ -56.84784, -20.14498 ], [ -56.84767, -20.14532 ], [ -56.84791, -20.14719 ], [ -56.84857, -20.14852 ], [ -56.84859, -20.14909 ], [ -56.84908, -20.15055 ], [ -56.8498, -20.15092 ], [ -56.84997, -20.15145 ], [ -56.84836, -20.15525 ], [ -56.8496, -20.15588 ], [ -56.85019, -20.15755 ], [ -56.85064, -20.15818 ], [ -56.85163, -20.16141 ], [ -56.85137, -20.16215 ], [ -56.85191, -20.16331 ], [ -56.85253, -20.16398 ], [ -56.85282, -20.16716 ], [ -56.85251, -20.16714 ], [ -56.85174, -20.16606 ], [ -56.84977, -20.16644 ], [ -56.84839, -20.16569 ], [ -56.84738, -20.16661 ], [ -56.84544, -20.16703 ], [ -56.84475, -20.16604 ], [ -56.84198, -20.16599 ], [ -56.84144, -20.16577 ], [ -56.84114, -20.1648 ], [ -56.84011, -20.16442 ], [ -56.83914, -20.16379 ], [ -56.83781, -20.16403 ], [ -56.83654, -20.1639 ], [ -56.83569, -20.1629 ], [ -56.83511, -20.16258 ], [ -56.83426, -20.16247 ], [ -56.83341, -20.16338 ], [ -56.83235, -20.16404 ], [ -56.83158, -20.16309 ], [ -56.83049, -20.16347 ], [ -56.82936, -20.1642 ], [ -56.82761, -20.16459 ], [ -56.82646, -20.16418 ], [ -56.82583, -20.16284 ], [ -56.82531, -20.16225 ], [ -56.82376, -20.16263 ], [ -56.82194, -20.16195 ], [ -56.82146, -20.16055 ], [ -56.81963, -20.16134 ], [ -56.818, -20.16123 ], [ -56.81826, -20.16054 ], [ -56.81775, -20.15988 ], [ -56.81931, -20.15352 ], [ -56.82467, -20.1547 ], [ -56.82383, -20.15018 ], [ -56.82753, -20.14619 ], [ -56.82897, -20.14754 ], [ -56.83135, -20.14654 ], [ -56.82897, -20.14041 ], [ -56.83826, -20.12831 ] ] ] } },
{ "type": "Feature", "properties": { "titulo": "RPPN Estadual Cabeceira do Prata", "subtitulo": "RPPN · Estadual", "grupo": "Uso Sustentável", "municipio": "Jardim", "pesca_status": "a_definir", "regras_pesca": "" }, "geometry": { "type": "Polygon", "coordinates": [ [ [ -56.44733, -21.44454 ], [ -56.44512, -21.44476 ], [ -56.44269, -21.44455 ], [ -56.43994, -21.44546 ], [ -56.43837, -21.4454 ], [ -56.43597, -21.44462 ], [ -56.43454, -21.44521 ], [ -56.43605, -21.44829 ], [ -56.43054, -21.44817 ], [ -56.43211, -21.4512 ], [ -56.4322, -21.45484 ], [ -56.43252, -21.4558 ], [ -56.4329, -21.45591 ], [ -56.4335, -21.45639 ], [ -56.43368, -21.45777 ], [ -56.43325, -21.45792 ], [ -56.4332, -21.4581 ], [ -56.4325, -21.45774 ], [ -56.43141, -21.45753 ], [ -56.43147, -21.45639 ], [ -56.43111, -21.45547 ], [ -56.43163, -21.4541 ], [ -56.43111, -21.45327 ], [ -56.43099, -21.45207 ], [ -56.43019, -21.45013 ], [ -56.4298, -21.44807 ], [ -56.43247, -21.44275 ], [ -56.43087, -21.4395 ], [ -56.42893, -21.43804 ], [ -56.42816, -21.44364 ], [ -56.42581, -21.4434 ], [ -56.4273, -21.43411 ], [ -56.42782, -21.43484 ], [ -56.42891, -21.43445 ], [ -56.42946, -21.43571 ], [ -56.42996, -21.43611 ], [ -56.4325, -21.43444 ], [ -56.43386, -21.43514 ], [ -56.43624, -21.43422 ], [ -56.43741, -21.43472 ], [ -56.43878, -21.43482 ], [ -56.43924, -21.43482 ], [ -56.44137, -21.43417 ], [ -56.44186, -21.43446 ], [ -56.44226, -21.43352 ], [ -56.44224, -21.43273 ], [ -56.44298, -21.43268 ], [ -56.4436, -21.43329 ], [ -56.44421, -21.43301 ], [ -56.44399, -21.43133 ], [ -56.44472, -21.4312 ], [ -56.44508, -21.43043 ], [ -56.44517, -21.4297 ], [ -56.44598, -21.42856 ], [ -56.44788, -21.42763 ], [ -56.44916, -21.42728 ], [ -56.44975, -21.4274 ], [ -56.44733, -21.44454 ] ] ] } },
{ "type": "Feature", "properties": { "titulo": "Parque Natural Municipal Lagoa Comprida", "subtitulo": "Parque · Municipal", "grupo": "Proteção Integral", "municipio": "Aquidauana", "pesca_status": "a_definir", "regras_pesca": "" }, "geometry": { "type": "Polygon", "coordinates": [ [ [ -55.76554, -20.45606 ], [ -55.76896, -20.45423 ], [ -55.77239, -20.45993 ], [ -55.77359, -20.45928 ], [ -55.77428, -20.46042 ], [ -55.77549, -20.45977 ], [ -55.77686, -20.46205 ], [ -55.77745, -20.46174 ], [ -55.77938, -20.46496 ], [ -55.77659, -20.46651 ], [ -55.77591, -20.46537 ], [ -55.7747, -20.46601 ], [ -55.77401, -20.46488 ], [ -55.77339, -20.46521 ], [ -55.7727, -20.46407 ], [ -55.77214, -20.46437 ], [ -55.77145, -20.46323 ], [ -55.77024, -20.46388 ], [ -55.76554, -20.45606 ] ] ] } },
{ "type": "Feature", "properties": { "titulo": "RPPN Sao Geraldo", "subtitulo": "RPPN · Estadual", "grupo": "Uso Sustentável", "municipio": "Bonito", "pesca_status": "a_definir", "regras_pesca": "" }, "geometry": { "type": "Polygon", "coordinates": [ [ [ -56.59317, -21.24357 ], [ -56.59298, -21.24404 ], [ -56.59273, -21.24417 ], [ -56.59, -21.24401 ], [ -56.58963, -21.24329 ], [ -56.58914, -21.24333 ], [ -56.58843, -21.24373 ], [ -56.58785, -21.24369 ], [ -56.58458, -21.24431 ], [ -56.58298, -21.2444 ], [ -56.58194, -21.2451 ], [ -56.5813, -21.24533 ], [ -56.58097, -21.24731 ], [ -56.58045, -21.2475 ], [ -56.57989, -21.24728 ], [ -56.57927, -21.24678 ], [ -56.57824, -21.24824 ], [ -56.57733, -21.25031 ], [ -56.57513, -21.24912 ], [ -56.57259, -21.25159 ], [ -56.57207, -21.25093 ], [ -56.57207, -21.24951 ], [ -56.57277, -21.24917 ], [ -56.57338, -21.24838 ], [ -56.57397, -21.24755 ], [ -56.57424, -21.2467 ], [ -56.57539, -21.24617 ], [ -56.5762, -21.24548 ], [ -56.57653, -21.24487 ], [ -56.57697, -21.24473 ], [ -56.57713, -21.24452 ], [ -56.57773, -21.24453 ], [ -56.57854, -21.24289 ], [ -56.5785, -21.24146 ], [ -56.57883, -21.24119 ], [ -56.5799, -21.24133 ], [ -56.58222, -21.24016 ], [ -56.58306, -21.24048 ], [ -56.58325, -21.24113 ], [ -56.58418, -21.24133 ], [ -56.58583, -21.23979 ], [ -56.58829, -21.2397 ], [ -56.58984, -21.23931 ], [ -56.59073, -21.23787 ], [ -56.59073, -21.23743 ], [ -56.58981, -21.23584 ], [ -56.58886, -21.23545 ], [ -56.58794, -21.23386 ], [ -56.58713, -21.23373 ], [ -56.58599, -21.23386 ], [ -56.57918, -21.2329 ], [ -56.57714, -21.23383 ], [ -56.57491, -21.23545 ], [ -56.5745, -21.2378 ], [ -56.57501, -21.23842 ], [ -56.57799, -21.23981 ], [ -56.57806, -21.24078 ], [ -56.5786, -21.24072 ], [ -56.57869, -21.24118 ], [ -56.5784, -21.24141 ], [ -56.57843, -21.24284 ], [ -56.57719, -21.24229 ], [ -56.57671, -21.24281 ], [ -56.57487, -21.24274 ], [ -56.57517, -21.24386 ], [ -56.57431, -21.24428 ], [ -56.57311, -21.24319 ], [ -56.57254, -21.24342 ], [ -56.57207, -21.24335 ], [ -56.57067, -21.24421 ], [ -56.57171, -21.24474 ], [ -56.57251, -21.24545 ], [ -56.57205, -21.24627 ], [ -56.5709, -21.2463 ], [ -56.56924, -21.24507 ], [ -56.56824, -21.24606 ], [ -56.56894, -21.24812 ], [ -56.56885, -21.24854 ], [ -56.56789, -21.249 ], [ -56.56701, -21.24906 ], [ -56.56604, -21.24969 ], [ -56.56622, -21.25079 ], [ -56.56603, -21.25147 ], [ -56.56499, -21.2516 ], [ -56.56477, -21.25181 ], [ -56.5639, -21.25189 ], [ -56.56359, -21.25206 ], [ -56.56364, -21.25269 ], [ -56.56248, -21.25342 ], [ -56.56209, -21.25385 ], [ -56.56101, -21.25435 ], [ -56.55952, -21.25664 ], [ -56.55888, -21.25724 ], [ -56.55824, -21.25747 ], [ -56.55726, -21.25839 ], [ -56.55503, -21.25989 ], [ -56.55588, -21.26021 ], [ -56.55613, -21.26081 ], [ -56.55604, -21.26168 ], [ -56.55524, -21.26216 ], [ -56.55215, -21.26084 ], [ -56.55067, -21.26079 ], [ -56.55024, -21.26159 ], [ -56.55083, -21.26266 ], [ -56.5521, -21.26362 ], [ -56.55352, -21.26281 ], [ -56.55517, -21.26432 ], [ -56.55593, -21.26441 ], [ -56.55674, -21.26486 ], [ -56.55676, -21.26459 ], [ -56.55714, -21.26415 ], [ -56.55695, -21.26381 ], [ -56.55688, -21.26306 ], [ -56.55713, -21.26263 ], [ -56.55756, -21.26243 ], [ -56.55815, -21.26265 ], [ -56.55845, -21.26296 ], [ -56.55883, -21.26435 ], [ -56.55984, -21.26429 ], [ -56.55966, -21.26471 ], [ -56.56136, -21.26515 ], [ -56.5617, -21.26601 ], [ -56.56087, -21.2671 ], [ -56.55989, -21.26705 ], [ -56.55727, -21.26806 ], [ -56.55744, -21.26992 ], [ -56.55692, -21.27092 ], [ -56.55528, -21.27085 ], [ -56.55134, -21.26995 ], [ -56.55035, -21.26784 ], [ -56.54908, -21.26651 ], [ -56.54845, -21.26472 ], [ -56.54752, -21.26421 ], [ -56.54655, -21.26435 ], [ -56.54661, -21.26467 ], [ -56.54605, -21.26508 ], [ -56.54615, -21.26527 ], [ -56.54642, -21.26523 ], [ -56.54701, -21.26573 ], [ -56.54816, -21.26717 ], [ -56.5481, -21.26889 ], [ -56.54864, -21.26996 ], [ -56.54872, -21.27159 ], [ -56.54758, -21.27203 ], [ -56.54622, -21.27123 ], [ -56.54551, -21.26936 ], [ -56.545, -21.26884 ], [ -56.54376, -21.26662 ], [ -56.54378, -21.2657 ], [ -56.54006, -21.26795 ], [ -56.54307, -21.27116 ], [ -56.54322, -21.27255 ], [ -56.54258, -21.27246 ], [ -56.5415, -21.27313 ], [ -56.54102, -21.2732 ], [ -56.53878, -21.27213 ], [ -56.53872, -21.27131 ], [ -56.53828, -21.27078 ], [ -56.53798, -21.27012 ], [ -56.53798, -21.26976 ], [ -56.53823, -21.26943 ], [ -56.53817, -21.26915 ], [ -56.53778, -21.26866 ], [ -56.53727, -21.26979 ], [ -56.53687, -21.27026 ], [ -56.53719, -21.27125 ], [ -56.5385, -21.2728 ], [ -56.53845, -21.27309 ], [ -56.5393, -21.27374 ], [ -56.54093, -21.27409 ], [ -56.54249, -21.27726 ], [ -56.54224, -21.27901 ], [ -56.53982, -21.27979 ], [ -56.5399, -21.27995 ], [ -56.541, -21.2803 ], [ -56.54108, -21.2806 ], [ -56.54058, -21.28108 ], [ -56.54068, -21.282 ], [ -56.54034, -21.28272 ], [ -56.54053, -21.28382 ], [ -56.54038, -21.28436 ], [ -56.54109, -21.28507 ], [ -56.54094, -21.28631 ], [ -56.54212, -21.2874 ], [ -56.5425, -21.28758 ], [ -56.54319, -21.28741 ], [ -56.54346, -21.28751 ], [ -56.54381, -21.28877 ], [ -56.54032, -21.28924 ], [ -56.53231, -21.27146 ], [ -56.54866, -21.26176 ], [ -56.5495, -21.26172 ], [ -56.54955, -21.26133 ], [ -56.54919, -21.26042 ], [ -56.54885, -21.26005 ], [ -56.54901, -21.26009 ], [ -56.54942, -21.25969 ], [ -56.55051, -21.26011 ], [ -56.55083, -21.26053 ], [ -56.55175, -21.2607 ], [ -56.55208, -21.26062 ], [ -56.5521, -21.25993 ], [ -56.55243, -21.25996 ], [ -56.55288, -21.26038 ], [ -56.55296, -21.26007 ], [ -56.5532, -21.2602 ], [ -56.55329, -21.26003 ], [ -56.55367, -21.26032 ], [ -56.55394, -21.26004 ], [ -56.55433, -21.26026 ], [ -56.55434, -21.25975 ], [ -56.5551, -21.25882 ], [ -56.55516, -21.25843 ], [ -56.55619, -21.25868 ], [ -56.55653, -21.25849 ], [ -56.55633, -21.25805 ], [ -56.55646, -21.25781 ], [ -56.55677, -21.25758 ], [ -56.55723, -21.2575 ], [ -56.55762, -21.25698 ], [ -56.55787, -21.25703 ], [ -56.5585, -21.25662 ], [ -56.55845, -21.2568 ], [ -56.559, -21.2567 ], [ -56.55916, -21.25652 ], [ -56.55897, -21.25596 ], [ -56.55916, -21.25598 ], [ -56.55934, -21.2563 ], [ -56.55977, -21.2559 ], [ -56.55976, -21.25556 ], [ -56.55997, -21.25521 ], [ -56.55976, -21.25451 ], [ -56.5602, -21.25412 ], [ -56.56018, -21.25376 ], [ -56.56073, -21.25375 ], [ -56.56075, -21.25313 ], [ -56.56015, -21.2525 ], [ -56.56089, -21.2521 ], [ -56.56093, -21.25168 ], [ -56.56123, -21.25112 ], [ -56.56103, -21.25102 ], [ -56.56112, -21.25071 ], [ -56.56178, -21.24976 ], [ -56.56143, -21.24928 ], [ -56.56256, -21.24825 ], [ -56.56251, -21.24785 ], [ -56.56319, -21.24692 ], [ -56.56327, -21.24606 ], [ -56.56374, -21.24518 ], [ -56.56463, -21.24461 ], [ -56.56482, -21.2443 ], [ -56.56551, -21.24419 ], [ -56.56653, -21.24355 ], [ -56.56733, -21.24248 ], [ -56.56808, -21.24231 ], [ -56.56802, -21.24155 ], [ -56.56826, -21.24129 ], [ -56.56965, -21.24101 ], [ -56.57016, -21.24039 ], [ -56.57086, -21.2401 ], [ -56.57057, -21.23942 ], [ -56.57174, -21.23829 ], [ -56.57233, -21.23847 ], [ -56.57249, -21.23717 ], [ -56.57296, -21.23672 ], [ -56.5736, -21.23642 ], [ -56.57333, -21.23546 ], [ -56.57451, -21.23477 ], [ -56.57509, -21.23419 ], [ -56.57509, -21.23398 ], [ -56.57557, -21.23426 ], [ -56.57646, -21.23381 ], [ -56.57749, -21.23286 ], [ -56.57786, -21.2321 ], [ -56.57846, -21.23212 ], [ -56.57988, -21.23257 ], [ -56.58032, -21.23252 ], [ -56.5812, -21.23287 ], [ -56.58205, -21.23204 ], [ -56.5822, -21.23166 ], [ -56.58208, -21.23114 ], [ -56.58253, -21.23116 ], [ -56.58278, -21.23139 ], [ -56.5834, -21.23126 ], [ -56.58356, -21.23139 ], [ -56.5834, -21.23262 ], [ -56.58556, -21.2327 ], [ -56.58695, -21.23321 ], [ -56.58702, -21.23285 ], [ -56.58778, -21.23317 ], [ -56.58798, -21.23287 ], [ -56.58831, -21.23308 ], [ -56.58857, -21.23305 ], [ -56.58988, -21.23507 ], [ -56.59079, -21.23563 ], [ -56.59083, -21.23611 ], [ -56.59123, -21.23659 ], [ -56.59237, -21.23673 ], [ -56.59248, -21.23628 ], [ -56.59267, -21.23632 ], [ -56.59309, -21.23688 ], [ -56.59369, -21.2384 ], [ -56.59311, -21.23906 ], [ -56.59341, -21.23917 ], [ -56.59322, -21.23959 ], [ -56.59362, -21.23966 ], [ -56.59393, -21.24025 ], [ -56.59483, -21.2402 ], [ -56.59496, -21.24093 ], [ -56.59524, -21.24143 ], [ -56.59581, -21.24131 ], [ -56.59583, -21.24049 ], [ -56.59582, -21.241 ], [ -56.59601, -21.24122 ], [ -56.59641, -21.2404 ], [ -56.59669, -21.24044 ], [ -56.59683, -21.24133 ], [ -56.59703, -21.2413 ], [ -56.59732, -21.2408 ], [ -56.59768, -21.2411 ], [ -56.59796, -21.24088 ], [ -56.59874, -21.24116 ], [ -56.5982, -21.24144 ], [ -56.59937, -21.24221 ], [ -56.59978, -21.24162 ], [ -56.60005, -21.2418 ], [ -56.6004, -21.24167 ], [ -56.60017, -21.24135 ], [ -56.60075, -21.24134 ], [ -56.60085, -21.24123 ], [ -56.60057, -21.24079 ], [ -56.60148, -21.24051 ], [ -56.6015, -21.24081 ], [ -56.60198, -21.24083 ], [ -56.60156, -21.23962 ], [ -56.60251, -21.23993 ], [ -56.60241, -21.23957 ], [ -56.60312, -21.23967 ], [ -56.60406, -21.23953 ], [ -56.60426, -21.23995 ], [ -56.60481, -21.24001 ], [ -56.60464, -21.2403 ], [ -56.60523, -21.24068 ], [ -56.60585, -21.2402 ], [ -56.60653, -21.24088 ], [ -56.60642, -21.24107 ], [ -56.60839, -21.24104 ], [ -56.60874, -21.24046 ], [ -56.60972, -21.24077 ], [ -56.60983, -21.24042 ], [ -56.6096, -21.2393 ], [ -56.60984, -21.23882 ], [ -56.61034, -21.23855 ], [ -56.6108, -21.23889 ], [ -56.61136, -21.23985 ], [ -56.6127, -21.24063 ], [ -56.61262, -21.24092 ], [ -56.61274, -21.24101 ], [ -56.61358, -21.24041 ], [ -56.61388, -21.24074 ], [ -56.61404, -21.2407 ], [ -56.61408, -21.24007 ], [ -56.61594, -21.24 ], [ -56.61629, -21.24036 ], [ -56.61705, -21.24017 ], [ -56.61749, -21.24103 ], [ -56.6172, -21.24139 ], [ -56.61664, -21.24097 ], [ -56.6162, -21.24087 ], [ -56.61579, -21.24146 ], [ -56.6166, -21.24199 ], [ -56.617, -21.242 ], [ -56.61708, -21.24214 ], [ -56.61688, -21.24247 ], [ -56.61697, -21.24284 ], [ -56.61747, -21.24313 ], [ -56.61763, -21.24298 ], [ -56.61761, -21.24251 ], [ -56.61862, -21.24208 ], [ -56.61875, -21.24188 ], [ -56.61964, -21.24205 ], [ -56.621, -21.24202 ], [ -56.62146, -21.24238 ], [ -56.62239, -21.24354 ], [ -56.62313, -21.24324 ], [ -56.62292, -21.24272 ], [ -56.62323, -21.2419 ], [ -56.62359, -21.24268 ], [ -56.62392, -21.24253 ], [ -56.62375, -21.2419 ], [ -56.62386, -21.2416 ], [ -56.62435, -21.24191 ], [ -56.62448, -21.24257 ], [ -56.62467, -21.24259 ], [ -56.62471, -21.24189 ], [ -56.62492, -21.24152 ], [ -56.62539, -21.24138 ], [ -56.62616, -21.24179 ], [ -56.6264, -21.24173 ], [ -56.6265, -21.24132 ], [ -56.62587, -21.24071 ], [ -56.62615, -21.24059 ], [ -56.62679, -21.24142 ], [ -56.62716, -21.24115 ], [ -56.62736, -21.24125 ], [ -56.6273, -21.24165 ], [ -56.62746, -21.24189 ], [ -56.62833, -21.24184 ], [ -56.62853, -21.24198 ], [ -56.62861, -21.24214 ], [ -56.62833, -21.24261 ], [ -56.62915, -21.2427 ], [ -56.62927, -21.24291 ], [ -56.6287, -21.2439 ], [ -56.62897, -21.24407 ], [ -56.62927, -21.24397 ], [ -56.63, -21.24435 ], [ -56.62982, -21.24454 ], [ -56.63049, -21.24495 ], [ -56.63066, -21.24551 ], [ -56.63105, -21.24595 ], [ -56.63152, -21.24566 ], [ -56.63137, -21.24669 ], [ -56.63092, -21.24686 ], [ -56.63148, -21.24731 ], [ -56.63106, -21.24757 ], [ -56.63094, -21.24782 ], [ -56.6311, -21.24828 ], [ -56.63192, -21.24923 ], [ -56.63178, -21.24995 ], [ -56.63224, -21.25036 ], [ -56.63283, -21.25038 ], [ -56.63244, -21.25078 ], [ -56.63296, -21.25154 ], [ -56.63265, -21.25204 ], [ -56.6329, -21.25238 ], [ -56.63271, -21.25261 ], [ -56.63307, -21.25272 ], [ -56.63305, -21.25418 ], [ -56.63127, -21.25189 ], [ -56.63074, -21.25027 ], [ -56.63144, -21.24956 ], [ -56.63078, -21.24884 ], [ -56.62836, -21.24401 ], [ -56.62772, -21.24366 ], [ -56.62739, -21.24314 ], [ -56.62556, -21.24323 ], [ -56.62425, -21.24356 ], [ -56.62408, -21.24402 ], [ -56.62338, -21.24451 ], [ -56.62253, -21.24456 ], [ -56.62145, -21.2438 ], [ -56.61825, -21.24347 ], [ -56.61771, -21.24364 ], [ -56.61655, -21.24366 ], [ -56.61601, -21.24342 ], [ -56.61487, -21.24342 ], [ -56.6115, -21.24231 ], [ -56.60999, -21.24306 ], [ -56.60701, -21.24321 ], [ -56.6061, -21.24261 ], [ -56.60512, -21.24296 ], [ -56.60434, -21.24381 ], [ -56.60249, -21.244 ], [ -56.60247, -21.24487 ], [ -56.60308, -21.24748 ], [ -56.6026, -21.24796 ], [ -56.602, -21.248 ], [ -56.60068, -21.24852 ], [ -56.59983, -21.24846 ], [ -56.59923, -21.24807 ], [ -56.59874, -21.24634 ], [ -56.59881, -21.24409 ], [ -56.59641, -21.24402 ], [ -56.59532, -21.24352 ], [ -56.59317, -21.24357 ] ] ] } },
{ "type": "Feature", "properties": { "titulo": "Estacao Ecologica Colorado", "subtitulo": "Estação Ecológica · Municipal", "grupo": "Proteção Integral", "municipio": "Aquidauana", "pesca_status": "a_definir", "regras_pesca": "" }, "geometry": { "type": "Polygon", "coordinates": [ [ [ -56.87334, -19.62112 ], [ -56.8738, -19.62115 ], [ -56.8744, -19.62084 ], [ -56.87447, -19.62021 ], [ -56.87381, -19.61703 ], [ -56.87388, -19.61673 ], [ -56.87409, -19.61639 ], [ -56.8752, -19.61638 ], [ -56.87632, -19.61692 ], [ -56.87609, -19.61709 ], [ -56.87505, -19.61722 ], [ -56.8747, -19.6177 ], [ -56.87484, -19.61805 ], [ -56.87541, -19.61844 ], [ -56.87503, -19.61917 ], [ -56.87506, -19.6198 ], [ -56.87541, -19.6201 ], [ -56.87585, -19.62014 ], [ -56.87673, -19.61913 ], [ -56.87718, -19.6192 ], [ -56.87742, -19.61955 ], [ -56.87785, -19.61959 ], [ -56.87927, -19.61843 ], [ -56.88042, -19.61822 ], [ -56.88058, -19.6184 ], [ -56.87935, -19.61941 ], [ -56.87915, -19.61981 ], [ -56.87922, -19.62024 ], [ -56.87991, -19.62065 ], [ -56.87996, -19.62099 ], [ -56.87981, -19.62122 ], [ -56.87917, -19.62122 ], [ -56.8779, -19.62217 ], [ -56.87786, -19.62244 ], [ -56.87808, -19.62273 ], [ -56.88121, -19.62181 ], [ -56.88193, -19.62139 ], [ -56.88226, -19.62136 ], [ -56.88246, -19.62164 ], [ -56.882, -19.62294 ], [ -56.88252, -19.62353 ], [ -56.88309, -19.62367 ], [ -56.88362, -19.62335 ], [ -56.88392, -19.62276 ], [ -56.88382, -19.62236 ], [ -56.88415, -19.6211 ], [ -56.88533, -19.6198 ], [ -56.88563, -19.61966 ], [ -56.88771, -19.61973 ], [ -56.88909, -19.61917 ], [ -56.88959, -19.61875 ], [ -56.88977, -19.61799 ], [ -56.8897, -19.61744 ], [ -56.88949, -19.61713 ], [ -56.88869, -19.6166 ], [ -56.88849, -19.61621 ], [ -56.88846, -19.61542 ], [ -56.88871, -19.61518 ], [ -56.89011, -19.61612 ], [ -56.89061, -19.61621 ], [ -56.89242, -19.61606 ], [ -56.89276, -19.61618 ], [ -56.89353, -19.61691 ], [ -56.89383, -19.61681 ], [ -56.89396, -19.61651 ], [ -56.89374, -19.61577 ], [ -56.89199, -19.61474 ], [ -56.89192, -19.61448 ], [ -56.89214, -19.61422 ], [ -56.89263, -19.61405 ], [ -56.89418, -19.61433 ], [ -56.89465, -19.61484 ], [ -56.89453, -19.61543 ], [ -56.89463, -19.61729 ], [ -56.89516, -19.6182 ], [ -56.89561, -19.61817 ], [ -56.89692, -19.61728 ], [ -56.89705, -19.61694 ], [ -56.89667, -19.61475 ], [ -56.8973, -19.6132 ], [ -56.89789, -19.61296 ], [ -56.89829, -19.61307 ], [ -56.89994, -19.61481 ], [ -56.90066, -19.61484 ], [ -56.90112, -19.61449 ], [ -56.90099, -19.61407 ], [ -56.89963, -19.61309 ], [ -56.89963, -19.61217 ], [ -56.90165, -19.6103 ], [ -56.90188, -19.6104 ], [ -56.90166, -19.61186 ], [ -56.9025, -19.61212 ], [ -56.90282, -19.61186 ], [ -56.90307, -19.6109 ], [ -56.90291, -19.60985 ], [ -56.90311, -19.60957 ], [ -56.90388, -19.60925 ], [ -56.90475, -19.60962 ], [ -56.90663, -19.6114 ], [ -56.90458, -19.61359 ], [ -56.90456, -19.61403 ], [ -56.90586, -19.615 ], [ -56.90659, -19.61521 ], [ -56.90959, -19.61427 ], [ -56.91017, -19.61307 ], [ -56.91044, -19.61298 ], [ -56.91141, -19.6141 ], [ -56.91218, -19.614 ], [ -56.91283, -19.61379 ], [ -56.91382, -19.6132 ], [ -56.91575, -19.61282 ], [ -56.91757, -19.61278 ], [ -56.91998, -19.61157 ], [ -56.92061, -19.61091 ], [ -56.92084, -19.61095 ], [ -56.92114, -19.61184 ], [ -56.92105, -19.61273 ], [ -56.91955, -19.61435 ], [ -56.91942, -19.61486 ], [ -56.91952, -19.61525 ], [ -56.92025, -19.61552 ], [ -56.92235, -19.61522 ], [ -56.92257, -19.61502 ], [ -56.92295, -19.61347 ], [ -56.92318, -19.61342 ], [ -56.9234, -19.61366 ], [ -56.92339, -19.61402 ], [ -56.92309, -19.61504 ], [ -56.92363, -19.61555 ], [ -56.92522, -19.61526 ], [ -56.92654, -19.61534 ], [ -56.92718, -19.61499 ], [ -56.92738, -19.61459 ], [ -56.92737, -19.6137 ], [ -56.92685, -19.61205 ], [ -56.9269, -19.61176 ], [ -56.92745, -19.61165 ], [ -56.92982, -19.61376 ], [ -56.93113, -19.6156 ], [ -56.93181, -19.61708 ], [ -56.93214, -19.61751 ], [ -56.93282, -19.61792 ], [ -56.93408, -19.61746 ], [ -56.93681, -19.61765 ], [ -56.93726, -19.61728 ], [ -56.93722, -19.61678 ], [ -56.93572, -19.6156 ], [ -56.93574, -19.61539 ], [ -56.93619, -19.61523 ], [ -56.9391, -19.61564 ], [ -56.94046, -19.61603 ], [ -56.94144, -19.6166 ], [ -56.9419, -19.61633 ], [ -56.94207, -19.61537 ], [ -56.94226, -19.61517 ], [ -56.94275, -19.61525 ], [ -56.943, -19.61545 ], [ -56.94424, -19.61759 ], [ -56.94464, -19.61883 ], [ -56.94514, -19.61935 ], [ -56.94616, -19.61963 ], [ -56.94811, -19.61953 ], [ -56.94853, -19.61917 ], [ -56.94857, -19.61874 ], [ -56.9474, -19.61757 ], [ -56.94766, -19.61686 ], [ -56.94838, -19.61694 ], [ -56.94882, -19.6172 ], [ -56.95123, -19.61792 ], [ -56.95288, -19.61938 ], [ -56.9537, -19.61973 ], [ -56.95599, -19.6201 ], [ -56.95795, -19.61999 ], [ -56.95995, -19.61945 ], [ -56.961, -19.61961 ], [ -56.96119, -19.62006 ], [ -56.96116, -19.62069 ], [ -56.96076, -19.62102 ], [ -56.96034, -19.62193 ], [ -56.96072, -19.62256 ], [ -56.96212, -19.62306 ], [ -56.96303, -19.62385 ], [ -56.96375, -19.62425 ], [ -56.96451, -19.62407 ], [ -56.9654, -19.62261 ], [ -56.9655, -19.62146 ], [ -56.96502, -19.62033 ], [ -56.96492, -19.61953 ], [ -56.96518, -19.61886 ], [ -56.96562, -19.61844 ], [ -56.96692, -19.61791 ], [ -56.9675, -19.61812 ], [ -56.96892, -19.61982 ], [ -56.97008, -19.62011 ], [ -56.97118, -19.62001 ], [ -56.97225, -19.61926 ], [ -56.97266, -19.61781 ], [ -56.97214, -19.61714 ], [ -56.97127, -19.6166 ], [ -56.97007, -19.61658 ], [ -56.96955, -19.61635 ], [ -56.96922, -19.61571 ], [ -56.97008, -19.61508 ], [ -56.97418, -19.61429 ], [ -56.9755, -19.61347 ], [ -56.97514, -19.61218 ], [ -56.97473, -19.61174 ], [ -56.97468, -19.61136 ], [ -56.97914, -19.6096 ], [ -56.97972, -19.60966 ], [ -56.98017, -19.61019 ], [ -56.98018, -19.61108 ], [ -56.98144, -19.61365 ], [ -56.98296, -19.61453 ], [ -56.98559, -19.61492 ], [ -56.98632, -19.61519 ], [ -56.98843, -19.61644 ], [ -56.98936, -19.61661 ], [ -56.99038, -19.6165 ], [ -56.9958, -19.61426 ], [ -56.99646, -19.61405 ], [ -56.9975, -19.6142 ], [ -56.99875, -19.61506 ], [ -56.99958, -19.61657 ], [ -56.99944, -19.61879 ], [ -56.99876, -19.62039 ], [ -56.99754, -19.62163 ], [ -56.99569, -19.62143 ], [ -56.99381, -19.61974 ], [ -56.99177, -19.6185 ], [ -56.98911, -19.61873 ], [ -56.98796, -19.61938 ], [ -56.9867, -19.62157 ], [ -56.98707, -19.62303 ], [ -56.98782, -19.62443 ], [ -56.98945, -19.62634 ], [ -56.99194, -19.62833 ], [ -56.99348, -19.63018 ], [ -56.99395, -19.63195 ], [ -56.99344, -19.63405 ], [ -56.99232, -19.63546 ], [ -56.99054, -19.63662 ], [ -56.98545, -19.63899 ], [ -56.98422, -19.64091 ], [ -56.9827, -19.64638 ], [ -56.98304, -19.64738 ], [ -56.98425, -19.64824 ], [ -56.98818, -19.64956 ], [ -56.98997, -19.65068 ], [ -56.99026, -19.65119 ], [ -56.98995, -19.65212 ], [ -56.98725, -19.65368 ], [ -56.98635, -19.65455 ], [ -56.98526, -19.65696 ], [ -56.98548, -19.66042 ], [ -56.98601, -19.66129 ], [ -56.987, -19.66136 ], [ -56.98848, -19.65988 ], [ -56.98934, -19.65925 ], [ -56.99489, -19.65756 ], [ -56.995, -19.65787 ], [ -56.9935, -19.65969 ], [ -56.99258, -19.66182 ], [ -56.99257, -19.6653 ], [ -56.99324, -19.66572 ], [ -56.99386, -19.66555 ], [ -56.99513, -19.66375 ], [ -56.99574, -19.66327 ], [ -56.99694, -19.66337 ], [ -56.99936, -19.66552 ], [ -56.99987, -19.66722 ], [ -56.99857, -19.67 ], [ -56.99859, -19.67075 ], [ -56.99918, -19.67199 ], [ -56.99889, -19.67355 ], [ -56.99655, -19.67556 ], [ -56.99461, -19.67771 ], [ -56.99408, -19.67903 ], [ -56.994, -19.6801 ], [ -56.99486, -19.68348 ], [ -56.9947, -19.6842 ], [ -56.9943, -19.68483 ], [ -56.99296, -19.68559 ], [ -56.99163, -19.68576 ], [ -56.99039, -19.68545 ], [ -56.98866, -19.6836 ], [ -56.98592, -19.68128 ], [ -56.98429, -19.68044 ], [ -56.98197, -19.68007 ], [ -56.97961, -19.68047 ], [ -56.97529, -19.68328 ], [ -56.97337, -19.68418 ], [ -56.97251, -19.68364 ], [ -56.97074, -19.6808 ], [ -56.96947, -19.67975 ], [ -56.96742, -19.67963 ], [ -56.96257, -19.68058 ], [ -56.95903, -19.68038 ], [ -56.95712, -19.68147 ], [ -56.95681, -19.68291 ], [ -56.95717, -19.68373 ], [ -56.95786, -19.684 ], [ -56.96168, -19.6827 ], [ -56.96385, -19.68264 ], [ -56.96473, -19.68301 ], [ -56.96508, -19.68404 ], [ -56.96435, -19.68698 ], [ -56.96385, -19.68772 ], [ -56.96257, -19.68821 ], [ -56.95925, -19.6878 ], [ -56.95878, -19.6883 ], [ -56.95944, -19.69311 ], [ -56.95914, -19.69365 ], [ -56.95833, -19.69345 ], [ -56.95683, -19.69163 ], [ -56.95452, -19.69002 ], [ -56.95369, -19.68909 ], [ -56.95283, -19.68842 ], [ -56.95167, -19.68828 ], [ -56.95043, -19.68876 ], [ -56.95013, -19.68967 ], [ -56.95053, -19.69026 ], [ -56.95212, -19.69131 ], [ -56.95252, -19.69241 ], [ -56.95235, -19.69295 ], [ -56.95177, -19.6931 ], [ -56.95091, -19.69275 ], [ -56.9485, -19.69002 ], [ -56.94536, -19.68862 ], [ -56.94357, -19.68828 ], [ -56.94083, -19.6887 ], [ -56.93954, -19.68921 ], [ -56.93901, -19.69073 ], [ -56.94054, -19.69395 ], [ -56.94051, -19.69523 ], [ -56.93982, -19.69604 ], [ -56.93825, -19.69613 ], [ -56.93663, -19.69523 ], [ -56.93559, -19.69381 ], [ -56.93569, -19.69261 ], [ -56.93792, -19.68982 ], [ -56.93913, -19.68719 ], [ -56.93887, -19.68614 ], [ -56.93834, -19.68591 ], [ -56.93737, -19.68591 ], [ -56.93486, -19.68735 ], [ -56.9327, -19.68757 ], [ -56.92957, -19.68699 ], [ -56.92822, -19.687 ], [ -56.92598, -19.68743 ], [ -56.92558, -19.68808 ], [ -56.92582, -19.68858 ], [ -56.92689, -19.68976 ], [ -56.92706, -19.69091 ], [ -56.92643, -19.69128 ], [ -56.92549, -19.69118 ], [ -56.92348, -19.69018 ], [ -56.92094, -19.68994 ], [ -56.91853, -19.69107 ], [ -56.91252, -19.69307 ], [ -56.91115, -19.69298 ], [ -56.91039, -19.69257 ], [ -56.91007, -19.69178 ], [ -56.91043, -19.68945 ], [ -56.90983, -19.68693 ], [ -56.90815, -19.68374 ], [ -56.90696, -19.68256 ], [ -56.90545, -19.68188 ], [ -56.90394, -19.6817 ], [ -56.90307, -19.68188 ], [ -56.90243, -19.68237 ], [ -56.90267, -19.68322 ], [ -56.90337, -19.68341 ], [ -56.90536, -19.6851 ], [ -56.90583, -19.68599 ], [ -56.90565, -19.68711 ], [ -56.90512, -19.68798 ], [ -56.90458, -19.68802 ], [ -56.90241, -19.68388 ], [ -56.90166, -19.68283 ], [ -56.90045, -19.68209 ], [ -56.89848, -19.6823 ], [ -56.89733, -19.68297 ], [ -56.89508, -19.68595 ], [ -56.89072, -19.68998 ], [ -56.88991, -19.691 ], [ -56.88844, -19.69365 ], [ -56.88778, -19.69613 ], [ -56.88813, -19.69875 ], [ -56.88961, -19.69961 ], [ -56.88963, -19.69996 ], [ -56.88795, -19.70154 ], [ -56.88645, -19.70244 ], [ -56.88513, -19.70259 ], [ -56.88349, -19.70201 ], [ -56.87898, -19.69844 ], [ -56.8779, -19.69795 ], [ -56.8766, -19.69779 ], [ -56.87538, -19.69804 ], [ -56.87379, -19.69922 ], [ -56.87325, -19.70038 ], [ -56.87322, -19.70189 ], [ -56.87432, -19.70392 ], [ -56.87526, -19.70436 ], [ -56.87702, -19.70358 ], [ -56.87784, -19.70337 ], [ -56.8786, -19.70342 ], [ -56.88012, -19.70403 ], [ -56.88051, -19.70495 ], [ -56.88004, -19.70601 ], [ -56.87902, -19.70718 ], [ -56.87812, -19.70865 ], [ -56.87725, -19.71111 ], [ -56.87627, -19.71877 ], [ -56.87562, -19.72046 ], [ -56.87461, -19.72111 ], [ -56.87313, -19.72106 ], [ -56.87214, -19.72049 ], [ -56.87166, -19.71968 ], [ -56.87162, -19.71837 ], [ -56.87308, -19.71491 ], [ -56.87351, -19.71275 ], [ -56.8735, -19.71159 ], [ -56.87318, -19.71061 ], [ -56.87229, -19.70964 ], [ -56.87142, -19.70924 ], [ -56.87033, -19.70926 ], [ -56.86969, -19.70962 ], [ -56.8689, -19.71058 ], [ -56.86816, -19.71344 ], [ -56.8671, -19.71523 ], [ -56.86556, -19.71645 ], [ -56.86426, -19.71688 ], [ -56.85963, -19.71681 ], [ -56.85567, -19.71646 ], [ -56.85499, -19.71677 ], [ -56.85423, -19.71753 ], [ -56.85411, -19.71846 ], [ -56.85501, -19.7216 ], [ -56.85505, -19.72245 ], [ -56.85471, -19.72322 ], [ -56.85371, -19.72353 ], [ -56.85003, -19.72342 ], [ -56.8474, -19.72291 ], [ -56.84597, -19.72238 ], [ -56.84525, -19.7225 ], [ -56.84375, -19.72375 ], [ -56.84281, -19.725 ], [ -56.84259, -19.72681 ], [ -56.84303, -19.72731 ], [ -56.84415, -19.72796 ], [ -56.84415, -19.72857 ], [ -56.84359, -19.72931 ], [ -56.84249, -19.73004 ], [ -56.84173, -19.73015 ], [ -56.84125, -19.72968 ], [ -56.84046, -19.72834 ], [ -56.83982, -19.72808 ], [ -56.83848, -19.72819 ], [ -56.83705, -19.72805 ], [ -56.83679, -19.72771 ], [ -56.83679, -19.72739 ], [ -56.83794, -19.72617 ], [ -56.83767, -19.72545 ], [ -56.83732, -19.72526 ], [ -56.83677, -19.72542 ], [ -56.83647, -19.72575 ], [ -56.83476, -19.72636 ], [ -56.83445, -19.72615 ], [ -56.83395, -19.72756 ], [ -56.83372, -19.72771 ], [ -56.83319, -19.72765 ], [ -56.8327, -19.72696 ], [ -56.82986, -19.72554 ], [ -56.82934, -19.7257 ], [ -56.82852, -19.72646 ], [ -56.82831, -19.72707 ], [ -56.82817, -19.72712 ], [ -56.8272, -19.72602 ], [ -56.82702, -19.72551 ], [ -56.82592, -19.72398 ], [ -56.82593, -19.72383 ], [ -56.82711, -19.72398 ], [ -56.82754, -19.72369 ], [ -56.82752, -19.72333 ], [ -56.82565, -19.7217 ], [ -56.82524, -19.72156 ], [ -56.82449, -19.72224 ], [ -56.824, -19.72234 ], [ -56.85042, -19.64829 ], [ -56.87334, -19.62112 ] ] ] } },
{ "type": "Feature", "properties": { "titulo": "Área de Proteção Ambiental Municipal da Sub-bacia do Rio Cachoeirão", "subtitulo": "Área de Proteção Ambiental · Municipal", "grupo": "Uso Sustentável", "municipio": "Terenos", "pesca_status": "a_definir", "regras_pesca": "" }, "geometry": { "type": "Polygon", "coordinates": [ [ [ -54.80078, -20.53237 ], [ -54.80068, -20.52861 ], [ -54.80087, -20.52035 ], [ -54.80559, -20.51503 ], [ -54.83218, -20.48847 ], [ -54.85223, -20.47244 ], [ -54.86749, -20.46126 ], [ -54.88447, -20.44615 ], [ -54.88412, -20.43927 ], [ -54.87094, -20.4398 ], [ -54.88433, -20.41043 ], [ -54.89157, -20.39692 ], [ -54.90127, -20.37347 ], [ -54.91833, -20.34324 ], [ -54.94393, -20.2969 ], [ -54.96356, -20.28118 ], [ -54.98958, -20.26748 ], [ -55.02385, -20.27278 ], [ -55.04858, -20.25096 ], [ -55.07045, -20.24875 ], [ -55.09805, -20.24709 ], [ -55.11577, -20.23836 ], [ -55.13515, -20.22811 ], [ -55.16054, -20.24186 ], [ -55.21341, -20.25861 ], [ -55.23163, -20.25782 ], [ -55.24454, -20.26629 ], [ -55.26371, -20.27148 ], [ -55.26403, -20.27214 ], [ -55.264, -20.27325 ], [ -55.26436, -20.27401 ], [ -55.26501, -20.27479 ], [ -55.26588, -20.2754 ], [ -55.26741, -20.2757 ], [ -55.2683, -20.27608 ], [ -55.26939, -20.2769 ], [ -55.27027, -20.27802 ], [ -55.27071, -20.27954 ], [ -55.27135, -20.2836 ], [ -55.27138, -20.28598 ], [ -55.27102, -20.28675 ], [ -55.27031, -20.28726 ], [ -55.2694, -20.28753 ], [ -55.26763, -20.28772 ], [ -55.26622, -20.28763 ], [ -55.26521, -20.28694 ], [ -55.2632, -20.2845 ], [ -55.2624, -20.28371 ], [ -55.26191, -20.28346 ], [ -55.26096, -20.28373 ], [ -55.25791, -20.28588 ], [ -55.25642, -20.28648 ], [ -55.25567, -20.28619 ], [ -55.25461, -20.28424 ], [ -55.2541, -20.28368 ], [ -55.2535, -20.28337 ], [ -55.25262, -20.28328 ], [ -55.25107, -20.2834 ], [ -55.24949, -20.28387 ], [ -55.2478, -20.28513 ], [ -55.24723, -20.28624 ], [ -55.24714, -20.28691 ], [ -55.24732, -20.28876 ], [ -55.24652, -20.29076 ], [ -55.24633, -20.29388 ], [ -55.24522, -20.296 ], [ -55.24338, -20.29877 ], [ -55.24303, -20.29971 ], [ -55.24288, -20.30078 ], [ -55.2433, -20.30221 ], [ -55.24415, -20.30305 ], [ -55.24629, -20.30436 ], [ -55.248, -20.30504 ], [ -55.2502, -20.30555 ], [ -55.25112, -20.30611 ], [ -55.25179, -20.30685 ], [ -55.25299, -20.30879 ], [ -55.25327, -20.3095 ], [ -55.25327, -20.31103 ], [ -55.2527, -20.31232 ], [ -55.25185, -20.31308 ], [ -55.24902, -20.31502 ], [ -55.24811, -20.31618 ], [ -55.24727, -20.31777 ], [ -55.24636, -20.32083 ], [ -55.24643, -20.32179 ], [ -55.24689, -20.32299 ], [ -55.24783, -20.32415 ], [ -55.25007, -20.32615 ], [ -55.25131, -20.32683 ], [ -55.25442, -20.32812 ], [ -55.25851, -20.33096 ], [ -55.25927, -20.33192 ], [ -55.26116, -20.33512 ], [ -55.26333, -20.33787 ], [ -55.26399, -20.33831 ], [ -55.26461, -20.33819 ], [ -55.26491, -20.33791 ], [ -55.26593, -20.3362 ], [ -55.26622, -20.33535 ], [ -55.26662, -20.33277 ], [ -55.26725, -20.3316 ], [ -55.26817, -20.33072 ], [ -55.26902, -20.3302 ], [ -55.27218, -20.32985 ], [ -55.27313, -20.32958 ], [ -55.27356, -20.32929 ], [ -55.27481, -20.32763 ], [ -55.27724, -20.32597 ], [ -55.27763, -20.32523 ], [ -55.27817, -20.32318 ], [ -55.27904, -20.32213 ], [ -55.28018, -20.32184 ], [ -55.28192, -20.32228 ], [ -55.28492, -20.32255 ], [ -55.28856, -20.32177 ], [ -55.29069, -20.32167 ], [ -55.29335, -20.32181 ], [ -55.29595, -20.32218 ], [ -55.29711, -20.32253 ], [ -55.29753, -20.3228 ], [ -55.29774, -20.32317 ], [ -55.29787, -20.3246 ], [ -55.29718, -20.32926 ], [ -55.2964, -20.33168 ], [ -55.29526, -20.33417 ], [ -55.29467, -20.33592 ], [ -55.29479, -20.33706 ], [ -55.29523, -20.33765 ], [ -55.2972, -20.3381 ], [ -55.29954, -20.33815 ], [ -55.30082, -20.33842 ], [ -55.30166, -20.33907 ], [ -55.303, -20.34061 ], [ -55.30414, -20.34095 ], [ -55.30825, -20.34099 ], [ -55.3093, -20.34077 ], [ -55.31283, -20.33943 ], [ -55.31416, -20.33939 ], [ -55.31527, -20.33961 ], [ -55.31582, -20.33951 ], [ -55.31789, -20.33857 ], [ -55.31932, -20.33726 ], [ -55.31998, -20.33624 ], [ -55.32018, -20.33479 ], [ -55.32008, -20.33318 ], [ -55.31879, -20.32802 ], [ -55.31887, -20.32714 ], [ -55.31924, -20.32652 ], [ -55.3206, -20.32563 ], [ -55.3218, -20.32517 ], [ -55.32559, -20.32456 ], [ -55.3285, -20.32459 ], [ -55.3307, -20.32385 ], [ -55.33239, -20.32267 ], [ -55.33342, -20.3215 ], [ -55.33492, -20.31929 ], [ -55.33603, -20.31841 ], [ -55.33745, -20.31776 ], [ -55.34112, -20.3172 ], [ -55.34223, -20.3166 ], [ -55.34356, -20.31535 ], [ -55.34453, -20.31504 ], [ -55.34546, -20.31515 ], [ -55.34616, -20.31599 ], [ -55.34739, -20.31873 ], [ -55.34824, -20.32254 ], [ -55.34964, -20.32496 ], [ -55.34973, -20.32544 ], [ -55.34957, -20.32606 ], [ -55.34919, -20.32653 ], [ -55.34624, -20.32833 ], [ -55.34479, -20.32979 ], [ -55.34431, -20.33075 ], [ -55.34438, -20.33173 ], [ -55.34423, -20.3336 ], [ -55.34391, -20.33441 ], [ -55.34332, -20.33524 ], [ -55.34144, -20.3368 ], [ -55.34082, -20.33793 ], [ -55.34071, -20.33927 ], [ -55.34146, -20.34272 ], [ -55.3415, -20.34715 ], [ -55.34187, -20.34786 ], [ -55.3445, -20.35005 ], [ -55.34514, -20.35043 ], [ -55.34565, -20.35053 ], [ -55.34636, -20.35046 ], [ -55.3508, -20.34787 ], [ -55.35073, -20.34745 ], [ -55.35094, -20.34702 ], [ -55.35139, -20.34646 ], [ -55.35217, -20.34606 ], [ -55.35339, -20.3459 ], [ -55.35426, -20.34608 ], [ -55.35566, -20.34705 ], [ -55.35642, -20.3483 ], [ -55.35666, -20.35039 ], [ -55.35725, -20.35316 ], [ -55.35722, -20.35892 ], [ -55.35769, -20.36262 ], [ -55.35823, -20.3652 ], [ -55.35817, -20.36631 ], [ -55.35751, -20.36747 ], [ -55.35556, -20.36872 ], [ -55.3531, -20.36987 ], [ -55.35199, -20.37099 ], [ -55.35118, -20.37242 ], [ -55.35017, -20.37579 ], [ -55.35012, -20.37658 ], [ -55.35026, -20.37705 ], [ -55.35103, -20.37819 ], [ -55.35188, -20.37865 ], [ -55.35357, -20.3791 ], [ -55.35418, -20.37945 ], [ -55.35461, -20.37996 ], [ -55.35509, -20.38131 ], [ -55.35537, -20.38335 ], [ -55.35553, -20.38635 ], [ -55.35595, -20.38727 ], [ -55.35752, -20.38801 ], [ -55.36075, -20.38776 ], [ -55.36195, -20.38797 ], [ -55.36264, -20.38829 ], [ -55.36386, -20.3897 ], [ -55.36506, -20.39161 ], [ -55.36736, -20.39356 ], [ -55.36792, -20.39424 ], [ -55.36888, -20.39597 ], [ -55.36909, -20.39684 ], [ -55.36903, -20.39781 ], [ -55.36841, -20.40031 ], [ -55.36873, -20.40145 ], [ -55.36939, -20.4021 ], [ -55.37037, -20.40265 ], [ -55.37363, -20.40363 ], [ -55.37508, -20.40423 ], [ -55.38048, -20.40713 ], [ -55.38164, -20.40731 ], [ -55.38339, -20.40729 ], [ -55.3851, -20.40759 ], [ -55.38632, -20.40825 ], [ -55.38765, -20.40934 ], [ -55.3887, -20.41096 ], [ -55.39028, -20.41518 ], [ -55.39041, -20.4192 ], [ -55.39176, -20.42282 ], [ -55.39176, -20.42432 ], [ -55.39075, -20.42813 ], [ -55.39078, -20.42952 ], [ -55.39118, -20.43182 ], [ -55.39094, -20.43246 ], [ -55.38994, -20.4333 ], [ -55.38831, -20.4339 ], [ -55.38569, -20.43414 ], [ -55.38439, -20.43407 ], [ -55.38333, -20.43433 ], [ -55.38271, -20.43523 ], [ -55.38252, -20.43712 ], [ -55.38201, -20.43852 ], [ -55.38079, -20.43997 ], [ -55.37804, -20.44212 ], [ -55.37734, -20.44304 ], [ -55.37735, -20.44354 ], [ -55.37759, -20.44377 ], [ -55.37898, -20.44344 ], [ -55.37955, -20.44351 ], [ -55.37964, -20.44372 ], [ -55.37959, -20.44573 ], [ -55.37928, -20.44755 ], [ -55.37879, -20.44743 ], [ -55.37827, -20.44762 ], [ -55.37755, -20.44718 ], [ -55.37691, -20.44605 ], [ -55.37601, -20.44502 ], [ -55.37236, -20.44267 ], [ -55.37124, -20.44241 ], [ -55.36889, -20.44301 ], [ -55.36756, -20.44281 ], [ -55.36695, -20.44251 ], [ -55.36509, -20.44056 ], [ -55.36353, -20.43962 ], [ -55.36136, -20.43795 ], [ -55.36018, -20.43745 ], [ -55.35947, -20.43764 ], [ -55.35908, -20.43815 ], [ -55.3588, -20.44002 ], [ -55.35842, -20.44081 ], [ -55.35546, -20.44398 ], [ -55.35524, -20.44564 ], [ -55.35493, -20.44621 ], [ -55.35412, -20.447 ], [ -55.35332, -20.44718 ], [ -55.353, -20.4471 ], [ -55.35219, -20.44596 ], [ -55.35067, -20.44504 ], [ -55.35009, -20.4445 ], [ -55.34956, -20.44311 ], [ -55.34982, -20.44196 ], [ -55.3506, -20.44001 ], [ -55.35363, -20.43513 ], [ -55.35454, -20.4333 ], [ -55.35643, -20.43087 ], [ -55.35654, -20.43047 ], [ -55.35614, -20.42915 ], [ -55.35572, -20.42878 ], [ -55.3547, -20.42842 ], [ -55.35175, -20.42853 ], [ -55.34986, -20.42824 ], [ -55.34904, -20.42839 ], [ -55.34884, -20.42858 ], [ -55.34872, -20.42906 ], [ -55.34915, -20.43214 ], [ -55.34909, -20.43256 ], [ -55.34883, -20.43298 ], [ -55.34762, -20.43377 ], [ -55.34686, -20.43375 ], [ -55.34643, -20.4335 ], [ -55.34552, -20.4326 ], [ -55.34536, -20.43222 ], [ -55.34591, -20.43048 ], [ -55.34546, -20.42889 ], [ -55.34542, -20.42754 ], [ -55.34576, -20.42637 ], [ -55.34628, -20.42318 ], [ -55.34606, -20.42139 ], [ -55.34512, -20.41961 ], [ -55.34408, -20.41845 ], [ -55.3422, -20.41742 ], [ -55.3412, -20.41709 ], [ -55.33986, -20.41693 ], [ -55.33808, -20.41717 ], [ -55.3375, -20.41708 ], [ -55.33668, -20.41642 ], [ -55.33643, -20.41577 ], [ -55.33602, -20.41332 ], [ -55.33668, -20.4104 ], [ -55.33648, -20.40981 ], [ -55.33585, -20.40922 ], [ -55.33491, -20.40873 ], [ -55.33133, -20.40748 ], [ -55.33051, -20.40748 ], [ -55.3287, -20.40798 ], [ -55.32733, -20.40786 ], [ -55.3266, -20.4075 ], [ -55.32587, -20.40673 ], [ -55.32476, -20.40504 ], [ -55.32417, -20.40459 ], [ -55.32355, -20.40503 ], [ -55.32186, -20.4076 ], [ -55.31885, -20.40984 ], [ -55.31712, -20.40975 ], [ -55.31624, -20.41017 ], [ -55.31517, -20.41034 ], [ -55.31282, -20.41161 ], [ -55.3077, -20.41299 ], [ -55.30685, -20.41339 ], [ -55.30651, -20.41371 ], [ -55.30603, -20.41572 ], [ -55.30614, -20.41642 ], [ -55.30659, -20.41717 ], [ -55.30806, -20.41832 ], [ -55.30793, -20.41861 ], [ -55.30703, -20.41945 ], [ -55.30698, -20.41982 ], [ -55.30735, -20.42057 ], [ -55.30781, -20.421 ], [ -55.3092, -20.42166 ], [ -55.30952, -20.42235 ], [ -55.30928, -20.42303 ], [ -55.30841, -20.42391 ], [ -55.30807, -20.42405 ], [ -55.30771, -20.42388 ], [ -55.30709, -20.42264 ], [ -55.30651, -20.42253 ], [ -55.30608, -20.42278 ], [ -55.30593, -20.42345 ], [ -55.30631, -20.425 ], [ -55.30628, -20.42654 ], [ -55.30557, -20.42802 ], [ -55.30521, -20.42933 ], [ -55.30449, -20.43023 ], [ -55.30149, -20.43118 ], [ -55.29868, -20.43174 ], [ -55.29826, -20.432 ], [ -55.29701, -20.43416 ], [ -55.29515, -20.43668 ], [ -55.29452, -20.43824 ], [ -55.29219, -20.43868 ], [ -55.28942, -20.4409 ], [ -55.28717, -20.44143 ], [ -55.28621, -20.44208 ], [ -55.28442, -20.44583 ], [ -55.28466, -20.44813 ], [ -55.28436, -20.44871 ], [ -55.28351, -20.44909 ], [ -55.28087, -20.44854 ], [ -55.27833, -20.44896 ], [ -55.27671, -20.4483 ], [ -55.27608, -20.44819 ], [ -55.27266, -20.44935 ], [ -55.27185, -20.44977 ], [ -55.27132, -20.45068 ], [ -55.27138, -20.45139 ], [ -55.27186, -20.45188 ], [ -55.27229, -20.4519 ], [ -55.27358, -20.45119 ], [ -55.27423, -20.45109 ], [ -55.275, -20.45146 ], [ -55.27523, -20.45177 ], [ -55.27526, -20.45215 ], [ -55.27478, -20.45256 ], [ -55.27185, -20.4535 ], [ -55.27082, -20.45439 ], [ -55.27074, -20.45478 ], [ -55.27118, -20.45537 ], [ -55.27265, -20.45569 ], [ -55.27297, -20.45626 ], [ -55.27303, -20.45835 ], [ -55.27271, -20.46192 ], [ -55.27363, -20.46492 ], [ -55.27366, -20.4656 ], [ -55.27307, -20.46855 ], [ -55.27305, -20.47284 ], [ -55.27289, -20.47359 ], [ -55.27073, -20.47604 ], [ -55.26996, -20.47839 ], [ -55.26922, -20.47887 ], [ -55.26884, -20.47887 ], [ -55.26793, -20.4785 ], [ -55.26751, -20.47811 ], [ -55.26684, -20.47672 ], [ -55.26626, -20.47625 ], [ -55.26593, -20.4762 ], [ -55.26506, -20.47651 ], [ -55.26463, -20.4771 ], [ -55.26458, -20.47768 ], [ -55.26494, -20.47874 ], [ -55.26489, -20.47931 ], [ -55.26312, -20.48115 ], [ -55.26251, -20.48388 ], [ -55.26234, -20.48417 ], [ -55.26169, -20.4845 ], [ -55.26094, -20.48422 ], [ -55.25703, -20.47904 ], [ -55.25631, -20.4788 ], [ -55.25545, -20.47898 ], [ -55.25408, -20.47894 ], [ -55.25395, -20.47904 ], [ -55.25409, -20.47941 ], [ -55.25221, -20.47837 ], [ -55.25177, -20.47739 ], [ -55.25176, -20.47447 ], [ -55.25059, -20.47264 ], [ -55.24941, -20.47299 ], [ -55.24816, -20.47368 ], [ -55.24667, -20.47351 ], [ -55.24553, -20.47305 ], [ -55.24405, -20.47333 ], [ -55.2425, -20.47539 ], [ -55.24193, -20.4767 ], [ -55.24091, -20.47779 ], [ -55.23948, -20.47779 ], [ -55.23799, -20.47745 ], [ -55.23668, -20.47773 ], [ -55.23274, -20.47796 ], [ -55.22966, -20.4799 ], [ -55.22834, -20.48007 ], [ -55.22689, -20.47996 ], [ -55.22417, -20.48032 ], [ -55.2195, -20.48032 ], [ -55.21678, -20.47924 ], [ -55.21544, -20.47785 ], [ -55.21469, -20.47562 ], [ -55.21235, -20.47419 ], [ -55.21116, -20.47425 ], [ -55.2075, -20.47493 ], [ -55.2059, -20.47493 ], [ -55.20356, -20.47459 ], [ -55.2019, -20.47465 ], [ -55.20042, -20.47528 ], [ -55.19865, -20.47562 ], [ -55.19414, -20.47608 ], [ -55.19276, -20.47687 ], [ -55.19082, -20.47876 ], [ -55.18957, -20.47882 ], [ -55.18808, -20.47836 ], [ -55.18723, -20.47733 ], [ -55.18574, -20.47699 ], [ -55.18426, -20.47745 ], [ -55.179, -20.47836 ], [ -55.17666, -20.4799 ], [ -55.175, -20.4815 ], [ -55.17295, -20.4827 ], [ -55.16992, -20.48316 ], [ -55.16879, -20.48408 ], [ -55.16704, -20.485 ], [ -55.16454, -20.48447 ], [ -55.16382, -20.48405 ], [ -55.16272, -20.4842 ], [ -55.1599, -20.48554 ], [ -55.15812, -20.48686 ], [ -55.15484, -20.48768 ], [ -55.15303, -20.48911 ], [ -55.1519, -20.48922 ], [ -55.15086, -20.48857 ], [ -55.14863, -20.48768 ], [ -55.14622, -20.48565 ], [ -55.14289, -20.48339 ], [ -55.13831, -20.48579 ], [ -55.13651, -20.48655 ], [ -55.13422, -20.48579 ], [ -55.12923, -20.48089 ], [ -55.12794, -20.48036 ], [ -55.12613, -20.48084 ], [ -55.12532, -20.48127 ], [ -55.12361, -20.48141 ], [ -55.12204, -20.48122 ], [ -55.12109, -20.48065 ], [ -55.12018, -20.47951 ], [ -55.1179, -20.47875 ], [ -55.11652, -20.47979 ], [ -55.11519, -20.47994 ], [ -55.11423, -20.48051 ], [ -55.11338, -20.48146 ], [ -55.11285, -20.48289 ], [ -55.11147, -20.48489 ], [ -55.11153, -20.48562 ], [ -55.11266, -20.48636 ], [ -55.11278, -20.48681 ], [ -55.1126, -20.48747 ], [ -55.11142, -20.48863 ], [ -55.11067, -20.4897 ], [ -55.10908, -20.49108 ], [ -55.10882, -20.49186 ], [ -55.10835, -20.49248 ], [ -55.1077, -20.49277 ], [ -55.10556, -20.49519 ], [ -55.10462, -20.49776 ], [ -55.10492, -20.5018 ], [ -55.10432, -20.50353 ], [ -55.10355, -20.50418 ], [ -55.10236, -20.50573 ], [ -55.0982, -20.509 ], [ -55.09753, -20.512 ], [ -55.09759, -20.51308 ], [ -55.09719, -20.51422 ], [ -55.09348, -20.51685 ], [ -55.09228, -20.51748 ], [ -55.08908, -20.51839 ], [ -55.08366, -20.51914 ], [ -55.08217, -20.51942 ], [ -55.08109, -20.51988 ], [ -55.08034, -20.52079 ], [ -55.07903, -20.52148 ], [ -55.07612, -20.52388 ], [ -55.07549, -20.52525 ], [ -55.07286, -20.52662 ], [ -55.06818, -20.52862 ], [ -55.06681, -20.52987 ], [ -55.0659, -20.53101 ], [ -55.0655, -20.53404 ], [ -55.06515, -20.5353 ], [ -55.06304, -20.53781 ], [ -55.06264, -20.53889 ], [ -55.0623, -20.54066 ], [ -55.06213, -20.54381 ], [ -55.05882, -20.5482 ], [ -55.0591, -20.55152 ], [ -55.05893, -20.55306 ], [ -55.0583, -20.55448 ], [ -55.05836, -20.55546 ], [ -55.05899, -20.55637 ], [ -55.06001, -20.55671 ], [ -55.06047, -20.5578 ], [ -55.06064, -20.55962 ], [ -55.06042, -20.56093 ], [ -55.05874, -20.56191 ], [ -55.05731, -20.56219 ], [ -55.0552, -20.56378 ], [ -55.05369, -20.56524 ], [ -55.05151, -20.56638 ], [ -55.05027, -20.5679 ], [ -55.04941, -20.56981 ], [ -55.04894, -20.57285 ], [ -55.0476, -20.57771 ], [ -55.04741, -20.5797 ], [ -55.04684, -20.58189 ], [ -55.04508, -20.58348 ], [ -55.04092, -20.5849 ], [ -55.03396, -20.58571 ], [ -55.03041, -20.58704 ], [ -55.02706, -20.59051 ], [ -55.0215, -20.59317 ], [ -55.01866, -20.59187 ], [ -55.01022, -20.58948 ], [ -55.0021, -20.59267 ], [ -54.99756, -20.59368 ], [ -54.99354, -20.59503 ], [ -54.99122, -20.59539 ], [ -54.98995, -20.59491 ], [ -54.98885, -20.59528 ], [ -54.98784, -20.59495 ], [ -54.98544, -20.59527 ], [ -54.9827, -20.59745 ], [ -54.9799, -20.60006 ], [ -54.97647, -20.60395 ], [ -54.97515, -20.60503 ], [ -54.97425, -20.60619 ], [ -54.97326, -20.60683 ], [ -54.97288, -20.6069 ], [ -54.97111, -20.60819 ], [ -54.96846, -20.60924 ], [ -54.96594, -20.60867 ], [ -54.95866, -20.60843 ], [ -54.95683, -20.60771 ], [ -54.956, -20.60806 ], [ -54.95592, -20.60853 ], [ -54.95529, -20.60878 ], [ -54.95535, -20.60917 ], [ -54.95492, -20.60948 ], [ -54.95431, -20.60922 ], [ -54.95339, -20.60939 ], [ -54.95186, -20.60932 ], [ -54.95103, -20.60883 ], [ -54.9501, -20.60883 ], [ -54.94994, -20.60901 ], [ -54.94913, -20.60911 ], [ -54.94864, -20.6097 ], [ -54.94735, -20.60968 ], [ -54.94691, -20.61004 ], [ -54.94663, -20.61054 ], [ -54.94669, -20.61116 ], [ -54.94619, -20.61151 ], [ -54.94567, -20.61165 ], [ -54.94525, -20.61129 ], [ -54.94499, -20.61127 ], [ -54.94452, -20.61149 ], [ -54.94393, -20.61229 ], [ -54.94368, -20.61308 ], [ -54.94294, -20.61336 ], [ -54.94288, -20.61381 ], [ -54.94248, -20.61416 ], [ -54.94168, -20.61547 ], [ -54.94133, -20.61552 ], [ -54.94048, -20.61606 ], [ -54.93985, -20.61598 ], [ -54.93981, -20.61625 ], [ -54.93847, -20.61616 ], [ -54.93776, -20.61648 ], [ -54.93707, -20.61717 ], [ -54.93544, -20.61782 ], [ -54.93498, -20.61901 ], [ -54.93456, -20.61915 ], [ -54.93429, -20.61982 ], [ -54.93381, -20.61996 ], [ -54.93313, -20.62051 ], [ -54.9329, -20.621 ], [ -54.931, -20.62251 ], [ -54.9299, -20.62264 ], [ -54.92972, -20.62279 ], [ -54.92932, -20.62258 ], [ -54.92816, -20.62385 ], [ -54.92781, -20.62393 ], [ -54.9278, -20.62446 ], [ -54.92753, -20.62441 ], [ -54.92748, -20.62422 ], [ -54.92684, -20.62461 ], [ -54.92611, -20.62453 ], [ -54.92601, -20.62483 ], [ -54.92566, -20.62499 ], [ -54.92449, -20.625 ], [ -54.9222, -20.62667 ], [ -54.92168, -20.62659 ], [ -54.92133, -20.62721 ], [ -54.92019, -20.62741 ], [ -54.91854, -20.62714 ], [ -54.91779, -20.62744 ], [ -54.91655, -20.62711 ], [ -54.91626, -20.62735 ], [ -54.91572, -20.62711 ], [ -54.91504, -20.62733 ], [ -54.91417, -20.62715 ], [ -54.91339, -20.62654 ], [ -54.91313, -20.62588 ], [ -54.9126, -20.62517 ], [ -54.91225, -20.62513 ], [ -54.91179, -20.62528 ], [ -54.91135, -20.62594 ], [ -54.90969, -20.62627 ], [ -54.90927, -20.62623 ], [ -54.90886, -20.62566 ], [ -54.90719, -20.62564 ], [ -54.90627, -20.62649 ], [ -54.90554, -20.62675 ], [ -54.90467, -20.62679 ], [ -54.90355, -20.62721 ], [ -54.89998, -20.62752 ], [ -54.89812, -20.62744 ], [ -54.89678, -20.62823 ], [ -54.89599, -20.62932 ], [ -54.89532, -20.6296 ], [ -54.89475, -20.62947 ], [ -54.89349, -20.62995 ], [ -54.89316, -20.63022 ], [ -54.89235, -20.63004 ], [ -54.89189, -20.63035 ], [ -54.89059, -20.63005 ], [ -54.88771, -20.63023 ], [ -54.88739, -20.63011 ], [ -54.88714, -20.62978 ], [ -54.88649, -20.62983 ], [ -54.88629, -20.62964 ], [ -54.88435, -20.62926 ], [ -54.88373, -20.62954 ], [ -54.88301, -20.62963 ], [ -54.88242, -20.62947 ], [ -54.88132, -20.62954 ], [ -54.88108, -20.6294 ], [ -54.88062, -20.62953 ], [ -54.87924, -20.6309 ], [ -54.8786, -20.63105 ], [ -54.87714, -20.63228 ], [ -54.87669, -20.63233 ], [ -54.87644, -20.63212 ], [ -54.87625, -20.63161 ], [ -54.876, -20.63157 ], [ -54.87538, -20.63188 ], [ -54.87436, -20.63177 ], [ -54.87371, -20.63204 ], [ -54.87233, -20.6317 ], [ -54.8709, -20.63218 ], [ -54.87007, -20.63219 ], [ -54.86966, -20.63185 ], [ -54.86894, -20.63161 ], [ -54.86859, -20.63204 ], [ -54.86815, -20.63202 ], [ -54.86789, -20.63173 ], [ -54.86725, -20.63167 ], [ -54.86582, -20.63173 ], [ -54.86523, -20.63191 ], [ -54.86459, -20.6324 ], [ -54.86408, -20.63253 ], [ -54.8635, -20.63305 ], [ -54.86232, -20.63322 ], [ -54.86177, -20.63373 ], [ -54.86015, -20.63459 ], [ -54.83676, -20.64391 ], [ -54.83607, -20.64379 ], [ -54.83562, -20.64418 ], [ -54.83543, -20.64458 ], [ -54.83536, -20.64601 ], [ -54.83431, -20.64787 ], [ -54.83324, -20.64765 ], [ -54.83086, -20.64852 ], [ -54.82978, -20.64838 ], [ -54.82946, -20.64817 ], [ -54.82863, -20.64865 ], [ -54.8282, -20.64868 ], [ -54.82798, -20.64908 ], [ -54.8266, -20.64897 ], [ -54.82614, -20.64924 ], [ -54.82545, -20.65057 ], [ -54.82471, -20.65313 ], [ -54.82396, -20.65331 ], [ -54.82359, -20.65416 ], [ -54.82242, -20.65528 ], [ -54.81036, -20.65926 ], [ -54.80786, -20.6581 ], [ -54.80713, -20.65799 ], [ -54.79681, -20.66237 ], [ -54.79635, -20.66084 ], [ -54.79479, -20.65827 ], [ -54.7918, -20.65073 ], [ -54.78974, -20.64634 ], [ -54.78889, -20.64368 ], [ -54.78836, -20.64109 ], [ -54.78821, -20.63972 ], [ -54.78826, -20.63724 ], [ -54.78764, -20.63704 ], [ -54.78484, -20.63062 ], [ -54.77905, -20.62283 ], [ -54.77726, -20.62073 ], [ -54.771, -20.61895 ], [ -54.76739, -20.61475 ], [ -54.76805, -20.60967 ], [ -54.77287, -20.60394 ], [ -54.78125, -20.59839 ], [ -54.78816, -20.5816 ], [ -54.79062, -20.5728 ], [ -54.79651, -20.57159 ], [ -54.79681, -20.56287 ], [ -54.7977, -20.55752 ], [ -54.79457, -20.5491 ], [ -54.79975, -20.5391 ], [ -54.80078, -20.53237 ] ] ] } },
{ "type": "Feature", "properties": { "titulo": "RPPN Estadual Duas Pedras", "subtitulo": "RPPN · Estadual", "grupo": "Uso Sustentável", "municipio": "Bandeirantes", "pesca_status": "a_definir", "regras_pesca": "" }, "geometry": { "type": "Polygon", "coordinates": [ [ [ -54.50726, -19.67236 ], [ -54.51377, -19.66988 ], [ -54.51757, -19.66979 ], [ -54.52103, -19.66918 ], [ -54.52292, -19.67085 ], [ -54.52352, -19.67378 ], [ -54.52141, -19.67377 ], [ -54.52167, -19.67524 ], [ -54.51945, -19.67862 ], [ -54.51694, -19.67897 ], [ -54.51326, -19.67612 ], [ -54.50762, -19.67914 ], [ -54.50552, -19.67931 ], [ -54.50451, -19.67723 ], [ -54.50345, -19.6729 ], [ -54.50726, -19.67236 ] ] ] } },
{ "type": "Feature", "properties": { "titulo": "RPPN Federal Faz Lageado", "subtitulo": "RPPN · Federal", "grupo": "Uso Sustentável", "municipio": "Dois Irmãos do Buriti", "pesca_status": "a_definir", "regras_pesca": "" }, "geometry": { "type": "MultiPolygon", "coordinates": [ [ [ [ -55.45166, -20.36973 ], [ -55.45234, -20.36972 ], [ -55.45362, -20.3676 ], [ -55.45421, -20.36708 ], [ -55.45473, -20.36597 ], [ -55.45507, -20.36466 ], [ -55.45448, -20.36369 ], [ -55.45412, -20.36385 ], [ -55.45367, -20.36219 ], [ -55.45269, -20.36166 ], [ -55.45105, -20.36155 ], [ -55.45057, -20.3619 ], [ -55.45061, -20.36257 ], [ -55.45049, -20.36275 ], [ -55.45009, -20.36303 ], [ -55.44973, -20.36305 ], [ -55.44865, -20.36232 ], [ -55.44826, -20.36174 ], [ -55.44901, -20.36056 ], [ -55.44973, -20.36069 ], [ -55.45002, -20.36092 ], [ -55.45104, -20.36068 ], [ -55.45237, -20.36074 ], [ -55.45346, -20.36025 ], [ -55.45376, -20.35957 ], [ -55.45356, -20.35808 ], [ -55.45455, -20.35733 ], [ -55.45531, -20.35773 ], [ -55.45565, -20.35774 ], [ -55.45606, -20.35693 ], [ -55.45636, -20.35553 ], [ -55.45693, -20.35512 ], [ -55.45756, -20.35429 ], [ -55.45732, -20.35336 ], [ -55.45556, -20.3526 ], [ -55.45476, -20.35285 ], [ -55.45398, -20.35271 ], [ -55.45333, -20.35165 ], [ -55.45407, -20.35127 ], [ -55.45501, -20.35114 ], [ -55.456, -20.35044 ], [ -55.45636, -20.35045 ], [ -55.45674, -20.35059 ], [ -55.45567, -20.35194 ], [ -55.45775, -20.35296 ], [ -55.45865, -20.35319 ], [ -55.45955, -20.35304 ], [ -55.45993, -20.35355 ], [ -55.45978, -20.35369 ], [ -55.46129, -20.3539 ], [ -55.46133, -20.35409 ], [ -55.4604, -20.35475 ], [ -55.46072, -20.35525 ], [ -55.46011, -20.35549 ], [ -55.45978, -20.35618 ], [ -55.45956, -20.35623 ], [ -55.45865, -20.35608 ], [ -55.4588, -20.35576 ], [ -55.45887, -20.3547 ], [ -55.45858, -20.3543 ], [ -55.45789, -20.35479 ], [ -55.45666, -20.35664 ], [ -55.45619, -20.35887 ], [ -55.45587, -20.35922 ], [ -55.45523, -20.35906 ], [ -55.4549, -20.35945 ], [ -55.45502, -20.35988 ], [ -55.45435, -20.36118 ], [ -55.45414, -20.36131 ], [ -55.454, -20.36207 ], [ -55.45433, -20.36281 ], [ -55.45514, -20.36304 ], [ -55.45506, -20.3633 ], [ -55.45531, -20.36416 ], [ -55.45574, -20.36435 ], [ -55.45654, -20.36427 ], [ -55.4573, -20.36483 ], [ -55.4573, -20.36526 ], [ -55.45772, -20.3653 ], [ -55.45733, -20.36643 ], [ -55.45673, -20.36689 ], [ -55.45641, -20.36685 ], [ -55.45639, -20.36628 ], [ -55.45575, -20.36674 ], [ -55.45586, -20.3671 ], [ -55.45551, -20.36702 ], [ -55.45515, -20.36747 ], [ -55.45503, -20.36723 ], [ -55.4544, -20.36733 ], [ -55.45426, -20.36774 ], [ -55.45346, -20.36846 ], [ -55.45303, -20.36975 ], [ -55.4529, -20.36954 ], [ -55.4519, -20.37067 ], [ -55.45166, -20.37123 ], [ -55.45139, -20.37146 ], [ -55.45131, -20.37221 ], [ -55.45071, -20.37265 ], [ -55.45063, -20.37286 ], [ -55.45135, -20.37308 ], [ -55.45111, -20.37329 ], [ -55.45112, -20.37387 ], [ -55.45055, -20.37455 ], [ -55.45135, -20.37457 ], [ -55.45136, -20.37543 ], [ -55.45079, -20.37652 ], [ -55.45136, -20.377 ], [ -55.45188, -20.37697 ], [ -55.45171, -20.37715 ], [ -55.45089, -20.37697 ], [ -55.4512, -20.37745 ], [ -55.45072, -20.37749 ], [ -55.45043, -20.37808 ], [ -55.45034, -20.37911 ], [ -55.45084, -20.37973 ], [ -55.45019, -20.37965 ], [ -55.45036, -20.37997 ], [ -55.44992, -20.38015 ], [ -55.44975, -20.38062 ], [ -55.4502, -20.38077 ], [ -55.4498, -20.3812 ], [ -55.44887, -20.3817 ], [ -55.44924, -20.38301 ], [ -55.44871, -20.38335 ], [ -55.4483, -20.38322 ], [ -55.44892, -20.38387 ], [ -55.44868, -20.38403 ], [ -55.44805, -20.38396 ], [ -55.44772, -20.3843 ], [ -55.44714, -20.38668 ], [ -55.44682, -20.38646 ], [ -55.44669, -20.38688 ], [ -55.44623, -20.38631 ], [ -55.44654, -20.3855 ], [ -55.44683, -20.38544 ], [ -55.44737, -20.38462 ], [ -55.44727, -20.3841 ], [ -55.4474, -20.38293 ], [ -55.44643, -20.38273 ], [ -55.44657, -20.38228 ], [ -55.44754, -20.38243 ], [ -55.44751, -20.38109 ], [ -55.44708, -20.38084 ], [ -55.44738, -20.38003 ], [ -55.44811, -20.37974 ], [ -55.44847, -20.37898 ], [ -55.44845, -20.37821 ], [ -55.44776, -20.37674 ], [ -55.44777, -20.37574 ], [ -55.44834, -20.37554 ], [ -55.44868, -20.37574 ], [ -55.4491, -20.37637 ], [ -55.45008, -20.37667 ], [ -55.45042, -20.37647 ], [ -55.45066, -20.37594 ], [ -55.45038, -20.37532 ], [ -55.4502, -20.37526 ], [ -55.44795, -20.37502 ], [ -55.44732, -20.37517 ], [ -55.44626, -20.37407 ], [ -55.4467, -20.37401 ], [ -55.44694, -20.37323 ], [ -55.44761, -20.37299 ], [ -55.44783, -20.37392 ], [ -55.44813, -20.37425 ], [ -55.45, -20.37464 ], [ -55.45016, -20.37235 ], [ -55.45044, -20.3723 ], [ -55.45184, -20.37037 ], [ -55.45166, -20.36973 ] ] ], [ [ [ -55.45087, -20.3119 ], [ -55.45062, -20.31244 ], [ -55.45025, -20.3127 ], [ -55.44885, -20.31318 ], [ -55.44812, -20.31273 ], [ -55.44767, -20.31263 ], [ -55.44487, -20.31262 ], [ -55.44337, -20.31318 ], [ -55.44296, -20.31378 ], [ -55.44235, -20.31427 ], [ -55.44201, -20.31505 ], [ -55.44201, -20.31636 ], [ -55.44158, -20.31668 ], [ -55.44119, -20.31673 ], [ -55.44251, -20.31283 ], [ -55.44213, -20.3116 ], [ -55.44362, -20.30997 ], [ -55.4439, -20.30934 ], [ -55.44438, -20.30976 ], [ -55.44834, -20.31097 ], [ -55.44946, -20.31058 ], [ -55.45021, -20.30994 ], [ -55.45013, -20.30976 ], [ -55.44963, -20.31001 ], [ -55.44943, -20.30994 ], [ -55.44959, -20.30907 ], [ -55.45035, -20.30782 ], [ -55.45126, -20.30683 ], [ -55.45243, -20.30661 ], [ -55.45264, -20.30721 ], [ -55.4519, -20.30678 ], [ -55.45131, -20.30691 ], [ -55.45123, -20.30726 ], [ -55.45141, -20.30767 ], [ -55.45181, -20.3076 ], [ -55.45192, -20.30782 ], [ -55.45156, -20.30776 ], [ -55.45121, -20.30806 ], [ -55.45161, -20.30821 ], [ -55.45113, -20.3089 ], [ -55.45125, -20.30914 ], [ -55.45185, -20.30952 ], [ -55.45228, -20.30912 ], [ -55.4524, -20.30917 ], [ -55.4522, -20.30935 ], [ -55.45238, -20.31046 ], [ -55.45259, -20.31025 ], [ -55.45262, -20.31057 ], [ -55.45309, -20.31097 ], [ -55.45353, -20.3104 ], [ -55.45457, -20.31191 ], [ -55.45411, -20.31208 ], [ -55.45495, -20.3123 ], [ -55.45442, -20.31266 ], [ -55.455, -20.31261 ], [ -55.45537, -20.31349 ], [ -55.45476, -20.31373 ], [ -55.45446, -20.31352 ], [ -55.45419, -20.31372 ], [ -55.455, -20.31458 ], [ -55.45494, -20.31511 ], [ -55.45659, -20.31466 ], [ -55.45625, -20.3149 ], [ -55.45663, -20.31535 ], [ -55.45653, -20.3155 ], [ -55.45767, -20.31553 ], [ -55.45776, -20.31637 ], [ -55.45692, -20.31796 ], [ -55.4575, -20.3179 ], [ -55.45751, -20.31807 ], [ -55.45657, -20.31873 ], [ -55.45669, -20.31926 ], [ -55.45641, -20.31951 ], [ -55.45795, -20.32136 ], [ -55.45828, -20.32116 ], [ -55.4589, -20.32243 ], [ -55.45812, -20.32309 ], [ -55.45863, -20.3236 ], [ -55.45818, -20.32367 ], [ -55.45832, -20.32431 ], [ -55.45868, -20.32427 ], [ -55.45817, -20.32487 ], [ -55.45814, -20.32532 ], [ -55.45764, -20.32508 ], [ -55.45712, -20.32581 ], [ -55.45696, -20.3254 ], [ -55.45567, -20.32627 ], [ -55.45517, -20.32557 ], [ -55.45464, -20.32566 ], [ -55.45428, -20.32626 ], [ -55.45377, -20.32642 ], [ -55.45395, -20.32693 ], [ -55.45336, -20.32692 ], [ -55.45286, -20.32845 ], [ -55.45287, -20.32932 ], [ -55.4525, -20.32958 ], [ -55.45268, -20.32985 ], [ -55.45331, -20.32967 ], [ -55.45317, -20.33029 ], [ -55.45264, -20.32998 ], [ -55.45269, -20.33018 ], [ -55.45314, -20.33075 ], [ -55.45437, -20.33171 ], [ -55.45438, -20.33148 ], [ -55.45475, -20.33221 ], [ -55.45665, -20.33287 ], [ -55.45714, -20.33264 ], [ -55.45717, -20.33311 ], [ -55.45806, -20.33261 ], [ -55.45869, -20.33275 ], [ -55.45868, -20.33288 ], [ -55.45813, -20.3329 ], [ -55.4582, -20.33373 ], [ -55.45899, -20.33345 ], [ -55.45927, -20.33365 ], [ -55.45933, -20.33404 ], [ -55.45961, -20.33435 ], [ -55.45947, -20.33543 ], [ -55.45851, -20.33743 ], [ -55.45796, -20.33802 ], [ -55.45756, -20.33888 ], [ -55.45708, -20.33886 ], [ -55.45739, -20.3399 ], [ -55.45808, -20.34098 ], [ -55.46013, -20.34169 ], [ -55.46045, -20.344 ], [ -55.46123, -20.34503 ], [ -55.46105, -20.34551 ], [ -55.46067, -20.3458 ], [ -55.46085, -20.34622 ], [ -55.46061, -20.34633 ], [ -55.46041, -20.34682 ], [ -55.45974, -20.34733 ], [ -55.4579, -20.34683 ], [ -55.4573, -20.34536 ], [ -55.45694, -20.34614 ], [ -55.4565, -20.34605 ], [ -55.45554, -20.34645 ], [ -55.45588, -20.3471 ], [ -55.45545, -20.34796 ], [ -55.45594, -20.34923 ], [ -55.45579, -20.34945 ], [ -55.45688, -20.34965 ], [ -55.4563, -20.3502 ], [ -55.4566, -20.35047 ], [ -55.45599, -20.35035 ], [ -55.45499, -20.35106 ], [ -55.45402, -20.3512 ], [ -55.45331, -20.35157 ], [ -55.45166, -20.35123 ], [ -55.45029, -20.35219 ], [ -55.44817, -20.35325 ], [ -55.44667, -20.35356 ], [ -55.44725, -20.35212 ], [ -55.44811, -20.35215 ], [ -55.44943, -20.35167 ], [ -55.44999, -20.35106 ], [ -55.45186, -20.34994 ], [ -55.4531, -20.34987 ], [ -55.45331, -20.34954 ], [ -55.45323, -20.34888 ], [ -55.45291, -20.34885 ], [ -55.45284, -20.3484 ], [ -55.45212, -20.34774 ], [ -55.45167, -20.3477 ], [ -55.45139, -20.34793 ], [ -55.44966, -20.34766 ], [ -55.4493, -20.34788 ], [ -55.44775, -20.3476 ], [ -55.44808, -20.34672 ], [ -55.44861, -20.34602 ], [ -55.45401, -20.3457 ], [ -55.45543, -20.34532 ], [ -55.45748, -20.34378 ], [ -55.45802, -20.34355 ], [ -55.45784, -20.34242 ], [ -55.45705, -20.34166 ], [ -55.45691, -20.34092 ], [ -55.45667, -20.34064 ], [ -55.45574, -20.33817 ], [ -55.45579, -20.33767 ], [ -55.45652, -20.3363 ], [ -55.45657, -20.33588 ], [ -55.4553, -20.33423 ], [ -55.45453, -20.33272 ], [ -55.45371, -20.3322 ], [ -55.45271, -20.33203 ], [ -55.45188, -20.33156 ], [ -55.45117, -20.33187 ], [ -55.45093, -20.33125 ], [ -55.45055, -20.33127 ], [ -55.45043, -20.3311 ], [ -55.44987, -20.33101 ], [ -55.4496, -20.33025 ], [ -55.44942, -20.32894 ], [ -55.44805, -20.32841 ], [ -55.44791, -20.32823 ], [ -55.44785, -20.32739 ], [ -55.44707, -20.32729 ], [ -55.4468, -20.32755 ], [ -55.4467, -20.32795 ], [ -55.44586, -20.32824 ], [ -55.44543, -20.32796 ], [ -55.44494, -20.32727 ], [ -55.44313, -20.32725 ], [ -55.4429, -20.32674 ], [ -55.44167, -20.32612 ], [ -55.44174, -20.32517 ], [ -55.44153, -20.32475 ], [ -55.44191, -20.3246 ], [ -55.442, -20.32328 ], [ -55.44246, -20.32239 ], [ -55.44347, -20.32257 ], [ -55.44355, -20.3246 ], [ -55.44371, -20.32441 ], [ -55.44438, -20.32445 ], [ -55.44459, -20.32469 ], [ -55.44545, -20.32444 ], [ -55.44685, -20.3243 ], [ -55.44852, -20.32508 ], [ -55.44877, -20.32507 ], [ -55.44892, -20.32453 ], [ -55.4494, -20.32451 ], [ -55.4496, -20.32559 ], [ -55.44952, -20.32605 ], [ -55.45053, -20.32633 ], [ -55.45174, -20.32617 ], [ -55.45225, -20.32671 ], [ -55.45314, -20.32617 ], [ -55.45339, -20.32556 ], [ -55.45365, -20.32535 ], [ -55.45439, -20.32513 ], [ -55.45434, -20.32424 ], [ -55.45524, -20.3233 ], [ -55.45596, -20.32363 ], [ -55.45598, -20.32397 ], [ -55.45572, -20.32462 ], [ -55.45592, -20.32527 ], [ -55.45614, -20.32546 ], [ -55.45643, -20.32539 ], [ -55.45669, -20.32516 ], [ -55.45734, -20.32281 ], [ -55.45662, -20.32052 ], [ -55.45527, -20.31877 ], [ -55.4557, -20.31823 ], [ -55.4564, -20.31774 ], [ -55.45648, -20.31667 ], [ -55.4561, -20.31605 ], [ -55.45541, -20.31551 ], [ -55.4541, -20.31522 ], [ -55.45363, -20.31526 ], [ -55.45299, -20.31579 ], [ -55.45275, -20.31565 ], [ -55.45214, -20.31466 ], [ -55.4523, -20.31435 ], [ -55.45359, -20.3146 ], [ -55.45401, -20.31359 ], [ -55.45405, -20.31265 ], [ -55.45381, -20.3124 ], [ -55.45307, -20.31223 ], [ -55.45261, -20.31095 ], [ -55.45165, -20.31059 ], [ -55.45153, -20.31166 ], [ -55.45087, -20.3119 ] ] ], [ [ [ -55.44125, -20.294 ], [ -55.44202, -20.29371 ], [ -55.44191, -20.29318 ], [ -55.4425, -20.29327 ], [ -55.44281, -20.29369 ], [ -55.44276, -20.29405 ], [ -55.44146, -20.29461 ], [ -55.44158, -20.29542 ], [ -55.44133, -20.29639 ], [ -55.44134, -20.29701 ], [ -55.44151, -20.29732 ], [ -55.44075, -20.29735 ], [ -55.4406, -20.29702 ], [ -55.44071, -20.29588 ], [ -55.44095, -20.29539 ], [ -55.44079, -20.29487 ], [ -55.44094, -20.29432 ], [ -55.44125, -20.294 ] ] ], [ [ [ -55.489, -20.29554 ], [ -55.489, -20.29688 ], [ -55.48904, -20.29819 ], [ -55.48947, -20.29893 ], [ -55.48899, -20.29878 ], [ -55.48959, -20.29922 ], [ -55.4889, -20.29944 ], [ -55.48831, -20.29983 ], [ -55.4883, -20.30041 ], [ -55.48792, -20.30105 ], [ -55.48785, -20.30066 ], [ -55.48728, -20.30079 ], [ -55.48612, -20.3014 ], [ -55.48635, -20.30183 ], [ -55.48552, -20.30254 ], [ -55.48472, -20.30208 ], [ -55.48415, -20.30217 ], [ -55.48401, -20.3028 ], [ -55.48264, -20.30318 ], [ -55.48229, -20.30281 ], [ -55.48105, -20.30314 ], [ -55.48111, -20.30269 ], [ -55.48029, -20.30346 ], [ -55.47945, -20.30333 ], [ -55.47979, -20.30254 ], [ -55.47924, -20.30303 ], [ -55.47882, -20.30282 ], [ -55.47799, -20.30175 ], [ -55.47785, -20.30185 ], [ -55.47747, -20.30157 ], [ -55.47761, -20.30093 ], [ -55.47718, -20.30075 ], [ -55.47772, -20.30066 ], [ -55.47739, -20.30034 ], [ -55.47679, -20.30037 ], [ -55.47669, -20.29982 ], [ -55.47702, -20.29988 ], [ -55.47694, -20.29951 ], [ -55.47643, -20.2996 ], [ -55.47588, -20.29945 ], [ -55.47537, -20.29995 ], [ -55.47543, -20.29961 ], [ -55.47449, -20.29983 ], [ -55.47422, -20.29965 ], [ -55.47404, -20.30006 ], [ -55.47392, -20.29975 ], [ -55.47313, -20.29978 ], [ -55.47299, -20.3004 ], [ -55.47242, -20.30001 ], [ -55.47248, -20.30047 ], [ -55.47169, -20.30054 ], [ -55.47156, -20.30122 ], [ -55.47079, -20.30179 ], [ -55.47133, -20.3026 ], [ -55.47078, -20.30273 ], [ -55.4712, -20.30337 ], [ -55.47091, -20.30351 ], [ -55.47102, -20.30404 ], [ -55.47174, -20.30436 ], [ -55.47172, -20.30518 ], [ -55.47126, -20.30509 ], [ -55.47146, -20.30549 ], [ -55.4712, -20.30602 ], [ -55.47057, -20.30596 ], [ -55.47013, -20.30639 ], [ -55.46949, -20.30633 ], [ -55.46971, -20.30591 ], [ -55.46882, -20.30578 ], [ -55.46909, -20.30547 ], [ -55.46863, -20.30529 ], [ -55.46873, -20.30556 ], [ -55.46824, -20.30521 ], [ -55.46781, -20.30557 ], [ -55.46685, -20.30548 ], [ -55.46674, -20.3052 ], [ -55.46632, -20.30564 ], [ -55.46617, -20.3053 ], [ -55.46556, -20.30562 ], [ -55.46566, -20.30537 ], [ -55.46527, -20.30501 ], [ -55.46459, -20.30579 ], [ -55.46359, -20.30534 ], [ -55.46326, -20.30546 ], [ -55.46262, -20.30537 ], [ -55.46205, -20.30501 ], [ -55.46273, -20.30458 ], [ -55.46197, -20.30442 ], [ -55.46237, -20.30432 ], [ -55.46216, -20.30394 ], [ -55.46249, -20.30383 ], [ -55.46213, -20.30371 ], [ -55.46199, -20.3029 ], [ -55.46262, -20.30277 ], [ -55.46252, -20.30228 ], [ -55.46201, -20.30237 ], [ -55.46043, -20.30151 ], [ -55.46092, -20.30132 ], [ -55.46032, -20.30115 ], [ -55.46036, -20.30067 ], [ -55.45939, -20.29985 ], [ -55.45838, -20.29958 ], [ -55.45911, -20.30029 ], [ -55.45879, -20.30044 ], [ -55.45786, -20.30008 ], [ -55.45808, -20.30067 ], [ -55.45846, -20.3006 ], [ -55.45856, -20.30075 ], [ -55.45836, -20.30115 ], [ -55.45814, -20.30092 ], [ -55.45774, -20.3011 ], [ -55.45879, -20.30159 ], [ -55.45848, -20.30212 ], [ -55.45893, -20.30214 ], [ -55.45935, -20.30241 ], [ -55.4587, -20.30256 ], [ -55.45926, -20.3032 ], [ -55.45864, -20.30383 ], [ -55.45892, -20.30376 ], [ -55.45922, -20.30405 ], [ -55.45925, -20.30456 ], [ -55.4588, -20.30474 ], [ -55.45918, -20.30508 ], [ -55.45831, -20.30564 ], [ -55.45836, -20.30607 ], [ -55.45785, -20.30653 ], [ -55.45798, -20.3061 ], [ -55.45743, -20.30598 ], [ -55.45743, -20.30663 ], [ -55.45621, -20.30606 ], [ -55.45615, -20.30546 ], [ -55.45537, -20.30535 ], [ -55.45559, -20.30566 ], [ -55.45511, -20.30558 ], [ -55.45509, -20.30601 ], [ -55.45416, -20.30614 ], [ -55.45405, -20.3064 ], [ -55.45284, -20.30689 ], [ -55.45249, -20.30655 ], [ -55.45327, -20.30601 ], [ -55.45394, -20.30592 ], [ -55.45473, -20.30516 ], [ -55.4551, -20.30532 ], [ -55.45608, -20.30485 ], [ -55.45634, -20.30504 ], [ -55.45698, -20.30457 ], [ -55.45734, -20.30224 ], [ -55.45701, -20.30207 ], [ -55.45699, -20.30172 ], [ -55.45732, -20.30148 ], [ -55.45734, -20.30114 ], [ -55.45706, -20.30105 ], [ -55.45702, -20.29962 ], [ -55.45752, -20.29873 ], [ -55.45766, -20.29781 ], [ -55.45956, -20.29665 ], [ -55.4598, -20.29568 ], [ -55.46085, -20.29509 ], [ -55.46125, -20.29558 ], [ -55.46274, -20.29504 ], [ -55.46537, -20.29461 ], [ -55.46655, -20.29409 ], [ -55.46719, -20.29359 ], [ -55.46735, -20.29329 ], [ -55.46737, -20.29262 ], [ -55.46756, -20.29233 ], [ -55.47008, -20.29048 ], [ -55.47011, -20.2891 ], [ -55.4696, -20.28801 ], [ -55.46963, -20.28722 ], [ -55.47002, -20.2865 ], [ -55.46998, -20.2854 ], [ -55.47021, -20.28481 ], [ -55.47003, -20.2841 ], [ -55.46969, -20.28369 ], [ -55.46975, -20.28293 ], [ -55.46935, -20.28259 ], [ -55.46892, -20.28168 ], [ -55.46844, -20.28182 ], [ -55.46801, -20.28175 ], [ -55.4676, -20.28212 ], [ -55.46721, -20.28189 ], [ -55.46533, -20.2833 ], [ -55.46495, -20.2834 ], [ -55.4647, -20.28383 ], [ -55.46393, -20.2843 ], [ -55.46372, -20.28404 ], [ -55.46431, -20.28267 ], [ -55.46415, -20.28209 ], [ -55.46314, -20.28168 ], [ -55.46321, -20.28101 ], [ -55.46367, -20.28062 ], [ -55.46398, -20.28078 ], [ -55.46436, -20.28075 ], [ -55.46593, -20.27933 ], [ -55.46647, -20.27961 ], [ -55.4664, -20.27984 ], [ -55.46672, -20.27996 ], [ -55.46768, -20.28012 ], [ -55.46788, -20.27982 ], [ -55.4684, -20.2799 ], [ -55.46873, -20.28024 ], [ -55.46913, -20.2814 ], [ -55.46955, -20.28192 ], [ -55.47035, -20.28146 ], [ -55.47074, -20.28045 ], [ -55.47247, -20.27834 ], [ -55.47274, -20.27733 ], [ -55.47351, -20.2771 ], [ -55.47362, -20.27665 ], [ -55.4742, -20.27705 ], [ -55.47387, -20.27756 ], [ -55.4732, -20.27773 ], [ -55.47299, -20.27859 ], [ -55.47124, -20.28075 ], [ -55.47046, -20.28289 ], [ -55.47043, -20.28353 ], [ -55.4708, -20.28439 ], [ -55.47084, -20.28491 ], [ -55.47053, -20.28748 ], [ -55.47084, -20.28895 ], [ -55.47124, -20.28965 ], [ -55.47107, -20.29074 ], [ -55.47052, -20.29097 ], [ -55.46995, -20.29144 ], [ -55.46993, -20.29171 ], [ -55.46959, -20.29172 ], [ -55.4692, -20.29216 ], [ -55.46855, -20.29366 ], [ -55.4685, -20.2945 ], [ -55.46827, -20.29484 ], [ -55.46721, -20.29501 ], [ -55.46677, -20.29554 ], [ -55.46372, -20.29623 ], [ -55.46317, -20.29652 ], [ -55.46229, -20.29759 ], [ -55.45979, -20.29933 ], [ -55.46045, -20.2998 ], [ -55.4609, -20.30083 ], [ -55.46152, -20.30116 ], [ -55.46198, -20.30178 ], [ -55.46327, -20.30229 ], [ -55.46334, -20.30286 ], [ -55.46291, -20.30391 ], [ -55.46296, -20.30452 ], [ -55.46374, -20.30504 ], [ -55.46521, -20.30469 ], [ -55.46543, -20.30489 ], [ -55.46843, -20.30476 ], [ -55.47007, -20.30371 ], [ -55.46932, -20.30223 ], [ -55.46921, -20.30158 ], [ -55.46994, -20.3011 ], [ -55.47023, -20.3005 ], [ -55.47123, -20.3007 ], [ -55.47184, -20.2998 ], [ -55.47258, -20.29917 ], [ -55.47322, -20.299 ], [ -55.47433, -20.29945 ], [ -55.47537, -20.29918 ], [ -55.47694, -20.29924 ], [ -55.47775, -20.29746 ], [ -55.47886, -20.29647 ], [ -55.47958, -20.29605 ], [ -55.47958, -20.29563 ], [ -55.47941, -20.29542 ], [ -55.47949, -20.29509 ], [ -55.48057, -20.29505 ], [ -55.48069, -20.29433 ], [ -55.48168, -20.29482 ], [ -55.48347, -20.29432 ], [ -55.4845, -20.29479 ], [ -55.48254, -20.29683 ], [ -55.48081, -20.29675 ], [ -55.48059, -20.29619 ], [ -55.47919, -20.29644 ], [ -55.47752, -20.29836 ], [ -55.47773, -20.29867 ], [ -55.47735, -20.29949 ], [ -55.48161, -20.30172 ], [ -55.48351, -20.30169 ], [ -55.48353, -20.30156 ], [ -55.48295, -20.30121 ], [ -55.48312, -20.30098 ], [ -55.48415, -20.3011 ], [ -55.48462, -20.30163 ], [ -55.48555, -20.30156 ], [ -55.48693, -20.30083 ], [ -55.48772, -20.30017 ], [ -55.48798, -20.29966 ], [ -55.48872, -20.29691 ], [ -55.4884, -20.29568 ], [ -55.4892, -20.29395 ], [ -55.48949, -20.29374 ], [ -55.49196, -20.29353 ], [ -55.4924, -20.29335 ], [ -55.49207, -20.29173 ], [ -55.49155, -20.29052 ], [ -55.49116, -20.29042 ], [ -55.49041, -20.29057 ], [ -55.49028, -20.29045 ], [ -55.49052, -20.28997 ], [ -55.49079, -20.28981 ], [ -55.49107, -20.28982 ], [ -55.49128, -20.29011 ], [ -55.49149, -20.29005 ], [ -55.49149, -20.28986 ], [ -55.49119, -20.28953 ], [ -55.49132, -20.28925 ], [ -55.49109, -20.28832 ], [ -55.49119, -20.28778 ], [ -55.49086, -20.28636 ], [ -55.49033, -20.28517 ], [ -55.49057, -20.28517 ], [ -55.49082, -20.2854 ], [ -55.49135, -20.28615 ], [ -55.49141, -20.28758 ], [ -55.49181, -20.28824 ], [ -55.49186, -20.28882 ], [ -55.49237, -20.28965 ], [ -55.49241, -20.2902 ], [ -55.49286, -20.29121 ], [ -55.49358, -20.29213 ], [ -55.49423, -20.29214 ], [ -55.49474, -20.29168 ], [ -55.49721, -20.29144 ], [ -55.49826, -20.29102 ], [ -55.49962, -20.29013 ], [ -55.4998, -20.28947 ], [ -55.4993, -20.28493 ], [ -55.49894, -20.28467 ], [ -55.4986, -20.28339 ], [ -55.49907, -20.2832 ], [ -55.49965, -20.28372 ], [ -55.50006, -20.28384 ], [ -55.49965, -20.28433 ], [ -55.49966, -20.28466 ], [ -55.50033, -20.28838 ], [ -55.5007, -20.28992 ], [ -55.50089, -20.29014 ], [ -55.50477, -20.28854 ], [ -55.50527, -20.28865 ], [ -55.50845, -20.28648 ], [ -55.50838, -20.28511 ], [ -55.50857, -20.2846 ], [ -55.50728, -20.27764 ], [ -55.50679, -20.27334 ], [ -55.50659, -20.27244 ], [ -55.50633, -20.2722 ], [ -55.50782, -20.27135 ], [ -55.50798, -20.27259 ], [ -55.50825, -20.27302 ], [ -55.50816, -20.27375 ], [ -55.5098, -20.28293 ], [ -55.50954, -20.28302 ], [ -55.50941, -20.28443 ], [ -55.50971, -20.28466 ], [ -55.51063, -20.28471 ], [ -55.51152, -20.28397 ], [ -55.51186, -20.28404 ], [ -55.51314, -20.28252 ], [ -55.51329, -20.28255 ], [ -55.51628, -20.27994 ], [ -55.51817, -20.27504 ], [ -55.51834, -20.27425 ], [ -55.51807, -20.27263 ], [ -55.5177, -20.27214 ], [ -55.5173, -20.26968 ], [ -55.51873, -20.27008 ], [ -55.5186, -20.27125 ], [ -55.51883, -20.27234 ], [ -55.51869, -20.2742 ], [ -55.51822, -20.27662 ], [ -55.51778, -20.27792 ], [ -55.51738, -20.27852 ], [ -55.51742, -20.27925 ], [ -55.5171, -20.27923 ], [ -55.5169, -20.27994 ], [ -55.51657, -20.28001 ], [ -55.51532, -20.28162 ], [ -55.51401, -20.28259 ], [ -55.51379, -20.2832 ], [ -55.51319, -20.28383 ], [ -55.51205, -20.28474 ], [ -55.50934, -20.28614 ], [ -55.50795, -20.28777 ], [ -55.50565, -20.28961 ], [ -55.50523, -20.29016 ], [ -55.50483, -20.29025 ], [ -55.5048, -20.28926 ], [ -55.50405, -20.28964 ], [ -55.50371, -20.28943 ], [ -55.50302, -20.28972 ], [ -55.50179, -20.29067 ], [ -55.50144, -20.29037 ], [ -55.50064, -20.29052 ], [ -55.50038, -20.29123 ], [ -55.49972, -20.2913 ], [ -55.49492, -20.29277 ], [ -55.49296, -20.29394 ], [ -55.4919, -20.29389 ], [ -55.49081, -20.29416 ], [ -55.48939, -20.29498 ], [ -55.489, -20.29554 ] ] ], [ [ [ -55.46771, -20.28368 ], [ -55.46739, -20.28291 ], [ -55.46771, -20.2823 ], [ -55.46884, -20.28231 ], [ -55.46908, -20.28353 ], [ -55.46833, -20.28382 ], [ -55.46771, -20.28368 ] ] ], [ [ [ -55.44817, -20.26715 ], [ -55.44798, -20.26843 ], [ -55.44744, -20.26875 ], [ -55.44657, -20.26845 ], [ -55.4469, -20.26671 ], [ -55.44777, -20.26601 ], [ -55.44859, -20.26646 ], [ -55.44817, -20.26715 ] ] ], [ [ [ -55.51543, -20.26088 ], [ -55.51608, -20.26381 ], [ -55.51657, -20.26509 ], [ -55.5177, -20.26665 ], [ -55.51787, -20.26739 ], [ -55.51816, -20.26785 ], [ -55.51812, -20.26824 ], [ -55.51879, -20.26981 ], [ -55.51875, -20.26999 ], [ -55.51729, -20.26958 ], [ -55.517, -20.26849 ], [ -55.51626, -20.26728 ], [ -55.51488, -20.26697 ], [ -55.51438, -20.26655 ], [ -55.5138, -20.26649 ], [ -55.5137, -20.26594 ], [ -55.51479, -20.26555 ], [ -55.51497, -20.2649 ], [ -55.51503, -20.26367 ], [ -55.51483, -20.26279 ], [ -55.51466, -20.26218 ], [ -55.51415, -20.26155 ], [ -55.51447, -20.25714 ], [ -55.51426, -20.25715 ], [ -55.51519, -20.25536 ], [ -55.51517, -20.25356 ], [ -55.51538, -20.2522 ], [ -55.51586, -20.25117 ], [ -55.51589, -20.24917 ], [ -55.51658, -20.24927 ], [ -55.51677, -20.24871 ], [ -55.51695, -20.24872 ], [ -55.51659, -20.25115 ], [ -55.51611, -20.25211 ], [ -55.51583, -20.25389 ], [ -55.51591, -20.25533 ], [ -55.51565, -20.25699 ], [ -55.51543, -20.26088 ] ] ], [ [ [ -55.48813, -20.25722 ], [ -55.49012, -20.2563 ], [ -55.49076, -20.25541 ], [ -55.49084, -20.25479 ], [ -55.49124, -20.25432 ], [ -55.4918, -20.2531 ], [ -55.49229, -20.2529 ], [ -55.49404, -20.25095 ], [ -55.49432, -20.2499 ], [ -55.496, -20.25031 ], [ -55.49232, -20.25642 ], [ -55.48785, -20.25872 ], [ -55.48663, -20.25812 ], [ -55.48303, -20.25705 ], [ -55.48221, -20.25695 ], [ -55.4799, -20.25719 ], [ -55.47766, -20.25864 ], [ -55.47706, -20.25975 ], [ -55.47711, -20.26077 ], [ -55.4766, -20.26208 ], [ -55.47673, -20.26289 ], [ -55.47723, -20.26395 ], [ -55.47797, -20.26492 ], [ -55.47911, -20.26449 ], [ -55.47952, -20.2646 ], [ -55.47954, -20.26498 ], [ -55.4794, -20.26555 ], [ -55.47868, -20.26644 ], [ -55.4782, -20.26799 ], [ -55.47754, -20.26886 ], [ -55.47749, -20.26939 ], [ -55.47813, -20.26945 ], [ -55.47857, -20.26997 ], [ -55.48066, -20.27047 ], [ -55.48234, -20.27066 ], [ -55.48373, -20.27021 ], [ -55.48419, -20.26989 ], [ -55.48462, -20.2687 ], [ -55.48665, -20.26863 ], [ -55.48803, -20.26802 ], [ -55.48844, -20.26767 ], [ -55.48884, -20.26807 ], [ -55.48872, -20.26832 ], [ -55.48921, -20.26931 ], [ -55.48916, -20.27003 ], [ -55.48858, -20.27107 ], [ -55.48759, -20.27143 ], [ -55.48473, -20.27167 ], [ -55.48397, -20.27189 ], [ -55.48336, -20.27157 ], [ -55.48302, -20.27157 ], [ -55.48298, -20.27177 ], [ -55.47982, -20.2715 ], [ -55.47871, -20.27171 ], [ -55.47777, -20.27373 ], [ -55.47727, -20.27387 ], [ -55.47663, -20.27448 ], [ -55.47565, -20.27615 ], [ -55.4755, -20.27671 ], [ -55.47486, -20.27656 ], [ -55.47419, -20.27679 ], [ -55.47359, -20.2763 ], [ -55.47352, -20.27497 ], [ -55.47186, -20.27103 ], [ -55.4721, -20.27035 ], [ -55.47369, -20.26777 ], [ -55.47526, -20.2681 ], [ -55.47575, -20.26803 ], [ -55.47686, -20.2658 ], [ -55.47628, -20.2643 ], [ -55.47571, -20.26427 ], [ -55.47558, -20.26409 ], [ -55.47555, -20.2634 ], [ -55.47586, -20.26316 ], [ -55.47536, -20.26203 ], [ -55.47537, -20.26161 ], [ -55.4758, -20.26169 ], [ -55.47592, -20.26122 ], [ -55.47555, -20.26097 ], [ -55.47671, -20.2567 ], [ -55.47534, -20.25372 ], [ -55.47319, -20.25213 ], [ -55.47238, -20.25086 ], [ -55.47159, -20.24882 ], [ -55.47128, -20.24861 ], [ -55.4709, -20.24727 ], [ -55.47292, -20.24345 ], [ -55.47394, -20.24376 ], [ -55.4729, -20.24477 ], [ -55.47171, -20.2473 ], [ -55.47191, -20.24814 ], [ -55.4726, -20.24905 ], [ -55.47317, -20.25092 ], [ -55.47399, -20.25199 ], [ -55.47604, -20.25328 ], [ -55.47666, -20.25318 ], [ -55.4781, -20.25168 ], [ -55.47908, -20.24974 ], [ -55.48068, -20.24751 ], [ -55.48222, -20.24664 ], [ -55.48266, -20.24586 ], [ -55.48546, -20.24574 ], [ -55.48636, -20.2449 ], [ -55.48705, -20.24229 ], [ -55.48646, -20.24106 ], [ -55.48704, -20.24062 ], [ -55.4875, -20.24085 ], [ -55.48796, -20.24082 ], [ -55.4877, -20.24111 ], [ -55.48782, -20.24272 ], [ -55.48735, -20.24513 ], [ -55.48673, -20.24624 ], [ -55.4849, -20.24673 ], [ -55.48454, -20.24701 ], [ -55.48449, -20.24733 ], [ -55.48387, -20.24828 ], [ -55.48273, -20.24869 ], [ -55.48179, -20.24833 ], [ -55.48058, -20.24897 ], [ -55.47967, -20.24985 ], [ -55.47903, -20.25119 ], [ -55.47692, -20.2538 ], [ -55.47698, -20.25554 ], [ -55.47729, -20.25583 ], [ -55.47773, -20.25685 ], [ -55.4777, -20.25743 ], [ -55.47981, -20.25631 ], [ -55.48266, -20.25605 ], [ -55.48359, -20.25621 ], [ -55.48585, -20.25717 ], [ -55.48694, -20.25733 ], [ -55.48813, -20.25722 ] ] ], [ [ [ -55.45281, -20.25913 ], [ -55.45203, -20.25894 ], [ -55.45188, -20.25864 ], [ -55.45276, -20.25846 ], [ -55.45289, -20.25798 ], [ -55.45241, -20.25779 ], [ -55.45287, -20.25745 ], [ -55.45357, -20.25747 ], [ -55.45374, -20.25516 ], [ -55.45465, -20.2551 ], [ -55.4544, -20.25403 ], [ -55.45234, -20.25366 ], [ -55.45198, -20.25395 ], [ -55.45133, -20.25385 ], [ -55.45116, -20.25367 ], [ -55.45421, -20.25244 ], [ -55.45384, -20.25104 ], [ -55.45332, -20.25021 ], [ -55.45278, -20.24999 ], [ -55.45214, -20.2506 ], [ -55.45139, -20.24972 ], [ -55.45198, -20.24916 ], [ -55.45255, -20.24889 ], [ -55.45255, -20.24841 ], [ -55.45124, -20.24703 ], [ -55.45118, -20.24646 ], [ -55.45158, -20.24567 ], [ -55.45178, -20.24472 ], [ -55.45162, -20.24443 ], [ -55.4507, -20.24436 ], [ -55.4497, -20.24532 ], [ -55.4475, -20.24608 ], [ -55.44654, -20.24618 ], [ -55.44602, -20.2465 ], [ -55.44558, -20.24641 ], [ -55.44456, -20.24656 ], [ -55.44401, -20.24624 ], [ -55.44392, -20.24579 ], [ -55.44409, -20.24529 ], [ -55.44461, -20.24487 ], [ -55.44579, -20.24488 ], [ -55.44603, -20.24403 ], [ -55.44703, -20.24353 ], [ -55.44753, -20.24205 ], [ -55.44682, -20.24129 ], [ -55.4442, -20.23998 ], [ -55.44332, -20.24027 ], [ -55.44282, -20.24023 ], [ -55.44225, -20.23978 ], [ -55.44238, -20.23689 ], [ -55.44263, -20.23672 ], [ -55.4438, -20.23733 ], [ -55.446, -20.23472 ], [ -55.44973, -20.23574 ], [ -55.45025, -20.23495 ], [ -55.45042, -20.23509 ], [ -55.4504, -20.23567 ], [ -55.45001, -20.23686 ], [ -55.44999, -20.23794 ], [ -55.45051, -20.2392 ], [ -55.45136, -20.24033 ], [ -55.45284, -20.23991 ], [ -55.45354, -20.23802 ], [ -55.45352, -20.23693 ], [ -55.45189, -20.23433 ], [ -55.45149, -20.23318 ], [ -55.45141, -20.23209 ], [ -55.45205, -20.23042 ], [ -55.45245, -20.22807 ], [ -55.45221, -20.22711 ], [ -55.45352, -20.22512 ], [ -55.45341, -20.2244 ], [ -55.45452, -20.22338 ], [ -55.45541, -20.22367 ], [ -55.45602, -20.22345 ], [ -55.45615, -20.22266 ], [ -55.45638, -20.22236 ], [ -55.45919, -20.22078 ], [ -55.45864, -20.21862 ], [ -55.45869, -20.21824 ], [ -55.46001, -20.21783 ], [ -55.46032, -20.21868 ], [ -55.46108, -20.21952 ], [ -55.46212, -20.21954 ], [ -55.46248, -20.21925 ], [ -55.46329, -20.21797 ], [ -55.46335, -20.21692 ], [ -55.46401, -20.21621 ], [ -55.4638, -20.21557 ], [ -55.46405, -20.21544 ], [ -55.46429, -20.21567 ], [ -55.46548, -20.21519 ], [ -55.46586, -20.21518 ], [ -55.46594, -20.21578 ], [ -55.4657, -20.21672 ], [ -55.46577, -20.21703 ], [ -55.46499, -20.21847 ], [ -55.46775, -20.21986 ], [ -55.46849, -20.22086 ], [ -55.46805, -20.22128 ], [ -55.46419, -20.22159 ], [ -55.46069, -20.22275 ], [ -55.45601, -20.22497 ], [ -55.45282, -20.23223 ], [ -55.45278, -20.23265 ], [ -55.45454, -20.23516 ], [ -55.46388, -20.23055 ], [ -55.46387, -20.23014 ], [ -55.4615, -20.23 ], [ -55.46082, -20.22976 ], [ -55.46017, -20.22904 ], [ -55.45991, -20.22839 ], [ -55.46008, -20.22706 ], [ -55.4606, -20.22631 ], [ -55.46258, -20.22568 ], [ -55.46545, -20.22518 ], [ -55.46565, -20.22494 ], [ -55.46753, -20.22495 ], [ -55.46769, -20.22519 ], [ -55.46757, -20.22556 ], [ -55.46706, -20.22612 ], [ -55.4674, -20.22772 ], [ -55.46769, -20.22793 ], [ -55.46686, -20.22889 ], [ -55.46621, -20.23082 ], [ -55.45531, -20.23663 ], [ -55.4555, -20.24001 ], [ -55.45638, -20.24099 ], [ -55.45649, -20.24212 ], [ -55.45634, -20.24222 ], [ -55.45327, -20.24148 ], [ -55.45302, -20.24281 ], [ -55.45384, -20.24574 ], [ -55.45441, -20.24725 ], [ -55.45465, -20.24741 ], [ -55.45535, -20.24665 ], [ -55.45782, -20.24577 ], [ -55.45828, -20.24501 ], [ -55.46019, -20.24426 ], [ -55.46066, -20.2428 ], [ -55.46048, -20.24242 ], [ -55.46082, -20.24183 ], [ -55.46035, -20.24087 ], [ -55.46022, -20.23988 ], [ -55.46059, -20.23936 ], [ -55.46194, -20.23931 ], [ -55.46356, -20.2389 ], [ -55.464, -20.23888 ], [ -55.46414, -20.23902 ], [ -55.46313, -20.24152 ], [ -55.46259, -20.24223 ], [ -55.46219, -20.24237 ], [ -55.46175, -20.24209 ], [ -55.46112, -20.24371 ], [ -55.46183, -20.24422 ], [ -55.46263, -20.24434 ], [ -55.46331, -20.24414 ], [ -55.46528, -20.24437 ], [ -55.46544, -20.24419 ], [ -55.46525, -20.24254 ], [ -55.46475, -20.24225 ], [ -55.46484, -20.24203 ], [ -55.46543, -20.24202 ], [ -55.46662, -20.23995 ], [ -55.46713, -20.24086 ], [ -55.46738, -20.24102 ], [ -55.46804, -20.2404 ], [ -55.46822, -20.23889 ], [ -55.46899, -20.23833 ], [ -55.46985, -20.238 ], [ -55.47031, -20.23834 ], [ -55.46962, -20.23871 ], [ -55.46963, -20.23891 ], [ -55.47011, -20.23875 ], [ -55.47056, -20.23884 ], [ -55.47094, -20.23979 ], [ -55.47023, -20.23991 ], [ -55.46951, -20.23981 ], [ -55.46954, -20.2394 ], [ -55.46935, -20.23938 ], [ -55.46904, -20.2398 ], [ -55.46908, -20.24023 ], [ -55.4687, -20.241 ], [ -55.46907, -20.24143 ], [ -55.46851, -20.24176 ], [ -55.46707, -20.24204 ], [ -55.46757, -20.24379 ], [ -55.46846, -20.244 ], [ -55.46857, -20.2451 ], [ -55.46899, -20.24544 ], [ -55.46871, -20.24603 ], [ -55.46898, -20.24607 ], [ -55.4689, -20.24695 ], [ -55.46354, -20.24592 ], [ -55.46263, -20.24526 ], [ -55.46101, -20.24521 ], [ -55.46011, -20.24581 ], [ -55.45892, -20.24711 ], [ -55.45794, -20.2479 ], [ -55.45689, -20.24867 ], [ -55.45627, -20.24891 ], [ -55.45553, -20.24975 ], [ -55.45585, -20.25167 ], [ -55.45614, -20.25215 ], [ -55.4566, -20.25411 ], [ -55.4569, -20.25453 ], [ -55.45691, -20.25483 ], [ -55.45651, -20.25574 ], [ -55.45729, -20.25875 ], [ -55.45752, -20.26043 ], [ -55.45771, -20.26076 ], [ -55.45815, -20.26066 ], [ -55.46175, -20.25769 ], [ -55.46303, -20.2572 ], [ -55.46434, -20.25548 ], [ -55.46487, -20.25524 ], [ -55.46575, -20.25522 ], [ -55.46583, -20.25559 ], [ -55.46532, -20.25577 ], [ -55.46478, -20.25619 ], [ -55.46304, -20.25838 ], [ -55.46222, -20.25904 ], [ -55.46147, -20.25927 ], [ -55.45955, -20.26065 ], [ -55.459, -20.26154 ], [ -55.45801, -20.26175 ], [ -55.45773, -20.2624 ], [ -55.4578, -20.26565 ], [ -55.45852, -20.26643 ], [ -55.45954, -20.26689 ], [ -55.46012, -20.26633 ], [ -55.4605, -20.2666 ], [ -55.46044, -20.26753 ], [ -55.46137, -20.26787 ], [ -55.46208, -20.2692 ], [ -55.46185, -20.27007 ], [ -55.46099, -20.27055 ], [ -55.46062, -20.27133 ], [ -55.45935, -20.27193 ], [ -55.45853, -20.27365 ], [ -55.45732, -20.27479 ], [ -55.45661, -20.27498 ], [ -55.45533, -20.27595 ], [ -55.45373, -20.27607 ], [ -55.45375, -20.27633 ], [ -55.45265, -20.27619 ], [ -55.45273, -20.2758 ], [ -55.45183, -20.27582 ], [ -55.45113, -20.27619 ], [ -55.4502, -20.27546 ], [ -55.45046, -20.27511 ], [ -55.45019, -20.27423 ], [ -55.45061, -20.27393 ], [ -55.45197, -20.27393 ], [ -55.45215, -20.27361 ], [ -55.45242, -20.27354 ], [ -55.45346, -20.27398 ], [ -55.45465, -20.27406 ], [ -55.45618, -20.27335 ], [ -55.45764, -20.271 ], [ -55.45837, -20.27024 ], [ -55.45856, -20.26962 ], [ -55.45824, -20.26891 ], [ -55.45708, -20.26752 ], [ -55.45683, -20.26735 ], [ -55.45642, -20.26744 ], [ -55.45626, -20.2673 ], [ -55.45631, -20.26717 ], [ -55.45576, -20.26632 ], [ -55.45567, -20.26433 ], [ -55.45603, -20.26102 ], [ -55.45595, -20.2605 ], [ -55.45567, -20.26025 ], [ -55.45588, -20.25994 ], [ -55.45575, -20.25953 ], [ -55.45477, -20.25948 ], [ -55.45448, -20.25908 ], [ -55.45281, -20.25913 ] ] ], [ [ [ -55.47409, -20.23892 ], [ -55.47349, -20.23606 ], [ -55.47277, -20.23591 ], [ -55.47382, -20.23502 ], [ -55.47401, -20.235 ], [ -55.47442, -20.23623 ], [ -55.4743, -20.23671 ], [ -55.47442, -20.23701 ], [ -55.47468, -20.23709 ], [ -55.47517, -20.23883 ], [ -55.47571, -20.23904 ], [ -55.47718, -20.23836 ], [ -55.47847, -20.23731 ], [ -55.47928, -20.23814 ], [ -55.47845, -20.23888 ], [ -55.47541, -20.24002 ], [ -55.47423, -20.241 ], [ -55.47404, -20.243 ], [ -55.47362, -20.24271 ], [ -55.47318, -20.24279 ], [ -55.47409, -20.23892 ] ] ], [ [ [ -55.50728, -20.22059 ], [ -55.50668, -20.22093 ], [ -55.5063, -20.22085 ], [ -55.50547, -20.22174 ], [ -55.50619, -20.2228 ], [ -55.50282, -20.22401 ], [ -55.50237, -20.22464 ], [ -55.50159, -20.22481 ], [ -55.50165, -20.22544 ], [ -55.50119, -20.22561 ], [ -55.50062, -20.22298 ], [ -55.50105, -20.22174 ], [ -55.50116, -20.22067 ], [ -55.50154, -20.22048 ], [ -55.50173, -20.21941 ], [ -55.50204, -20.21908 ], [ -55.50232, -20.21771 ], [ -55.50185, -20.21601 ], [ -55.50113, -20.21535 ], [ -55.50153, -20.21376 ], [ -55.50185, -20.21357 ], [ -55.50241, -20.21384 ], [ -55.50268, -20.21358 ], [ -55.5033, -20.21345 ], [ -55.50368, -20.21465 ], [ -55.50333, -20.21595 ], [ -55.5036, -20.21596 ], [ -55.50431, -20.21469 ], [ -55.50528, -20.21453 ], [ -55.50566, -20.21498 ], [ -55.50684, -20.21505 ], [ -55.50833, -20.21632 ], [ -55.50948, -20.21565 ], [ -55.51013, -20.21601 ], [ -55.5099, -20.21752 ], [ -55.50866, -20.21856 ], [ -55.50841, -20.21943 ], [ -55.50728, -20.22059 ] ] ], [ [ [ -55.46672, -20.2173 ], [ -55.46631, -20.21601 ], [ -55.46621, -20.21548 ], [ -55.46635, -20.21544 ], [ -55.46734, -20.21717 ], [ -55.46708, -20.21745 ], [ -55.46672, -20.2173 ] ] ], [ [ [ -55.49713, -20.21231 ], [ -55.49647, -20.21063 ], [ -55.49648, -20.21011 ], [ -55.49546, -20.20902 ], [ -55.49606, -20.20868 ], [ -55.49568, -20.20792 ], [ -55.49551, -20.20415 ], [ -55.49528, -20.20285 ], [ -55.49552, -20.2009 ], [ -55.49664, -20.2014 ], [ -55.4968, -20.20116 ], [ -55.49703, -20.20116 ], [ -55.49728, -20.20169 ], [ -55.49744, -20.20697 ], [ -55.49781, -20.20883 ], [ -55.49759, -20.2089 ], [ -55.4975, -20.20971 ], [ -55.49782, -20.21041 ], [ -55.49883, -20.21093 ], [ -55.49881, -20.21108 ], [ -55.49818, -20.21134 ], [ -55.4979, -20.21168 ], [ -55.4992, -20.21403 ], [ -55.49901, -20.21437 ], [ -55.49836, -20.21421 ], [ -55.49802, -20.21386 ], [ -55.49713, -20.21231 ] ] ], [ [ [ -55.50343, -20.19624 ], [ -55.50306, -20.19542 ], [ -55.50367, -20.1953 ], [ -55.50405, -20.19503 ], [ -55.50395, -20.19475 ], [ -55.50409, -20.19458 ], [ -55.50459, -20.19464 ], [ -55.50489, -20.1951 ], [ -55.50516, -20.19473 ], [ -55.50841, -20.20402 ], [ -55.5077, -20.20416 ], [ -55.50768, -20.20458 ], [ -55.50806, -20.20513 ], [ -55.50858, -20.20717 ], [ -55.50788, -20.2075 ], [ -55.50766, -20.20743 ], [ -55.50624, -20.20788 ], [ -55.5062, -20.20851 ], [ -55.50575, -20.20868 ], [ -55.50496, -20.20694 ], [ -55.50543, -20.20643 ], [ -55.50515, -20.20626 ], [ -55.50235, -20.20764 ], [ -55.50221, -20.20752 ], [ -55.50102, -20.20785 ], [ -55.50071, -20.20814 ], [ -55.50063, -20.20852 ], [ -55.5, -20.20857 ], [ -55.50001, -20.20718 ], [ -55.50201, -20.2055 ], [ -55.50232, -20.2045 ], [ -55.50272, -20.20431 ], [ -55.50319, -20.20447 ], [ -55.50478, -20.202 ], [ -55.50465, -20.20125 ], [ -55.50265, -20.19753 ], [ -55.50276, -20.197 ], [ -55.50332, -20.19671 ], [ -55.50343, -20.19624 ] ] ], [ [ [ -55.4696, -20.20297 ], [ -55.47006, -20.20396 ], [ -55.47055, -20.20426 ], [ -55.47091, -20.20404 ], [ -55.47147, -20.20444 ], [ -55.47126, -20.20489 ], [ -55.47075, -20.20537 ], [ -55.47089, -20.20589 ], [ -55.4724, -20.2071 ], [ -55.47175, -20.20715 ], [ -55.47163, -20.20761 ], [ -55.47455, -20.21414 ], [ -55.47442, -20.21464 ], [ -55.47417, -20.21471 ], [ -55.47347, -20.21471 ], [ -55.47318, -20.21495 ], [ -55.47243, -20.21506 ], [ -55.47195, -20.21483 ], [ -55.47151, -20.21557 ], [ -55.47144, -20.21657 ], [ -55.47169, -20.21706 ], [ -55.47157, -20.21803 ], [ -55.47091, -20.2186 ], [ -55.46928, -20.21756 ], [ -55.46764, -20.21741 ], [ -55.46611, -20.21478 ], [ -55.46426, -20.21511 ], [ -55.46402, -20.21503 ], [ -55.46213, -20.21596 ], [ -55.45987, -20.21508 ], [ -55.45754, -20.21574 ], [ -55.45652, -20.21768 ], [ -55.45543, -20.21904 ], [ -55.45378, -20.22175 ], [ -55.45347, -20.222 ], [ -55.45251, -20.22208 ], [ -55.45116, -20.21487 ], [ -55.45092, -20.21438 ], [ -55.45109, -20.21366 ], [ -55.45081, -20.21324 ], [ -55.44916, -20.20457 ], [ -55.44882, -20.20437 ], [ -55.44844, -20.20379 ], [ -55.44754, -20.20288 ], [ -55.44702, -20.2011 ], [ -55.44647, -20.20075 ], [ -55.44473, -20.19906 ], [ -55.44382, -20.19854 ], [ -55.44645, -20.19633 ], [ -55.44673, -20.19476 ], [ -55.44611, -20.19291 ], [ -55.44667, -20.1924 ], [ -55.4469, -20.19145 ], [ -55.4467, -20.19063 ], [ -55.44685, -20.19013 ], [ -55.44735, -20.18965 ], [ -55.44742, -20.18934 ], [ -55.44702, -20.1864 ], [ -55.4468, -20.18594 ], [ -55.44855, -20.18426 ], [ -55.44862, -20.18296 ], [ -55.44503, -20.18279 ], [ -55.44396, -20.17792 ], [ -55.44495, -20.17854 ], [ -55.44688, -20.17903 ], [ -55.44737, -20.17912 ], [ -55.449, -20.17906 ], [ -55.44958, -20.17921 ], [ -55.4503, -20.17968 ], [ -55.45036, -20.18083 ], [ -55.45122, -20.18177 ], [ -55.45264, -20.18239 ], [ -55.45389, -20.18375 ], [ -55.45425, -20.1849 ], [ -55.45412, -20.18585 ], [ -55.45435, -20.18651 ], [ -55.45402, -20.1892 ], [ -55.45279, -20.19059 ], [ -55.45125, -20.19184 ], [ -55.4512, -20.19214 ], [ -55.45215, -20.19344 ], [ -55.45556, -20.19432 ], [ -55.45652, -20.19535 ], [ -55.45624, -20.19609 ], [ -55.4569, -20.1964 ], [ -55.45835, -20.19636 ], [ -55.4593, -20.1956 ], [ -55.45964, -20.19604 ], [ -55.45974, -20.19719 ], [ -55.46023, -20.19796 ], [ -55.46043, -20.19811 ], [ -55.46098, -20.19739 ], [ -55.4621, -20.19751 ], [ -55.46381, -20.19898 ], [ -55.46382, -20.19981 ], [ -55.46356, -20.20038 ], [ -55.46394, -20.20095 ], [ -55.46436, -20.20113 ], [ -55.46469, -20.2009 ], [ -55.46685, -20.20099 ], [ -55.4696, -20.20297 ] ] ], [ [ [ -55.4809, -20.17864 ], [ -55.48135, -20.1785 ], [ -55.48166, -20.178 ], [ -55.48266, -20.17773 ], [ -55.48258, -20.17747 ], [ -55.48333, -20.17708 ], [ -55.48392, -20.17609 ], [ -55.48359, -20.17526 ], [ -55.48391, -20.17518 ], [ -55.48433, -20.17531 ], [ -55.48441, -20.17557 ], [ -55.48494, -20.17572 ], [ -55.48488, -20.17657 ], [ -55.48344, -20.17915 ], [ -55.48274, -20.17918 ], [ -55.48286, -20.17993 ], [ -55.48328, -20.18069 ], [ -55.48387, -20.18161 ], [ -55.48749, -20.1851 ], [ -55.49042, -20.18358 ], [ -55.4906, -20.18382 ], [ -55.49, -20.18464 ], [ -55.48887, -20.18541 ], [ -55.48881, -20.186 ], [ -55.48921, -20.18661 ], [ -55.48942, -20.18753 ], [ -55.4898, -20.18784 ], [ -55.49081, -20.18759 ], [ -55.49181, -20.18698 ], [ -55.4924, -20.18784 ], [ -55.49025, -20.18969 ], [ -55.49062, -20.18986 ], [ -55.49076, -20.19101 ], [ -55.49379, -20.19337 ], [ -55.49396, -20.19243 ], [ -55.49406, -20.19251 ], [ -55.49405, -20.19305 ], [ -55.49616, -20.19551 ], [ -55.49646, -20.19639 ], [ -55.49994, -20.20087 ], [ -55.49965, -20.20109 ], [ -55.498, -20.20057 ], [ -55.49755, -20.20087 ], [ -55.49679, -20.20099 ], [ -55.49656, -20.20122 ], [ -55.49554, -20.20078 ], [ -55.49582, -20.20041 ], [ -55.4957, -20.20028 ], [ -55.49529, -20.20045 ], [ -55.49497, -20.20031 ], [ -55.49479, -20.19943 ], [ -55.49485, -20.19896 ], [ -55.4947, -20.19881 ], [ -55.49415, -20.19908 ], [ -55.49379, -20.19904 ], [ -55.49323, -20.1986 ], [ -55.49287, -20.19778 ], [ -55.49333, -20.19668 ], [ -55.49421, -20.19574 ], [ -55.49374, -20.19447 ], [ -55.4934, -20.19409 ], [ -55.49097, -20.1924 ], [ -55.48985, -20.19346 ], [ -55.48952, -20.19477 ], [ -55.48976, -20.19638 ], [ -55.49004, -20.19678 ], [ -55.4901, -20.19775 ], [ -55.48989, -20.20094 ], [ -55.4882, -20.20384 ], [ -55.48766, -20.20377 ], [ -55.48758, -20.20291 ], [ -55.48839, -20.20176 ], [ -55.48846, -20.2008 ], [ -55.48886, -20.20009 ], [ -55.48873, -20.19945 ], [ -55.48922, -20.19814 ], [ -55.48896, -20.19581 ], [ -55.48899, -20.19419 ], [ -55.48999, -20.19163 ], [ -55.48979, -20.19034 ], [ -55.48932, -20.18954 ], [ -55.48828, -20.18881 ], [ -55.48779, -20.1891 ], [ -55.48712, -20.18897 ], [ -55.48705, -20.18825 ], [ -55.48732, -20.18755 ], [ -55.48681, -20.187 ], [ -55.48543, -20.18724 ], [ -55.4854, -20.18736 ], [ -55.48459, -20.18707 ], [ -55.48415, -20.18649 ], [ -55.48318, -20.18586 ], [ -55.48152, -20.18515 ], [ -55.48078, -20.18437 ], [ -55.48104, -20.18353 ], [ -55.48152, -20.18338 ], [ -55.48203, -20.18384 ], [ -55.48297, -20.18282 ], [ -55.48255, -20.18235 ], [ -55.48276, -20.18217 ], [ -55.48191, -20.18079 ], [ -55.4813, -20.18047 ], [ -55.48064, -20.1806 ], [ -55.48053, -20.18082 ], [ -55.48038, -20.18068 ], [ -55.48068, -20.17918 ], [ -55.48103, -20.17884 ], [ -55.4809, -20.17864 ] ] ], [ [ [ -55.47782, -20.18827 ], [ -55.47671, -20.18838 ], [ -55.47625, -20.191 ], [ -55.47683, -20.19107 ], [ -55.47672, -20.19361 ], [ -55.4772, -20.19466 ], [ -55.47709, -20.19595 ], [ -55.47637, -20.19593 ], [ -55.47671, -20.19453 ], [ -55.47583, -20.1936 ], [ -55.47509, -20.19193 ], [ -55.47469, -20.18909 ], [ -55.4742, -20.18898 ], [ -55.47403, -20.19005 ], [ -55.47349, -20.19023 ], [ -55.47303, -20.18979 ], [ -55.4725, -20.18874 ], [ -55.47209, -20.18856 ], [ -55.47199, -20.18809 ], [ -55.47215, -20.18774 ], [ -55.47329, -20.1883 ], [ -55.47425, -20.18805 ], [ -55.47444, -20.18782 ], [ -55.47424, -20.18696 ], [ -55.47364, -20.1864 ], [ -55.4727, -20.1846 ], [ -55.47209, -20.18404 ], [ -55.47119, -20.18241 ], [ -55.47056, -20.18219 ], [ -55.47022, -20.18605 ], [ -55.46917, -20.18562 ], [ -55.46974, -20.18682 ], [ -55.46909, -20.18734 ], [ -55.46844, -20.18696 ], [ -55.46714, -20.18656 ], [ -55.46867, -20.18521 ], [ -55.46832, -20.18503 ], [ -55.46763, -20.18526 ], [ -55.46657, -20.18526 ], [ -55.46647, -20.18507 ], [ -55.4666, -20.18486 ], [ -55.46636, -20.18467 ], [ -55.46573, -20.18481 ], [ -55.46556, -20.18423 ], [ -55.46624, -20.18394 ], [ -55.46485, -20.18314 ], [ -55.46407, -20.18316 ], [ -55.46396, -20.18337 ], [ -55.46317, -20.18341 ], [ -55.46288, -20.1832 ], [ -55.4623, -20.18317 ], [ -55.4596, -20.18348 ], [ -55.45874, -20.18302 ], [ -55.4589, -20.18189 ], [ -55.45832, -20.18145 ], [ -55.45617, -20.18134 ], [ -55.45476, -20.18206 ], [ -55.4534, -20.18142 ], [ -55.45296, -20.18102 ], [ -55.45272, -20.17965 ], [ -55.45187, -20.17918 ], [ -55.45143, -20.17851 ], [ -55.45084, -20.17806 ], [ -55.44962, -20.17803 ], [ -55.44927, -20.17822 ], [ -55.4491, -20.17888 ], [ -55.44757, -20.17905 ], [ -55.44664, -20.17888 ], [ -55.44478, -20.17833 ], [ -55.44395, -20.17785 ], [ -55.44354, -20.1763 ], [ -55.44527, -20.17569 ], [ -55.44641, -20.17601 ], [ -55.44654, -20.1762 ], [ -55.45367, -20.17752 ], [ -55.46251, -20.18125 ], [ -55.46284, -20.18206 ], [ -55.46408, -20.18161 ], [ -55.46537, -20.18081 ], [ -55.46551, -20.18095 ], [ -55.46619, -20.18055 ], [ -55.46635, -20.18062 ], [ -55.46647, -20.18024 ], [ -55.46634, -20.17964 ], [ -55.46652, -20.17928 ], [ -55.46672, -20.17936 ], [ -55.46664, -20.18068 ], [ -55.46689, -20.18085 ], [ -55.46897, -20.1806 ], [ -55.47028, -20.18086 ], [ -55.47045, -20.18075 ], [ -55.47059, -20.18022 ], [ -55.47065, -20.179 ], [ -55.47038, -20.17867 ], [ -55.47036, -20.17806 ], [ -55.47047, -20.17801 ], [ -55.47058, -20.17843 ], [ -55.47102, -20.17848 ], [ -55.47117, -20.17884 ], [ -55.47135, -20.17977 ], [ -55.47125, -20.18044 ], [ -55.47145, -20.18054 ], [ -55.47201, -20.17964 ], [ -55.47262, -20.17954 ], [ -55.47303, -20.17808 ], [ -55.47303, -20.17743 ], [ -55.47319, -20.17738 ], [ -55.47396, -20.1783 ], [ -55.47425, -20.1782 ], [ -55.47413, -20.17747 ], [ -55.47435, -20.1773 ], [ -55.4746, -20.17758 ], [ -55.47486, -20.17758 ], [ -55.47483, -20.17736 ], [ -55.47548, -20.1778 ], [ -55.47586, -20.17776 ], [ -55.4763, -20.17747 ], [ -55.47598, -20.17688 ], [ -55.47639, -20.17694 ], [ -55.4765, -20.17683 ], [ -55.47643, -20.17654 ], [ -55.47676, -20.17653 ], [ -55.47673, -20.17601 ], [ -55.47712, -20.17544 ], [ -55.47713, -20.17514 ], [ -55.47733, -20.17509 ], [ -55.47746, -20.17579 ], [ -55.47695, -20.17716 ], [ -55.47704, -20.17741 ], [ -55.47824, -20.17741 ], [ -55.47864, -20.17727 ], [ -55.47871, -20.17703 ], [ -55.47853, -20.17658 ], [ -55.47865, -20.17654 ], [ -55.47993, -20.17792 ], [ -55.48017, -20.17783 ], [ -55.48047, -20.1781 ], [ -55.48063, -20.17854 ], [ -55.48047, -20.18015 ], [ -55.48027, -20.18068 ], [ -55.47946, -20.18018 ], [ -55.47846, -20.18109 ], [ -55.47774, -20.18144 ], [ -55.47788, -20.17896 ], [ -55.47782, -20.17881 ], [ -55.47706, -20.17859 ], [ -55.47647, -20.17869 ], [ -55.47427, -20.18067 ], [ -55.47239, -20.18161 ], [ -55.47246, -20.18207 ], [ -55.47279, -20.18261 ], [ -55.47395, -20.18416 ], [ -55.47449, -20.18523 ], [ -55.47476, -20.18543 ], [ -55.47528, -20.18798 ], [ -55.47633, -20.18817 ], [ -55.47729, -20.18805 ], [ -55.47782, -20.18827 ] ] ], [ [ [ -55.45403, -20.17416 ], [ -55.45524, -20.17439 ], [ -55.45549, -20.17423 ], [ -55.45696, -20.17508 ], [ -55.45654, -20.17703 ], [ -55.456, -20.17687 ], [ -55.4557, -20.17717 ], [ -55.45377, -20.17643 ], [ -55.45377, -20.17538 ], [ -55.45403, -20.17416 ] ] ], [ [ [ -55.49726, -20.1806 ], [ -55.49686, -20.1801 ], [ -55.49595, -20.18007 ], [ -55.49207, -20.18091 ], [ -55.48918, -20.18094 ], [ -55.48888, -20.18079 ], [ -55.48818, -20.18099 ], [ -55.48779, -20.18024 ], [ -55.48757, -20.17901 ], [ -55.48708, -20.17784 ], [ -55.48709, -20.17662 ], [ -55.48682, -20.17573 ], [ -55.48737, -20.17536 ], [ -55.48752, -20.17468 ], [ -55.48632, -20.1736 ], [ -55.48566, -20.17331 ], [ -55.48415, -20.1734 ], [ -55.48317, -20.173 ], [ -55.48237, -20.17289 ], [ -55.48066, -20.1721 ], [ -55.48022, -20.17213 ], [ -55.47891, -20.17295 ], [ -55.47886, -20.17271 ], [ -55.47941, -20.17212 ], [ -55.47952, -20.17122 ], [ -55.47941, -20.17041 ], [ -55.47924, -20.16987 ], [ -55.47901, -20.16995 ], [ -55.4779, -20.16697 ], [ -55.47717, -20.1647 ], [ -55.4772, -20.1644 ], [ -55.4791, -20.16411 ], [ -55.47937, -20.16421 ], [ -55.47931, -20.16444 ], [ -55.47993, -20.16492 ], [ -55.48005, -20.16551 ], [ -55.48027, -20.16572 ], [ -55.48113, -20.1652 ], [ -55.48193, -20.16529 ], [ -55.48168, -20.16641 ], [ -55.48228, -20.16655 ], [ -55.48273, -20.1664 ], [ -55.48351, -20.16576 ], [ -55.48382, -20.16572 ], [ -55.48477, -20.1625 ], [ -55.48554, -20.16227 ], [ -55.48758, -20.1623 ], [ -55.48783, -20.16244 ], [ -55.48789, -20.16296 ], [ -55.48879, -20.16301 ], [ -55.48887, -20.16282 ], [ -55.49961, -20.18372 ], [ -55.49913, -20.18388 ], [ -55.4987, -20.18434 ], [ -55.49724, -20.18239 ], [ -55.49792, -20.18151 ], [ -55.49782, -20.18081 ], [ -55.49726, -20.1806 ] ] ], [ [ [ -55.47467, -20.16942 ], [ -55.47383, -20.16951 ], [ -55.47288, -20.17 ], [ -55.47209, -20.17007 ], [ -55.4711, -20.1707 ], [ -55.47107, -20.17172 ], [ -55.47003, -20.17225 ], [ -55.46954, -20.17112 ], [ -55.46842, -20.17027 ], [ -55.46722, -20.16886 ], [ -55.46466, -20.16443 ], [ -55.46485, -20.16378 ], [ -55.46544, -20.16358 ], [ -55.4667, -20.16519 ], [ -55.46685, -20.16571 ], [ -55.46748, -20.16579 ], [ -55.4673, -20.16431 ], [ -55.46655, -20.16336 ], [ -55.46684, -20.16285 ], [ -55.46839, -20.16282 ], [ -55.46883, -20.16264 ], [ -55.46921, -20.16209 ], [ -55.47029, -20.16227 ], [ -55.47087, -20.16183 ], [ -55.47134, -20.16186 ], [ -55.47211, -20.16215 ], [ -55.47237, -20.16241 ], [ -55.47228, -20.16304 ], [ -55.47266, -20.1639 ], [ -55.47245, -20.16438 ], [ -55.47274, -20.16478 ], [ -55.47354, -20.16452 ], [ -55.47383, -20.16525 ], [ -55.47527, -20.16495 ], [ -55.4759, -20.16507 ], [ -55.47643, -20.1654 ], [ -55.47707, -20.1679 ], [ -55.4777, -20.16783 ], [ -55.47791, -20.16811 ], [ -55.47802, -20.16787 ], [ -55.47857, -20.16909 ], [ -55.47869, -20.17003 ], [ -55.47757, -20.16959 ], [ -55.47731, -20.17001 ], [ -55.47687, -20.17013 ], [ -55.47697, -20.17161 ], [ -55.47747, -20.1722 ], [ -55.47775, -20.17321 ], [ -55.47759, -20.17403 ], [ -55.47703, -20.17342 ], [ -55.47639, -20.17303 ], [ -55.47625, -20.17241 ], [ -55.47605, -20.17241 ], [ -55.47606, -20.17143 ], [ -55.47568, -20.1707 ], [ -55.47505, -20.17011 ], [ -55.47467, -20.16942 ] ] ], [ [ [ -55.45807, -20.16822 ], [ -55.45779, -20.16726 ], [ -55.45741, -20.16687 ], [ -55.45733, -20.16615 ], [ -55.45695, -20.16567 ], [ -55.45592, -20.16525 ], [ -55.45548, -20.16483 ], [ -55.45468, -20.16459 ], [ -55.45388, -20.16407 ], [ -55.45656, -20.16271 ], [ -55.45734, -20.16374 ], [ -55.45763, -20.16394 ], [ -55.45788, -20.16379 ], [ -55.45831, -20.16421 ], [ -55.4583, -20.16466 ], [ -55.45889, -20.16515 ], [ -55.45934, -20.16461 ], [ -55.46025, -20.16478 ], [ -55.46031, -20.16493 ], [ -55.45993, -20.16581 ], [ -55.45965, -20.16585 ], [ -55.45941, -20.16638 ], [ -55.45936, -20.16739 ], [ -55.45948, -20.16765 ], [ -55.45939, -20.16817 ], [ -55.45902, -20.16874 ], [ -55.45931, -20.16978 ], [ -55.45895, -20.1695 ], [ -55.45871, -20.16887 ], [ -55.45834, -20.16886 ], [ -55.45824, -20.1693 ], [ -55.45809, -20.16928 ], [ -55.45807, -20.16822 ] ] ], [ [ [ -55.47877, -20.1633 ], [ -55.479, -20.16311 ], [ -55.4792, -20.16328 ], [ -55.47941, -20.16307 ], [ -55.47933, -20.16289 ], [ -55.47956, -20.16276 ], [ -55.47975, -20.16289 ], [ -55.47996, -20.1636 ], [ -55.47947, -20.16405 ], [ -55.47901, -20.16373 ], [ -55.47877, -20.1633 ] ] ], [ [ [ -55.47835, -20.16288 ], [ -55.47851, -20.16305 ], [ -55.47841, -20.16347 ], [ -55.47799, -20.16369 ], [ -55.47757, -20.16364 ], [ -55.47677, -20.16302 ], [ -55.47703, -20.16268 ], [ -55.47835, -20.16288 ] ] ], [ [ [ -55.43408, -20.38148 ], [ -55.43389, -20.38161 ], [ -55.43355, -20.38133 ], [ -55.43322, -20.38133 ], [ -55.43279, -20.38104 ], [ -55.43268, -20.38053 ], [ -55.43236, -20.38042 ], [ -55.43247, -20.38008 ], [ -55.43199, -20.37937 ], [ -55.43212, -20.37875 ], [ -55.43178, -20.3787 ], [ -55.43216, -20.37723 ], [ -55.43224, -20.37579 ], [ -55.43288, -20.37402 ], [ -55.43262, -20.37363 ], [ -55.43258, -20.37301 ], [ -55.4321, -20.37279 ], [ -55.43208, -20.37205 ], [ -55.42838, -20.36369 ], [ -55.42839, -20.36291 ], [ -55.42706, -20.36113 ], [ -55.41588, -20.34979 ], [ -55.41733, -20.34915 ], [ -55.4176, -20.34884 ], [ -55.41914, -20.34826 ], [ -55.41914, -20.34808 ], [ -55.41987, -20.34797 ], [ -55.42038, -20.34734 ], [ -55.421, -20.34729 ], [ -55.42127, -20.34784 ], [ -55.42271, -20.34732 ], [ -55.42228, -20.34813 ], [ -55.42313, -20.34776 ], [ -55.42249, -20.34579 ], [ -55.42442, -20.34587 ], [ -55.42487, -20.34606 ], [ -55.42629, -20.3453 ], [ -55.42666, -20.34531 ], [ -55.42702, -20.34559 ], [ -55.42779, -20.34694 ], [ -55.42787, -20.34742 ], [ -55.4276, -20.34796 ], [ -55.4278, -20.34811 ], [ -55.42827, -20.34804 ], [ -55.42885, -20.34825 ], [ -55.42953, -20.34938 ], [ -55.42954, -20.35009 ], [ -55.42922, -20.35039 ], [ -55.42932, -20.35097 ], [ -55.43015, -20.35127 ], [ -55.43029, -20.35151 ], [ -55.42989, -20.35208 ], [ -55.4299, -20.35227 ], [ -55.43031, -20.35295 ], [ -55.4298, -20.35427 ], [ -55.42989, -20.35456 ], [ -55.43029, -20.35513 ], [ -55.43015, -20.35554 ], [ -55.42959, -20.3559 ], [ -55.42963, -20.35639 ], [ -55.42899, -20.35709 ], [ -55.42905, -20.35736 ], [ -55.42938, -20.35757 ], [ -55.4305, -20.35788 ], [ -55.43077, -20.35814 ], [ -55.43074, -20.35907 ], [ -55.43046, -20.35958 ], [ -55.43066, -20.35985 ], [ -55.4316, -20.35989 ], [ -55.43221, -20.36019 ], [ -55.43272, -20.36071 ], [ -55.43368, -20.36119 ], [ -55.43485, -20.36231 ], [ -55.43502, -20.36237 ], [ -55.43505, -20.36258 ], [ -55.43505, -20.36342 ], [ -55.4348, -20.36449 ], [ -55.431, -20.36585 ], [ -55.43133, -20.36656 ], [ -55.43146, -20.36732 ], [ -55.4318, -20.36788 ], [ -55.43153, -20.36818 ], [ -55.43154, -20.36853 ], [ -55.43223, -20.36879 ], [ -55.43201, -20.36945 ], [ -55.43227, -20.36996 ], [ -55.43272, -20.37036 ], [ -55.43319, -20.37055 ], [ -55.43451, -20.37048 ], [ -55.43446, -20.3707 ], [ -55.43626, -20.37094 ], [ -55.43654, -20.37166 ], [ -55.43488, -20.37223 ], [ -55.43465, -20.37323 ], [ -55.43335, -20.37513 ], [ -55.43244, -20.37861 ], [ -55.43248, -20.3796 ], [ -55.43266, -20.37992 ], [ -55.43303, -20.38014 ], [ -55.43311, -20.38046 ], [ -55.43385, -20.38087 ], [ -55.43384, -20.38114 ], [ -55.43415, -20.38109 ], [ -55.43492, -20.38168 ], [ -55.43519, -20.38228 ], [ -55.43564, -20.38231 ], [ -55.43621, -20.38293 ], [ -55.43656, -20.38287 ], [ -55.43679, -20.3832 ], [ -55.43635, -20.38355 ], [ -55.43663, -20.38365 ], [ -55.43648, -20.38374 ], [ -55.43661, -20.38394 ], [ -55.43713, -20.3838 ], [ -55.43698, -20.38412 ], [ -55.43772, -20.38448 ], [ -55.43832, -20.38434 ], [ -55.43875, -20.38456 ], [ -55.43917, -20.38442 ], [ -55.4393, -20.3847 ], [ -55.44017, -20.385 ], [ -55.43997, -20.38504 ], [ -55.43985, -20.38565 ], [ -55.44048, -20.38607 ], [ -55.44106, -20.38592 ], [ -55.44094, -20.3866 ], [ -55.44043, -20.38746 ], [ -55.44025, -20.3863 ], [ -55.44007, -20.38605 ], [ -55.43972, -20.38621 ], [ -55.43879, -20.3857 ], [ -55.43869, -20.38629 ], [ -55.43815, -20.38579 ], [ -55.43784, -20.38598 ], [ -55.4378, -20.3858 ], [ -55.43712, -20.38553 ], [ -55.43702, -20.38513 ], [ -55.43654, -20.38462 ], [ -55.43657, -20.38411 ], [ -55.43639, -20.38403 ], [ -55.4363, -20.38361 ], [ -55.43597, -20.38325 ], [ -55.43559, -20.38306 ], [ -55.4352, -20.38253 ], [ -55.43483, -20.38259 ], [ -55.43456, -20.38176 ], [ -55.43432, -20.38179 ], [ -55.43408, -20.38148 ] ] ], [ [ [ -55.43881, -20.35203 ], [ -55.43896, -20.35256 ], [ -55.44035, -20.35268 ], [ -55.44068, -20.35288 ], [ -55.44025, -20.35311 ], [ -55.44041, -20.3533 ], [ -55.44146, -20.35316 ], [ -55.44197, -20.35326 ], [ -55.44197, -20.35149 ], [ -55.44223, -20.35122 ], [ -55.44333, -20.35169 ], [ -55.4434, -20.35206 ], [ -55.44402, -20.35269 ], [ -55.44466, -20.35269 ], [ -55.44469, -20.35241 ], [ -55.44518, -20.35212 ], [ -55.44523, -20.35243 ], [ -55.44613, -20.35215 ], [ -55.44632, -20.35226 ], [ -55.44694, -20.35215 ], [ -55.44634, -20.35358 ], [ -55.44586, -20.3536 ], [ -55.44582, -20.35385 ], [ -55.4455, -20.35396 ], [ -55.44535, -20.35377 ], [ -55.44506, -20.35382 ], [ -55.44483, -20.35401 ], [ -55.44463, -20.35483 ], [ -55.44347, -20.35427 ], [ -55.44276, -20.35422 ], [ -55.44147, -20.35519 ], [ -55.44087, -20.35533 ], [ -55.44007, -20.35506 ], [ -55.43952, -20.35516 ], [ -55.43795, -20.35695 ], [ -55.43707, -20.35828 ], [ -55.43504, -20.35827 ], [ -55.4345, -20.35845 ], [ -55.43421, -20.3598 ], [ -55.43489, -20.3608 ], [ -55.43496, -20.36227 ], [ -55.43373, -20.36117 ], [ -55.43276, -20.36067 ], [ -55.43225, -20.36016 ], [ -55.43179, -20.35988 ], [ -55.43071, -20.35981 ], [ -55.43053, -20.35963 ], [ -55.43082, -20.35907 ], [ -55.43088, -20.35829 ], [ -55.43073, -20.35796 ], [ -55.42909, -20.35732 ], [ -55.42908, -20.35705 ], [ -55.4297, -20.35639 ], [ -55.42965, -20.35595 ], [ -55.43019, -20.35559 ], [ -55.43034, -20.35529 ], [ -55.43029, -20.35491 ], [ -55.42988, -20.35427 ], [ -55.43038, -20.35295 ], [ -55.42996, -20.35211 ], [ -55.43036, -20.3515 ], [ -55.43019, -20.3512 ], [ -55.42939, -20.35094 ], [ -55.42931, -20.35044 ], [ -55.42965, -20.35011 ], [ -55.42966, -20.3496 ], [ -55.43085, -20.34929 ], [ -55.43093, -20.34853 ], [ -55.43244, -20.34852 ], [ -55.43363, -20.34687 ], [ -55.43486, -20.34585 ], [ -55.43539, -20.3452 ], [ -55.4352, -20.34499 ], [ -55.43356, -20.34537 ], [ -55.43238, -20.34524 ], [ -55.43159, -20.34605 ], [ -55.43107, -20.34611 ], [ -55.43101, -20.3464 ], [ -55.43051, -20.34636 ], [ -55.42974, -20.34725 ], [ -55.429, -20.34745 ], [ -55.42877, -20.34778 ], [ -55.42926, -20.34837 ], [ -55.42913, -20.34847 ], [ -55.42888, -20.3482 ], [ -55.42852, -20.34803 ], [ -55.42769, -20.34801 ], [ -55.42795, -20.34748 ], [ -55.42763, -20.34636 ], [ -55.42792, -20.34627 ], [ -55.42835, -20.34663 ], [ -55.42894, -20.34678 ], [ -55.42957, -20.34612 ], [ -55.43068, -20.34539 ], [ -55.4325, -20.34489 ], [ -55.4335, -20.34408 ], [ -55.4347, -20.34348 ], [ -55.43556, -20.34244 ], [ -55.43658, -20.34276 ], [ -55.43744, -20.34228 ], [ -55.43758, -20.34133 ], [ -55.4372, -20.34056 ], [ -55.43757, -20.33981 ], [ -55.43657, -20.33771 ], [ -55.43646, -20.33775 ], [ -55.43584, -20.33695 ], [ -55.43609, -20.33669 ], [ -55.43642, -20.33669 ], [ -55.43689, -20.33599 ], [ -55.43687, -20.33575 ], [ -55.43712, -20.33572 ], [ -55.43739, -20.3362 ], [ -55.43795, -20.33597 ], [ -55.43795, -20.33478 ], [ -55.4385, -20.33478 ], [ -55.43912, -20.33525 ], [ -55.43959, -20.33596 ], [ -55.43859, -20.33741 ], [ -55.43881, -20.33946 ], [ -55.43956, -20.34225 ], [ -55.44027, -20.34201 ], [ -55.44036, -20.34217 ], [ -55.4396, -20.3425 ], [ -55.43965, -20.34292 ], [ -55.44007, -20.34349 ], [ -55.44027, -20.34371 ], [ -55.44098, -20.34382 ], [ -55.44157, -20.34292 ], [ -55.44135, -20.34156 ], [ -55.44138, -20.3407 ], [ -55.44103, -20.33975 ], [ -55.44104, -20.33932 ], [ -55.44258, -20.33992 ], [ -55.44299, -20.34203 ], [ -55.44297, -20.34268 ], [ -55.44258, -20.34284 ], [ -55.44229, -20.34349 ], [ -55.4424, -20.34435 ], [ -55.44292, -20.3445 ], [ -55.44519, -20.34436 ], [ -55.44549, -20.34556 ], [ -55.44682, -20.3462 ], [ -55.44767, -20.34626 ], [ -55.44799, -20.34654 ], [ -55.44755, -20.34758 ], [ -55.4468, -20.34778 ], [ -55.44516, -20.34759 ], [ -55.44315, -20.34697 ], [ -55.44252, -20.34728 ], [ -55.44203, -20.34822 ], [ -55.44097, -20.34827 ], [ -55.44083, -20.34753 ], [ -55.43987, -20.34597 ], [ -55.43941, -20.34621 ], [ -55.43647, -20.34548 ], [ -55.43573, -20.34713 ], [ -55.43352, -20.34805 ], [ -55.43333, -20.34864 ], [ -55.43428, -20.35444 ], [ -55.4373, -20.35332 ], [ -55.43864, -20.35197 ], [ -55.43881, -20.35203 ] ] ], [ [ [ -55.41602, -20.33298 ], [ -55.41642, -20.33376 ], [ -55.41672, -20.3373 ], [ -55.41601, -20.33819 ], [ -55.4156, -20.33923 ], [ -55.41579, -20.33971 ], [ -55.41428, -20.33953 ], [ -55.41379, -20.33903 ], [ -55.41373, -20.33831 ], [ -55.41509, -20.33263 ], [ -55.41602, -20.33298 ] ] ], [ [ [ -55.40532, -20.32138 ], [ -55.40526, -20.32182 ], [ -55.40634, -20.32183 ], [ -55.40611, -20.32232 ], [ -55.40532, -20.32231 ], [ -55.40477, -20.32317 ], [ -55.40463, -20.3238 ], [ -55.40486, -20.32416 ], [ -55.40545, -20.32428 ], [ -55.40536, -20.32327 ], [ -55.40605, -20.32321 ], [ -55.40647, -20.32184 ], [ -55.40742, -20.32184 ], [ -55.40772, -20.32108 ], [ -55.40811, -20.32078 ], [ -55.40775, -20.32035 ], [ -55.41082, -20.31981 ], [ -55.41189, -20.3199 ], [ -55.41203, -20.31953 ], [ -55.41259, -20.31897 ], [ -55.41292, -20.31905 ], [ -55.41291, -20.32061 ], [ -55.41362, -20.32134 ], [ -55.41403, -20.32138 ], [ -55.41364, -20.3221 ], [ -55.41291, -20.32191 ], [ -55.41255, -20.32124 ], [ -55.41157, -20.32074 ], [ -55.41019, -20.32057 ], [ -55.40986, -20.32088 ], [ -55.409, -20.32077 ], [ -55.40801, -20.32168 ], [ -55.40791, -20.32254 ], [ -55.40716, -20.32317 ], [ -55.40609, -20.32359 ], [ -55.406, -20.32447 ], [ -55.4053, -20.32503 ], [ -55.40575, -20.32689 ], [ -55.40878, -20.32837 ], [ -55.40965, -20.32831 ], [ -55.40951, -20.32873 ], [ -55.4093, -20.32877 ], [ -55.40958, -20.32933 ], [ -55.41002, -20.32971 ], [ -55.41117, -20.3294 ], [ -55.41158, -20.32904 ], [ -55.41168, -20.32814 ], [ -55.41223, -20.32771 ], [ -55.41217, -20.32721 ], [ -55.41095, -20.32762 ], [ -55.4108, -20.32752 ], [ -55.41096, -20.32721 ], [ -55.41187, -20.32681 ], [ -55.41226, -20.32495 ], [ -55.41223, -20.32385 ], [ -55.41262, -20.32388 ], [ -55.41254, -20.32462 ], [ -55.41306, -20.32435 ], [ -55.41316, -20.32446 ], [ -55.41255, -20.3252 ], [ -55.41274, -20.3264 ], [ -55.41262, -20.3275 ], [ -55.41225, -20.3285 ], [ -55.41245, -20.32895 ], [ -55.41232, -20.33017 ], [ -55.41214, -20.33039 ], [ -55.41245, -20.33149 ], [ -55.41275, -20.33145 ], [ -55.41338, -20.33085 ], [ -55.41442, -20.33162 ], [ -55.41483, -20.33157 ], [ -55.41599, -20.33183 ], [ -55.41572, -20.33235 ], [ -55.4152, -20.33254 ], [ -55.41502, -20.33225 ], [ -55.41183, -20.3316 ], [ -55.41105, -20.33079 ], [ -55.41101, -20.33055 ], [ -55.41071, -20.33046 ], [ -55.40984, -20.3306 ], [ -55.40932, -20.33102 ], [ -55.40883, -20.33062 ], [ -55.40884, -20.33033 ], [ -55.4092, -20.32986 ], [ -55.40868, -20.32952 ], [ -55.40743, -20.32823 ], [ -55.40638, -20.32756 ], [ -55.40486, -20.32739 ], [ -55.40198, -20.3275 ], [ -55.40143, -20.32659 ], [ -55.40133, -20.32613 ], [ -55.40178, -20.32638 ], [ -55.40197, -20.32554 ], [ -55.4022, -20.32548 ], [ -55.40181, -20.32476 ], [ -55.40319, -20.3233 ], [ -55.40345, -20.32253 ], [ -55.40342, -20.32183 ], [ -55.40327, -20.32161 ], [ -55.40191, -20.32069 ], [ -55.40249, -20.31984 ], [ -55.40295, -20.31966 ], [ -55.4034, -20.31995 ], [ -55.40406, -20.3195 ], [ -55.40492, -20.31968 ], [ -55.40532, -20.32138 ] ] ], [ [ [ -55.43187, -20.3295 ], [ -55.4325, -20.32957 ], [ -55.43231, -20.33047 ], [ -55.43065, -20.33155 ], [ -55.43017, -20.33044 ], [ -55.42991, -20.33039 ], [ -55.42974, -20.33058 ], [ -55.42979, -20.3308 ], [ -55.42926, -20.33085 ], [ -55.42906, -20.33068 ], [ -55.42868, -20.32969 ], [ -55.42821, -20.32939 ], [ -55.42794, -20.32955 ], [ -55.42759, -20.32913 ], [ -55.42811, -20.32877 ], [ -55.42931, -20.32874 ], [ -55.43002, -20.3283 ], [ -55.43, -20.32729 ], [ -55.42972, -20.32664 ], [ -55.43074, -20.32535 ], [ -55.43056, -20.325 ], [ -55.43066, -20.32463 ], [ -55.43088, -20.32484 ], [ -55.43114, -20.32447 ], [ -55.43174, -20.32407 ], [ -55.43163, -20.32353 ], [ -55.43131, -20.32319 ], [ -55.43161, -20.32223 ], [ -55.43243, -20.32129 ], [ -55.43277, -20.32111 ], [ -55.43336, -20.32016 ], [ -55.43369, -20.32001 ], [ -55.43373, -20.31974 ], [ -55.43414, -20.31931 ], [ -55.43436, -20.31827 ], [ -55.43515, -20.3164 ], [ -55.43564, -20.31614 ], [ -55.4363, -20.31621 ], [ -55.43662, -20.31604 ], [ -55.43829, -20.31621 ], [ -55.43943, -20.31551 ], [ -55.44009, -20.31547 ], [ -55.4416, -20.31485 ], [ -55.44074, -20.31751 ], [ -55.44031, -20.31721 ], [ -55.44024, -20.31693 ], [ -55.43958, -20.31685 ], [ -55.43947, -20.31656 ], [ -55.43655, -20.31666 ], [ -55.43545, -20.31699 ], [ -55.43499, -20.31757 ], [ -55.43464, -20.31837 ], [ -55.43458, -20.31908 ], [ -55.43398, -20.31982 ], [ -55.43407, -20.32018 ], [ -55.43393, -20.32054 ], [ -55.43181, -20.32242 ], [ -55.43185, -20.32312 ], [ -55.43232, -20.32427 ], [ -55.43012, -20.32678 ], [ -55.4304, -20.3273 ], [ -55.43034, -20.32752 ], [ -55.43095, -20.32826 ], [ -55.43097, -20.32872 ], [ -55.43187, -20.3295 ] ] ], [ [ [ -55.41175, -20.32397 ], [ -55.4106, -20.32391 ], [ -55.41019, -20.32404 ], [ -55.40915, -20.3249 ], [ -55.40827, -20.32486 ], [ -55.40823, -20.3246 ], [ -55.40873, -20.32453 ], [ -55.40999, -20.32369 ], [ -55.41141, -20.32325 ], [ -55.41274, -20.32234 ], [ -55.41368, -20.32226 ], [ -55.41418, -20.3214 ], [ -55.41706, -20.32103 ], [ -55.41802, -20.32114 ], [ -55.41764, -20.32151 ], [ -55.41436, -20.32236 ], [ -55.41206, -20.3235 ], [ -55.41175, -20.32397 ] ] ], [ [ [ -55.40348, -20.31646 ], [ -55.40342, -20.31627 ], [ -55.40407, -20.31594 ], [ -55.40484, -20.31472 ], [ -55.40607, -20.31433 ], [ -55.40644, -20.3138 ], [ -55.40736, -20.31338 ], [ -55.41064, -20.31325 ], [ -55.41075, -20.31282 ], [ -55.41161, -20.31247 ], [ -55.41238, -20.31303 ], [ -55.41126, -20.31377 ], [ -55.40963, -20.31555 ], [ -55.40966, -20.31634 ], [ -55.40921, -20.31735 ], [ -55.40899, -20.3177 ], [ -55.40802, -20.31818 ], [ -55.40793, -20.3184 ], [ -55.40804, -20.32007 ], [ -55.40779, -20.32018 ], [ -55.40682, -20.31968 ], [ -55.40647, -20.3182 ], [ -55.40685, -20.31767 ], [ -55.4073, -20.31793 ], [ -55.4076, -20.31789 ], [ -55.4086, -20.31739 ], [ -55.40913, -20.31651 ], [ -55.4091, -20.31543 ], [ -55.40981, -20.31498 ], [ -55.41002, -20.31445 ], [ -55.40977, -20.31443 ], [ -55.40971, -20.31485 ], [ -55.40952, -20.31493 ], [ -55.40923, -20.31453 ], [ -55.40962, -20.31426 ], [ -55.40819, -20.31364 ], [ -55.40743, -20.31364 ], [ -55.40736, -20.31395 ], [ -55.40667, -20.3142 ], [ -55.40596, -20.31552 ], [ -55.40477, -20.31621 ], [ -55.40435, -20.31735 ], [ -55.40437, -20.31823 ], [ -55.40385, -20.31932 ], [ -55.40363, -20.3191 ], [ -55.40303, -20.31923 ], [ -55.40297, -20.3191 ], [ -55.40404, -20.31796 ], [ -55.40399, -20.31694 ], [ -55.40331, -20.31708 ], [ -55.40321, -20.31692 ], [ -55.40399, -20.31635 ], [ -55.40348, -20.31646 ] ] ], [ [ [ -55.41654, -20.3145 ], [ -55.41709, -20.31449 ], [ -55.4173, -20.31417 ], [ -55.41778, -20.31415 ], [ -55.41823, -20.31449 ], [ -55.41828, -20.31479 ], [ -55.41872, -20.3148 ], [ -55.41948, -20.31425 ], [ -55.42035, -20.31423 ], [ -55.42087, -20.31485 ], [ -55.4203, -20.315 ], [ -55.42003, -20.31485 ], [ -55.41911, -20.31495 ], [ -55.41835, -20.31522 ], [ -55.41797, -20.31508 ], [ -55.41774, -20.31477 ], [ -55.41643, -20.31503 ], [ -55.41581, -20.31485 ], [ -55.4149, -20.31537 ], [ -55.41411, -20.31491 ], [ -55.41286, -20.31463 ], [ -55.41262, -20.31438 ], [ -55.41253, -20.31388 ], [ -55.41276, -20.31351 ], [ -55.41318, -20.3136 ], [ -55.41363, -20.31435 ], [ -55.41513, -20.31479 ], [ -55.41551, -20.31422 ], [ -55.41579, -20.31406 ], [ -55.41654, -20.3145 ] ] ], [ [ [ -55.44146, -20.30037 ], [ -55.44157, -20.30061 ], [ -55.44185, -20.30066 ], [ -55.44175, -20.30032 ], [ -55.44202, -20.30038 ], [ -55.44208, -20.30016 ], [ -55.44269, -20.29987 ], [ -55.4421, -20.29948 ], [ -55.44102, -20.29805 ], [ -55.44083, -20.29755 ], [ -55.44166, -20.29758 ], [ -55.4426, -20.29911 ], [ -55.44293, -20.29932 ], [ -55.4432, -20.29928 ], [ -55.44383, -20.29983 ], [ -55.44388, -20.30042 ], [ -55.4437, -20.30085 ], [ -55.44179, -20.30139 ], [ -55.44151, -20.30198 ], [ -55.44108, -20.30223 ], [ -55.43992, -20.30351 ], [ -55.43987, -20.30409 ], [ -55.44036, -20.3046 ], [ -55.44058, -20.30526 ], [ -55.44097, -20.30539 ], [ -55.44096, -20.30558 ], [ -55.44067, -20.30568 ], [ -55.44071, -20.30587 ], [ -55.44247, -20.30638 ], [ -55.44251, -20.30682 ], [ -55.443, -20.30714 ], [ -55.4423, -20.30859 ], [ -55.44245, -20.30894 ], [ -55.44347, -20.30986 ], [ -55.44301, -20.31042 ], [ -55.44219, -20.3095 ], [ -55.44198, -20.30984 ], [ -55.44154, -20.31004 ], [ -55.44169, -20.30957 ], [ -55.4413, -20.30873 ], [ -55.44223, -20.30783 ], [ -55.44238, -20.30716 ], [ -55.44179, -20.30693 ], [ -55.44156, -20.30657 ], [ -55.44047, -20.30629 ], [ -55.43718, -20.30708 ], [ -55.43692, -20.30669 ], [ -55.43671, -20.30695 ], [ -55.43649, -20.30698 ], [ -55.43639, -20.30728 ], [ -55.43653, -20.30752 ], [ -55.43619, -20.30781 ], [ -55.43558, -20.30785 ], [ -55.43475, -20.30892 ], [ -55.43379, -20.30955 ], [ -55.43329, -20.31011 ], [ -55.43338, -20.31078 ], [ -55.43309, -20.31116 ], [ -55.4331, -20.31153 ], [ -55.43252, -20.31188 ], [ -55.43256, -20.31245 ], [ -55.43222, -20.31262 ], [ -55.43203, -20.3131 ], [ -55.43147, -20.31356 ], [ -55.43042, -20.31421 ], [ -55.42963, -20.31612 ], [ -55.43008, -20.31703 ], [ -55.42915, -20.31834 ], [ -55.42842, -20.31856 ], [ -55.42638, -20.32071 ], [ -55.42527, -20.32004 ], [ -55.42559, -20.31882 ], [ -55.42529, -20.3183 ], [ -55.42469, -20.31841 ], [ -55.42341, -20.31811 ], [ -55.42285, -20.3182 ], [ -55.42216, -20.31745 ], [ -55.42131, -20.31732 ], [ -55.42122, -20.31703 ], [ -55.42264, -20.31616 ], [ -55.42344, -20.31655 ], [ -55.42383, -20.31708 ], [ -55.42475, -20.31732 ], [ -55.42512, -20.31766 ], [ -55.42721, -20.31716 ], [ -55.42764, -20.31639 ], [ -55.42876, -20.3159 ], [ -55.42833, -20.31535 ], [ -55.42803, -20.31444 ], [ -55.42801, -20.31379 ], [ -55.42748, -20.3125 ], [ -55.42945, -20.31212 ], [ -55.43021, -20.31173 ], [ -55.43101, -20.31096 ], [ -55.43204, -20.31063 ], [ -55.43246, -20.30969 ], [ -55.43321, -20.30899 ], [ -55.43334, -20.30852 ], [ -55.43437, -20.30858 ], [ -55.4349, -20.30762 ], [ -55.43418, -20.30673 ], [ -55.43349, -20.30619 ], [ -55.43311, -20.30637 ], [ -55.43269, -20.30633 ], [ -55.43256, -20.30583 ], [ -55.43162, -20.30586 ], [ -55.43059, -20.30633 ], [ -55.4299, -20.3063 ], [ -55.42969, -20.30657 ], [ -55.4292, -20.30615 ], [ -55.42753, -20.30619 ], [ -55.42711, -20.30598 ], [ -55.42655, -20.30595 ], [ -55.42479, -20.30644 ], [ -55.42473, -20.30624 ], [ -55.425, -20.30598 ], [ -55.42566, -20.30584 ], [ -55.42593, -20.30547 ], [ -55.42699, -20.30526 ], [ -55.42712, -20.30491 ], [ -55.42648, -20.30432 ], [ -55.42621, -20.30353 ], [ -55.42518, -20.30294 ], [ -55.42608, -20.30137 ], [ -55.42646, -20.30126 ], [ -55.42737, -20.30208 ], [ -55.42876, -20.30256 ], [ -55.42892, -20.30336 ], [ -55.42937, -20.30374 ], [ -55.43, -20.30338 ], [ -55.43044, -20.30364 ], [ -55.43087, -20.30466 ], [ -55.43451, -20.30315 ], [ -55.4354, -20.3031 ], [ -55.43545, -20.30293 ], [ -55.4358, -20.30286 ], [ -55.43622, -20.30584 ], [ -55.43721, -20.30638 ], [ -55.43788, -20.30632 ], [ -55.43835, -20.30579 ], [ -55.43932, -20.30552 ], [ -55.43961, -20.30503 ], [ -55.43928, -20.30445 ], [ -55.43831, -20.30379 ], [ -55.43911, -20.3029 ], [ -55.43946, -20.30281 ], [ -55.44014, -20.30223 ], [ -55.44066, -20.30133 ], [ -55.44137, -20.30097 ], [ -55.44145, -20.30074 ], [ -55.44119, -20.3006 ], [ -55.44122, -20.30042 ], [ -55.44146, -20.30037 ] ] ], [ [ [ -55.41448, -20.30869 ], [ -55.41498, -20.30849 ], [ -55.41587, -20.30853 ], [ -55.41616, -20.30803 ], [ -55.41649, -20.30781 ], [ -55.41931, -20.30803 ], [ -55.42114, -20.3079 ], [ -55.42213, -20.30763 ], [ -55.42327, -20.30689 ], [ -55.42378, -20.30651 ], [ -55.42381, -20.30633 ], [ -55.42448, -20.30608 ], [ -55.42466, -20.30615 ], [ -55.42475, -20.30668 ], [ -55.42368, -20.3076 ], [ -55.42351, -20.30883 ], [ -55.42409, -20.30938 ], [ -55.4245, -20.30951 ], [ -55.42449, -20.30967 ], [ -55.42415, -20.30978 ], [ -55.4243, -20.31035 ], [ -55.42361, -20.31044 ], [ -55.42347, -20.31026 ], [ -55.4234, -20.31001 ], [ -55.42368, -20.30942 ], [ -55.42356, -20.30924 ], [ -55.42106, -20.30897 ], [ -55.41693, -20.30965 ], [ -55.41593, -20.31014 ], [ -55.41472, -20.31008 ], [ -55.41306, -20.31049 ], [ -55.41261, -20.30967 ], [ -55.41267, -20.30932 ], [ -55.41284, -20.3093 ], [ -55.41314, -20.3096 ], [ -55.41372, -20.30952 ], [ -55.41408, -20.30906 ], [ -55.41394, -20.3088 ], [ -55.41407, -20.30866 ], [ -55.41448, -20.30869 ] ] ], [ [ [ -55.4385, -20.30713 ], [ -55.43834, -20.30683 ], [ -55.4391, -20.30667 ], [ -55.43983, -20.30721 ], [ -55.44015, -20.30812 ], [ -55.43941, -20.30867 ], [ -55.43901, -20.30852 ], [ -55.43859, -20.30858 ], [ -55.43837, -20.30769 ], [ -55.4385, -20.30713 ] ] ], [ [ [ -55.40074, -20.30057 ], [ -55.39983, -20.30079 ], [ -55.39793, -20.3007 ], [ -55.39758, -20.30084 ], [ -55.39739, -20.3016 ], [ -55.39725, -20.30161 ], [ -55.3974, -20.30096 ], [ -55.397, -20.30088 ], [ -55.39679, -20.3011 ], [ -55.39617, -20.30075 ], [ -55.39569, -20.30102 ], [ -55.39557, -20.30135 ], [ -55.39535, -20.30126 ], [ -55.3953, -20.30097 ], [ -55.39505, -20.30094 ], [ -55.39478, -20.30045 ], [ -55.39576, -20.30023 ], [ -55.39648, -20.3003 ], [ -55.39687, -20.30063 ], [ -55.39755, -20.30058 ], [ -55.39804, -20.30033 ], [ -55.39864, -20.30048 ], [ -55.40036, -20.30006 ], [ -55.40062, -20.30015 ], [ -55.40084, -20.2997 ], [ -55.40074, -20.29916 ], [ -55.39983, -20.2991 ], [ -55.3988, -20.29851 ], [ -55.39819, -20.29778 ], [ -55.39782, -20.29759 ], [ -55.39696, -20.29752 ], [ -55.39671, -20.29756 ], [ -55.39648, -20.29842 ], [ -55.39621, -20.29871 ], [ -55.39588, -20.29895 ], [ -55.39515, -20.29907 ], [ -55.39454, -20.2988 ], [ -55.39413, -20.2984 ], [ -55.39411, -20.29818 ], [ -55.39464, -20.29718 ], [ -55.39527, -20.29693 ], [ -55.39626, -20.29724 ], [ -55.39676, -20.29695 ], [ -55.3977, -20.29703 ], [ -55.39777, -20.29694 ], [ -55.39754, -20.29674 ], [ -55.3972, -20.29651 ], [ -55.39679, -20.2965 ], [ -55.3967, -20.2963 ], [ -55.39814, -20.29631 ], [ -55.39858, -20.29766 ], [ -55.39934, -20.29847 ], [ -55.3998, -20.29862 ], [ -55.39994, -20.29856 ], [ -55.39997, -20.29813 ], [ -55.39932, -20.29718 ], [ -55.39959, -20.29711 ], [ -55.3998, -20.29604 ], [ -55.40001, -20.29604 ], [ -55.4002, -20.29666 ], [ -55.40005, -20.29681 ], [ -55.40002, -20.29741 ], [ -55.40025, -20.29771 ], [ -55.40059, -20.29783 ], [ -55.4004, -20.29806 ], [ -55.40043, -20.29834 ], [ -55.40063, -20.29892 ], [ -55.40104, -20.29924 ], [ -55.40124, -20.29984 ], [ -55.40109, -20.30008 ], [ -55.40116, -20.30028 ], [ -55.40137, -20.30027 ], [ -55.40148, -20.3005 ], [ -55.40243, -20.3003 ], [ -55.40283, -20.29996 ], [ -55.40342, -20.29997 ], [ -55.40392, -20.29966 ], [ -55.40393, -20.29937 ], [ -55.40363, -20.2988 ], [ -55.40314, -20.29848 ], [ -55.40333, -20.2982 ], [ -55.40372, -20.29858 ], [ -55.40399, -20.29915 ], [ -55.40508, -20.29851 ], [ -55.40536, -20.29852 ], [ -55.40577, -20.29895 ], [ -55.40597, -20.29891 ], [ -55.40608, -20.29858 ], [ -55.40594, -20.29812 ], [ -55.40647, -20.2985 ], [ -55.40706, -20.29848 ], [ -55.40747, -20.29796 ], [ -55.40805, -20.29778 ], [ -55.40955, -20.29844 ], [ -55.40964, -20.29825 ], [ -55.40991, -20.29837 ], [ -55.40994, -20.29818 ], [ -55.41073, -20.29833 ], [ -55.41134, -20.2982 ], [ -55.41175, -20.29855 ], [ -55.41274, -20.29854 ], [ -55.41307, -20.29797 ], [ -55.41454, -20.29686 ], [ -55.41488, -20.29487 ], [ -55.41463, -20.29465 ], [ -55.41512, -20.2946 ], [ -55.41546, -20.29463 ], [ -55.41539, -20.29571 ], [ -55.4156, -20.29639 ], [ -55.41609, -20.29702 ], [ -55.41663, -20.29736 ], [ -55.41686, -20.29798 ], [ -55.41724, -20.29803 ], [ -55.41776, -20.29866 ], [ -55.41843, -20.2989 ], [ -55.41886, -20.29878 ], [ -55.41903, -20.29733 ], [ -55.41882, -20.29665 ], [ -55.41907, -20.29626 ], [ -55.41909, -20.29585 ], [ -55.41935, -20.29583 ], [ -55.41945, -20.29594 ], [ -55.41918, -20.29664 ], [ -55.41945, -20.29698 ], [ -55.41943, -20.29752 ], [ -55.42007, -20.29784 ], [ -55.42043, -20.29841 ], [ -55.4203, -20.2987 ], [ -55.42075, -20.29876 ], [ -55.42071, -20.29903 ], [ -55.42125, -20.29916 ], [ -55.42137, -20.29896 ], [ -55.4222, -20.29932 ], [ -55.42245, -20.2988 ], [ -55.42337, -20.29895 ], [ -55.42504, -20.3 ], [ -55.42533, -20.29991 ], [ -55.42558, -20.3001 ], [ -55.42565, -20.30055 ], [ -55.42623, -20.30089 ], [ -55.42571, -20.3015 ], [ -55.4253, -20.3015 ], [ -55.42463, -20.30246 ], [ -55.42409, -20.30231 ], [ -55.42357, -20.30237 ], [ -55.42139, -20.30314 ], [ -55.42119, -20.30279 ], [ -55.42188, -20.30266 ], [ -55.42195, -20.30252 ], [ -55.4218, -20.30219 ], [ -55.42113, -20.30159 ], [ -55.42039, -20.30124 ], [ -55.41969, -20.30186 ], [ -55.41947, -20.30188 ], [ -55.41801, -20.30061 ], [ -55.4179, -20.30021 ], [ -55.41724, -20.30019 ], [ -55.41695, -20.30001 ], [ -55.4167, -20.29953 ], [ -55.41655, -20.29862 ], [ -55.41571, -20.29816 ], [ -55.41499, -20.29818 ], [ -55.4145, -20.29796 ], [ -55.414, -20.29809 ], [ -55.41325, -20.29882 ], [ -55.41199, -20.29909 ], [ -55.4114, -20.29952 ], [ -55.41092, -20.2996 ], [ -55.41045, -20.30002 ], [ -55.41048, -20.301 ], [ -55.41031, -20.30165 ], [ -55.40991, -20.30206 ], [ -55.40811, -20.30201 ], [ -55.40683, -20.30234 ], [ -55.40562, -20.30316 ], [ -55.40374, -20.30379 ], [ -55.40374, -20.3041 ], [ -55.40303, -20.30443 ], [ -55.40267, -20.30448 ], [ -55.40202, -20.30417 ], [ -55.39948, -20.30476 ], [ -55.39833, -20.3041 ], [ -55.39794, -20.30454 ], [ -55.39721, -20.30453 ], [ -55.39679, -20.30496 ], [ -55.39628, -20.30481 ], [ -55.39567, -20.30513 ], [ -55.39505, -20.30574 ], [ -55.39445, -20.30579 ], [ -55.39365, -20.3062 ], [ -55.39347, -20.3077 ], [ -55.3931, -20.30772 ], [ -55.39321, -20.30671 ], [ -55.39278, -20.30683 ], [ -55.39246, -20.30724 ], [ -55.39248, -20.30764 ], [ -55.39224, -20.30773 ], [ -55.39185, -20.30728 ], [ -55.39169, -20.3073 ], [ -55.39196, -20.30709 ], [ -55.39208, -20.30723 ], [ -55.39231, -20.30679 ], [ -55.39327, -20.30618 ], [ -55.39288, -20.30579 ], [ -55.39236, -20.30566 ], [ -55.39234, -20.30551 ], [ -55.39296, -20.30527 ], [ -55.39318, -20.30575 ], [ -55.39345, -20.30581 ], [ -55.39439, -20.30532 ], [ -55.39517, -20.3053 ], [ -55.39544, -20.30485 ], [ -55.39512, -20.30469 ], [ -55.39514, -20.30438 ], [ -55.39575, -20.30453 ], [ -55.3968, -20.30442 ], [ -55.39692, -20.30432 ], [ -55.39669, -20.3041 ], [ -55.39709, -20.3037 ], [ -55.3988, -20.30358 ], [ -55.40132, -20.30397 ], [ -55.40158, -20.30392 ], [ -55.40187, -20.30357 ], [ -55.40211, -20.30359 ], [ -55.40271, -20.30411 ], [ -55.40299, -20.30411 ], [ -55.40343, -20.3039 ], [ -55.40353, -20.30353 ], [ -55.40422, -20.30336 ], [ -55.40529, -20.30269 ], [ -55.4056, -20.30267 ], [ -55.40617, -20.30187 ], [ -55.40786, -20.30138 ], [ -55.4089, -20.30129 ], [ -55.40935, -20.3017 ], [ -55.40973, -20.30158 ], [ -55.41022, -20.2992 ], [ -55.41003, -20.29894 ], [ -55.40989, -20.29893 ], [ -55.40985, -20.29918 ], [ -55.40906, -20.29892 ], [ -55.40889, -20.29863 ], [ -55.40805, -20.29818 ], [ -55.40696, -20.29885 ], [ -55.40588, -20.29919 ], [ -55.40508, -20.29913 ], [ -55.40363, -20.30032 ], [ -55.40327, -20.30031 ], [ -55.40165, -20.30121 ], [ -55.40136, -20.30087 ], [ -55.40074, -20.30057 ] ] ], [ [ [ -55.41326, -20.28831 ], [ -55.41259, -20.28798 ], [ -55.41266, -20.28769 ], [ -55.41323, -20.28774 ], [ -55.41335, -20.28818 ], [ -55.41359, -20.28833 ], [ -55.41386, -20.28811 ], [ -55.41387, -20.28856 ], [ -55.41347, -20.28949 ], [ -55.41346, -20.29011 ], [ -55.414, -20.29007 ], [ -55.41341, -20.29079 ], [ -55.41272, -20.29094 ], [ -55.41261, -20.2912 ], [ -55.41269, -20.29164 ], [ -55.41237, -20.29163 ], [ -55.41228, -20.29108 ], [ -55.41195, -20.29081 ], [ -55.41131, -20.29061 ], [ -55.41114, -20.29102 ], [ -55.41097, -20.29099 ], [ -55.41098, -20.29033 ], [ -55.41071, -20.28998 ], [ -55.41091, -20.28986 ], [ -55.4113, -20.29014 ], [ -55.41236, -20.28999 ], [ -55.41245, -20.28942 ], [ -55.41214, -20.28906 ], [ -55.41233, -20.28875 ], [ -55.4129, -20.28873 ], [ -55.41326, -20.28831 ] ] ], [ [ [ -55.40968, -20.28622 ], [ -55.4096, -20.28685 ], [ -55.41072, -20.28714 ], [ -55.41156, -20.28636 ], [ -55.41145, -20.2866 ], [ -55.41187, -20.28677 ], [ -55.41039, -20.2874 ], [ -55.40944, -20.28746 ], [ -55.40948, -20.28916 ], [ -55.40957, -20.2893 ], [ -55.40995, -20.28919 ], [ -55.40975, -20.28988 ], [ -55.40928, -20.29048 ], [ -55.40909, -20.29137 ], [ -55.40925, -20.29193 ], [ -55.40979, -20.2918 ], [ -55.4098, -20.29201 ], [ -55.40942, -20.29222 ], [ -55.40962, -20.29245 ], [ -55.41016, -20.29261 ], [ -55.41044, -20.29256 ], [ -55.41148, -20.29289 ], [ -55.41299, -20.29286 ], [ -55.41277, -20.29238 ], [ -55.41248, -20.2925 ], [ -55.4123, -20.29239 ], [ -55.41237, -20.29167 ], [ -55.41271, -20.29168 ], [ -55.41293, -20.29215 ], [ -55.4133, -20.29245 ], [ -55.4134, -20.29305 ], [ -55.41382, -20.29326 ], [ -55.4143, -20.29296 ], [ -55.41446, -20.29315 ], [ -55.4147, -20.29313 ], [ -55.41491, -20.29355 ], [ -55.41534, -20.29374 ], [ -55.41532, -20.29427 ], [ -55.41504, -20.29449 ], [ -55.41448, -20.29453 ], [ -55.41442, -20.29401 ], [ -55.41416, -20.29361 ], [ -55.41322, -20.29348 ], [ -55.41302, -20.29331 ], [ -55.41228, -20.29356 ], [ -55.41141, -20.29356 ], [ -55.41111, -20.29334 ], [ -55.41065, -20.29348 ], [ -55.40995, -20.2934 ], [ -55.40996, -20.29365 ], [ -55.40912, -20.29389 ], [ -55.40914, -20.29336 ], [ -55.4095, -20.2932 ], [ -55.40971, -20.29329 ], [ -55.4097, -20.29316 ], [ -55.40922, -20.29309 ], [ -55.40911, -20.2933 ], [ -55.40871, -20.29348 ], [ -55.40846, -20.29287 ], [ -55.40828, -20.29291 ], [ -55.40831, -20.29315 ], [ -55.40799, -20.29304 ], [ -55.40772, -20.29336 ], [ -55.40705, -20.29342 ], [ -55.40707, -20.29319 ], [ -55.40844, -20.29273 ], [ -55.40826, -20.29236 ], [ -55.40733, -20.2927 ], [ -55.40736, -20.29251 ], [ -55.40814, -20.29216 ], [ -55.40845, -20.29104 ], [ -55.40867, -20.29103 ], [ -55.40888, -20.29044 ], [ -55.40876, -20.28967 ], [ -55.40918, -20.28925 ], [ -55.40906, -20.28841 ], [ -55.40884, -20.28808 ], [ -55.40863, -20.28806 ], [ -55.40864, -20.28778 ], [ -55.40897, -20.28777 ], [ -55.40901, -20.28726 ], [ -55.40939, -20.28659 ], [ -55.40937, -20.28629 ], [ -55.40878, -20.28625 ], [ -55.40901, -20.28609 ], [ -55.40895, -20.2845 ], [ -55.40917, -20.28416 ], [ -55.40942, -20.28419 ], [ -55.40947, -20.2851 ], [ -55.4098, -20.28527 ], [ -55.4099, -20.28601 ], [ -55.41052, -20.28584 ], [ -55.41068, -20.286 ], [ -55.40968, -20.28622 ] ] ], [ [ [ -55.41794, -20.28304 ], [ -55.418, -20.28388 ], [ -55.41871, -20.28506 ], [ -55.41951, -20.28564 ], [ -55.42029, -20.28565 ], [ -55.42008, -20.28609 ], [ -55.4209, -20.28687 ], [ -55.42154, -20.28676 ], [ -55.42223, -20.28751 ], [ -55.42308, -20.29007 ], [ -55.42475, -20.29148 ], [ -55.42493, -20.29335 ], [ -55.42348, -20.2929 ], [ -55.42266, -20.29165 ], [ -55.42203, -20.28893 ], [ -55.42159, -20.28809 ], [ -55.42079, -20.28793 ], [ -55.41701, -20.28574 ], [ -55.4163, -20.2849 ], [ -55.41513, -20.28456 ], [ -55.41486, -20.2838 ], [ -55.41697, -20.28327 ], [ -55.41704, -20.28263 ], [ -55.41794, -20.28304 ] ] ], [ [ [ -55.43628, -20.28614 ], [ -55.43769, -20.28741 ], [ -55.43774, -20.28803 ], [ -55.43808, -20.28877 ], [ -55.4379, -20.28944 ], [ -55.43795, -20.2896 ], [ -55.43851, -20.28993 ], [ -55.43875, -20.28978 ], [ -55.43929, -20.29039 ], [ -55.43894, -20.29052 ], [ -55.43869, -20.29125 ], [ -55.43743, -20.2901 ], [ -55.43752, -20.28922 ], [ -55.4373, -20.28839 ], [ -55.43701, -20.28798 ], [ -55.43616, -20.28775 ], [ -55.43532, -20.28707 ], [ -55.43469, -20.28623 ], [ -55.43397, -20.28575 ], [ -55.43321, -20.28485 ], [ -55.43262, -20.28449 ], [ -55.43161, -20.28408 ], [ -55.43029, -20.28385 ], [ -55.42832, -20.28378 ], [ -55.42824, -20.28334 ], [ -55.42751, -20.2836 ], [ -55.42645, -20.28364 ], [ -55.42607, -20.28326 ], [ -55.4258, -20.28378 ], [ -55.42548, -20.28334 ], [ -55.42551, -20.28313 ], [ -55.42585, -20.28274 ], [ -55.42638, -20.28265 ], [ -55.42662, -20.2821 ], [ -55.42736, -20.28189 ], [ -55.42771, -20.28202 ], [ -55.42855, -20.28315 ], [ -55.42911, -20.28296 ], [ -55.42908, -20.28251 ], [ -55.42931, -20.28249 ], [ -55.42941, -20.28264 ], [ -55.42951, -20.28241 ], [ -55.4296, -20.28259 ], [ -55.42993, -20.28243 ], [ -55.43004, -20.28193 ], [ -55.42998, -20.2818 ], [ -55.42976, -20.28183 ], [ -55.42981, -20.28151 ], [ -55.4302, -20.28154 ], [ -55.43036, -20.2817 ], [ -55.4304, -20.28302 ], [ -55.43073, -20.28329 ], [ -55.43162, -20.28336 ], [ -55.43177, -20.28309 ], [ -55.43191, -20.28333 ], [ -55.43315, -20.28371 ], [ -55.43335, -20.28361 ], [ -55.43339, -20.28322 ], [ -55.43373, -20.28323 ], [ -55.43372, -20.2846 ], [ -55.43485, -20.28543 ], [ -55.43628, -20.28614 ] ] ], [ [ [ -55.44481, -20.25474 ], [ -55.44534, -20.25513 ], [ -55.44542, -20.25542 ], [ -55.44661, -20.25626 ], [ -55.44722, -20.25739 ], [ -55.44694, -20.25976 ], [ -55.44654, -20.2605 ], [ -55.44606, -20.26318 ], [ -55.44576, -20.26386 ], [ -55.44527, -20.2644 ], [ -55.44466, -20.26466 ], [ -55.44392, -20.2667 ], [ -55.44415, -20.26659 ], [ -55.44437, -20.26669 ], [ -55.44459, -20.26717 ], [ -55.44446, -20.26748 ], [ -55.44403, -20.26771 ], [ -55.445, -20.26776 ], [ -55.44585, -20.26749 ], [ -55.44659, -20.26771 ], [ -55.4465, -20.26829 ], [ -55.44589, -20.26785 ], [ -55.44551, -20.26785 ], [ -55.44489, -20.26884 ], [ -55.44391, -20.26913 ], [ -55.44359, -20.26939 ], [ -55.44338, -20.27008 ], [ -55.44334, -20.27184 ], [ -55.44371, -20.27237 ], [ -55.44444, -20.27255 ], [ -55.44456, -20.27274 ], [ -55.44431, -20.27353 ], [ -55.4444, -20.2737 ], [ -55.44539, -20.27413 ], [ -55.44555, -20.27519 ], [ -55.44657, -20.27583 ], [ -55.44728, -20.2769 ], [ -55.44728, -20.27714 ], [ -55.44677, -20.27751 ], [ -55.44701, -20.27762 ], [ -55.44812, -20.27706 ], [ -55.44863, -20.2773 ], [ -55.44903, -20.27707 ], [ -55.45015, -20.27554 ], [ -55.45117, -20.27635 ], [ -55.45011, -20.27772 ], [ -55.44769, -20.27879 ], [ -55.44714, -20.2808 ], [ -55.44679, -20.28136 ], [ -55.44411, -20.28374 ], [ -55.44254, -20.2846 ], [ -55.44341, -20.28518 ], [ -55.44307, -20.28535 ], [ -55.4433, -20.28578 ], [ -55.4427, -20.2864 ], [ -55.44335, -20.28725 ], [ -55.4433, -20.28785 ], [ -55.44312, -20.28844 ], [ -55.44281, -20.28883 ], [ -55.44218, -20.28779 ], [ -55.44195, -20.28779 ], [ -55.44157, -20.2885 ], [ -55.44146, -20.28924 ], [ -55.4416, -20.28945 ], [ -55.44137, -20.28953 ], [ -55.44154, -20.28977 ], [ -55.44123, -20.29025 ], [ -55.44154, -20.29077 ], [ -55.44151, -20.29115 ], [ -55.44183, -20.29108 ], [ -55.44191, -20.29125 ], [ -55.44149, -20.29173 ], [ -55.44179, -20.29207 ], [ -55.44238, -20.29222 ], [ -55.44251, -20.29323 ], [ -55.44194, -20.29314 ], [ -55.442, -20.29239 ], [ -55.44127, -20.29228 ], [ -55.44169, -20.29215 ], [ -55.44129, -20.29177 ], [ -55.44132, -20.29142 ], [ -55.44097, -20.29094 ], [ -55.44034, -20.28838 ], [ -55.44119, -20.28786 ], [ -55.4413, -20.28747 ], [ -55.44203, -20.28682 ], [ -55.44183, -20.28632 ], [ -55.4414, -20.28603 ], [ -55.44135, -20.28572 ], [ -55.44186, -20.28443 ], [ -55.44243, -20.28381 ], [ -55.44408, -20.28274 ], [ -55.44498, -20.28178 ], [ -55.44532, -20.28077 ], [ -55.445, -20.28057 ], [ -55.44472, -20.27954 ], [ -55.44488, -20.27792 ], [ -55.44446, -20.27707 ], [ -55.44429, -20.27607 ], [ -55.44383, -20.27528 ], [ -55.44314, -20.2749 ], [ -55.44286, -20.2751 ], [ -55.44239, -20.27222 ], [ -55.44185, -20.27149 ], [ -55.44111, -20.27136 ], [ -55.4408, -20.27116 ], [ -55.44055, -20.27017 ], [ -55.43849, -20.27065 ], [ -55.43751, -20.2715 ], [ -55.43486, -20.27241 ], [ -55.4336, -20.27232 ], [ -55.43133, -20.2737 ], [ -55.43119, -20.27388 ], [ -55.43111, -20.27522 ], [ -55.43046, -20.27526 ], [ -55.42935, -20.27403 ], [ -55.42944, -20.27314 ], [ -55.42863, -20.27276 ], [ -55.42771, -20.27448 ], [ -55.4278, -20.27496 ], [ -55.42745, -20.27582 ], [ -55.42758, -20.27713 ], [ -55.42792, -20.27714 ], [ -55.42848, -20.2778 ], [ -55.42794, -20.27848 ], [ -55.42705, -20.27795 ], [ -55.42653, -20.27723 ], [ -55.42585, -20.27692 ], [ -55.42537, -20.27599 ], [ -55.42415, -20.27557 ], [ -55.42401, -20.27582 ], [ -55.42369, -20.27592 ], [ -55.42374, -20.27611 ], [ -55.42355, -20.27615 ], [ -55.42375, -20.27619 ], [ -55.42363, -20.27636 ], [ -55.4231, -20.27664 ], [ -55.42254, -20.27794 ], [ -55.42211, -20.27813 ], [ -55.42171, -20.27809 ], [ -55.42123, -20.27902 ], [ -55.42048, -20.27931 ], [ -55.41969, -20.2791 ], [ -55.41957, -20.2767 ], [ -55.42029, -20.27678 ], [ -55.42105, -20.27648 ], [ -55.42114, -20.27572 ], [ -55.42073, -20.27524 ], [ -55.42067, -20.27488 ], [ -55.42081, -20.27446 ], [ -55.42187, -20.27367 ], [ -55.42304, -20.27181 ], [ -55.42364, -20.27117 ], [ -55.42368, -20.27009 ], [ -55.42325, -20.26966 ], [ -55.4224, -20.26976 ], [ -55.42184, -20.2695 ], [ -55.42058, -20.2703 ], [ -55.41954, -20.27026 ], [ -55.41858, -20.27053 ], [ -55.41727, -20.27032 ], [ -55.41402, -20.27104 ], [ -55.41244, -20.27264 ], [ -55.41069, -20.2751 ], [ -55.40911, -20.2742 ], [ -55.40937, -20.27386 ], [ -55.40974, -20.27266 ], [ -55.40967, -20.27238 ], [ -55.41014, -20.27202 ], [ -55.4116, -20.27161 ], [ -55.41248, -20.2709 ], [ -55.41338, -20.26903 ], [ -55.41444, -20.26876 ], [ -55.41369, -20.26772 ], [ -55.41317, -20.26668 ], [ -55.41212, -20.26575 ], [ -55.41036, -20.26467 ], [ -55.40939, -20.26359 ], [ -55.40727, -20.26194 ], [ -55.40658, -20.26119 ], [ -55.40588, -20.26082 ], [ -55.40499, -20.26157 ], [ -55.40491, -20.26191 ], [ -55.40434, -20.26229 ], [ -55.40265, -20.26445 ], [ -55.40231, -20.26459 ], [ -55.40126, -20.26577 ], [ -55.40099, -20.26569 ], [ -55.40428, -20.26178 ], [ -55.40269, -20.26064 ], [ -55.40168, -20.26062 ], [ -55.4008, -20.26038 ], [ -55.40118, -20.25912 ], [ -55.40166, -20.2593 ], [ -55.40283, -20.25924 ], [ -55.403, -20.25939 ], [ -55.40363, -20.25915 ], [ -55.40339, -20.25772 ], [ -55.40343, -20.25712 ], [ -55.40375, -20.25651 ], [ -55.40414, -20.25631 ], [ -55.40426, -20.25572 ], [ -55.40422, -20.25487 ], [ -55.40389, -20.25418 ], [ -55.40412, -20.25291 ], [ -55.40399, -20.25237 ], [ -55.40458, -20.25214 ], [ -55.40486, -20.2523 ], [ -55.40517, -20.2521 ], [ -55.40584, -20.25204 ], [ -55.40585, -20.2523 ], [ -55.4065, -20.25334 ], [ -55.40604, -20.25605 ], [ -55.40605, -20.25698 ], [ -55.40674, -20.25897 ], [ -55.40904, -20.26122 ], [ -55.41415, -20.26503 ], [ -55.41466, -20.26588 ], [ -55.41567, -20.26699 ], [ -55.41681, -20.26768 ], [ -55.41806, -20.26783 ], [ -55.42104, -20.26723 ], [ -55.42264, -20.26731 ], [ -55.42396, -20.26573 ], [ -55.42444, -20.2642 ], [ -55.4246, -20.26251 ], [ -55.42496, -20.26116 ], [ -55.42579, -20.25891 ], [ -55.42682, -20.25717 ], [ -55.42915, -20.25255 ], [ -55.42919, -20.2514 ], [ -55.4296, -20.25171 ], [ -55.43013, -20.25151 ], [ -55.42861, -20.25621 ], [ -55.42634, -20.26114 ], [ -55.42618, -20.26217 ], [ -55.42651, -20.26228 ], [ -55.42645, -20.26287 ], [ -55.42614, -20.26288 ], [ -55.42581, -20.26539 ], [ -55.42812, -20.26434 ], [ -55.42864, -20.26454 ], [ -55.42951, -20.26388 ], [ -55.42998, -20.26376 ], [ -55.43015, -20.26394 ], [ -55.4306, -20.26399 ], [ -55.4312, -20.2637 ], [ -55.43212, -20.26397 ], [ -55.43249, -20.26389 ], [ -55.43299, -20.26343 ], [ -55.43337, -20.26251 ], [ -55.43394, -20.26226 ], [ -55.4341, -20.26258 ], [ -55.43337, -20.26455 ], [ -55.4313, -20.26504 ], [ -55.43035, -20.26495 ], [ -55.42954, -20.26517 ], [ -55.42759, -20.26644 ], [ -55.42685, -20.26742 ], [ -55.42874, -20.26943 ], [ -55.42897, -20.26997 ], [ -55.42922, -20.2702 ], [ -55.43041, -20.27056 ], [ -55.43121, -20.27154 ], [ -55.43246, -20.27144 ], [ -55.43299, -20.27123 ], [ -55.43343, -20.27014 ], [ -55.43367, -20.26979 ], [ -55.43392, -20.26972 ], [ -55.43405, -20.26933 ], [ -55.43422, -20.26936 ], [ -55.43452, -20.26988 ], [ -55.43462, -20.27031 ], [ -55.43443, -20.2709 ], [ -55.43459, -20.27112 ], [ -55.43613, -20.27075 ], [ -55.43752, -20.26947 ], [ -55.43795, -20.26952 ], [ -55.43811, -20.26919 ], [ -55.43777, -20.26797 ], [ -55.43742, -20.26747 ], [ -55.43721, -20.26746 ], [ -55.43685, -20.26784 ], [ -55.43659, -20.26769 ], [ -55.43544, -20.26661 ], [ -55.43556, -20.2662 ], [ -55.43598, -20.26643 ], [ -55.43632, -20.26695 ], [ -55.43745, -20.26691 ], [ -55.43813, -20.26758 ], [ -55.4389, -20.26876 ], [ -55.43905, -20.26859 ], [ -55.43902, -20.26804 ], [ -55.43923, -20.26756 ], [ -55.43981, -20.26737 ], [ -55.44032, -20.2677 ], [ -55.43855, -20.26293 ], [ -55.43743, -20.26094 ], [ -55.4362, -20.261 ], [ -55.43596, -20.26095 ], [ -55.43586, -20.26064 ], [ -55.43708, -20.26012 ], [ -55.43747, -20.25603 ], [ -55.43761, -20.25591 ], [ -55.43822, -20.25664 ], [ -55.43914, -20.26071 ], [ -55.43901, -20.26109 ], [ -55.43908, -20.26149 ], [ -55.43939, -20.26178 ], [ -55.44008, -20.26138 ], [ -55.44034, -20.26148 ], [ -55.44001, -20.26269 ], [ -55.4401, -20.26301 ], [ -55.44033, -20.26323 ], [ -55.44084, -20.26304 ], [ -55.44108, -20.26321 ], [ -55.44111, -20.26466 ], [ -55.44081, -20.2651 ], [ -55.44072, -20.26583 ], [ -55.44127, -20.26711 ], [ -55.44189, -20.26794 ], [ -55.44214, -20.26799 ], [ -55.44231, -20.26782 ], [ -55.44293, -20.26547 ], [ -55.44275, -20.26513 ], [ -55.44191, -20.2645 ], [ -55.44196, -20.26406 ], [ -55.44223, -20.26389 ], [ -55.44262, -20.26405 ], [ -55.44275, -20.26458 ], [ -55.44315, -20.26486 ], [ -55.44401, -20.26352 ], [ -55.44462, -20.26317 ], [ -55.44513, -20.26219 ], [ -55.44514, -20.26173 ], [ -55.44497, -20.26147 ], [ -55.44496, -20.25994 ], [ -55.44555, -20.25956 ], [ -55.44528, -20.25939 ], [ -55.44538, -20.25879 ], [ -55.44569, -20.25864 ], [ -55.44593, -20.25883 ], [ -55.44574, -20.25812 ], [ -55.44533, -20.25742 ], [ -55.44448, -20.25682 ], [ -55.44399, -20.25619 ], [ -55.44395, -20.25592 ], [ -55.44481, -20.25474 ] ] ], [ [ [ -55.43001, -20.25953 ], [ -55.43014, -20.25957 ], [ -55.43032, -20.25937 ], [ -55.43071, -20.25856 ], [ -55.43098, -20.25833 ], [ -55.43187, -20.2585 ], [ -55.43315, -20.25941 ], [ -55.43319, -20.26036 ], [ -55.43307, -20.26053 ], [ -55.43321, -20.26124 ], [ -55.43087, -20.26293 ], [ -55.4299, -20.26329 ], [ -55.42875, -20.26326 ], [ -55.42846, -20.26214 ], [ -55.42858, -20.26166 ], [ -55.42949, -20.26068 ], [ -55.43001, -20.25953 ] ] ], [ [ [ -55.43025, -20.23727 ], [ -55.42817, -20.2359 ], [ -55.42749, -20.23444 ], [ -55.42796, -20.23409 ], [ -55.42851, -20.23442 ], [ -55.42896, -20.23533 ], [ -55.43145, -20.2368 ], [ -55.43161, -20.23733 ], [ -55.43025, -20.23727 ] ] ], [ [ [ -55.43505, -20.23225 ], [ -55.43485, -20.23132 ], [ -55.43456, -20.23129 ], [ -55.43385, -20.23024 ], [ -55.43355, -20.23019 ], [ -55.43379, -20.23052 ], [ -55.43384, -20.23096 ], [ -55.43462, -20.2323 ], [ -55.43449, -20.23306 ], [ -55.43432, -20.23341 ], [ -55.43398, -20.23337 ], [ -55.43391, -20.23285 ], [ -55.43372, -20.23281 ], [ -55.43278, -20.23443 ], [ -55.43255, -20.23436 ], [ -55.43249, -20.23398 ], [ -55.43294, -20.23336 ], [ -55.43268, -20.23284 ], [ -55.43332, -20.23191 ], [ -55.43333, -20.23136 ], [ -55.43317, -20.23117 ], [ -55.43278, -20.23109 ], [ -55.43241, -20.2322 ], [ -55.43209, -20.23195 ], [ -55.43209, -20.23134 ], [ -55.43249, -20.23068 ], [ -55.4323, -20.2303 ], [ -55.43166, -20.23029 ], [ -55.43141, -20.23012 ], [ -55.43142, -20.22951 ], [ -55.43077, -20.22938 ], [ -55.43078, -20.22915 ], [ -55.43008, -20.22885 ], [ -55.43019, -20.22803 ], [ -55.43066, -20.22768 ], [ -55.43037, -20.22739 ], [ -55.43003, -20.22741 ], [ -55.42897, -20.22994 ], [ -55.42893, -20.23124 ], [ -55.42795, -20.23332 ], [ -55.42592, -20.23237 ], [ -55.42426, -20.2333 ], [ -55.42366, -20.23417 ], [ -55.42247, -20.23428 ], [ -55.42191, -20.23372 ], [ -55.42291, -20.23294 ], [ -55.42791, -20.23055 ], [ -55.42828, -20.22879 ], [ -55.42855, -20.22596 ], [ -55.42772, -20.22388 ], [ -55.42636, -20.2228 ], [ -55.42453, -20.22326 ], [ -55.42427, -20.22303 ], [ -55.42455, -20.22178 ], [ -55.42326, -20.22077 ], [ -55.42379, -20.22037 ], [ -55.42523, -20.22056 ], [ -55.42572, -20.2194 ], [ -55.42546, -20.21802 ], [ -55.42555, -20.2169 ], [ -55.42071, -20.2182 ], [ -55.42082, -20.21932 ], [ -55.42043, -20.21951 ], [ -55.41916, -20.21862 ], [ -55.41641, -20.21914 ], [ -55.41729, -20.21983 ], [ -55.41707, -20.21994 ], [ -55.41722, -20.22038 ], [ -55.41563, -20.22097 ], [ -55.41488, -20.22151 ], [ -55.4149, -20.22389 ], [ -55.41597, -20.22406 ], [ -55.41807, -20.22552 ], [ -55.41808, -20.22662 ], [ -55.41689, -20.22677 ], [ -55.41591, -20.22613 ], [ -55.41578, -20.22678 ], [ -55.41529, -20.22718 ], [ -55.41454, -20.22691 ], [ -55.41392, -20.22848 ], [ -55.41546, -20.23046 ], [ -55.41567, -20.2327 ], [ -55.415, -20.23257 ], [ -55.4137, -20.23083 ], [ -55.40761, -20.21432 ], [ -55.40675, -20.21421 ], [ -55.40591, -20.21708 ], [ -55.40498, -20.21865 ], [ -55.40576, -20.22038 ], [ -55.40566, -20.22148 ], [ -55.40463, -20.22155 ], [ -55.40463, -20.2237 ], [ -55.40352, -20.22483 ], [ -55.40213, -20.22535 ], [ -55.40124, -20.22681 ], [ -55.39974, -20.22774 ], [ -55.39995, -20.22491 ], [ -55.40012, -20.22481 ], [ -55.40015, -20.22425 ], [ -55.39997, -20.22415 ], [ -55.40043, -20.22316 ], [ -55.40089, -20.22076 ], [ -55.40029, -20.21829 ], [ -55.39982, -20.21766 ], [ -55.3994, -20.21738 ], [ -55.39806, -20.2176 ], [ -55.39734, -20.21813 ], [ -55.39598, -20.22061 ], [ -55.39564, -20.2207 ], [ -55.39494, -20.22011 ], [ -55.39384, -20.21967 ], [ -55.39364, -20.21996 ], [ -55.39324, -20.22007 ], [ -55.39286, -20.21987 ], [ -55.39278, -20.21953 ], [ -55.39206, -20.21907 ], [ -55.39078, -20.21708 ], [ -55.39243, -20.21363 ], [ -55.39265, -20.21296 ], [ -55.39482, -20.21115 ], [ -55.39508, -20.21057 ], [ -55.39491, -20.20988 ], [ -55.39402, -20.20803 ], [ -55.39416, -20.20654 ], [ -55.39408, -20.20556 ], [ -55.39362, -20.20482 ], [ -55.39322, -20.20334 ], [ -55.39337, -20.20147 ], [ -55.39401, -20.20023 ], [ -55.39404, -20.19983 ], [ -55.39388, -20.19946 ], [ -55.39308, -20.19858 ], [ -55.39247, -20.19804 ], [ -55.3917, -20.19768 ], [ -55.39105, -20.19705 ], [ -55.39099, -20.19648 ], [ -55.39128, -20.196 ], [ -55.39113, -20.19544 ], [ -55.39131, -20.19505 ], [ -55.39121, -20.19431 ], [ -55.39066, -20.19258 ], [ -55.39118, -20.1921 ], [ -55.39181, -20.19204 ], [ -55.39193, -20.1923 ], [ -55.39261, -20.1922 ], [ -55.39287, -20.19194 ], [ -55.39376, -20.19164 ], [ -55.39435, -20.1911 ], [ -55.39482, -20.19108 ], [ -55.39512, -20.19144 ], [ -55.39553, -20.19155 ], [ -55.40013, -20.19071 ], [ -55.40347, -20.19004 ], [ -55.40431, -20.1897 ], [ -55.40441, -20.18932 ], [ -55.40488, -20.18908 ], [ -55.40509, -20.18915 ], [ -55.40532, -20.18956 ], [ -55.40592, -20.18962 ], [ -55.40605, -20.18943 ], [ -55.40574, -20.18885 ], [ -55.40575, -20.18808 ], [ -55.40605, -20.18695 ], [ -55.40645, -20.1869 ], [ -55.40685, -20.18717 ], [ -55.40703, -20.18686 ], [ -55.40679, -20.18511 ], [ -55.40591, -20.18523 ], [ -55.40564, -20.18455 ], [ -55.40433, -20.18407 ], [ -55.40442, -20.18363 ], [ -55.40522, -20.18399 ], [ -55.40605, -20.18377 ], [ -55.40623, -20.18349 ], [ -55.40612, -20.18276 ], [ -55.40537, -20.18259 ], [ -55.40456, -20.18287 ], [ -55.40365, -20.18246 ], [ -55.40391, -20.18119 ], [ -55.40497, -20.1811 ], [ -55.40641, -20.18212 ], [ -55.40799, -20.18203 ], [ -55.40939, -20.17932 ], [ -55.41227, -20.17704 ], [ -55.41272, -20.17622 ], [ -55.41268, -20.17589 ], [ -55.41333, -20.17507 ], [ -55.41344, -20.1738 ], [ -55.4165, -20.17381 ], [ -55.41712, -20.17335 ], [ -55.41757, -20.17377 ], [ -55.41866, -20.1743 ], [ -55.41908, -20.17405 ], [ -55.41955, -20.17332 ], [ -55.42033, -20.1736 ], [ -55.4205, -20.17339 ], [ -55.42177, -20.17428 ], [ -55.42284, -20.17531 ], [ -55.42294, -20.17654 ], [ -55.42192, -20.1777 ], [ -55.42219, -20.17802 ], [ -55.42207, -20.17847 ], [ -55.42155, -20.17886 ], [ -55.42187, -20.17912 ], [ -55.4221, -20.17899 ], [ -55.42347, -20.1798 ], [ -55.42323, -20.18015 ], [ -55.42282, -20.17997 ], [ -55.42225, -20.18064 ], [ -55.42244, -20.18086 ], [ -55.42201, -20.18167 ], [ -55.42249, -20.18254 ], [ -55.42516, -20.18481 ], [ -55.4261, -20.1845 ], [ -55.42665, -20.18391 ], [ -55.42736, -20.18389 ], [ -55.42785, -20.18465 ], [ -55.42797, -20.18548 ], [ -55.4278, -20.18691 ], [ -55.42831, -20.18937 ], [ -55.43087, -20.19128 ], [ -55.43163, -20.19105 ], [ -55.43221, -20.19134 ], [ -55.43236, -20.19155 ], [ -55.43233, -20.19238 ], [ -55.4327, -20.19277 ], [ -55.43252, -20.19288 ], [ -55.43261, -20.1932 ], [ -55.43349, -20.19394 ], [ -55.43443, -20.19429 ], [ -55.43412, -20.1951 ], [ -55.43423, -20.19525 ], [ -55.43452, -20.1953 ], [ -55.43517, -20.19502 ], [ -55.43549, -20.19508 ], [ -55.43568, -20.19536 ], [ -55.43551, -20.19631 ], [ -55.43642, -20.19699 ], [ -55.43738, -20.19689 ], [ -55.43884, -20.19717 ], [ -55.43994, -20.19773 ], [ -55.44379, -20.1986 ], [ -55.44467, -20.19911 ], [ -55.44642, -20.20081 ], [ -55.44696, -20.20114 ], [ -55.44747, -20.20291 ], [ -55.44877, -20.20442 ], [ -55.44908, -20.2046 ], [ -55.45074, -20.21326 ], [ -55.45101, -20.21368 ], [ -55.45084, -20.21438 ], [ -55.45109, -20.21489 ], [ -55.45243, -20.22209 ], [ -55.4457, -20.22322 ], [ -55.44417, -20.22184 ], [ -55.44474, -20.22029 ], [ -55.44202, -20.21444 ], [ -55.44002, -20.21504 ], [ -55.43571, -20.21497 ], [ -55.43334, -20.21302 ], [ -55.43327, -20.21205 ], [ -55.43276, -20.21074 ], [ -55.43153, -20.20899 ], [ -55.43037, -20.20898 ], [ -55.42942, -20.21059 ], [ -55.43161, -20.21225 ], [ -55.43085, -20.21317 ], [ -55.4296, -20.21356 ], [ -55.42902, -20.21533 ], [ -55.42901, -20.21611 ], [ -55.43069, -20.2171 ], [ -55.43238, -20.2186 ], [ -55.43252, -20.21926 ], [ -55.43182, -20.22022 ], [ -55.43252, -20.22063 ], [ -55.4322, -20.22125 ], [ -55.43243, -20.22204 ], [ -55.43383, -20.22331 ], [ -55.43443, -20.2229 ], [ -55.43503, -20.2235 ], [ -55.43532, -20.22351 ], [ -55.43541, -20.2258 ], [ -55.4357, -20.22671 ], [ -55.43718, -20.22675 ], [ -55.43634, -20.22738 ], [ -55.43576, -20.22732 ], [ -55.43546, -20.22803 ], [ -55.43578, -20.22882 ], [ -55.43613, -20.22915 ], [ -55.43635, -20.22912 ], [ -55.43665, -20.22972 ], [ -55.43606, -20.23007 ], [ -55.43679, -20.23127 ], [ -55.43774, -20.23239 ], [ -55.43817, -20.23336 ], [ -55.43787, -20.23418 ], [ -55.43745, -20.23422 ], [ -55.43654, -20.23377 ], [ -55.43637, -20.2335 ], [ -55.43475, -20.23388 ], [ -55.43465, -20.23299 ], [ -55.43505, -20.23225 ] ] ], [ [ [ -55.43631, -20.18915 ], [ -55.43581, -20.18877 ], [ -55.43569, -20.18772 ], [ -55.43695, -20.1854 ], [ -55.4376, -20.18524 ], [ -55.43819, -20.18674 ], [ -55.43794, -20.18813 ], [ -55.43664, -20.18855 ], [ -55.43631, -20.18915 ] ] ], [ [ [ -55.43077, -20.17438 ], [ -55.42982, -20.17409 ], [ -55.42843, -20.17419 ], [ -55.42839, -20.17399 ], [ -55.42892, -20.17369 ], [ -55.42914, -20.17331 ], [ -55.43097, -20.17269 ], [ -55.43157, -20.17299 ], [ -55.43276, -20.17272 ], [ -55.43373, -20.17312 ], [ -55.43377, -20.17277 ], [ -55.43693, -20.17503 ], [ -55.43673, -20.17512 ], [ -55.43845, -20.17665 ], [ -55.43825, -20.17792 ], [ -55.4377, -20.17892 ], [ -55.43727, -20.17887 ], [ -55.43671, -20.1774 ], [ -55.43654, -20.17745 ], [ -55.43639, -20.18009 ], [ -55.43705, -20.18248 ], [ -55.43699, -20.18273 ], [ -55.43739, -20.18361 ], [ -55.43733, -20.18483 ], [ -55.43685, -20.18491 ], [ -55.43652, -20.18287 ], [ -55.43627, -20.18241 ], [ -55.4355, -20.18177 ], [ -55.43505, -20.18177 ], [ -55.43486, -20.18151 ], [ -55.43492, -20.17934 ], [ -55.43569, -20.1785 ], [ -55.43575, -20.17742 ], [ -55.43564, -20.17703 ], [ -55.43517, -20.17667 ], [ -55.43501, -20.17592 ], [ -55.43519, -20.17535 ], [ -55.43511, -20.17471 ], [ -55.43455, -20.17421 ], [ -55.43422, -20.17443 ], [ -55.43356, -20.17382 ], [ -55.43113, -20.1739 ], [ -55.43112, -20.17412 ], [ -55.43077, -20.17438 ] ] ], [ [ [ -55.42285, -20.17331 ], [ -55.42312, -20.17391 ], [ -55.42265, -20.17427 ], [ -55.42206, -20.17434 ], [ -55.42057, -20.17328 ], [ -55.421, -20.17228 ], [ -55.42153, -20.17159 ], [ -55.42179, -20.17148 ], [ -55.42306, -20.17223 ], [ -55.42285, -20.17331 ] ] ], [ [ [ -55.38427, -20.31733 ], [ -55.38461, -20.3172 ], [ -55.3854, -20.31761 ], [ -55.38631, -20.31833 ], [ -55.38669, -20.31905 ], [ -55.38671, -20.31974 ], [ -55.38742, -20.32013 ], [ -55.38743, -20.32044 ], [ -55.3856, -20.3208 ], [ -55.38167, -20.31858 ], [ -55.38291, -20.31599 ], [ -55.38285, -20.31665 ], [ -55.38317, -20.31708 ], [ -55.38427, -20.31733 ] ] ], [ [ [ -55.38302, -20.31678 ], [ -55.38294, -20.31651 ], [ -55.38308, -20.316 ], [ -55.3837, -20.31587 ], [ -55.38446, -20.3151 ], [ -55.38478, -20.3141 ], [ -55.38449, -20.31372 ], [ -55.38528, -20.31341 ], [ -55.3862, -20.31408 ], [ -55.38706, -20.31419 ], [ -55.38694, -20.31444 ], [ -55.38626, -20.31443 ], [ -55.38651, -20.31576 ], [ -55.38692, -20.31577 ], [ -55.38705, -20.31453 ], [ -55.38722, -20.31425 ], [ -55.38798, -20.3144 ], [ -55.38847, -20.3142 ], [ -55.38861, -20.31371 ], [ -55.38901, -20.31336 ], [ -55.38886, -20.31301 ], [ -55.38916, -20.31263 ], [ -55.38994, -20.31269 ], [ -55.39113, -20.31334 ], [ -55.39368, -20.3116 ], [ -55.3939, -20.31121 ], [ -55.39415, -20.31116 ], [ -55.39405, -20.311 ], [ -55.39423, -20.31073 ], [ -55.39299, -20.31073 ], [ -55.39257, -20.31049 ], [ -55.39235, -20.30988 ], [ -55.39192, -20.30985 ], [ -55.39144, -20.30946 ], [ -55.3914, -20.30902 ], [ -55.39186, -20.30841 ], [ -55.39225, -20.30819 ], [ -55.39318, -20.30825 ], [ -55.39465, -20.30924 ], [ -55.39503, -20.30924 ], [ -55.39498, -20.30991 ], [ -55.39512, -20.31049 ], [ -55.39439, -20.31099 ], [ -55.39622, -20.31039 ], [ -55.39663, -20.3104 ], [ -55.39698, -20.31008 ], [ -55.39729, -20.3103 ], [ -55.3974, -20.3108 ], [ -55.39775, -20.31099 ], [ -55.39752, -20.3115 ], [ -55.39774, -20.31196 ], [ -55.39854, -20.31283 ], [ -55.39832, -20.31299 ], [ -55.39891, -20.31341 ], [ -55.39966, -20.31473 ], [ -55.4004, -20.31511 ], [ -55.40047, -20.31645 ], [ -55.40107, -20.31761 ], [ -55.40094, -20.31774 ], [ -55.40119, -20.31833 ], [ -55.40144, -20.31853 ], [ -55.40168, -20.31842 ], [ -55.40285, -20.31922 ], [ -55.40184, -20.32066 ], [ -55.40091, -20.32002 ], [ -55.40042, -20.31997 ], [ -55.40006, -20.31957 ], [ -55.39873, -20.31686 ], [ -55.39846, -20.3169 ], [ -55.39717, -20.31826 ], [ -55.39631, -20.31843 ], [ -55.39532, -20.3183 ], [ -55.39335, -20.31867 ], [ -55.39282, -20.31987 ], [ -55.38885, -20.31828 ], [ -55.38744, -20.32007 ], [ -55.38682, -20.31971 ], [ -55.38676, -20.31902 ], [ -55.38636, -20.31829 ], [ -55.38594, -20.31789 ], [ -55.38456, -20.31705 ], [ -55.38423, -20.31724 ], [ -55.38329, -20.31702 ], [ -55.38302, -20.31678 ] ] ], [ [ [ -55.38357, -20.30428 ], [ -55.38408, -20.3042 ], [ -55.38449, -20.30382 ], [ -55.38504, -20.30288 ], [ -55.38688, -20.30212 ], [ -55.38723, -20.30252 ], [ -55.38796, -20.30233 ], [ -55.38769, -20.30178 ], [ -55.38759, -20.30027 ], [ -55.38775, -20.3003 ], [ -55.38798, -20.3002 ], [ -55.38824, -20.30074 ], [ -55.3903, -20.30199 ], [ -55.39133, -20.30211 ], [ -55.39143, -20.30231 ], [ -55.39242, -20.30205 ], [ -55.39223, -20.30074 ], [ -55.39272, -20.30057 ], [ -55.39288, -20.30253 ], [ -55.39264, -20.30285 ], [ -55.39315, -20.30444 ], [ -55.39238, -20.30445 ], [ -55.3916, -20.30477 ], [ -55.39088, -20.30514 ], [ -55.3905, -20.30555 ], [ -55.39004, -20.30556 ], [ -55.38953, -20.30528 ], [ -55.38896, -20.30464 ], [ -55.38862, -20.30457 ], [ -55.38826, -20.30483 ], [ -55.39048, -20.30616 ], [ -55.3905, -20.30657 ], [ -55.39019, -20.30711 ], [ -55.39, -20.30838 ], [ -55.39013, -20.30857 ], [ -55.39004, -20.31115 ], [ -55.38861, -20.31247 ], [ -55.38867, -20.31282 ], [ -55.38834, -20.31311 ], [ -55.38779, -20.31324 ], [ -55.38678, -20.31315 ], [ -55.3863, -20.31289 ], [ -55.38577, -20.31286 ], [ -55.38521, -20.31296 ], [ -55.38526, -20.31335 ], [ -55.38483, -20.31341 ], [ -55.38444, -20.3137 ], [ -55.38298, -20.31292 ], [ -55.38221, -20.3128 ], [ -55.382, -20.31292 ], [ -55.382, -20.3131 ], [ -55.38168, -20.31318 ], [ -55.38165, -20.31286 ], [ -55.38132, -20.31249 ], [ -55.38084, -20.31234 ], [ -55.38049, -20.31267 ], [ -55.38036, -20.31259 ], [ -55.38054, -20.31219 ], [ -55.37918, -20.31131 ], [ -55.37861, -20.31141 ], [ -55.3778, -20.31072 ], [ -55.37746, -20.31023 ], [ -55.37703, -20.31041 ], [ -55.37691, -20.31011 ], [ -55.37671, -20.31004 ], [ -55.37712, -20.31005 ], [ -55.37718, -20.30991 ], [ -55.37648, -20.30922 ], [ -55.37623, -20.30847 ], [ -55.3771, -20.3082 ], [ -55.37724, -20.30821 ], [ -55.37776, -20.30962 ], [ -55.37949, -20.31003 ], [ -55.38091, -20.31102 ], [ -55.38215, -20.31096 ], [ -55.38613, -20.31032 ], [ -55.38608, -20.31013 ], [ -55.38568, -20.30995 ], [ -55.38472, -20.31008 ], [ -55.38467, -20.3103 ], [ -55.38424, -20.31035 ], [ -55.38418, -20.31014 ], [ -55.384, -20.31011 ], [ -55.38407, -20.30984 ], [ -55.38389, -20.30952 ], [ -55.3818, -20.30803 ], [ -55.38187, -20.30721 ], [ -55.3818, -20.30668 ], [ -55.38105, -20.30632 ], [ -55.38089, -20.30586 ], [ -55.38155, -20.3057 ], [ -55.38357, -20.30428 ] ] ], [ [ [ -55.37983, -20.30767 ], [ -55.37756, -20.30751 ], [ -55.37754, -20.30723 ], [ -55.37715, -20.30729 ], [ -55.37699, -20.30748 ], [ -55.37717, -20.30816 ], [ -55.37621, -20.30842 ], [ -55.37608, -20.30817 ], [ -55.37572, -20.30838 ], [ -55.37461, -20.30785 ], [ -55.3742, -20.30734 ], [ -55.37355, -20.30698 ], [ -55.37181, -20.30704 ], [ -55.371, -20.30687 ], [ -55.36928, -20.30811 ], [ -55.3691, -20.30849 ], [ -55.36936, -20.30874 ], [ -55.36933, -20.30908 ], [ -55.36954, -20.30916 ], [ -55.36934, -20.30937 ], [ -55.36888, -20.30923 ], [ -55.36757, -20.30802 ], [ -55.36701, -20.3078 ], [ -55.36677, -20.30789 ], [ -55.36683, -20.31038 ], [ -55.3666, -20.31079 ], [ -55.3656, -20.31188 ], [ -55.36507, -20.31104 ], [ -55.36539, -20.30996 ], [ -55.36533, -20.30942 ], [ -55.36562, -20.30904 ], [ -55.36549, -20.30868 ], [ -55.36529, -20.30866 ], [ -55.36568, -20.30721 ], [ -55.36609, -20.30682 ], [ -55.36692, -20.30515 ], [ -55.36746, -20.30492 ], [ -55.36768, -20.30407 ], [ -55.36822, -20.30383 ], [ -55.36889, -20.30414 ], [ -55.36932, -20.30492 ], [ -55.36885, -20.3053 ], [ -55.36942, -20.30597 ], [ -55.36982, -20.30605 ], [ -55.37085, -20.30599 ], [ -55.37312, -20.30453 ], [ -55.37422, -20.304 ], [ -55.37507, -20.30312 ], [ -55.3754, -20.3031 ], [ -55.37583, -20.30362 ], [ -55.37582, -20.30409 ], [ -55.3769, -20.30385 ], [ -55.3776, -20.30347 ], [ -55.37777, -20.30311 ], [ -55.37728, -20.30237 ], [ -55.37889, -20.30167 ], [ -55.37984, -20.29959 ], [ -55.37807, -20.2987 ], [ -55.37761, -20.29825 ], [ -55.37775, -20.29668 ], [ -55.37795, -20.29653 ], [ -55.37965, -20.29605 ], [ -55.37986, -20.29616 ], [ -55.38006, -20.29658 ], [ -55.38009, -20.29886 ], [ -55.38084, -20.29996 ], [ -55.3809, -20.30093 ], [ -55.38115, -20.30116 ], [ -55.38212, -20.30095 ], [ -55.38321, -20.29916 ], [ -55.38421, -20.29921 ], [ -55.38457, -20.29879 ], [ -55.38566, -20.29846 ], [ -55.38581, -20.29818 ], [ -55.38688, -20.29796 ], [ -55.38721, -20.29805 ], [ -55.38758, -20.29839 ], [ -55.38822, -20.29755 ], [ -55.38879, -20.29716 ], [ -55.38942, -20.29702 ], [ -55.39061, -20.29693 ], [ -55.39169, -20.29776 ], [ -55.39197, -20.29866 ], [ -55.39232, -20.29877 ], [ -55.393, -20.29955 ], [ -55.3933, -20.2995 ], [ -55.39368, -20.29983 ], [ -55.3933, -20.29979 ], [ -55.39304, -20.30018 ], [ -55.39242, -20.30042 ], [ -55.39228, -20.30026 ], [ -55.39247, -20.29991 ], [ -55.39227, -20.2993 ], [ -55.39172, -20.29934 ], [ -55.39189, -20.29907 ], [ -55.39165, -20.29888 ], [ -55.39131, -20.29814 ], [ -55.38751, -20.29914 ], [ -55.38796, -20.30016 ], [ -55.38775, -20.30026 ], [ -55.38759, -20.30023 ], [ -55.38726, -20.29952 ], [ -55.387, -20.29928 ], [ -55.38583, -20.29913 ], [ -55.38479, -20.2993 ], [ -55.38465, -20.29948 ], [ -55.38501, -20.29997 ], [ -55.3843, -20.30027 ], [ -55.38377, -20.30017 ], [ -55.38269, -20.3018 ], [ -55.38213, -20.30212 ], [ -55.38151, -20.30296 ], [ -55.38048, -20.30342 ], [ -55.38034, -20.30376 ], [ -55.38037, -20.30419 ], [ -55.38052, -20.30425 ], [ -55.38049, -20.30478 ], [ -55.38078, -20.30502 ], [ -55.38077, -20.30523 ], [ -55.38046, -20.3051 ], [ -55.38045, -20.30569 ], [ -55.3808, -20.30586 ], [ -55.38098, -20.30636 ], [ -55.38173, -20.30672 ], [ -55.38174, -20.30801 ], [ -55.38112, -20.30797 ], [ -55.38088, -20.30813 ], [ -55.37983, -20.30767 ] ] ], [ [ [ -55.39713, -20.29023 ], [ -55.39692, -20.29023 ], [ -55.39646, -20.29063 ], [ -55.3962, -20.29147 ], [ -55.39521, -20.29186 ], [ -55.395, -20.29255 ], [ -55.39517, -20.29291 ], [ -55.39593, -20.2927 ], [ -55.39666, -20.29278 ], [ -55.39685, -20.2925 ], [ -55.3974, -20.29259 ], [ -55.39733, -20.29282 ], [ -55.39747, -20.29286 ], [ -55.39712, -20.29319 ], [ -55.39657, -20.29298 ], [ -55.39564, -20.29311 ], [ -55.39556, -20.29348 ], [ -55.39638, -20.29373 ], [ -55.39646, -20.29399 ], [ -55.396, -20.29402 ], [ -55.39533, -20.29332 ], [ -55.395, -20.29339 ], [ -55.39475, -20.29315 ], [ -55.39333, -20.29397 ], [ -55.39303, -20.2938 ], [ -55.39254, -20.29383 ], [ -55.39235, -20.29404 ], [ -55.39208, -20.29392 ], [ -55.39129, -20.29422 ], [ -55.39104, -20.29516 ], [ -55.39066, -20.29564 ], [ -55.39087, -20.29584 ], [ -55.3906, -20.29687 ], [ -55.3895, -20.29696 ], [ -55.39004, -20.29632 ], [ -55.39005, -20.29583 ], [ -55.39062, -20.29507 ], [ -55.3906, -20.29468 ], [ -55.391, -20.29437 ], [ -55.39109, -20.2937 ], [ -55.39071, -20.29333 ], [ -55.39076, -20.29286 ], [ -55.39059, -20.29236 ], [ -55.39092, -20.29223 ], [ -55.39125, -20.29247 ], [ -55.39113, -20.29291 ], [ -55.3908, -20.2931 ], [ -55.39088, -20.29334 ], [ -55.39123, -20.2935 ], [ -55.39163, -20.29332 ], [ -55.39247, -20.29359 ], [ -55.39268, -20.29343 ], [ -55.39316, -20.29349 ], [ -55.39387, -20.29321 ], [ -55.39393, -20.292 ], [ -55.39416, -20.29197 ], [ -55.39446, -20.29148 ], [ -55.39438, -20.29063 ], [ -55.39455, -20.2905 ], [ -55.39474, -20.29064 ], [ -55.39484, -20.29121 ], [ -55.395, -20.29137 ], [ -55.39511, -20.29131 ], [ -55.39544, -20.29077 ], [ -55.39526, -20.29009 ], [ -55.39545, -20.28967 ], [ -55.39532, -20.28904 ], [ -55.39512, -20.28904 ], [ -55.39515, -20.28852 ], [ -55.39555, -20.28823 ], [ -55.396, -20.28667 ], [ -55.39615, -20.28666 ], [ -55.3964, -20.28717 ], [ -55.39777, -20.28784 ], [ -55.39747, -20.2887 ], [ -55.39772, -20.28896 ], [ -55.39779, -20.28934 ], [ -55.3976, -20.2896 ], [ -55.39713, -20.28979 ], [ -55.39713, -20.29023 ] ] ], [ [ [ -55.40448, -20.29149 ], [ -55.40461, -20.29142 ], [ -55.4048, -20.29168 ], [ -55.40459, -20.29195 ], [ -55.40541, -20.29259 ], [ -55.40536, -20.29284 ], [ -55.4065, -20.29304 ], [ -55.40697, -20.29327 ], [ -55.407, -20.29345 ], [ -55.40674, -20.29364 ], [ -55.40576, -20.29331 ], [ -55.40473, -20.294 ], [ -55.40418, -20.29483 ], [ -55.40362, -20.29531 ], [ -55.40254, -20.29522 ], [ -55.40236, -20.29507 ], [ -55.40179, -20.29522 ], [ -55.40132, -20.29484 ], [ -55.40021, -20.2948 ], [ -55.39921, -20.29454 ], [ -55.39941, -20.29421 ], [ -55.39903, -20.29383 ], [ -55.39966, -20.29366 ], [ -55.40107, -20.29402 ], [ -55.40183, -20.29467 ], [ -55.40226, -20.29455 ], [ -55.4031, -20.29467 ], [ -55.40317, -20.29455 ], [ -55.40284, -20.2941 ], [ -55.40345, -20.29423 ], [ -55.40369, -20.29395 ], [ -55.40291, -20.29354 ], [ -55.40361, -20.29339 ], [ -55.40415, -20.29361 ], [ -55.40519, -20.29323 ], [ -55.40508, -20.29262 ], [ -55.40425, -20.29222 ], [ -55.40241, -20.29222 ], [ -55.40187, -20.29245 ], [ -55.40178, -20.29299 ], [ -55.40149, -20.29271 ], [ -55.40096, -20.29254 ], [ -55.40092, -20.29232 ], [ -55.40054, -20.29229 ], [ -55.40033, -20.29265 ], [ -55.3994, -20.29305 ], [ -55.39936, -20.29269 ], [ -55.39995, -20.29247 ], [ -55.39994, -20.29197 ], [ -55.40023, -20.29169 ], [ -55.39906, -20.29156 ], [ -55.39916, -20.29106 ], [ -55.39874, -20.29046 ], [ -55.39928, -20.28989 ], [ -55.39954, -20.29039 ], [ -55.40019, -20.29099 ], [ -55.40036, -20.29043 ], [ -55.40062, -20.2905 ], [ -55.40062, -20.29065 ], [ -55.4011, -20.29063 ], [ -55.4009, -20.29016 ], [ -55.40029, -20.28951 ], [ -55.39916, -20.28926 ], [ -55.39894, -20.28829 ], [ -55.39903, -20.28786 ], [ -55.39869, -20.28786 ], [ -55.39862, -20.28754 ], [ -55.39813, -20.28753 ], [ -55.39818, -20.28705 ], [ -55.39843, -20.2869 ], [ -55.39831, -20.28656 ], [ -55.3987, -20.28632 ], [ -55.39935, -20.28625 ], [ -55.39965, -20.28599 ], [ -55.39962, -20.28629 ], [ -55.39988, -20.28587 ], [ -55.39983, -20.28563 ], [ -55.40014, -20.28554 ], [ -55.40052, -20.28575 ], [ -55.40067, -20.28606 ], [ -55.40094, -20.28684 ], [ -55.4007, -20.28705 ], [ -55.40087, -20.28754 ], [ -55.4012, -20.28731 ], [ -55.40135, -20.28774 ], [ -55.40173, -20.288 ], [ -55.40141, -20.28829 ], [ -55.40147, -20.289 ], [ -55.40211, -20.28845 ], [ -55.40381, -20.28819 ], [ -55.40395, -20.28881 ], [ -55.4045, -20.289 ], [ -55.40434, -20.29035 ], [ -55.40513, -20.29129 ], [ -55.40502, -20.29151 ], [ -55.40412, -20.29107 ], [ -55.40406, -20.29117 ], [ -55.40448, -20.29149 ] ] ], [ [ [ -55.38469, -20.28672 ], [ -55.38457, -20.28636 ], [ -55.38471, -20.28625 ], [ -55.38522, -20.28652 ], [ -55.38573, -20.28734 ], [ -55.3863, -20.28778 ], [ -55.38658, -20.28881 ], [ -55.3869, -20.2888 ], [ -55.3869, -20.28964 ], [ -55.3861, -20.28924 ], [ -55.38585, -20.28929 ], [ -55.38552, -20.28996 ], [ -55.3849, -20.28967 ], [ -55.38337, -20.2884 ], [ -55.38352, -20.28779 ], [ -55.38421, -20.28768 ], [ -55.38469, -20.28672 ] ] ], [ [ [ -55.40458, -20.28695 ], [ -55.40451, -20.28711 ], [ -55.40408, -20.28699 ], [ -55.40422, -20.28666 ], [ -55.40351, -20.28595 ], [ -55.40352, -20.28547 ], [ -55.40322, -20.28505 ], [ -55.40216, -20.28519 ], [ -55.40177, -20.28496 ], [ -55.40173, -20.28466 ], [ -55.40281, -20.28463 ], [ -55.40279, -20.28408 ], [ -55.4035, -20.28426 ], [ -55.40359, -20.28452 ], [ -55.40416, -20.28377 ], [ -55.40452, -20.28375 ], [ -55.40469, -20.28414 ], [ -55.40429, -20.28475 ], [ -55.40451, -20.28505 ], [ -55.40556, -20.2854 ], [ -55.40565, -20.28616 ], [ -55.40632, -20.28623 ], [ -55.40691, -20.28586 ], [ -55.40711, -20.28656 ], [ -55.40755, -20.28705 ], [ -55.40757, -20.2873 ], [ -55.4086, -20.28776 ], [ -55.40858, -20.28805 ], [ -55.40787, -20.28833 ], [ -55.40772, -20.28825 ], [ -55.4078, -20.28809 ], [ -55.40733, -20.28805 ], [ -55.40724, -20.28786 ], [ -55.40663, -20.28809 ], [ -55.40654, -20.28761 ], [ -55.40581, -20.28749 ], [ -55.40555, -20.2871 ], [ -55.40474, -20.28804 ], [ -55.40443, -20.28806 ], [ -55.40423, -20.28791 ], [ -55.40438, -20.28742 ], [ -55.40476, -20.28709 ], [ -55.40458, -20.28695 ] ] ], [ [ [ -55.3898, -20.28586 ], [ -55.38949, -20.28582 ], [ -55.38913, -20.28555 ], [ -55.38863, -20.28563 ], [ -55.38895, -20.28614 ], [ -55.38905, -20.28686 ], [ -55.38929, -20.28735 ], [ -55.38875, -20.28665 ], [ -55.38842, -20.28657 ], [ -55.3884, -20.28605 ], [ -55.38795, -20.28602 ], [ -55.38758, -20.28573 ], [ -55.38703, -20.28474 ], [ -55.38673, -20.28487 ], [ -55.38663, -20.28452 ], [ -55.38699, -20.28404 ], [ -55.3873, -20.28415 ], [ -55.38727, -20.28469 ], [ -55.38774, -20.2853 ], [ -55.3879, -20.2852 ], [ -55.38795, -20.28464 ], [ -55.3883, -20.28461 ], [ -55.38859, -20.28487 ], [ -55.38879, -20.28478 ], [ -55.38873, -20.28437 ], [ -55.38929, -20.28374 ], [ -55.38938, -20.28314 ], [ -55.38964, -20.28292 ], [ -55.38987, -20.28295 ], [ -55.39048, -20.28152 ], [ -55.39064, -20.28138 ], [ -55.39133, -20.28232 ], [ -55.39199, -20.28217 ], [ -55.39221, -20.28159 ], [ -55.39245, -20.28151 ], [ -55.39267, -20.28164 ], [ -55.39251, -20.28198 ], [ -55.39258, -20.28238 ], [ -55.3924, -20.28265 ], [ -55.39239, -20.28319 ], [ -55.39166, -20.28315 ], [ -55.39149, -20.28375 ], [ -55.39167, -20.28409 ], [ -55.39089, -20.28466 ], [ -55.39011, -20.28614 ], [ -55.38986, -20.28612 ], [ -55.3898, -20.28586 ] ] ], [ [ [ -55.40508, -20.27932 ], [ -55.40584, -20.27852 ], [ -55.40553, -20.27774 ], [ -55.40411, -20.27661 ], [ -55.40344, -20.27662 ], [ -55.403, -20.27692 ], [ -55.40235, -20.27858 ], [ -55.40248, -20.27936 ], [ -55.40223, -20.28043 ], [ -55.4007, -20.2812 ], [ -55.4004, -20.28119 ], [ -55.40011, -20.2809 ], [ -55.39998, -20.28032 ], [ -55.39924, -20.27976 ], [ -55.39745, -20.27979 ], [ -55.39629, -20.27922 ], [ -55.39498, -20.28046 ], [ -55.39417, -20.28071 ], [ -55.39418, -20.27991 ], [ -55.39547, -20.27779 ], [ -55.3948, -20.27726 ], [ -55.39505, -20.2763 ], [ -55.39491, -20.27567 ], [ -55.39377, -20.27559 ], [ -55.39363, -20.27532 ], [ -55.39186, -20.27442 ], [ -55.39084, -20.27455 ], [ -55.39028, -20.27482 ], [ -55.38935, -20.27604 ], [ -55.38747, -20.2767 ], [ -55.38627, -20.27683 ], [ -55.38627, -20.27549 ], [ -55.38539, -20.27543 ], [ -55.38576, -20.27526 ], [ -55.38647, -20.27528 ], [ -55.38656, -20.27558 ], [ -55.38678, -20.27566 ], [ -55.38698, -20.27562 ], [ -55.3869, -20.27528 ], [ -55.38812, -20.27534 ], [ -55.38815, -20.27558 ], [ -55.38858, -20.27561 ], [ -55.3892, -20.27419 ], [ -55.38907, -20.26856 ], [ -55.38947, -20.26883 ], [ -55.38956, -20.26934 ], [ -55.39188, -20.27199 ], [ -55.39229, -20.27265 ], [ -55.39344, -20.27276 ], [ -55.39398, -20.27317 ], [ -55.39507, -20.27319 ], [ -55.39606, -20.27361 ], [ -55.39652, -20.27277 ], [ -55.39723, -20.2723 ], [ -55.39812, -20.27268 ], [ -55.39843, -20.27324 ], [ -55.3988, -20.27337 ], [ -55.40021, -20.27292 ], [ -55.40074, -20.27291 ], [ -55.40117, -20.27354 ], [ -55.40121, -20.27422 ], [ -55.40319, -20.27399 ], [ -55.40365, -20.27433 ], [ -55.40571, -20.27434 ], [ -55.40575, -20.27456 ], [ -55.40613, -20.27486 ], [ -55.40645, -20.27439 ], [ -55.40682, -20.27428 ], [ -55.40715, -20.27442 ], [ -55.40724, -20.27505 ], [ -55.40702, -20.2754 ], [ -55.40725, -20.27555 ], [ -55.40776, -20.27536 ], [ -55.40849, -20.27437 ], [ -55.40874, -20.27429 ], [ -55.4091, -20.2743 ], [ -55.41067, -20.27514 ], [ -55.40934, -20.27787 ], [ -55.40923, -20.27841 ], [ -55.40983, -20.27901 ], [ -55.40955, -20.28011 ], [ -55.41032, -20.28171 ], [ -55.41011, -20.28212 ], [ -55.40953, -20.28232 ], [ -55.40891, -20.28196 ], [ -55.40856, -20.28119 ], [ -55.40855, -20.28004 ], [ -55.40801, -20.27931 ], [ -55.40733, -20.27953 ], [ -55.40681, -20.28046 ], [ -55.40665, -20.28167 ], [ -55.40642, -20.28195 ], [ -55.40618, -20.28177 ], [ -55.40616, -20.28129 ], [ -55.4049, -20.27975 ], [ -55.40508, -20.27932 ] ] ], [ [ [ -55.35646, -20.30192 ], [ -55.35791, -20.30133 ], [ -55.35769, -20.30191 ], [ -55.35788, -20.30218 ], [ -55.35831, -20.30239 ], [ -55.35889, -20.30233 ], [ -55.35981, -20.30254 ], [ -55.36022, -20.30232 ], [ -55.36035, -20.302 ], [ -55.36089, -20.30199 ], [ -55.36106, -20.30142 ], [ -55.36072, -20.30087 ], [ -55.36094, -20.30077 ], [ -55.36362, -20.30036 ], [ -55.36486, -20.30036 ], [ -55.36537, -20.30017 ], [ -55.36558, -20.29992 ], [ -55.36653, -20.29998 ], [ -55.36662, -20.3002 ], [ -55.36731, -20.30006 ], [ -55.3675, -20.30015 ], [ -55.36748, -20.30042 ], [ -55.36728, -20.30057 ], [ -55.36671, -20.30069 ], [ -55.36697, -20.30128 ], [ -55.3658, -20.30214 ], [ -55.3654, -20.3028 ], [ -55.36584, -20.30307 ], [ -55.36587, -20.30374 ], [ -55.36577, -20.30408 ], [ -55.36539, -20.30436 ], [ -55.36566, -20.30453 ], [ -55.36536, -20.30493 ], [ -55.36642, -20.30586 ], [ -55.36604, -20.30679 ], [ -55.36572, -20.30713 ], [ -55.36318, -20.30595 ], [ -55.3627, -20.30582 ], [ -55.36241, -20.30616 ], [ -55.36099, -20.3055 ], [ -55.36079, -20.3053 ], [ -55.36107, -20.30476 ], [ -55.36107, -20.30443 ], [ -55.36084, -20.3043 ], [ -55.35978, -20.30427 ], [ -55.35785, -20.30521 ], [ -55.35654, -20.30464 ], [ -55.35614, -20.30519 ], [ -55.35656, -20.30588 ], [ -55.35652, -20.30626 ], [ -55.35634, -20.30643 ], [ -55.35577, -20.30556 ], [ -55.35553, -20.30552 ], [ -55.35475, -20.30602 ], [ -55.35517, -20.30668 ], [ -55.35462, -20.30793 ], [ -55.35394, -20.30828 ], [ -55.35332, -20.30933 ], [ -55.35367, -20.30976 ], [ -55.3536, -20.31021 ], [ -55.3525, -20.31039 ], [ -55.35073, -20.3078 ], [ -55.35103, -20.30741 ], [ -55.35196, -20.30683 ], [ -55.35176, -20.30663 ], [ -55.35213, -20.30635 ], [ -55.35193, -20.30607 ], [ -55.35221, -20.30552 ], [ -55.35183, -20.30549 ], [ -55.35206, -20.30513 ], [ -55.35188, -20.30438 ], [ -55.3522, -20.30402 ], [ -55.35204, -20.3037 ], [ -55.35224, -20.3033 ], [ -55.35228, -20.30259 ], [ -55.35208, -20.3025 ], [ -55.35219, -20.30235 ], [ -55.35206, -20.30211 ], [ -55.35213, -20.30157 ], [ -55.35245, -20.30138 ], [ -55.35241, -20.30092 ], [ -55.35257, -20.30097 ], [ -55.35252, -20.30077 ], [ -55.35271, -20.3007 ], [ -55.35245, -20.30041 ], [ -55.35269, -20.30051 ], [ -55.35294, -20.29991 ], [ -55.3528, -20.29993 ], [ -55.35285, -20.29972 ], [ -55.35255, -20.29952 ], [ -55.35272, -20.29936 ], [ -55.35244, -20.29925 ], [ -55.35267, -20.29888 ], [ -55.35202, -20.29853 ], [ -55.3522, -20.29837 ], [ -55.35201, -20.29835 ], [ -55.35234, -20.29807 ], [ -55.35247, -20.29827 ], [ -55.35273, -20.29797 ], [ -55.35306, -20.29797 ], [ -55.35298, -20.29778 ], [ -55.35274, -20.29778 ], [ -55.35381, -20.29711 ], [ -55.35387, -20.29687 ], [ -55.35367, -20.29674 ], [ -55.35371, -20.29659 ], [ -55.35397, -20.2965 ], [ -55.35401, -20.29674 ], [ -55.35436, -20.29667 ], [ -55.35432, -20.29639 ], [ -55.35453, -20.29647 ], [ -55.3543, -20.29631 ], [ -55.35544, -20.29648 ], [ -55.35551, -20.29607 ], [ -55.35517, -20.29582 ], [ -55.35531, -20.29568 ], [ -55.35557, -20.29574 ], [ -55.35562, -20.29559 ], [ -55.35509, -20.29528 ], [ -55.35518, -20.29503 ], [ -55.35482, -20.2949 ], [ -55.35494, -20.29471 ], [ -55.35533, -20.29477 ], [ -55.35533, -20.29433 ], [ -55.35549, -20.29411 ], [ -55.35578, -20.2944 ], [ -55.35628, -20.29452 ], [ -55.35657, -20.2938 ], [ -55.3563, -20.29371 ], [ -55.3564, -20.29346 ], [ -55.35616, -20.29338 ], [ -55.35709, -20.29212 ], [ -55.35736, -20.29198 ], [ -55.35711, -20.2919 ], [ -55.35724, -20.29163 ], [ -55.35742, -20.29162 ], [ -55.35718, -20.29123 ], [ -55.35737, -20.29104 ], [ -55.35774, -20.29098 ], [ -55.35789, -20.2912 ], [ -55.358, -20.29093 ], [ -55.35843, -20.29105 ], [ -55.35873, -20.29095 ], [ -55.35879, -20.29131 ], [ -55.35911, -20.29102 ], [ -55.35902, -20.29073 ], [ -55.35957, -20.2907 ], [ -55.35944, -20.29054 ], [ -55.35951, -20.29018 ], [ -55.36012, -20.29055 ], [ -55.36018, -20.29074 ], [ -55.36061, -20.29059 ], [ -55.36093, -20.29036 ], [ -55.36083, -20.29014 ], [ -55.36144, -20.29009 ], [ -55.36224, -20.28908 ], [ -55.36321, -20.28835 ], [ -55.36309, -20.28806 ], [ -55.36282, -20.28804 ], [ -55.36345, -20.28721 ], [ -55.3632, -20.28687 ], [ -55.3634, -20.28681 ], [ -55.36334, -20.28641 ], [ -55.36367, -20.28624 ], [ -55.36344, -20.28607 ], [ -55.36431, -20.28563 ], [ -55.36434, -20.28538 ], [ -55.3647, -20.28527 ], [ -55.36446, -20.28514 ], [ -55.36476, -20.28495 ], [ -55.36454, -20.28487 ], [ -55.36494, -20.28481 ], [ -55.3652, -20.28446 ], [ -55.36464, -20.28433 ], [ -55.36361, -20.28343 ], [ -55.36318, -20.2833 ], [ -55.36314, -20.28285 ], [ -55.36289, -20.28285 ], [ -55.36223, -20.2822 ], [ -55.36257, -20.28174 ], [ -55.36273, -20.28113 ], [ -55.36229, -20.28116 ], [ -55.3624, -20.28074 ], [ -55.36204, -20.28057 ], [ -55.3621, -20.27989 ], [ -55.36171, -20.27913 ], [ -55.36188, -20.27818 ], [ -55.36138, -20.27721 ], [ -55.36152, -20.27677 ], [ -55.36141, -20.27641 ], [ -55.36106, -20.27634 ], [ -55.3614, -20.27572 ], [ -55.36115, -20.27557 ], [ -55.36142, -20.27531 ], [ -55.36105, -20.27508 ], [ -55.36056, -20.27508 ], [ -55.3607, -20.27479 ], [ -55.36025, -20.27456 ], [ -55.36056, -20.27412 ], [ -55.36015, -20.27406 ], [ -55.36048, -20.27377 ], [ -55.35989, -20.27347 ], [ -55.36007, -20.27303 ], [ -55.35964, -20.27286 ], [ -55.35979, -20.27257 ], [ -55.35901, -20.2727 ], [ -55.35922, -20.27259 ], [ -55.35907, -20.27215 ], [ -55.35916, -20.27184 ], [ -55.35896, -20.27184 ], [ -55.35901, -20.2715 ], [ -55.35928, -20.27139 ], [ -55.35909, -20.27105 ], [ -55.35948, -20.2708 ], [ -55.35945, -20.27065 ], [ -55.35913, -20.27065 ], [ -55.35914, -20.27005 ], [ -55.35887, -20.26996 ], [ -55.35893, -20.26962 ], [ -55.35852, -20.26943 ], [ -55.35845, -20.2693 ], [ -55.35861, -20.26915 ], [ -55.35823, -20.26902 ], [ -55.3584, -20.26837 ], [ -55.35856, -20.26833 ], [ -55.35823, -20.26793 ], [ -55.35838, -20.26773 ], [ -55.35841, -20.26707 ], [ -55.3582, -20.2669 ], [ -55.35839, -20.26683 ], [ -55.35816, -20.26646 ], [ -55.3578, -20.26635 ], [ -55.35751, -20.26586 ], [ -55.35669, -20.26541 ], [ -55.35601, -20.26445 ], [ -55.35602, -20.26375 ], [ -55.35636, -20.26363 ], [ -55.35601, -20.26302 ], [ -55.35628, -20.2627 ], [ -55.35573, -20.26235 ], [ -55.35579, -20.26185 ], [ -55.35496, -20.2612 ], [ -55.35486, -20.2608 ], [ -55.35318, -20.25991 ], [ -55.35304, -20.2597 ], [ -55.35319, -20.25968 ], [ -55.35325, -20.2587 ], [ -55.3535, -20.25869 ], [ -55.35338, -20.25842 ], [ -55.35365, -20.25825 ], [ -55.35369, -20.25804 ], [ -55.35329, -20.2576 ], [ -55.35344, -20.25759 ], [ -55.35329, -20.25749 ], [ -55.35339, -20.25697 ], [ -55.35327, -20.25687 ], [ -55.35345, -20.25683 ], [ -55.35326, -20.25659 ], [ -55.35339, -20.25659 ], [ -55.35319, -20.25649 ], [ -55.35316, -20.25621 ], [ -55.34957, -20.25277 ], [ -55.35481, -20.25021 ], [ -55.35622, -20.24922 ], [ -55.35799, -20.24647 ], [ -55.36013, -20.24353 ], [ -55.36091, -20.24176 ], [ -55.36184, -20.23871 ], [ -55.36223, -20.23791 ], [ -55.3633, -20.23705 ], [ -55.36428, -20.23644 ], [ -55.3646, -20.2379 ], [ -55.36466, -20.23987 ], [ -55.3659, -20.23963 ], [ -55.36626, -20.23978 ], [ -55.36628, -20.24026 ], [ -55.36651, -20.24058 ], [ -55.36682, -20.24067 ], [ -55.36712, -20.24051 ], [ -55.36814, -20.24143 ], [ -55.36951, -20.23989 ], [ -55.37028, -20.23974 ], [ -55.3709, -20.23796 ], [ -55.37047, -20.23712 ], [ -55.36982, -20.23683 ], [ -55.36973, -20.23656 ], [ -55.36987, -20.23585 ], [ -55.37061, -20.23502 ], [ -55.37075, -20.2344 ], [ -55.37111, -20.23389 ], [ -55.3718, -20.23416 ], [ -55.37231, -20.23328 ], [ -55.37344, -20.23395 ], [ -55.37397, -20.2365 ], [ -55.37305, -20.23781 ], [ -55.37453, -20.23958 ], [ -55.37391, -20.24033 ], [ -55.37724, -20.24393 ], [ -55.37854, -20.24583 ], [ -55.37944, -20.24786 ], [ -55.37987, -20.24825 ], [ -55.38021, -20.24909 ], [ -55.38002, -20.24954 ], [ -55.37901, -20.24969 ], [ -55.37894, -20.25056 ], [ -55.37908, -20.25128 ], [ -55.37988, -20.25229 ], [ -55.37865, -20.25512 ], [ -55.3799, -20.25683 ], [ -55.38, -20.25737 ], [ -55.37937, -20.259 ], [ -55.37845, -20.26311 ], [ -55.3781, -20.26679 ], [ -55.38083, -20.26975 ], [ -55.38174, -20.27113 ], [ -55.38253, -20.27297 ], [ -55.38324, -20.27524 ], [ -55.38303, -20.27524 ], [ -55.38344, -20.27892 ], [ -55.38245, -20.28076 ], [ -55.38265, -20.28527 ], [ -55.38066, -20.2869 ], [ -55.3806, -20.28726 ], [ -55.38022, -20.2877 ], [ -55.38085, -20.2892 ], [ -55.38021, -20.29274 ], [ -55.38053, -20.29298 ], [ -55.3804, -20.29341 ], [ -55.37935, -20.29395 ], [ -55.37767, -20.29453 ], [ -55.3772, -20.29556 ], [ -55.37456, -20.29605 ], [ -55.374, -20.29594 ], [ -55.37266, -20.29838 ], [ -55.37151, -20.29881 ], [ -55.37009, -20.30113 ], [ -55.36853, -20.29902 ], [ -55.35488, -20.30043 ], [ -55.35509, -20.30089 ], [ -55.35481, -20.30135 ], [ -55.35574, -20.30197 ], [ -55.35646, -20.30192 ] ] ], [ [ [ -55.39683, -20.25896 ], [ -55.39733, -20.25853 ], [ -55.39727, -20.25708 ], [ -55.39741, -20.25711 ], [ -55.39809, -20.25852 ], [ -55.39924, -20.25822 ], [ -55.40114, -20.25911 ], [ -55.40076, -20.26039 ], [ -55.39816, -20.26138 ], [ -55.39784, -20.26131 ], [ -55.39755, -20.26031 ], [ -55.39691, -20.25968 ], [ -55.39683, -20.25896 ] ] ], [ [ [ -55.35313, -20.25004 ], [ -55.35218, -20.25071 ], [ -55.35186, -20.25075 ], [ -55.3513, -20.25007 ], [ -55.35125, -20.24945 ], [ -55.35308, -20.24814 ], [ -55.35322, -20.24776 ], [ -55.35411, -20.24709 ], [ -55.35396, -20.24678 ], [ -55.35431, -20.24602 ], [ -55.35557, -20.24465 ], [ -55.35637, -20.24323 ], [ -55.35771, -20.24191 ], [ -55.35841, -20.24212 ], [ -55.35867, -20.24347 ], [ -55.35815, -20.24442 ], [ -55.35818, -20.24468 ], [ -55.35727, -20.24558 ], [ -55.35584, -20.24832 ], [ -55.35419, -20.24959 ], [ -55.35313, -20.25004 ] ] ], [ [ [ -55.39435, -20.2485 ], [ -55.39511, -20.24815 ], [ -55.39514, -20.24784 ], [ -55.39584, -20.24736 ], [ -55.39601, -20.2468 ], [ -55.39589, -20.24579 ], [ -55.39415, -20.24386 ], [ -55.39097, -20.24121 ], [ -55.38748, -20.24003 ], [ -55.39065, -20.23907 ], [ -55.3985, -20.24591 ], [ -55.40101, -20.24685 ], [ -55.40349, -20.2443 ], [ -55.40306, -20.24357 ], [ -55.40316, -20.24327 ], [ -55.40343, -20.24302 ], [ -55.40498, -20.24286 ], [ -55.40539, -20.24322 ], [ -55.40541, -20.24362 ], [ -55.40505, -20.24377 ], [ -55.40418, -20.24479 ], [ -55.40346, -20.24649 ], [ -55.40361, -20.24843 ], [ -55.40394, -20.24906 ], [ -55.40438, -20.24947 ], [ -55.40482, -20.25085 ], [ -55.40474, -20.25116 ], [ -55.4042, -20.2516 ], [ -55.40343, -20.25085 ], [ -55.40321, -20.25091 ], [ -55.4022, -20.24958 ], [ -55.39734, -20.24738 ], [ -55.39648, -20.24783 ], [ -55.39673, -20.24804 ], [ -55.39676, -20.24858 ], [ -55.39656, -20.24934 ], [ -55.3962, -20.24969 ], [ -55.39456, -20.2497 ], [ -55.39358, -20.24998 ], [ -55.39261, -20.25001 ], [ -55.39094, -20.25074 ], [ -55.38998, -20.25029 ], [ -55.3887, -20.25064 ], [ -55.38806, -20.25063 ], [ -55.38798, -20.25008 ], [ -55.38886, -20.24978 ], [ -55.38962, -20.2497 ], [ -55.39052, -20.24927 ], [ -55.39217, -20.24928 ], [ -55.3942, -20.24857 ], [ -55.39386, -20.24847 ], [ -55.3938, -20.24826 ], [ -55.39385, -20.24771 ], [ -55.39408, -20.24737 ], [ -55.39458, -20.24748 ], [ -55.39459, -20.24824 ], [ -55.39435, -20.2485 ] ] ], [ [ [ -55.35555, -20.2203 ], [ -55.35626, -20.22086 ], [ -55.35748, -20.22152 ], [ -55.35805, -20.22293 ], [ -55.35828, -20.22399 ], [ -55.3576, -20.22475 ], [ -55.35694, -20.22505 ], [ -55.35599, -20.22641 ], [ -55.35547, -20.2261 ], [ -55.35438, -20.22682 ], [ -55.35029, -20.22794 ], [ -55.34648, -20.22486 ], [ -55.34523, -20.22366 ], [ -55.34565, -20.22325 ], [ -55.34931, -20.22128 ], [ -55.35075, -20.22096 ], [ -55.35305, -20.21981 ], [ -55.35518, -20.21966 ], [ -55.35555, -20.2203 ] ] ], [ [ [ -55.34472, -20.21262 ], [ -55.34332, -20.2115 ], [ -55.34486, -20.20932 ], [ -55.3455, -20.2131 ], [ -55.3448, -20.21338 ], [ -55.34472, -20.21262 ] ] ], [ [ [ -55.37697, -20.19482 ], [ -55.37741, -20.19516 ], [ -55.3776, -20.19511 ], [ -55.37798, -20.19467 ], [ -55.37846, -20.1933 ], [ -55.37916, -20.1921 ], [ -55.38054, -20.19118 ], [ -55.38449, -20.19194 ], [ -55.38646, -20.19123 ], [ -55.38728, -20.19111 ], [ -55.38819, -20.19066 ], [ -55.38992, -20.19207 ], [ -55.39001, -20.19198 ], [ -55.39043, -20.19228 ], [ -55.39101, -20.19379 ], [ -55.39124, -20.19505 ], [ -55.39106, -20.19543 ], [ -55.39122, -20.19596 ], [ -55.39093, -20.19647 ], [ -55.39099, -20.19708 ], [ -55.39164, -20.19772 ], [ -55.39243, -20.19809 ], [ -55.39304, -20.19862 ], [ -55.39398, -20.19984 ], [ -55.39395, -20.20021 ], [ -55.39331, -20.20146 ], [ -55.39315, -20.20334 ], [ -55.39356, -20.20484 ], [ -55.39402, -20.20558 ], [ -55.39409, -20.20654 ], [ -55.39393, -20.20799 ], [ -55.39485, -20.20989 ], [ -55.395, -20.21071 ], [ -55.39477, -20.21111 ], [ -55.3926, -20.21292 ], [ -55.39072, -20.21708 ], [ -55.38853, -20.21657 ], [ -55.38808, -20.21705 ], [ -55.38806, -20.21808 ], [ -55.3885, -20.21998 ], [ -55.38813, -20.22102 ], [ -55.38763, -20.22166 ], [ -55.38817, -20.22347 ], [ -55.38793, -20.22515 ], [ -55.38681, -20.22636 ], [ -55.38532, -20.22658 ], [ -55.38339, -20.22642 ], [ -55.37871, -20.22567 ], [ -55.37528, -20.22412 ], [ -55.37292, -20.22335 ], [ -55.37072, -20.22334 ], [ -55.3693, -20.22379 ], [ -55.3687, -20.22496 ], [ -55.36976, -20.22609 ], [ -55.37003, -20.22657 ], [ -55.37195, -20.22796 ], [ -55.37274, -20.22801 ], [ -55.37409, -20.22844 ], [ -55.37536, -20.2291 ], [ -55.37401, -20.23083 ], [ -55.37351, -20.23068 ], [ -55.37306, -20.23077 ], [ -55.37294, -20.23057 ], [ -55.37247, -20.23039 ], [ -55.37039, -20.22997 ], [ -55.36891, -20.23066 ], [ -55.36718, -20.2318 ], [ -55.36527, -20.2316 ], [ -55.36478, -20.23065 ], [ -55.36514, -20.22917 ], [ -55.36464, -20.22835 ], [ -55.3651, -20.22733 ], [ -55.36136, -20.22193 ], [ -55.36032, -20.22212 ], [ -55.3602, -20.22129 ], [ -55.36056, -20.2212 ], [ -55.36066, -20.22091 ], [ -55.35951, -20.21902 ], [ -55.35885, -20.21904 ], [ -55.35691, -20.2175 ], [ -55.35614, -20.21576 ], [ -55.35606, -20.2148 ], [ -55.35583, -20.2145 ], [ -55.35632, -20.21437 ], [ -55.35666, -20.21398 ], [ -55.3565, -20.21386 ], [ -55.35616, -20.21396 ], [ -55.35603, -20.21289 ], [ -55.35682, -20.21288 ], [ -55.35748, -20.21218 ], [ -55.35898, -20.212 ], [ -55.35973, -20.21112 ], [ -55.35973, -20.21075 ], [ -55.35856, -20.21042 ], [ -55.35841, -20.21025 ], [ -55.35794, -20.20917 ], [ -55.35801, -20.20894 ], [ -55.35829, -20.20884 ], [ -55.35911, -20.20968 ], [ -55.36001, -20.20969 ], [ -55.36031, -20.20983 ], [ -55.36084, -20.21068 ], [ -55.36166, -20.21117 ], [ -55.36252, -20.21196 ], [ -55.36358, -20.21255 ], [ -55.36517, -20.21238 ], [ -55.36603, -20.21157 ], [ -55.36597, -20.20942 ], [ -55.36609, -20.20916 ], [ -55.36663, -20.20916 ], [ -55.36687, -20.20992 ], [ -55.36831, -20.21155 ], [ -55.36913, -20.21177 ], [ -55.37024, -20.21169 ], [ -55.37061, -20.21092 ], [ -55.37176, -20.21 ], [ -55.3718, -20.20928 ], [ -55.37217, -20.20894 ], [ -55.37324, -20.20924 ], [ -55.37371, -20.20966 ], [ -55.37541, -20.20941 ], [ -55.37696, -20.20759 ], [ -55.37694, -20.20688 ], [ -55.37371, -20.20524 ], [ -55.37433, -20.2044 ], [ -55.37728, -20.20379 ], [ -55.37891, -20.20297 ], [ -55.37872, -20.20241 ], [ -55.37893, -20.20144 ], [ -55.37947, -20.20057 ], [ -55.37804, -20.19893 ], [ -55.3764, -20.19836 ], [ -55.37611, -20.19777 ], [ -55.37626, -20.19575 ], [ -55.3749, -20.19522 ], [ -55.37631, -20.19476 ], [ -55.37697, -20.19482 ] ] ], [ [ [ -55.34582, -20.19739 ], [ -55.345, -20.19773 ], [ -55.34412, -20.19774 ], [ -55.34304, -20.19747 ], [ -55.3382, -20.19874 ], [ -55.33756, -20.1988 ], [ -55.33728, -20.19794 ], [ -55.33807, -20.1976 ], [ -55.33926, -20.19739 ], [ -55.33981, -20.19681 ], [ -55.3408, -20.19635 ], [ -55.34216, -20.19626 ], [ -55.34366, -20.19566 ], [ -55.34604, -20.19591 ], [ -55.34662, -20.19558 ], [ -55.34714, -20.1956 ], [ -55.34733, -20.19584 ], [ -55.34719, -20.19632 ], [ -55.34582, -20.19739 ] ] ], [ [ [ -55.34984, -20.16043 ], [ -55.3501, -20.16059 ], [ -55.35056, -20.16065 ], [ -55.35104, -20.16018 ], [ -55.35108, -20.16001 ], [ -55.35141, -20.1602 ], [ -55.35163, -20.1602 ], [ -55.35204, -20.15978 ], [ -55.35248, -20.15979 ], [ -55.35257, -20.16014 ], [ -55.35217, -20.16155 ], [ -55.35248, -20.16238 ], [ -55.35208, -20.16376 ], [ -55.3521, -20.16428 ], [ -55.35262, -20.16479 ], [ -55.35313, -20.16584 ], [ -55.3533, -20.16735 ], [ -55.35292, -20.16829 ], [ -55.35283, -20.16921 ], [ -55.35336, -20.17039 ], [ -55.35522, -20.17138 ], [ -55.35572, -20.17218 ], [ -55.35553, -20.17257 ], [ -55.35614, -20.17303 ], [ -55.35614, -20.17325 ], [ -55.3559, -20.17334 ], [ -55.35576, -20.17346 ], [ -55.35578, -20.17392 ], [ -55.35615, -20.17414 ], [ -55.35644, -20.17412 ], [ -55.35726, -20.17495 ], [ -55.35794, -20.17518 ], [ -55.35869, -20.17515 ], [ -55.35963, -20.17564 ], [ -55.35979, -20.17697 ], [ -55.35953, -20.17703 ], [ -55.35831, -20.17676 ], [ -55.35734, -20.17673 ], [ -55.35692, -20.17643 ], [ -55.35648, -20.17659 ], [ -55.35618, -20.17638 ], [ -55.35421, -20.17717 ], [ -55.35358, -20.17644 ], [ -55.35343, -20.17637 ], [ -55.3533, -20.17647 ], [ -55.35321, -20.17677 ], [ -55.35214, -20.17692 ], [ -55.35073, -20.17787 ], [ -55.35039, -20.17875 ], [ -55.35029, -20.17975 ], [ -55.3504, -20.18042 ], [ -55.35016, -20.18079 ], [ -55.34824, -20.18223 ], [ -55.34363, -20.18709 ], [ -55.34227, -20.18749 ], [ -55.3407, -20.18878 ], [ -55.33956, -20.19217 ], [ -55.33643, -20.19593 ], [ -55.33605, -20.19737 ], [ -55.33561, -20.19732 ], [ -55.33537, -20.19694 ], [ -55.33528, -20.19623 ], [ -55.33542, -20.1957 ], [ -55.33602, -20.19487 ], [ -55.33601, -20.19412 ], [ -55.33639, -20.19296 ], [ -55.33634, -20.19276 ], [ -55.33724, -20.19156 ], [ -55.33699, -20.19008 ], [ -55.33668, -20.18923 ], [ -55.33596, -20.18842 ], [ -55.33604, -20.18746 ], [ -55.33506, -20.18723 ], [ -55.33452, -20.1875 ], [ -55.33335, -20.1891 ], [ -55.32316, -20.19004 ], [ -55.32301, -20.19285 ], [ -55.32127, -20.1953 ], [ -55.32263, -20.1971 ], [ -55.32261, -20.19593 ], [ -55.32283, -20.19557 ], [ -55.32357, -20.19533 ], [ -55.32439, -20.19534 ], [ -55.32425, -20.19557 ], [ -55.32368, -20.19587 ], [ -55.32356, -20.19625 ], [ -55.32378, -20.19681 ], [ -55.32376, -20.19843 ], [ -55.32406, -20.19869 ], [ -55.32497, -20.1992 ], [ -55.32629, -20.19819 ], [ -55.32623, -20.19893 ], [ -55.32555, -20.19962 ], [ -55.32504, -20.19965 ], [ -55.32403, -20.20073 ], [ -55.32318, -20.20109 ], [ -55.3231, -20.20207 ], [ -55.32456, -20.20272 ], [ -55.32519, -20.2028 ], [ -55.32805, -20.20231 ], [ -55.32861, -20.20109 ], [ -55.32931, -20.20074 ], [ -55.33055, -20.20153 ], [ -55.33147, -20.20145 ], [ -55.33429, -20.19866 ], [ -55.33425, -20.19671 ], [ -55.33382, -20.19663 ], [ -55.3327, -20.19593 ], [ -55.33206, -20.19435 ], [ -55.33249, -20.1944 ], [ -55.33268, -20.19417 ], [ -55.33258, -20.19467 ], [ -55.33326, -20.19514 ], [ -55.33376, -20.19514 ], [ -55.33414, -20.19496 ], [ -55.3348, -20.19418 ], [ -55.33601, -20.19336 ], [ -55.33626, -20.19292 ], [ -55.33596, -20.19412 ], [ -55.33597, -20.19487 ], [ -55.33536, -20.1957 ], [ -55.33521, -20.19623 ], [ -55.3354, -20.19738 ], [ -55.33723, -20.19797 ], [ -55.33757, -20.19908 ], [ -55.33575, -20.1999 ], [ -55.33515, -20.20104 ], [ -55.33486, -20.20089 ], [ -55.33468, -20.20101 ], [ -55.33455, -20.20134 ], [ -55.33416, -20.20136 ], [ -55.33357, -20.20202 ], [ -55.32786, -20.20433 ], [ -55.32894, -20.20659 ], [ -55.32998, -20.2078 ], [ -55.33087, -20.20746 ], [ -55.33137, -20.20692 ], [ -55.33206, -20.20666 ], [ -55.33423, -20.20503 ], [ -55.33739, -20.20381 ], [ -55.33777, -20.20413 ], [ -55.33863, -20.20337 ], [ -55.33958, -20.20287 ], [ -55.34165, -20.20572 ], [ -55.34472, -20.20782 ], [ -55.34491, -20.20839 ], [ -55.3449, -20.20869 ], [ -55.34414, -20.2095 ], [ -55.34396, -20.21046 ], [ -55.34374, -20.21079 ], [ -55.34341, -20.21078 ], [ -55.34268, -20.2087 ], [ -55.34132, -20.20657 ], [ -55.34013, -20.20626 ], [ -55.34013, -20.20641 ], [ -55.33986, -20.20641 ], [ -55.33911, -20.206 ], [ -55.33827, -20.20596 ], [ -55.33787, -20.20573 ], [ -55.33792, -20.20596 ], [ -55.33767, -20.20596 ], [ -55.33744, -20.2057 ], [ -55.33644, -20.20583 ], [ -55.3363, -20.20543 ], [ -55.33426, -20.20675 ], [ -55.33371, -20.2068 ], [ -55.33333, -20.20708 ], [ -55.33332, -20.20736 ], [ -55.33293, -20.20761 ], [ -55.33263, -20.20748 ], [ -55.33223, -20.20811 ], [ -55.33271, -20.20837 ], [ -55.33291, -20.20871 ], [ -55.33276, -20.20891 ], [ -55.33122, -20.20925 ], [ -55.33117, -20.20871 ], [ -55.33091, -20.20871 ], [ -55.32652, -20.2107 ], [ -55.32563, -20.21167 ], [ -55.32447, -20.21445 ], [ -55.32168, -20.21819 ], [ -55.32106, -20.21973 ], [ -55.32113, -20.22171 ], [ -55.32228, -20.2223 ], [ -55.32528, -20.22281 ], [ -55.3268, -20.22089 ], [ -55.3271, -20.22026 ], [ -55.32783, -20.21988 ], [ -55.33022, -20.2181 ], [ -55.33186, -20.21718 ], [ -55.33344, -20.21587 ], [ -55.33294, -20.21526 ], [ -55.33323, -20.21449 ], [ -55.33373, -20.21446 ], [ -55.33432, -20.21401 ], [ -55.33523, -20.21427 ], [ -55.33544, -20.21401 ], [ -55.33691, -20.21439 ], [ -55.33754, -20.21476 ], [ -55.33841, -20.21497 ], [ -55.33995, -20.21564 ], [ -55.34088, -20.21525 ], [ -55.34121, -20.21543 ], [ -55.34202, -20.21541 ], [ -55.3423, -20.21555 ], [ -55.34245, -20.21597 ], [ -55.34153, -20.2167 ], [ -55.34049, -20.21697 ], [ -55.33973, -20.21682 ], [ -55.33949, -20.21703 ], [ -55.33915, -20.21702 ], [ -55.33865, -20.21664 ], [ -55.33792, -20.21677 ], [ -55.33649, -20.21638 ], [ -55.33457, -20.21704 ], [ -55.33435, -20.21834 ], [ -55.33327, -20.21978 ], [ -55.33357, -20.2204 ], [ -55.33405, -20.2206 ], [ -55.33432, -20.22035 ], [ -55.33457, -20.22034 ], [ -55.33518, -20.22075 ], [ -55.33432, -20.22195 ], [ -55.33343, -20.22218 ], [ -55.33286, -20.22258 ], [ -55.33275, -20.22277 ], [ -55.33288, -20.22316 ], [ -55.33311, -20.22332 ], [ -55.33326, -20.22383 ], [ -55.33351, -20.22398 ], [ -55.33358, -20.22332 ], [ -55.33378, -20.22306 ], [ -55.33413, -20.22299 ], [ -55.33518, -20.22336 ], [ -55.3362, -20.22242 ], [ -55.33696, -20.2222 ], [ -55.33793, -20.2225 ], [ -55.33834, -20.22292 ], [ -55.33803, -20.22344 ], [ -55.33624, -20.2239 ], [ -55.33582, -20.22524 ], [ -55.3344, -20.22545 ], [ -55.33428, -20.22573 ], [ -55.33507, -20.22645 ], [ -55.33574, -20.22674 ], [ -55.33666, -20.22619 ], [ -55.33761, -20.22715 ], [ -55.33748, -20.22777 ], [ -55.33831, -20.22829 ], [ -55.33998, -20.22758 ], [ -55.34145, -20.22668 ], [ -55.3438, -20.22942 ], [ -55.34348, -20.2315 ], [ -55.34473, -20.2342 ], [ -55.34716, -20.23426 ], [ -55.3491, -20.23249 ], [ -55.35263, -20.2311 ], [ -55.35393, -20.23069 ], [ -55.3561, -20.23079 ], [ -55.35673, -20.23038 ], [ -55.35991, -20.2271 ], [ -55.36044, -20.22718 ], [ -55.36098, -20.23061 ], [ -55.36213, -20.23269 ], [ -55.3619, -20.23381 ], [ -55.36086, -20.23469 ], [ -55.36049, -20.23606 ], [ -55.35932, -20.23657 ], [ -55.35946, -20.23729 ], [ -55.359, -20.238 ], [ -55.35772, -20.23924 ], [ -55.35489, -20.24128 ], [ -55.35445, -20.24178 ], [ -55.35394, -20.24381 ], [ -55.35303, -20.24451 ], [ -55.35232, -20.2446 ], [ -55.35176, -20.24531 ], [ -55.35267, -20.24635 ], [ -55.35155, -20.24719 ], [ -55.35139, -20.24757 ], [ -55.35082, -20.24787 ], [ -55.34999, -20.24731 ], [ -55.34795, -20.24549 ], [ -55.34677, -20.24555 ], [ -55.34519, -20.24706 ], [ -55.3436, -20.24533 ], [ -55.34092, -20.24289 ], [ -55.34026, -20.23805 ], [ -55.32883, -20.23916 ], [ -55.32093, -20.23962 ], [ -55.32081, -20.2385 ], [ -55.32112, -20.23734 ], [ -55.3214, -20.2333 ], [ -55.32141, -20.22947 ], [ -55.32089, -20.2281 ], [ -55.32015, -20.22689 ], [ -55.31123, -20.21821 ], [ -55.31076, -20.2171 ], [ -55.30959, -20.21234 ], [ -55.30813, -20.20866 ], [ -55.30739, -20.20758 ], [ -55.30266, -20.20315 ], [ -55.30158, -20.20239 ], [ -55.3004, -20.20185 ], [ -55.29923, -20.19984 ], [ -55.29857, -20.19915 ], [ -55.29884, -20.19881 ], [ -55.2991, -20.19779 ], [ -55.29907, -20.19711 ], [ -55.30153, -20.19563 ], [ -55.30184, -20.19516 ], [ -55.30231, -20.19414 ], [ -55.30377, -20.18967 ], [ -55.30482, -20.1895 ], [ -55.30988, -20.18734 ], [ -55.31436, -20.18629 ], [ -55.31459, -20.18716 ], [ -55.31492, -20.1875 ], [ -55.31558, -20.18706 ], [ -55.31675, -20.1858 ], [ -55.31872, -20.18331 ], [ -55.32106, -20.18195 ], [ -55.32331, -20.17999 ], [ -55.32388, -20.17819 ], [ -55.32316, -20.17683 ], [ -55.32334, -20.17558 ], [ -55.32298, -20.17397 ], [ -55.32604, -20.17397 ], [ -55.32634, -20.17355 ], [ -55.3285, -20.17432 ], [ -55.33101, -20.15546 ], [ -55.34154, -20.15407 ], [ -55.34131, -20.15122 ], [ -55.34133, -20.14921 ], [ -55.33946, -20.14378 ], [ -55.34014, -20.14366 ], [ -55.34046, -20.14124 ], [ -55.34214, -20.13984 ], [ -55.34387, -20.14039 ], [ -55.3472, -20.13989 ], [ -55.34727, -20.13805 ], [ -55.35044, -20.138 ], [ -55.35163, -20.1518 ], [ -55.35121, -20.15188 ], [ -55.35011, -20.15153 ], [ -55.34968, -20.1515 ], [ -55.34917, -20.15179 ], [ -55.34712, -20.15229 ], [ -55.34669, -20.15333 ], [ -55.34668, -20.1534 ], [ -55.34684, -20.15371 ], [ -55.34658, -20.15424 ], [ -55.34662, -20.15437 ], [ -55.34695, -20.15453 ], [ -55.34709, -20.15531 ], [ -55.3476, -20.15598 ], [ -55.3477, -20.156 ], [ -55.34825, -20.15578 ], [ -55.34854, -20.15559 ], [ -55.34894, -20.15585 ], [ -55.34891, -20.15613 ], [ -55.34853, -20.15694 ], [ -55.34834, -20.15766 ], [ -55.34863, -20.15832 ], [ -55.34839, -20.1587 ], [ -55.34842, -20.15892 ], [ -55.34862, -20.15903 ], [ -55.34886, -20.15895 ], [ -55.34895, -20.15905 ], [ -55.34875, -20.1594 ], [ -55.34868, -20.16011 ], [ -55.34873, -20.16039 ], [ -55.3489, -20.16045 ], [ -55.34984, -20.16043 ] ] ], [ [ [ -55.35648, -20.17662 ], [ -55.35691, -20.17646 ], [ -55.35733, -20.17677 ], [ -55.3583, -20.17679 ], [ -55.35953, -20.17706 ], [ -55.35982, -20.17698 ], [ -55.35969, -20.17527 ], [ -55.36, -20.17527 ], [ -55.36011, -20.17493 ], [ -55.36046, -20.17518 ], [ -55.36091, -20.17521 ], [ -55.361, -20.17549 ], [ -55.36151, -20.17552 ], [ -55.36196, -20.17521 ], [ -55.36224, -20.17552 ], [ -55.36236, -20.17529 ], [ -55.36206, -20.17502 ], [ -55.36261, -20.17478 ], [ -55.36237, -20.17416 ], [ -55.36243, -20.17397 ], [ -55.36262, -20.17383 ], [ -55.36308, -20.174 ], [ -55.3636, -20.17396 ], [ -55.3637, -20.17376 ], [ -55.36308, -20.17371 ], [ -55.363, -20.17354 ], [ -55.36318, -20.17313 ], [ -55.36402, -20.17299 ], [ -55.36417, -20.17308 ], [ -55.36404, -20.17339 ], [ -55.36432, -20.17314 ], [ -55.36473, -20.17337 ], [ -55.36475, -20.17308 ], [ -55.36502, -20.17285 ], [ -55.36632, -20.17307 ], [ -55.36648, -20.17299 ], [ -55.36639, -20.17272 ], [ -55.36609, -20.17252 ], [ -55.36692, -20.17196 ], [ -55.36779, -20.17238 ], [ -55.36771, -20.17305 ], [ -55.36795, -20.17295 ], [ -55.36808, -20.17258 ], [ -55.36922, -20.173 ], [ -55.36953, -20.17285 ], [ -55.3695, -20.17246 ], [ -55.36923, -20.17249 ], [ -55.36919, -20.17232 ], [ -55.3698, -20.17227 ], [ -55.37028, -20.17185 ], [ -55.37047, -20.17229 ], [ -55.37203, -20.17247 ], [ -55.3717, -20.17263 ], [ -55.37322, -20.17379 ], [ -55.37387, -20.17396 ], [ -55.37479, -20.17339 ], [ -55.37502, -20.17294 ], [ -55.37582, -20.1734 ], [ -55.37648, -20.17265 ], [ -55.37754, -20.17371 ], [ -55.37817, -20.17329 ], [ -55.37886, -20.17371 ], [ -55.37877, -20.17418 ], [ -55.3802, -20.17386 ], [ -55.38054, -20.17505 ], [ -55.38101, -20.17466 ], [ -55.38159, -20.17539 ], [ -55.38224, -20.17475 ], [ -55.38246, -20.17504 ], [ -55.38406, -20.17509 ], [ -55.38508, -20.17639 ], [ -55.38575, -20.1764 ], [ -55.38685, -20.1753 ], [ -55.38716, -20.17573 ], [ -55.38792, -20.17522 ], [ -55.38934, -20.17471 ], [ -55.39008, -20.1747 ], [ -55.39049, -20.17457 ], [ -55.39043, -20.17448 ], [ -55.39358, -20.17593 ], [ -55.39583, -20.1756 ], [ -55.39741, -20.17441 ], [ -55.39799, -20.17267 ], [ -55.40076, -20.16984 ], [ -55.4009, -20.16904 ], [ -55.40177, -20.16841 ], [ -55.40286, -20.16856 ], [ -55.40323, -20.16982 ], [ -55.40585, -20.17102 ], [ -55.40684, -20.1706 ], [ -55.41014, -20.1702 ], [ -55.41072, -20.16933 ], [ -55.41113, -20.16751 ], [ -55.41121, -20.16663 ], [ -55.41093, -20.16442 ], [ -55.41064, -20.1635 ], [ -55.41095, -20.16328 ], [ -55.41106, -20.16292 ], [ -55.41084, -20.16232 ], [ -55.411, -20.16204 ], [ -55.41131, -20.16193 ], [ -55.41143, -20.16139 ], [ -55.41107, -20.16084 ], [ -55.41118, -20.16063 ], [ -55.41095, -20.16053 ], [ -55.41105, -20.16031 ], [ -55.41074, -20.16027 ], [ -55.41123, -20.15988 ], [ -55.41214, -20.16027 ], [ -55.41197, -20.16084 ], [ -55.4122, -20.16093 ], [ -55.4121, -20.1618 ], [ -55.41178, -20.16192 ], [ -55.41218, -20.16295 ], [ -55.41233, -20.16444 ], [ -55.41181, -20.16461 ], [ -55.4118, -20.16485 ], [ -55.41215, -20.16512 ], [ -55.4123, -20.16599 ], [ -55.41269, -20.16621 ], [ -55.41298, -20.16661 ], [ -55.4129, -20.16681 ], [ -55.41316, -20.16725 ], [ -55.41366, -20.16761 ], [ -55.41421, -20.16756 ], [ -55.41437, -20.16837 ], [ -55.41517, -20.16792 ], [ -55.41577, -20.16814 ], [ -55.41558, -20.16913 ], [ -55.41502, -20.16983 ], [ -55.41709, -20.17306 ], [ -55.41684, -20.17337 ], [ -55.416, -20.17373 ], [ -55.4138, -20.17363 ], [ -55.41344, -20.17374 ], [ -55.41337, -20.17321 ], [ -55.41281, -20.17302 ], [ -55.41273, -20.17214 ], [ -55.41187, -20.17145 ], [ -55.41069, -20.17098 ], [ -55.41051, -20.17151 ], [ -55.41069, -20.17274 ], [ -55.4101, -20.17286 ], [ -55.40984, -20.17328 ], [ -55.40949, -20.17307 ], [ -55.40916, -20.17335 ], [ -55.4085, -20.17308 ], [ -55.4077, -20.17308 ], [ -55.40685, -20.17337 ], [ -55.40674, -20.17358 ], [ -55.4061, -20.17366 ], [ -55.40572, -20.17314 ], [ -55.40577, -20.17166 ], [ -55.40442, -20.1721 ], [ -55.40374, -20.17273 ], [ -55.40325, -20.17234 ], [ -55.40258, -20.17277 ], [ -55.40149, -20.17276 ], [ -55.3996, -20.1733 ], [ -55.39849, -20.17427 ], [ -55.39848, -20.17539 ], [ -55.39915, -20.17694 ], [ -55.39809, -20.1776 ], [ -55.39836, -20.17817 ], [ -55.39826, -20.17953 ], [ -55.39856, -20.18021 ], [ -55.39938, -20.18074 ], [ -55.39938, -20.18089 ], [ -55.39832, -20.18123 ], [ -55.39813, -20.18109 ], [ -55.39823, -20.18053 ], [ -55.39776, -20.17929 ], [ -55.39777, -20.17887 ], [ -55.39749, -20.17857 ], [ -55.39672, -20.17838 ], [ -55.39644, -20.17751 ], [ -55.39551, -20.17843 ], [ -55.39518, -20.17966 ], [ -55.39398, -20.18077 ], [ -55.39391, -20.1823 ], [ -55.39417, -20.18364 ], [ -55.39359, -20.18521 ], [ -55.39284, -20.18542 ], [ -55.39206, -20.18468 ], [ -55.39033, -20.18634 ], [ -55.39042, -20.18657 ], [ -55.39009, -20.18699 ], [ -55.38956, -20.18721 ], [ -55.38925, -20.18705 ], [ -55.38779, -20.18816 ], [ -55.38774, -20.18774 ], [ -55.39239, -20.1839 ], [ -55.39211, -20.1832 ], [ -55.39242, -20.18154 ], [ -55.39215, -20.18114 ], [ -55.39213, -20.18076 ], [ -55.39288, -20.17916 ], [ -55.39292, -20.17833 ], [ -55.39098, -20.17794 ], [ -55.39043, -20.17952 ], [ -55.38958, -20.17943 ], [ -55.38951, -20.17903 ], [ -55.38993, -20.17811 ], [ -55.3905, -20.17742 ], [ -55.39119, -20.17746 ], [ -55.3917, -20.17633 ], [ -55.39123, -20.17593 ], [ -55.39066, -20.17585 ], [ -55.3899, -20.17506 ], [ -55.38966, -20.17507 ], [ -55.389, -20.17642 ], [ -55.38857, -20.17642 ], [ -55.38751, -20.1769 ], [ -55.38759, -20.17721 ], [ -55.38799, -20.17761 ], [ -55.3879, -20.17845 ], [ -55.38751, -20.1786 ], [ -55.38703, -20.17826 ], [ -55.38644, -20.17697 ], [ -55.38617, -20.17678 ], [ -55.38562, -20.17691 ], [ -55.38439, -20.17769 ], [ -55.38361, -20.17839 ], [ -55.3833, -20.17977 ], [ -55.38403, -20.18156 ], [ -55.38472, -20.18246 ], [ -55.38429, -20.18253 ], [ -55.3837, -20.18305 ], [ -55.38316, -20.18266 ], [ -55.38262, -20.18272 ], [ -55.38239, -20.18248 ], [ -55.38306, -20.18181 ], [ -55.3829, -20.1812 ], [ -55.38307, -20.18074 ], [ -55.37973, -20.17746 ], [ -55.37774, -20.1777 ], [ -55.37695, -20.17797 ], [ -55.37616, -20.17843 ], [ -55.37587, -20.1789 ], [ -55.37552, -20.18114 ], [ -55.3749, -20.18185 ], [ -55.37634, -20.18472 ], [ -55.3768, -20.18523 ], [ -55.37681, -20.18627 ], [ -55.37773, -20.18833 ], [ -55.37825, -20.1882 ], [ -55.37879, -20.18763 ], [ -55.37903, -20.18657 ], [ -55.37888, -20.18631 ], [ -55.37946, -20.18608 ], [ -55.38018, -20.18507 ], [ -55.38062, -20.1851 ], [ -55.38086, -20.18562 ], [ -55.37983, -20.18633 ], [ -55.37981, -20.18683 ], [ -55.37933, -20.18745 ], [ -55.37902, -20.18825 ], [ -55.3795, -20.1885 ], [ -55.3795, -20.18868 ], [ -55.37919, -20.18872 ], [ -55.37803, -20.18976 ], [ -55.37886, -20.19073 ], [ -55.37985, -20.19157 ], [ -55.37912, -20.19208 ], [ -55.37842, -20.19328 ], [ -55.37794, -20.19465 ], [ -55.37761, -20.19504 ], [ -55.37741, -20.19509 ], [ -55.37698, -20.19477 ], [ -55.37621, -20.19473 ], [ -55.37409, -20.19541 ], [ -55.37264, -20.19625 ], [ -55.37108, -20.19526 ], [ -55.37097, -20.1939 ], [ -55.37025, -20.19307 ], [ -55.37008, -20.1925 ], [ -55.36951, -20.19246 ], [ -55.36736, -20.1936 ], [ -55.36684, -20.19415 ], [ -55.36614, -20.19417 ], [ -55.36526, -20.19546 ], [ -55.36369, -20.19635 ], [ -55.36281, -20.19628 ], [ -55.36229, -20.1948 ], [ -55.36255, -20.19441 ], [ -55.36299, -20.19418 ], [ -55.36299, -20.19368 ], [ -55.36261, -20.19294 ], [ -55.36507, -20.18979 ], [ -55.36515, -20.1888 ], [ -55.36449, -20.18725 ], [ -55.36405, -20.18725 ], [ -55.36159, -20.18828 ], [ -55.36084, -20.18746 ], [ -55.36069, -20.18554 ], [ -55.36014, -20.18402 ], [ -55.3596, -20.18408 ], [ -55.35855, -20.18465 ], [ -55.35777, -20.18484 ], [ -55.35728, -20.18449 ], [ -55.35629, -20.18485 ], [ -55.356, -20.18469 ], [ -55.35592, -20.18372 ], [ -55.35629, -20.18326 ], [ -55.35642, -20.18251 ], [ -55.35554, -20.18229 ], [ -55.35454, -20.18161 ], [ -55.35393, -20.18053 ], [ -55.3536, -20.18039 ], [ -55.35272, -20.18103 ], [ -55.35208, -20.18084 ], [ -55.35173, -20.18048 ], [ -55.35196, -20.18012 ], [ -55.35265, -20.18015 ], [ -55.353, -20.17997 ], [ -55.35306, -20.1789 ], [ -55.35356, -20.17794 ], [ -55.35306, -20.17683 ], [ -55.35324, -20.1768 ], [ -55.35341, -20.17641 ], [ -55.3542, -20.17721 ], [ -55.35481, -20.17707 ], [ -55.35617, -20.17642 ], [ -55.35648, -20.17662 ] ] ], [ [ [ -55.35558, -20.17256 ], [ -55.35576, -20.17218 ], [ -55.35588, -20.17237 ], [ -55.35622, -20.1723 ], [ -55.35672, -20.17248 ], [ -55.35692, -20.17318 ], [ -55.35645, -20.17408 ], [ -55.35616, -20.17411 ], [ -55.35579, -20.1738 ], [ -55.3558, -20.17348 ], [ -55.35618, -20.17327 ], [ -55.35618, -20.17301 ], [ -55.35558, -20.17256 ] ] ], [ [ [ -55.34845, -20.1589 ], [ -55.34867, -20.15832 ], [ -55.34838, -20.15766 ], [ -55.34895, -20.15614 ], [ -55.34898, -20.15583 ], [ -55.34853, -20.15556 ], [ -55.34765, -20.15597 ], [ -55.34719, -20.15534 ], [ -55.34701, -20.15457 ], [ -55.34662, -20.15424 ], [ -55.34688, -20.15372 ], [ -55.34673, -20.15334 ], [ -55.34712, -20.15233 ], [ -55.34918, -20.15182 ], [ -55.34969, -20.15153 ], [ -55.35121, -20.15192 ], [ -55.35167, -20.15182 ], [ -55.35252, -20.15978 ], [ -55.35202, -20.15975 ], [ -55.35156, -20.16018 ], [ -55.35107, -20.15997 ], [ -55.35055, -20.16061 ], [ -55.34985, -20.1604 ], [ -55.34876, -20.16036 ], [ -55.34879, -20.15941 ], [ -55.34899, -20.15905 ], [ -55.34887, -20.15891 ], [ -55.34845, -20.1589 ] ] ] ] } },
{ "type": "Feature", "properties": { "titulo": "Parque Estadual do Pantanal do Rio Negro", "subtitulo": "Parque · Estadual", "grupo": "Proteção Integral", "municipio": "Aquidauana, Corumbá", "pesca_status": "a_definir", "regras_pesca": "" }, "geometry": { "type": "Polygon", "coordinates": [ [ [ -56.54962, -19.36566 ], [ -56.54932, -19.35773 ], [ -56.57685, -19.35791 ], [ -56.57911, -19.39942 ], [ -56.61906, -19.39979 ], [ -56.62013, -19.40246 ], [ -56.6202, -19.40444 ], [ -56.61835, -19.40532 ], [ -56.61861, -19.40992 ], [ -56.61808, -19.41065 ], [ -56.6177, -19.41178 ], [ -56.61884, -19.41396 ], [ -56.61908, -19.41807 ], [ -56.61853, -19.42012 ], [ -56.61909, -19.42167 ], [ -56.62289, -19.48174 ], [ -56.63505, -19.48002 ], [ -56.63543, -19.48212 ], [ -56.63422, -19.48651 ], [ -56.63437, -19.48757 ], [ -56.63655, -19.49224 ], [ -56.63975, -19.50208 ], [ -56.66692, -19.49092 ], [ -56.73384, -19.4648 ], [ -56.72558, -19.57596 ], [ -56.75806, -19.57818 ], [ -56.74862, -19.60662 ], [ -56.7461, -19.61172 ], [ -56.77737, -19.61356 ], [ -56.77741, -19.61551 ], [ -56.77897, -19.6169 ], [ -56.781, -19.6176 ], [ -56.78241, -19.61748 ], [ -56.78329, -19.61851 ], [ -56.78526, -19.61837 ], [ -56.78547, -19.61872 ], [ -56.78506, -19.61949 ], [ -56.78535, -19.61982 ], [ -56.78568, -19.61975 ], [ -56.78589, -19.61956 ], [ -56.78637, -19.61811 ], [ -56.78766, -19.6186 ], [ -56.78845, -19.61833 ], [ -56.78808, -19.61693 ], [ -56.78787, -19.61665 ], [ -56.78717, -19.61582 ], [ -56.78644, -19.61585 ], [ -56.78705, -19.61529 ], [ -56.78752, -19.61531 ], [ -56.78809, -19.61597 ], [ -56.78877, -19.61619 ], [ -56.78913, -19.61687 ], [ -56.78941, -19.61696 ], [ -56.78979, -19.61672 ], [ -56.78981, -19.6162 ], [ -56.78946, -19.61567 ], [ -56.78941, -19.61487 ], [ -56.78984, -19.61443 ], [ -56.79017, -19.61432 ], [ -56.79131, -19.61458 ], [ -56.79239, -19.61431 ], [ -56.79335, -19.61392 ], [ -56.79422, -19.6133 ], [ -56.7947, -19.61344 ], [ -56.79503, -19.61398 ], [ -56.79565, -19.614 ], [ -56.79633, -19.61259 ], [ -56.79769, -19.61191 ], [ -56.79888, -19.6107 ], [ -56.79938, -19.61068 ], [ -56.79981, -19.61123 ], [ -56.80015, -19.6113 ], [ -56.80052, -19.61117 ], [ -56.80075, -19.61032 ], [ -56.80139, -19.60993 ], [ -56.80322, -19.60965 ], [ -56.80401, -19.60976 ], [ -56.80441, -19.60966 ], [ -56.80453, -19.6094 ], [ -56.80431, -19.60908 ], [ -56.80215, -19.60733 ], [ -56.8022, -19.60689 ], [ -56.80278, -19.60646 ], [ -56.80351, -19.60757 ], [ -56.80387, -19.60782 ], [ -56.80545, -19.60771 ], [ -56.80716, -19.60492 ], [ -56.80764, -19.60481 ], [ -56.80808, -19.60526 ], [ -56.8082, -19.60713 ], [ -56.80803, -19.6075 ], [ -56.80747, -19.60794 ], [ -56.80757, -19.60829 ], [ -56.80901, -19.60913 ], [ -56.81049, -19.60935 ], [ -56.81083, -19.60913 ], [ -56.81082, -19.60872 ], [ -56.81063, -19.60848 ], [ -56.80943, -19.60795 ], [ -56.80928, -19.60722 ], [ -56.80957, -19.60646 ], [ -56.81033, -19.60661 ], [ -56.8108, -19.60796 ], [ -56.81153, -19.6085 ], [ -56.81194, -19.60858 ], [ -56.81198, -19.60714 ], [ -56.81226, -19.60674 ], [ -56.81327, -19.60625 ], [ -56.81492, -19.60513 ], [ -56.81569, -19.60398 ], [ -56.8169, -19.60389 ], [ -56.81787, -19.60359 ], [ -56.81793, -19.60336 ], [ -56.81778, -19.60311 ], [ -56.81676, -19.60316 ], [ -56.81555, -19.60255 ], [ -56.81551, -19.60206 ], [ -56.81561, -19.60186 ], [ -56.81629, -19.60153 ], [ -56.81685, -19.60148 ], [ -56.81749, -19.60169 ], [ -56.81778, -19.6016 ], [ -56.81792, -19.60133 ], [ -56.81774, -19.60101 ], [ -56.81726, -19.60078 ], [ -56.81663, -19.60072 ], [ -56.81659, -19.60057 ], [ -56.81719, -19.59997 ], [ -56.81763, -19.59842 ], [ -56.81806, -19.59792 ], [ -56.81797, -19.59653 ], [ -56.8188, -19.59521 ], [ -56.81898, -19.59386 ], [ -56.81935, -19.59377 ], [ -56.82001, -19.59384 ], [ -56.82098, -19.59437 ], [ -56.82036, -19.59618 ], [ -56.82031, -19.59684 ], [ -56.82083, -19.5981 ], [ -56.82191, -19.59905 ], [ -56.82238, -19.59996 ], [ -56.82299, -19.60021 ], [ -56.82351, -19.59947 ], [ -56.82389, -19.59951 ], [ -56.82477, -19.60079 ], [ -56.82494, -19.60159 ], [ -56.82536, -19.60198 ], [ -56.82656, -19.60056 ], [ -56.82692, -19.60102 ], [ -56.82727, -19.60211 ], [ -56.82726, -19.60297 ], [ -56.82743, -19.6032 ], [ -56.82846, -19.60363 ], [ -56.82824, -19.60421 ], [ -56.82867, -19.60419 ], [ -56.82876, -19.60432 ], [ -56.82839, -19.60514 ], [ -56.82754, -19.60528 ], [ -56.82719, -19.60565 ], [ -56.82716, -19.60612 ], [ -56.82775, -19.60662 ], [ -56.82776, -19.60714 ], [ -56.82758, -19.60745 ], [ -56.82677, -19.60796 ], [ -56.82671, -19.60833 ], [ -56.82691, -19.60875 ], [ -56.82676, -19.60938 ], [ -56.82619, -19.60891 ], [ -56.82588, -19.60964 ], [ -56.82619, -19.61041 ], [ -56.82591, -19.6111 ], [ -56.8266, -19.6123 ], [ -56.82656, -19.61269 ], [ -56.8271, -19.61306 ], [ -56.82782, -19.61317 ], [ -56.83027, -19.61307 ], [ -56.83131, -19.61361 ], [ -56.83293, -19.61328 ], [ -56.83301, -19.61342 ], [ -56.83244, -19.61389 ], [ -56.83193, -19.61554 ], [ -56.83219, -19.61585 ], [ -56.83247, -19.61583 ], [ -56.83293, -19.61533 ], [ -56.83295, -19.61443 ], [ -56.83343, -19.61389 ], [ -56.83385, -19.61391 ], [ -56.83445, -19.6144 ], [ -56.83483, -19.61432 ], [ -56.83519, -19.61393 ], [ -56.8354, -19.61336 ], [ -56.83549, -19.6118 ], [ -56.83615, -19.61106 ], [ -56.83756, -19.61137 ], [ -56.83883, -19.61113 ], [ -56.84003, -19.61198 ], [ -56.84114, -19.61207 ], [ -56.84141, -19.61191 ], [ -56.84152, -19.61161 ], [ -56.84123, -19.61098 ], [ -56.84062, -19.61062 ], [ -56.84043, -19.61009 ], [ -56.84067, -19.60992 ], [ -56.84171, -19.61097 ], [ -56.84237, -19.61121 ], [ -56.84255, -19.61151 ], [ -56.84197, -19.61204 ], [ -56.8422, -19.61256 ], [ -56.84342, -19.61302 ], [ -56.84375, -19.613 ], [ -56.84499, -19.61232 ], [ -56.84518, -19.6118 ], [ -56.84475, -19.61125 ], [ -56.84477, -19.61074 ], [ -56.84551, -19.60982 ], [ -56.84574, -19.60979 ], [ -56.84674, -19.6107 ], [ -56.84718, -19.61078 ], [ -56.8474, -19.6106 ], [ -56.84764, -19.60973 ], [ -56.84803, -19.60927 ], [ -56.84995, -19.60815 ], [ -56.85024, -19.60781 ], [ -56.85036, -19.60612 ], [ -56.85054, -19.60557 ], [ -56.85095, -19.60522 ], [ -56.85127, -19.60517 ], [ -56.85232, -19.60533 ], [ -56.85404, -19.60603 ], [ -56.85398, -19.60621 ], [ -56.85325, -19.60621 ], [ -56.85292, -19.60649 ], [ -56.85285, -19.60693 ], [ -56.853, -19.60753 ], [ -56.8527, -19.60807 ], [ -56.85284, -19.60866 ], [ -56.85431, -19.6088 ], [ -56.85548, -19.60857 ], [ -56.85558, -19.60923 ], [ -56.8559, -19.60923 ], [ -56.85608, -19.60873 ], [ -56.85701, -19.60937 ], [ -56.85791, -19.60934 ], [ -56.85814, -19.60958 ], [ -56.85809, -19.61 ], [ -56.85743, -19.6113 ], [ -56.85639, -19.61128 ], [ -56.85623, -19.61157 ], [ -56.85631, -19.61176 ], [ -56.85734, -19.61225 ], [ -56.85729, -19.61308 ], [ -56.85743, -19.61327 ], [ -56.85843, -19.61353 ], [ -56.85752, -19.61511 ], [ -56.85762, -19.61651 ], [ -56.85723, -19.61709 ], [ -56.85744, -19.61728 ], [ -56.85946, -19.61724 ], [ -56.85971, -19.61839 ], [ -56.86003, -19.61868 ], [ -56.86046, -19.61861 ], [ -56.86129, -19.61742 ], [ -56.86174, -19.61728 ], [ -56.86363, -19.61796 ], [ -56.86471, -19.61813 ], [ -56.86482, -19.61918 ], [ -56.865, -19.61957 ], [ -56.86579, -19.62018 ], [ -56.86672, -19.62057 ], [ -56.86721, -19.62058 ], [ -56.86758, -19.62033 ], [ -56.86759, -19.61872 ], [ -56.86766, -19.61842 ], [ -56.86801, -19.61806 ], [ -56.86903, -19.61843 ], [ -56.87061, -19.6194 ], [ -56.871, -19.61924 ], [ -56.87127, -19.61865 ], [ -56.87195, -19.61922 ], [ -56.87269, -19.61835 ], [ -56.87332, -19.618 ], [ -56.87376, -19.61807 ], [ -56.87423, -19.62022 ], [ -56.87417, -19.6207 ], [ -56.87334, -19.62112 ], [ -56.85042, -19.64829 ], [ -56.824, -19.72234 ], [ -56.82459, -19.7229 ], [ -56.82521, -19.72197 ], [ -56.82571, -19.7219 ], [ -56.82732, -19.72349 ], [ -56.82706, -19.72377 ], [ -56.82619, -19.72351 ], [ -56.82559, -19.7236 ], [ -56.82556, -19.72383 ], [ -56.82631, -19.72507 ], [ -56.82665, -19.7252 ], [ -56.8268, -19.72548 ], [ -56.82674, -19.7258 ], [ -56.82793, -19.72729 ], [ -56.82848, -19.7271 ], [ -56.8288, -19.72635 ], [ -56.82983, -19.72573 ], [ -56.83149, -19.72667 ], [ -56.83254, -19.72707 ], [ -56.83267, -19.72763 ], [ -56.83315, -19.72796 ], [ -56.83387, -19.72792 ], [ -56.83438, -19.7276 ], [ -56.83429, -19.72703 ], [ -56.83448, -19.72664 ], [ -56.8362, -19.72646 ], [ -56.83724, -19.7255 ], [ -56.83754, -19.72561 ], [ -56.83777, -19.72608 ], [ -56.83769, -19.72629 ], [ -56.83638, -19.72734 ], [ -56.83637, -19.72774 ], [ -56.83662, -19.72816 ], [ -56.83839, -19.7287 ], [ -56.84002, -19.72847 ], [ -56.8404, -19.72863 ], [ -56.84069, -19.72894 ], [ -56.84075, -19.72964 ], [ -56.84117, -19.73035 ], [ -56.84168, -19.73049 ], [ -56.8427, -19.73029 ], [ -56.84384, -19.72956 ], [ -56.84429, -19.72905 ], [ -56.84458, -19.72826 ], [ -56.84448, -19.72791 ], [ -56.84337, -19.72704 ], [ -56.8429, -19.72628 ], [ -56.84317, -19.72492 ], [ -56.84453, -19.72345 ], [ -56.84539, -19.72277 ], [ -56.84593, -19.72263 ], [ -56.84836, -19.72356 ], [ -56.84959, -19.72361 ], [ -56.84854, -19.72443 ], [ -56.84686, -19.72665 ], [ -56.84668, -19.72757 ], [ -56.84681, -19.72885 ], [ -56.8476, -19.7299 ], [ -56.84812, -19.73022 ], [ -56.85224, -19.73071 ], [ -56.85443, -19.73166 ], [ -56.85576, -19.73275 ], [ -56.85788, -19.73518 ], [ -56.85821, -19.73676 ], [ -56.858, -19.73714 ], [ -56.85733, -19.73686 ], [ -56.85627, -19.73443 ], [ -56.85534, -19.73319 ], [ -56.85431, -19.73238 ], [ -56.85215, -19.73169 ], [ -56.85008, -19.73205 ], [ -56.84884, -19.73301 ], [ -56.84791, -19.73426 ], [ -56.84702, -19.73887 ], [ -56.84668, -19.73985 ], [ -56.84586, -19.74158 ], [ -56.84399, -19.74445 ], [ -56.84341, -19.7465 ], [ -56.8436, -19.74773 ], [ -56.84564, -19.75032 ], [ -56.8459, -19.75114 ], [ -56.8458, -19.75232 ], [ -56.8453, -19.75338 ], [ -56.84442, -19.75398 ], [ -56.84275, -19.75447 ], [ -56.84109, -19.75385 ], [ -56.84097, -19.75342 ], [ -56.84126, -19.75297 ], [ -56.84319, -19.75115 ], [ -56.84369, -19.74981 ], [ -56.84361, -19.74917 ], [ -56.84329, -19.74859 ], [ -56.84275, -19.74815 ], [ -56.84165, -19.74792 ], [ -56.84038, -19.74854 ], [ -56.83982, -19.74936 ], [ -56.8387, -19.75222 ], [ -56.83805, -19.75323 ], [ -56.8371, -19.75381 ], [ -56.83316, -19.75461 ], [ -56.83118, -19.75543 ], [ -56.82851, -19.75702 ], [ -56.82802, -19.75755 ], [ -56.82757, -19.75849 ], [ -56.82705, -19.76403 ], [ -56.82764, -19.76988 ], [ -56.82721, -19.77144 ], [ -56.82667, -19.7748 ], [ -56.82622, -19.77544 ], [ -56.82466, -19.77653 ], [ -56.82026, -19.77812 ], [ -56.81789, -19.78013 ], [ -56.81778, -19.78075 ], [ -56.81703, -19.78123 ], [ -56.81605, -19.78113 ], [ -56.8146, -19.78046 ], [ -56.81303, -19.78032 ], [ -56.8114, -19.78076 ], [ -56.81025, -19.78134 ], [ -56.80944, -19.782 ], [ -56.80862, -19.78309 ], [ -56.80852, -19.78413 ], [ -56.81007, -19.78651 ], [ -56.80945, -19.78848 ], [ -56.80968, -19.78958 ], [ -56.80951, -19.79003 ], [ -56.80642, -19.79206 ], [ -56.80593, -19.79182 ], [ -56.80565, -19.79075 ], [ -56.80496, -19.7905 ], [ -56.80261, -19.79193 ], [ -56.80214, -19.79179 ], [ -56.80094, -19.79071 ], [ -56.79968, -19.78985 ], [ -56.79958, -19.78967 ], [ -56.79978, -19.78828 ], [ -56.79831, -19.78574 ], [ -56.79768, -19.78541 ], [ -56.79625, -19.78543 ], [ -56.79422, -19.7862 ], [ -56.79374, -19.78652 ], [ -56.79328, -19.78721 ], [ -56.79332, -19.78798 ], [ -56.79346, -19.78818 ], [ -56.79387, -19.78827 ], [ -56.79556, -19.78692 ], [ -56.7957, -19.78732 ], [ -56.79462, -19.7892 ], [ -56.79415, -19.79082 ], [ -56.79368, -19.79131 ], [ -56.79265, -19.79145 ], [ -56.79138, -19.79101 ], [ -56.79032, -19.79096 ], [ -56.78905, -19.79127 ], [ -56.78772, -19.79228 ], [ -56.78705, -19.79326 ], [ -56.78666, -19.79456 ], [ -56.78673, -19.79739 ], [ -56.78653, -19.79778 ], [ -56.7863, -19.79783 ], [ -56.78576, -19.79756 ], [ -56.78521, -19.7963 ], [ -56.78479, -19.79577 ], [ -56.78421, -19.79591 ], [ -56.78388, -19.79659 ], [ -56.78325, -19.79725 ], [ -56.78209, -19.79788 ], [ -56.78172, -19.79786 ], [ -56.78038, -19.79626 ], [ -56.77831, -19.79547 ], [ -56.77738, -19.79379 ], [ -56.77742, -19.79364 ], [ -56.77877, -19.79393 ], [ -56.77914, -19.79385 ], [ -56.77956, -19.79324 ], [ -56.77953, -19.79277 ], [ -56.77891, -19.79195 ], [ -56.77905, -19.7903 ], [ -56.77835, -19.78731 ], [ -56.77797, -19.78703 ], [ -56.77745, -19.78706 ], [ -56.77648, -19.78815 ], [ -56.77599, -19.78836 ], [ -56.77486, -19.78804 ], [ -56.77434, -19.78805 ], [ -56.77322, -19.78866 ], [ -56.77289, -19.7886 ], [ -56.77297, -19.78776 ], [ -56.77245, -19.78713 ], [ -56.76861, -19.78584 ], [ -56.76762, -19.78576 ], [ -56.7675, -19.78472 ], [ -56.76678, -19.78292 ], [ -56.7677, -19.782 ], [ -56.76765, -19.78145 ], [ -56.76676, -19.7805 ], [ -56.76644, -19.77964 ], [ -56.76588, -19.77953 ], [ -56.7649, -19.78175 ], [ -56.76467, -19.78184 ], [ -56.76399, -19.78155 ], [ -56.76362, -19.78107 ], [ -56.76258, -19.78068 ], [ -56.76197, -19.78007 ], [ -56.7617, -19.77944 ], [ -56.76119, -19.77911 ], [ -56.76078, -19.77935 ], [ -56.76037, -19.77994 ], [ -56.75993, -19.77996 ], [ -56.75874, -19.77936 ], [ -56.75811, -19.77952 ], [ -56.75772, -19.77535 ], [ -56.75743, -19.77494 ], [ -56.75559, -19.77375 ], [ -56.7551, -19.77306 ], [ -56.75466, -19.77287 ], [ -56.75419, -19.77292 ], [ -56.75327, -19.77366 ], [ -56.75255, -19.77395 ], [ -56.75192, -19.77399 ], [ -56.75019, -19.77368 ], [ -56.749, -19.77393 ], [ -56.74745, -19.77478 ], [ -56.74612, -19.77587 ], [ -56.74563, -19.77495 ], [ -56.7452, -19.77454 ], [ -56.74259, -19.77489 ], [ -56.74078, -19.7759 ], [ -56.74006, -19.77586 ], [ -56.73852, -19.77504 ], [ -56.73808, -19.77529 ], [ -56.73775, -19.77608 ], [ -56.73761, -19.77822 ], [ -56.73807, -19.77944 ], [ -56.73778, -19.78156 ], [ -56.73793, -19.78224 ], [ -56.7391, -19.78356 ], [ -56.73936, -19.78449 ], [ -56.7391, -19.78518 ], [ -56.73786, -19.78706 ], [ -56.73679, -19.78935 ], [ -56.73589, -19.79042 ], [ -56.73491, -19.79091 ], [ -56.73399, -19.79242 ], [ -56.73239, -19.7935 ], [ -56.73191, -19.79336 ], [ -56.73137, -19.79279 ], [ -56.73118, -19.7922 ], [ -56.73068, -19.79167 ], [ -56.72965, -19.79128 ], [ -56.7281, -19.79115 ], [ -56.72791, -19.79085 ], [ -56.72808, -19.78864 ], [ -56.7279, -19.78768 ], [ -56.72738, -19.78644 ], [ -56.72657, -19.78586 ], [ -56.72688, -19.78517 ], [ -56.72672, -19.78466 ], [ -56.72591, -19.78364 ], [ -56.72538, -19.78208 ], [ -56.72523, -19.78077 ], [ -56.72491, -19.78047 ], [ -56.72465, -19.78034 ], [ -56.72273, -19.78061 ], [ -56.72215, -19.78031 ], [ -56.72168, -19.78022 ], [ -56.72152, -19.78043 ], [ -56.72125, -19.78016 ], [ -56.72045, -19.78 ], [ -56.71999, -19.78047 ], [ -56.71935, -19.78006 ], [ -56.71855, -19.78008 ], [ -56.71774, -19.7808 ], [ -56.71706, -19.78074 ], [ -56.71648, -19.77985 ], [ -56.71549, -19.78016 ], [ -56.71535, -19.77992 ], [ -56.7155, -19.77908 ], [ -56.71527, -19.77815 ], [ -56.71239, -19.77431 ], [ -56.7118, -19.77448 ], [ -56.71118, -19.77516 ], [ -56.71085, -19.77499 ], [ -56.71063, -19.77383 ], [ -56.71028, -19.77343 ], [ -56.70784, -19.77254 ], [ -56.70637, -19.77112 ], [ -56.7075, -19.77044 ], [ -56.70819, -19.76963 ], [ -56.70842, -19.76891 ], [ -56.70883, -19.76846 ], [ -56.71025, -19.76784 ], [ -56.7093, -19.76619 ], [ -56.71018, -19.76451 ], [ -56.71015, -19.76338 ], [ -56.71134, -19.76259 ], [ -56.71204, -19.7602 ], [ -56.71154, -19.75966 ], [ -56.71157, -19.75936 ], [ -56.71328, -19.75809 ], [ -56.71377, -19.75737 ], [ -56.71392, -19.75632 ], [ -56.71436, -19.75544 ], [ -56.71445, -19.75489 ], [ -56.71425, -19.75462 ], [ -56.71209, -19.75404 ], [ -56.71202, -19.7537 ], [ -56.71239, -19.75261 ], [ -56.71234, -19.75206 ], [ -56.7119, -19.75163 ], [ -56.711, -19.7517 ], [ -56.71019, -19.75066 ], [ -56.70896, -19.7501 ], [ -56.71011, -19.74927 ], [ -56.71014, -19.74867 ], [ -56.7095, -19.74844 ], [ -56.70841, -19.74942 ], [ -56.70527, -19.75048 ], [ -56.70268, -19.75302 ], [ -56.7021, -19.75329 ], [ -56.70105, -19.75326 ], [ -56.7002, -19.75054 ], [ -56.70286, -19.74545 ], [ -56.70292, -19.74369 ], [ -56.70388, -19.74058 ], [ -56.70299, -19.73915 ], [ -56.70042, -19.73876 ], [ -56.69969, -19.73836 ], [ -56.6989, -19.73846 ], [ -56.69839, -19.7399 ], [ -56.69788, -19.74067 ], [ -56.69728, -19.74068 ], [ -56.69616, -19.74003 ], [ -56.69508, -19.74019 ], [ -56.69317, -19.74225 ], [ -56.69045, -19.7416 ], [ -56.68891, -19.73997 ], [ -56.68743, -19.74037 ], [ -56.68692, -19.7402 ], [ -56.68619, -19.73929 ], [ -56.68465, -19.73843 ], [ -56.6834, -19.73832 ], [ -56.68209, -19.73882 ], [ -56.68091, -19.73882 ], [ -56.68003, -19.73816 ], [ -56.67918, -19.73718 ], [ -56.67825, -19.73689 ], [ -56.6774, -19.73724 ], [ -56.6766, -19.73916 ], [ -56.67554, -19.74008 ], [ -56.67435, -19.74074 ], [ -56.67197, -19.74124 ], [ -56.67063, -19.74204 ], [ -56.66887, -19.74222 ], [ -56.66855, -19.74313 ], [ -56.66854, -19.74465 ], [ -56.66792, -19.74516 ], [ -56.66522, -19.74471 ], [ -56.66495, -19.74436 ], [ -56.66532, -19.7435 ], [ -56.66521, -19.74212 ], [ -56.66466, -19.7411 ], [ -56.6635, -19.7407 ], [ -56.66258, -19.74015 ], [ -56.66243, -19.738 ], [ -56.66188, -19.73751 ], [ -56.66097, -19.73755 ], [ -56.65909, -19.73804 ], [ -56.6565, -19.73956 ], [ -56.65525, -19.74004 ], [ -56.65426, -19.74012 ], [ -56.65326, -19.73954 ], [ -56.653, -19.739 ], [ -56.65308, -19.7375 ], [ -56.65253, -19.73625 ], [ -56.65045, -19.73488 ], [ -56.64959, -19.73464 ], [ -56.64802, -19.73499 ], [ -56.64725, -19.73495 ], [ -56.64655, -19.73473 ], [ -56.64469, -19.73362 ], [ -56.64398, -19.73366 ], [ -56.64356, -19.73398 ], [ -56.64271, -19.73589 ], [ -56.6423, -19.73615 ], [ -56.64181, -19.73618 ], [ -56.6412, -19.73563 ], [ -56.64123, -19.7352 ], [ -56.64241, -19.73399 ], [ -56.64259, -19.73275 ], [ -56.64177, -19.73233 ], [ -56.64041, -19.73424 ], [ -56.6386, -19.73234 ], [ -56.63787, -19.73217 ], [ -56.63664, -19.73243 ], [ -56.63598, -19.732 ], [ -56.63581, -19.73161 ], [ -56.63597, -19.73103 ], [ -56.63629, -19.73085 ], [ -56.63925, -19.73058 ], [ -56.63974, -19.72992 ], [ -56.63978, -19.72848 ], [ -56.63957, -19.72752 ], [ -56.63931, -19.727 ], [ -56.63842, -19.72619 ], [ -56.63757, -19.72587 ], [ -56.63725, -19.72614 ], [ -56.63697, -19.72726 ], [ -56.6366, -19.72806 ], [ -56.63613, -19.72863 ], [ -56.63595, -19.72855 ], [ -56.63629, -19.72757 ], [ -56.63604, -19.72648 ], [ -56.63552, -19.72583 ], [ -56.63418, -19.72487 ], [ -56.6337, -19.72496 ], [ -56.63328, -19.72549 ], [ -56.63307, -19.72644 ], [ -56.63266, -19.72631 ], [ -56.63173, -19.72509 ], [ -56.63091, -19.72473 ], [ -56.62895, -19.72465 ], [ -56.62771, -19.72502 ], [ -56.62722, -19.72543 ], [ -56.62653, -19.72704 ], [ -56.62599, -19.72726 ], [ -56.62229, -19.72747 ], [ -56.62186, -19.72733 ], [ -56.62145, -19.72692 ], [ -56.62048, -19.7254 ], [ -56.61874, -19.72453 ], [ -56.6189, -19.72396 ], [ -56.6201, -19.72283 ], [ -56.6204, -19.72206 ], [ -56.62028, -19.72098 ], [ -56.61991, -19.72081 ], [ -56.61924, -19.72083 ], [ -56.61856, -19.72115 ], [ -56.61826, -19.72101 ], [ -56.61482, -19.71626 ], [ -56.61417, -19.71632 ], [ -56.61386, -19.71651 ], [ -56.61301, -19.71749 ], [ -56.61161, -19.71791 ], [ -56.61103, -19.71756 ], [ -56.60971, -19.71608 ], [ -56.60629, -19.71464 ], [ -56.60524, -19.71455 ], [ -56.60398, -19.71471 ], [ -56.60344, -19.71444 ], [ -56.60244, -19.71281 ], [ -56.6009, -19.71105 ], [ -56.60041, -19.71088 ], [ -56.59976, -19.71103 ], [ -56.59942, -19.71146 ], [ -56.59933, -19.71346 ], [ -56.59894, -19.71356 ], [ -56.59748, -19.71304 ], [ -56.59654, -19.71345 ], [ -56.59584, -19.71354 ], [ -56.59434, -19.71327 ], [ -56.59233, -19.71326 ], [ -56.58777, -19.68768 ], [ -56.59836, -19.64687 ], [ -56.59739, -19.64605 ], [ -56.59713, -19.64417 ], [ -56.59639, -19.6433 ], [ -56.59177, -19.64175 ], [ -56.59054, -19.64088 ], [ -56.58977, -19.63976 ], [ -56.59057, -19.63827 ], [ -56.58988, -19.63734 ], [ -56.59068, -19.63625 ], [ -56.58995, -19.63547 ], [ -56.5883, -19.63507 ], [ -56.58733, -19.63532 ], [ -56.5868, -19.6359 ], [ -56.58651, -19.63671 ], [ -56.58587, -19.63694 ], [ -56.58532, -19.6366 ], [ -56.58485, -19.63566 ], [ -56.58466, -19.63447 ], [ -56.58399, -19.63427 ], [ -56.58319, -19.63444 ], [ -56.58223, -19.63413 ], [ -56.58097, -19.63419 ], [ -56.58039, -19.63444 ], [ -56.57834, -19.6345 ], [ -56.56455, -19.55312 ], [ -56.55765, -19.51581 ], [ -56.55612, -19.51532 ], [ -56.55596, -19.5148 ], [ -56.55593, -19.51301 ], [ -56.55659, -19.51012 ], [ -56.55652, -19.50531 ], [ -56.55477, -19.50352 ], [ -56.55618, -19.50065 ], [ -56.55691, -19.49989 ], [ -56.55578, -19.49744 ], [ -56.55567, -19.49556 ], [ -56.55597, -19.49446 ], [ -56.55553, -19.49344 ], [ -56.55541, -19.49159 ], [ -56.55638, -19.49019 ], [ -56.55514, -19.48808 ], [ -56.55528, -19.48703 ], [ -56.55502, -19.48629 ], [ -56.55495, -19.48523 ], [ -56.55167, -19.48381 ], [ -56.5509, -19.48122 ], [ -56.55026, -19.48007 ], [ -56.55076, -19.47947 ], [ -56.55281, -19.47887 ], [ -56.55356, -19.47897 ], [ -56.55445, -19.47785 ], [ -56.55326, -19.46025 ], [ -56.55144, -19.45747 ], [ -56.553, -19.45504 ], [ -56.55097, -19.45001 ], [ -56.55165, -19.44836 ], [ -56.55145, -19.44688 ], [ -56.55184, -19.44596 ], [ -56.55268, -19.44525 ], [ -56.54968, -19.36734 ], [ -56.55018, -19.36682 ], [ -56.54962, -19.36566 ] ] ] } }
]
}
